Track URI,Track Name,Album Name,Artist Name(s),Release Date,Duration (ms),Popularity,Explicit,Added By,Added At,Genres,Record Label,Danceability,Energy,Key,Loudness,Mode,Speechiness,Acousticness,Instrumentalness,Liveness,Valence,Tempo,Time Signature
spotify:track:3c4rWoZAkuK7xr3ufbfpeC,"Void","Cold as a Kitchen Floor","Marrakesh",2018-04-13,221693,6,false,iarecippo,2019-01-14T18:59:52Z,"","Balaclava Records",0.212,0.497,4,-9.435,1,0.0302,0.425,0.89,0.0994,0.288,100.005,4
spotify:track:12BW9GjwmdDCjeCMwrGDat,"Moonhealing","Cold as a Kitchen Floor","Marrakesh",2018-04-13,213819,11,false,iarecippo,2019-01-14T18:59:52Z,"","Balaclava Records",0.374,0.551,2,-7.827,1,0.0336,0.142,0.0485,0.508,0.408,170.031,4
spotify:track:6P8UN5BCiIzKYcEzYPrmao,"All U Need","Cold as a Kitchen Floor","Marrakesh",2018-04-13,246381,6,false,iarecippo,2019-01-14T18:59:52Z,"","Balaclava Records",0.461,0.434,11,-9.077,0,0.0286,0.436,0.0142,0.221,0.137,105.089,4
spotify:track:2DirmhO5al917T5vgLWgHk,"Bae","Cold as a Kitchen Floor","Marrakesh",2018-04-13,190211,3,false,iarecippo,2019-01-14T18:59:52Z,"","Balaclava Records",0.377,0.374,4,-8.451,1,0.0319,0.553,0.00704,0.109,0.286,97.92,4
spotify:track:28A9zYtJ0RT6LNFVyfXgM8,"Kxaw","Cold as a Kitchen Floor","Marrakesh",2018-04-13,64691,2,false,iarecippo,2019-01-14T18:59:52Z,"","Balaclava Records",0.418,0.847,0,-7.943,1,0.0549,0.00182,0.841,0.723,0.623,93.377,4
spotify:track:2RQhUFslTGVRFR80opQ9IR,"Carry You","Cold as a Kitchen Floor","Marrakesh",2018-04-13,202704,2,false,iarecippo,2019-01-14T18:59:52Z,"","Balaclava Records",0.497,0.362,10,-11.015,1,0.0289,0.19,0.0819,0.122,0.3,89.966,4
spotify:track:0v42aVyQcMmFGpHKKbNDac,"Try Out","Cold as a Kitchen Floor","Marrakesh",2018-04-13,244453,3,false,iarecippo,2019-01-14T18:59:52Z,"","Balaclava Records",0.358,0.466,2,-9.116,1,0.0296,0.198,0.0186,0.293,0.259,118.651,4
spotify:track:2dfH3545QMj6A9qQ6O8avU,"Nextory","Cold as a Kitchen Floor","Marrakesh",2018-04-13,215705,2,false,iarecippo,2019-01-14T18:59:52Z,"","Balaclava Records",0.301,0.62,4,-8.953,1,0.0848,0.137,0.0134,0.315,0.367,143.485,3
spotify:track:5lC3aAXWZLJclYvRomHycu,"Persona","Cold as a Kitchen Floor","Marrakesh",2018-04-13,87065,1,false,iarecippo,2019-01-14T18:59:52Z,"","Balaclava Records",0.231,0.369,9,-17.745,1,0.075,0.809,0.00635,0.137,0.127,172.035,3
spotify:track:5bNvz8NAYaiXGGf8FqDb2q,"Late Blue","Cold as a Kitchen Floor","Marrakesh",2018-04-13,222661,2,false,iarecippo,2019-01-14T18:59:52Z,"","Balaclava Records",0.485,0.335,7,-11.29,1,0.0295,0.0844,0.00076,0.118,0.314,135.636,4
spotify:track:32IAXLGWmWUpoqcIjAQQ9g,"Woke Up","Cold as a Kitchen Floor","Marrakesh",2018-04-13,117609,1,false,iarecippo,2019-01-14T18:59:52Z,"","Balaclava Records",0.461,0.236,4,-15.622,0,0.0396,0.985,0.671,0.107,0.275,70.054,4
spotify:track:03xy2S8Yzj7Wz2ARbyzETv,"Mirage","Cold as a Kitchen Floor","Marrakesh",2018-04-13,342831,4,false,iarecippo,2019-01-14T18:59:52Z,"","Balaclava Records",0.444,0.609,0,-9.417,1,0.0327,0.163,0.215,0.137,0.164,129.926,4
spotify:track:3jAoLij05OiNndX2XlSRdS,"How To Fly","Caress Your Soul","Sticky Fingers",2013-03-08,202186,1,false,iarecippo,2019-01-24T01:35:19Z,"surf rock","SureShaker Music",0.676,0.645,8,-9.335,0,0.0992,0.159,0.00172,0.106,0.537,151.058,4
spotify:track:2YTrgbxNPcqzSXQY9acap9,"Clouds & Cream","Caress Your Soul","Sticky Fingers",2013-03-08,174346,0,false,iarecippo,2019-01-24T01:35:19Z,"surf rock","SureShaker Music",0.659,0.89,6,-8.446,1,0.057,0.0816,0.0000269,0.112,0.612,90.005,4
spotify:track:0O0M44llUQuPdJAkROQRch,"Australia Street","Caress Your Soul","Sticky Fingers",2013-03-08,219026,0,false,iarecippo,2019-01-24T01:35:19Z,"surf rock","SureShaker Music",0.472,0.69,9,-8.092,0,0.0443,0.0219,0,0.0992,0.512,77.478,4
spotify:track:4iURgDfsolmCJtknzWuyxj,"These Girls","Caress Your Soul","Sticky Fingers",2013-03-08,205786,1,false,iarecippo,2019-01-24T01:35:19Z,"surf rock","SureShaker Music",0.358,0.585,6,-8.762,1,0.0776,0.327,0.000002,0.0864,0.407,185.392,4
spotify:track:16dhKOceRRKSEoQcdGr9Hd,"Sex","Caress Your Soul","Sticky Fingers",2013-03-08,158720,0,false,iarecippo,2019-01-24T01:35:19Z,"surf rock","SureShaker Music",0.609,0.585,7,-10.471,0,0.0353,0.305,0.00000907,0.117,0.261,105.975,3
spotify:track:26a6rTtPAHKQ2RA0xbdB6y,"Bootleg Rascal","Caress Your Soul","Sticky Fingers",2013-03-08,227320,0,false,iarecippo,2019-01-24T01:35:19Z,"surf rock","SureShaker Music",0.671,0.481,11,-10.111,0,0.0486,0.508,0.0000114,0.0835,0.487,136.045,4
spotify:track:1FQWjcHMI298Plgx468LT2,"Caress Your Soul","Caress Your Soul","Sticky Fingers",2013-03-08,177306,0,false,iarecippo,2019-01-24T01:35:19Z,"surf rock","SureShaker Music",0.556,0.872,6,-7.46,0,0.0416,0.00131,0,0.0945,0.601,109.9,4
spotify:track:4GwouFyGPGgcUAXewtYLRo,"Laika","Caress Your Soul","Sticky Fingers",2013-03-08,233280,0,false,iarecippo,2019-01-24T01:35:19Z,"surf rock","SureShaker Music",0.657,0.536,6,-10.901,0,0.0365,0.481,0.0000793,0.136,0.325,143.954,4
spotify:track:2sgiNX2CQg1VWzGYIpLg2E,"Freddy Crabs","Caress Your Soul","Sticky Fingers",2013-03-08,307600,0,false,iarecippo,2019-01-24T01:35:19Z,"surf rock","SureShaker Music",0.447,0.684,9,-8.733,0,0.0436,0.174,0.0546,0.184,0.244,176.044,4
spotify:track:1RLa4k4zTZkkWz0gApGipO,"Kiss The Breeze","Caress Your Soul","Sticky Fingers",2013-03-08,258746,0,true,iarecippo,2019-01-24T01:35:19Z,"surf rock","SureShaker Music",0.498,0.54,11,-9.62,0,0.0477,0.122,0,0.0872,0.641,133.116,4
spotify:track:2IjSsoIQB0vcWiWCQNurMP,"Let It All Out","Caress Your Soul","Sticky Fingers",2013-03-08,195440,0,false,iarecippo,2019-01-24T01:35:19Z,"surf rock","SureShaker Music",0.57,0.604,0,-9.48,1,0.0306,0.395,0.0000219,0.912,0.531,106.975,4
spotify:track:6KWBlNgIwxyPRtl40Hn5EV,"Dream","Underwater Pipe Dreams","Inner Wave",2017-08-25,102606,0,false,iarecippo,2019-01-26T01:42:18Z,"","Inner Wave",0.209,0.457,1,-8.614,1,0.036,0.871,0.879,0.402,0.329,68.368,4
spotify:track:34MR0NqiSFGSb9iq2nfIFd,"Eclipse","Underwater Pipe Dreams","Inner Wave",2017-08-25,184798,0,false,iarecippo,2019-01-26T01:42:18Z,"","Inner Wave",0.611,0.798,4,-5.49,0,0.0308,0.386,0.902,0.32,0.665,120,4
spotify:track:1v1veXIQ1TKYAEJ98zCEgL,"Twnsion","Underwater Pipe Dreams","Inner Wave",2017-08-25,137464,0,false,iarecippo,2019-01-26T01:42:18Z,"","Inner Wave",0.465,0.928,7,-3.905,0,0.0542,0.0314,0.0136,0.265,0.705,155.929,4
spotify:track:02RZTElQK6esXNoB4rHLgV,"I'm Aware","Underwater Pipe Dreams","Inner Wave",2017-08-25,135152,0,false,iarecippo,2019-01-26T01:42:18Z,"","Inner Wave",0.808,0.501,6,-6.303,1,0.0607,0.575,0.308,0.167,0.938,102.028,4
spotify:track:6azKV0PmXpnAJXkLD8S5FS,"Jerry","Underwater Pipe Dreams","Inner Wave",2017-08-25,209829,0,false,iarecippo,2019-01-26T01:42:18Z,"","Inner Wave",0.606,0.889,7,-5.382,1,0.047,0.163,0.412,0.109,0.86,130.031,4
spotify:track:2KXOEVH32yWyXyVpBiFtOh,"Emphasis","Underwater Pipe Dreams","Inner Wave",2017-08-25,124933,0,false,iarecippo,2019-01-26T01:42:18Z,"","Inner Wave",0.593,0.45,6,-7.46,0,0.0265,0.346,0.957,0.375,0.501,66.976,3
spotify:track:4qOfpLIrlAapX4eJoeWq20,"Discipline","Underwater Pipe Dreams","Inner Wave",2017-08-25,221115,0,true,iarecippo,2019-01-26T01:42:18Z,"","Inner Wave",0.362,0.877,1,-5.477,0,0.0518,0.0189,0.51,0.232,0.441,110.29,3
spotify:track:4o6AaPLjpSR1B2zH5caed1,"Buffalo","Underwater Pipe Dreams","Inner Wave",2017-08-25,223919,0,true,iarecippo,2019-01-26T01:42:18Z,"","Inner Wave",0.467,0.837,9,-5.355,1,0.0405,0.243,0.341,0.102,0.779,154.022,4
spotify:track:1n2yIlJGdn6B0mSImqJKL8,"Forest","Underwater Pipe Dreams","Inner Wave",2017-08-25,232201,0,false,iarecippo,2019-01-26T01:42:18Z,"","Inner Wave",0.489,0.635,11,-7.549,0,0.0369,0.322,0.854,0.212,0.597,183.961,4
spotify:track:1uNizq3D0phyMO4cX5LNLI,"Møøn","Underwater Pipe Dreams","Inner Wave",2017-08-25,148254,0,false,iarecippo,2019-01-26T01:42:18Z,"","Inner Wave",0.54,0.901,8,-3.92,1,0.0573,0.203,0.957,0.0697,0.2,121.033,4
spotify:track:0OEMc29a082FcQFTazp5w8,"People Free","Underwater Pipe Dreams","Inner Wave",2017-08-25,199638,0,false,iarecippo,2019-01-26T01:42:18Z,"","Inner Wave",0.562,0.689,7,-5.325,0,0.0273,0.406,0.18,0.107,0.39,82.981,4
spotify:track:7CR1XRzgI0FvRDscRJaSQr,"Drowning","Underwater Pipe Dreams","Inner Wave",2017-08-25,116028,0,false,iarecippo,2019-01-26T01:42:18Z,"","Inner Wave",0.131,0.501,1,-17.06,0,0.0745,0.898,0.604,0.338,0.511,174.68,5
spotify:track:4fCIOy1ehSaUECdcCQ0ls2,"Buffalo Reprise","Underwater Pipe Dreams","Inner Wave",2017-08-25,123846,0,true,iarecippo,2019-01-26T01:42:18Z,"","Inner Wave",0.426,0.705,6,-3.655,0,0.0316,0.0927,0.0899,0.317,0.787,126.07,4
spotify:track:2puQWQWZFDaJu0966fx7Kc,"Bower","Underwater Pipe Dreams","Inner Wave",2017-08-25,126583,0,false,iarecippo,2019-01-26T01:42:18Z,"","Inner Wave",0.621,0.667,6,-5.524,0,0.0406,0.315,0.888,0.0835,0.94,86.041,4
spotify:track:3ZUE4n9qvqgZhDumcJjlvq,"Nice One","Underwater Pipe Dreams","Inner Wave",2017-08-25,213327,0,false,iarecippo,2019-01-26T01:42:18Z,"","Inner Wave",0.543,0.853,10,-3.843,0,0.0347,0.0203,0.386,0.214,0.867,114.994,4
spotify:track:6siM0xi9LR4oez9rqG61NF,"Song 3","Underwater Pipe Dreams","Inner Wave",2017-08-25,207212,0,false,iarecippo,2019-01-26T01:42:18Z,"","Inner Wave",0.55,0.828,5,-4.063,1,0.0332,0.121,0.112,0.257,0.583,107.008,4
spotify:track:6k74QImeVywrM8J2DWthGh,"Conversations","Underwater Pipe Dreams","Inner Wave",2017-08-25,357821,0,true,iarecippo,2019-01-26T01:42:18Z,"","Inner Wave",0.446,0.635,2,-5.164,1,0.0312,0.428,0.303,0.0857,0.298,130.941,3
spotify:track:709R9sfIjDM9OdAym9tr8Q,"Balto","Underwater Pipe Dreams","Inner Wave",2017-08-25,236469,0,false,iarecippo,2019-01-26T01:42:18Z,"","Inner Wave",0.315,0.603,5,-6.843,0,0.0438,0.957,0.701,0.363,0.136,129.641,3
spotify:track:1TFjgmDNqtfw2R0ruYZkUI,"This Year","Somersault","Beach Fossils",2017-06-02,168092,0,false,iarecippo,2019-01-29T04:28:22Z,"dream pop,surf rock,shoegaze","Bayonet Records",0.499,0.791,7,-7.293,0,0.0268,0.000656,0.0545,0.233,0.339,145.083,4
spotify:track:1OizyHGla5mKI8dtoziSVt,"Tangerine","Somersault","Beach Fossils",2017-06-02,194486,0,false,iarecippo,2019-01-29T04:28:22Z,"dream pop,surf rock,shoegaze","Bayonet Records",0.325,0.742,2,-7.178,1,0.0385,0.000669,0.0038,0.0454,0.487,111.897,5
spotify:track:6qn2qn12aqeFfIjGodvxjw,"Saint Ivy","Somersault","Beach Fossils",2017-06-02,224410,0,false,iarecippo,2019-01-29T04:28:22Z,"dream pop,surf rock,shoegaze","Bayonet Records",0.39,0.546,11,-6.588,0,0.0346,0.0338,0.0586,0.328,0.441,163.452,4
spotify:track:5yaO6I0gPMq6OgkroE7Pfd,"May 1st","Somersault","Beach Fossils",2017-06-02,178554,0,false,iarecippo,2019-01-29T04:28:22Z,"dream pop,surf rock,shoegaze","Bayonet Records",0.569,0.625,2,-7.429,1,0.0273,0.0407,0.0113,0.536,0.502,139.966,4
spotify:track:3vrsbOJlI60wbXgiHQAIlT,"Rise","Somersault","Beach Fossils",2017-06-02,101119,0,false,iarecippo,2019-01-29T04:28:22Z,"dream pop,surf rock,shoegaze","Bayonet Records",0.619,0.366,5,-10.787,1,0.0388,0.657,0.0945,0.114,0.587,70.003,4
spotify:track:3FiDA9GX921AiW7iEpYS3K,"Sugar","Somersault","Beach Fossils",2017-06-02,204062,0,false,iarecippo,2019-01-29T04:28:22Z,"dream pop,surf rock,shoegaze","Bayonet Records",0.578,0.645,6,-7.494,1,0.0269,0.0129,0.00211,0.122,0.411,82,4
spotify:track:1QpJocn11QPnteD8YiaK3Z,"Closer Everywhere","Somersault","Beach Fossils",2017-06-02,196109,0,false,iarecippo,2019-01-29T04:28:22Z,"dream pop,surf rock,shoegaze","Bayonet Records",0.518,0.739,2,-5.977,1,0.0287,0.000576,0.0000903,0.0571,0.371,166.003,4
spotify:track:1c5LuOe0ktxmD1Hgq3h7h0,"Social Jetlag","Somersault","Beach Fossils",2017-06-02,182050,0,false,iarecippo,2019-01-29T04:28:22Z,"dream pop,surf rock,shoegaze","Bayonet Records",0.599,0.557,10,-9.093,1,0.0241,0.302,0.0397,0.186,0.304,81.496,4
spotify:track:1KPDAA9zyJXcEDvFW5inYi,"Down the Line","Somersault","Beach Fossils",2017-06-02,158474,0,false,iarecippo,2019-01-29T04:28:22Z,"dream pop,surf rock,shoegaze","Bayonet Records",0.603,0.743,7,-6.569,1,0.0395,0.24,0.00392,0.147,0.533,162.265,4
spotify:track:0Ne4f6fa5NKpUCCtQoVmBK,"Be Nothing","Somersault","Beach Fossils",2017-06-02,301075,0,false,iarecippo,2019-01-29T04:28:22Z,"dream pop,surf rock,shoegaze","Bayonet Records",0.325,0.485,6,-6.103,1,0.031,0.00509,0.18,0.116,0.186,146.544,4
spotify:track:3WQnV2K73PBtPY072Pt8ZS,"That’s All for Now","Somersault","Beach Fossils",2017-06-02,190798,0,false,iarecippo,2019-01-29T04:28:22Z,"dream pop,surf rock,shoegaze","Bayonet Records",0.485,0.714,0,-7.654,1,0.0292,0.0398,0.0018,0.322,0.37,149.911,4
spotify:track:6uom1frWHhdXdNdf8MHKWA,"Água","O Futuro Não Demora","BaianaSystem;Antonio Carlos & Jocafi;Orquestra Afrosinfônica",2019-02-15,191280,0,false,iarecippo,2019-02-15T11:10:49Z,"new mpb,brazilian pop,axé,samba,brazilian jazz","Máquina de Louco",0.766,0.772,7,-6.858,0,0.0373,0.291,0.004,0.0989,0.604,97.015,4
spotify:track:2CBCFIzmumJ8pHEv2bcQZt,"Bola de Cristal","O Futuro Não Demora","BaianaSystem",2019-02-15,252026,0,false,iarecippo,2019-02-15T11:10:49Z,"new mpb,brazilian pop,axé","Máquina de Louco",0.721,0.86,4,-6.956,0,0.0451,0.503,0.00122,0.287,0.589,114.944,4
spotify:track:2SqvLRfVzbfJWXRrGPiuMD,"Salve","O Futuro Não Demora","BaianaSystem;BNegão;Antonio Carlos & Jocafi;Edy Star",2019-02-15,236240,0,false,iarecippo,2019-02-15T11:10:49Z,"new mpb,brazilian pop,axé,brazilian hip hop,samba,glam rock","Máquina de Louco",0.66,0.793,0,-5.852,0,0.196,0.426,0.0000669,0.0944,0.764,196.138,4
spotify:track:4g3eC92vbNjIc9vS7Ye2Ie,"Sulamericano","O Futuro Não Demora","BaianaSystem;Manu Chao",2019-02-15,246346,1,false,iarecippo,2019-02-15T11:10:49Z,"new mpb,brazilian pop,axé,latin alternative","Máquina de Louco",0.692,0.913,7,-5.413,0,0.133,0.208,0.00587,0.108,0.938,180.016,4
spotify:track:7sBW1PIwPe0RhgkQByk0EG,"Sonar","O Futuro Não Demora","BaianaSystem;Curumin;Edgar",2019-02-15,170293,0,false,iarecippo,2019-02-15T11:10:49Z,"new mpb,brazilian pop,axé","Máquina de Louco",0.75,0.649,4,-7.584,0,0.043,0.0199,0.00425,0.142,0.691,99.99,4
spotify:track:2I4gnx00qQyTgG6FzJrRg4,"Melô do Centro da Terra","O Futuro Não Demora","BaianaSystem;Lourimbau",2019-02-15,109920,0,false,iarecippo,2019-02-15T11:10:49Z,"new mpb,brazilian pop,axé","Máquina de Louco",0.583,0.644,11,-8.691,0,0.0499,0.329,0.000823,0.0825,0.221,150.169,4
spotify:track:0VjyKaDsZ29g00cvIywo5t,"Navio","O Futuro Não Demora","BaianaSystem",2019-02-15,339413,0,false,iarecippo,2019-02-15T11:10:49Z,"new mpb,brazilian pop,axé","Máquina de Louco",0.591,0.873,1,-6.877,0,0.111,0.105,0.0181,0.0676,0.882,162.121,4
spotify:track:2MwJYrmAqLPOxd3pSLNdYb,"Redoma","O Futuro Não Demora","BaianaSystem;Samba de Lata de Tijuaçú",2019-02-15,156733,0,false,iarecippo,2019-02-15T11:10:49Z,"new mpb,brazilian pop,axé","Máquina de Louco",0.779,0.918,0,-6.912,1,0.268,0.126,0.0000461,0.701,0.391,100.041,4
spotify:track:0JODkg3g4Pn6MgeNyaARlF,"Saci","O Futuro Não Demora","BaianaSystem",2019-02-15,177773,0,false,iarecippo,2019-02-15T11:10:49Z,"new mpb,brazilian pop,axé","Máquina de Louco",0.799,0.844,7,-6.306,1,0.103,0.204,0,0.172,0.683,131.025,4
spotify:track:6Nbv5afftLlcKFUHFelLMp,"Sambaqui","O Futuro Não Demora","BaianaSystem",2019-02-15,79466,0,false,iarecippo,2019-02-15T11:10:49Z,"new mpb,brazilian pop,axé","Máquina de Louco",0.492,0.901,2,-7.872,1,0.0909,0.241,0.00822,0.245,0.965,78.319,4
spotify:track:5WBOWPmga0BZF0OKUmky4r,"Arapuca","O Futuro Não Demora","BaianaSystem",2019-02-15,103560,0,false,iarecippo,2019-02-15T11:10:49Z,"new mpb,brazilian pop,axé","Máquina de Louco",0.876,0.766,11,-6.141,1,0.238,0.426,0.000021,0.108,0.963,131.095,4
spotify:track:16qGlEtbDQW4IFcRsIjmwm,"CertoPeloCertoh","O Futuro Não Demora","BaianaSystem;VANDAL",2019-02-15,165160,0,false,iarecippo,2019-02-15T11:10:49Z,"new mpb,brazilian pop,axé,brazilian hip hop","Máquina de Louco",0.726,0.72,6,-6.841,1,0.31,0.327,0,0.287,0.874,149.995,4
spotify:track:2NSgtDwrRUVYdfLm0pkTEC,"Fogo","O Futuro Não Demora","BaianaSystem;Orquestra Afrosinfônica",2019-02-15,105563,0,false,iarecippo,2019-02-15T11:10:49Z,"new mpb,brazilian pop,axé,brazilian jazz","Máquina de Louco",0.53,0.625,0,-7.167,0,0.048,0.168,0.185,0.0809,0.403,125.343,5
spotify:track:4CHqxeHvggZLFC4H2RyJLZ,"Eu Vou Ali - Remix","Cabe Mais Ainda","bule",2018-11-07,96734,1,false,iarecippo,2019-02-23T21:24:05Z,"","bule [dist. Tratore]",0.535,0.701,5,-9.333,1,0.0544,0.246,0.878,0.0804,0.809,169.942,4
spotify:track:2Cy5qgY9uzGuQdPA2mcX56,"Cabe Mais Ainda","Cabe Mais Ainda","bule",2018-11-07,304134,5,false,iarecippo,2019-02-23T21:24:05Z,"","bule [dist. Tratore]",0.628,0.546,9,-10.287,1,0.0316,0.0735,0.000375,0.0717,0.447,116.012,4
spotify:track:3mGKlKsKCs6GPeZJbixiXi,"Acho Que É - Remix","Cabe Mais Ainda","bule",2018-11-07,50201,1,false,iarecippo,2019-02-23T21:24:05Z,"","bule [dist. Tratore]",0.336,0.175,1,-12.946,1,0.0538,0.899,0.554,0.149,0.638,118.539,3
spotify:track:4wf00U6gMdrx1Hjhc1fYiT,"Coro","Cabe Mais Ainda","bule",2018-11-07,185742,10,false,iarecippo,2019-02-23T21:24:05Z,"","bule [dist. Tratore]",0.687,0.715,8,-6.406,0,0.0419,0.173,0.0216,0.115,0.8,108.952,4
spotify:track:0zOvuC0RFIoCVLyquM2RIU,"Havia Tempo","Cabe Mais Ainda","bule",2018-11-07,289065,2,false,iarecippo,2019-02-23T21:24:05Z,"","bule [dist. Tratore]",0.579,0.771,2,-10.568,1,0.0413,0.0123,0.139,0.146,0.542,117.036,4
spotify:track:3jERMHq1JX5dJBaKnmbJeZ,"Passando - Remix","Cabe Mais Ainda","bule",2018-11-07,29142,0,false,iarecippo,2019-02-23T21:24:05Z,"","bule [dist. Tratore]",0.153,0.538,2,-17.139,0,0.0561,0.755,0.000847,0.394,0.232,134.827,4
spotify:track:4FbhalX2EjiaTaKEIDchjr,"Azul","Cabe Mais Ainda","bule",2018-11-07,220078,3,false,iarecippo,2019-02-23T21:24:05Z,"","bule [dist. Tratore]",0.759,0.752,7,-7.269,0,0.0541,0.714,0.0243,0.573,0.898,105.044,4
spotify:track:38KiY86JqHOaIMn0Bwtfz2,"Aliás","Cabe Mais Ainda","bule",2018-11-07,269467,2,false,iarecippo,2019-02-23T21:24:05Z,"","bule [dist. Tratore]",0.553,0.776,5,-8.663,1,0.0378,0.0319,0.197,0.162,0.544,170.069,4
spotify:track:0heaDEJReMRx2jLIThiOk3,"Superficial","Nosso Amor Vai Dançar","Biltre",2017-11-03,238701,0,false,iarecippo,2019-02-24T22:31:29Z,"new mpb","Biltre",0.773,0.557,9,-8.579,0,0.033,0.312,0.0000069,0.15,0.802,109.977,4
spotify:track:0EEfmJJH6KqeWWreQKIqDc,"Wilson","Nosso Amor Vai Dançar","Biltre",2017-11-03,198577,0,false,iarecippo,2019-02-24T22:31:29Z,"new mpb","Biltre",0.731,0.567,0,-8.195,0,0.0301,0.251,0,0.404,0.963,130.027,4
spotify:track:2anqVp5rYAVNR2EIGWeWsy,"Nosso Amor Foi um GIF","Nosso Amor Vai Dançar","Biltre",2017-11-03,208236,0,false,iarecippo,2019-02-24T22:31:29Z,"new mpb","Biltre",0.777,0.629,9,-8.126,1,0.0369,0.168,0.0000314,0.0943,0.904,138.937,4
spotify:track:0QG1SFAWrD3cVnxvOP8x0b,"Biju","Nosso Amor Vai Dançar","Biltre",2017-11-03,239072,0,false,iarecippo,2019-02-24T22:31:29Z,"new mpb","Biltre",0.673,0.528,6,-8.542,0,0.0368,0.237,0.0000977,0.3,0.5,117.613,4
spotify:track:4KuWzeEgFQGRhiVEeI5639,"Tomate","Nosso Amor Vai Dançar","Biltre",2017-11-03,193004,0,false,iarecippo,2019-02-24T22:31:29Z,"new mpb","Biltre",0.794,0.442,4,-8.419,0,0.0714,0.546,0.00000166,0.0767,0.722,100.016,4
spotify:track:2m02D0OS7gwnZpd3YOMLpW,"Filho do Fela","Nosso Amor Vai Dançar","Biltre",2017-11-03,225419,0,false,iarecippo,2019-02-24T22:31:29Z,"new mpb","Biltre",0.543,0.559,5,-8.688,1,0.127,0.12,0.0000222,0.345,0.779,120.471,4
spotify:track:5ql8SNZAPrSaO2h4PGx6i4,"Saparada","Nosso Amor Vai Dançar","Biltre",2017-11-03,171920,0,false,iarecippo,2019-02-24T22:31:29Z,"new mpb","Biltre",0.812,0.495,10,-7.86,0,0.0613,0.36,0.0000152,0.177,0.777,89.988,4
spotify:track:53va5506ZlYUtbl8v695l9,"Bagana","Nosso Amor Vai Dançar","Biltre",2017-11-03,172756,0,false,iarecippo,2019-02-24T22:31:29Z,"new mpb","Biltre",0.715,0.754,7,-6.471,1,0.0524,0.0731,0.00000209,0.127,0.622,127.955,4
spotify:track:6UFY0vllfysoyTmBE0N4F6,"Daisy","Tasmania","Pond",2019-03-01,380720,0,false,iarecippo,2019-03-07T16:47:06Z,"neo-psychedelic,psychedelic rock","Marathon Artists",0.566,0.761,8,-6.598,1,0.0586,0.291,0.00185,0.256,0.417,125.002,4
spotify:track:7yARM3rCEUK926cPv2RPsq,"Sixteen Days","Tasmania","Pond",2019-03-01,173440,0,false,iarecippo,2019-03-07T16:47:06Z,"neo-psychedelic,psychedelic rock","Marathon Artists",0.541,0.864,0,-5.643,1,0.0697,0.0262,0.00000532,0.295,0.701,94.933,4
spotify:track:1WfJy6Q1UE9N9FYNVQTFf0,"Tasmania","Tasmania","Pond",2019-03-01,244253,0,false,iarecippo,2019-03-07T16:47:06Z,"neo-psychedelic,psychedelic rock","Marathon Artists",0.637,0.81,8,-6.001,1,0.044,0.091,0.00456,0.0979,0.79,141.954,4
spotify:track:3FTemdZTR2lgdNLoQSP3oX,"The Boys Are Killing Me","Tasmania","Pond",2019-03-01,226386,0,false,iarecippo,2019-03-07T16:47:06Z,"neo-psychedelic,psychedelic rock","Marathon Artists",0.635,0.718,2,-4.937,1,0.0454,0.0386,0,0.25,0.507,107.998,4
spotify:track:5PAFnTaAXqtf0HBEEOJPVC,"Hand Mouth Dancer","Tasmania","Pond",2019-03-01,280120,0,true,iarecippo,2019-03-07T16:47:06Z,"neo-psychedelic,psychedelic rock","Marathon Artists",0.625,0.829,0,-6.937,1,0.0443,0.0478,0.00965,0.492,0.0366,113.004,4
spotify:track:36iuDz3EDNydJKbpobJTN2,"Goodnight P.C.C.","Tasmania","Pond",2019-03-01,324200,0,false,iarecippo,2019-03-07T16:47:06Z,"neo-psychedelic,psychedelic rock","Marathon Artists",0.461,0.747,6,-5.88,1,0.0759,0.311,0.023,0.0985,0.318,139.974,4
spotify:track:3DcRG9YAlO0upu2T9sTzmz,"Burnt Out Star","Tasmania","Pond",2019-03-01,489586,0,true,iarecippo,2019-03-07T16:47:06Z,"neo-psychedelic,psychedelic rock","Marathon Artists",0.526,0.718,1,-7.279,1,0.0322,0.0525,0.0562,0.247,0.139,150.005,4
spotify:track:1xPeeg8xD2oAAC4vUcmhE0,"Selené","Tasmania","Pond",2019-03-01,234400,0,true,iarecippo,2019-03-07T16:47:06Z,"neo-psychedelic,psychedelic rock","Marathon Artists",0.542,0.856,1,-7.087,1,0.0374,0.112,0.000266,0.142,0.546,130.08,4
spotify:track:5UBl6C0zu1qzbvwQbOPjqC,"Shame","Tasmania","Pond",2019-03-01,291080,0,false,iarecippo,2019-03-07T16:47:06Z,"neo-psychedelic,psychedelic rock","Marathon Artists",0.54,0.526,0,-9.781,1,0.0833,0.586,0.00112,0.195,0.0803,113.65,4
spotify:track:5FSqeFtbw4GI7i97JSk9I2,"Doctor's In","Tasmania","Pond",2019-03-01,244269,0,false,iarecippo,2019-03-07T16:47:06Z,"neo-psychedelic,psychedelic rock","Marathon Artists",0.365,0.839,4,-6.943,0,0.0548,0.0334,0.377,0.1,0.159,90.041,4
spotify:track:0lcM9Sj3DGZRiozij2s55N,"Mudo","Pineal","Tagore",2016-10-21,243000,0,false,iarecippo,2019-03-14T15:16:08Z,"new mpb,space rock","Sony Music Entertainment",0.488,0.94,7,-5.126,1,0.0545,0.0522,0.72,0.0605,0.433,122.008,4
spotify:track:0jGWmCriCLUFhfXvo8uga8,"Mar Alado","Pineal","Tagore",2016-10-21,166120,0,false,iarecippo,2019-03-14T15:16:08Z,"new mpb,space rock","Sony Music Entertainment",0.305,0.752,11,-4.248,1,0.0394,0.00141,0,0.355,0.428,135.74,3
spotify:track:27JzZhlMXXfRIXvduL22Hc,"Pineal","Pineal","Tagore",2016-10-21,210960,0,false,iarecippo,2019-03-14T15:16:08Z,"new mpb,space rock","Sony Music Entertainment",0.56,0.665,4,-5.044,0,0.0261,0.228,0.113,0.325,0.615,95.064,4
spotify:track:160dVYhILGklcyZKCpk6N2,"Camelo","Pineal","Tagore",2016-10-21,145240,0,false,iarecippo,2019-03-14T15:16:08Z,"new mpb,space rock","Sony Music Entertainment",0.538,0.889,11,-4.826,1,0.0345,0.285,0.548,0.603,0.949,113.032,4
spotify:track:7kAJyqumF0ATZZms7ymdfw,"Reflexo","Pineal","Tagore",2016-10-21,312960,0,false,iarecippo,2019-03-14T15:16:08Z,"new mpb,space rock","Sony Music Entertainment",0.562,0.647,5,-4.554,1,0.0275,0.0975,0.65,0.155,0.693,131.924,4
spotify:track:0gFy4oUsylfVUs6ja2lCEK,"Ilha Yoshimi","Pineal","Tagore",2016-10-21,330840,0,false,iarecippo,2019-03-14T15:16:08Z,"new mpb,space rock","Sony Music Entertainment",0.451,0.698,2,-4.571,1,0.0442,0.0766,0.0532,0.662,0.196,129.296,4
spotify:track:3uFeCZ3InOXwDYeH2aUhRP,"Concha","Pineal","Tagore",2016-10-21,260133,0,false,iarecippo,2019-03-14T15:16:08Z,"new mpb,space rock","Sony Music Entertainment",0.488,0.81,2,-5.373,1,0.0341,0.178,0.069,0.8,0.553,135.048,4
spotify:track:59nruoQrC7k4UufRC11WTu,"Pasto","Pineal","Tagore",2016-10-21,363893,0,false,iarecippo,2019-03-14T15:16:08Z,"new mpb,space rock","Sony Music Entertainment",0.256,0.761,7,-6.602,1,0.0459,0.364,0.577,0.335,0.643,142.638,3
spotify:track:5OPRUbmAo8tNEZ6xX0cQM5,"Space Jazz","Pineal","Tagore",2016-10-21,141120,0,false,iarecippo,2019-03-14T15:16:08Z,"new mpb,space rock","Sony Music Entertainment",0.219,0.872,11,-5.122,0,0.0567,0.418,0.0225,0.454,0.44,101.609,3
spotify:track:5lEKYSLVAgaS73UnNqN2gW,"Dr. Monday","Pineal","Tagore",2016-10-21,153906,0,false,iarecippo,2019-03-14T15:16:08Z,"new mpb,space rock","Sony Music Entertainment",0.589,0.871,2,-5.959,1,0.0412,0.024,0.000717,0.151,0.888,120.007,4
spotify:track:6HiLru8AXuILi29QaNUjtJ,"Apocalipse Jeans","Pineal","Tagore",2016-10-21,273426,0,false,iarecippo,2019-03-14T15:16:08Z,"new mpb,space rock","Sony Music Entertainment",0.488,0.688,5,-6.633,1,0.0322,0.0669,0.667,0.123,0.271,121.987,4
spotify:track:0mzWqI8Mf30hb5uWwaLZo8,"Granada","Pineal","Tagore",2016-10-21,165720,0,false,iarecippo,2019-03-14T15:16:08Z,"new mpb,space rock","Sony Music Entertainment",0.434,0.532,2,-7.638,0,0.0291,0.335,0.822,0.112,0.463,100.094,3
spotify:track:6IHrV30flCUDNcvjkOwXs0,"Mirage","Boo Boo","Toro y Moi",2018-03-02,309226,0,false,iarecippo,2019-03-27T11:17:34Z,"chillwave","Coqueiro Verde Records",0.666,0.748,10,-4.703,0,0.0393,0.18,0.451,0.167,0.604,100.008,4
spotify:track:6DliOptkZaTSnWy75FEfMU,"No Show","Boo Boo","Toro y Moi",2018-03-02,194746,0,false,iarecippo,2019-03-27T11:17:34Z,"chillwave","Coqueiro Verde Records",0.604,0.674,1,-7.434,1,0.041,0.277,0.000275,0.109,0.551,154.936,4
spotify:track:0ezmjZHz3rd5ltzoyvnDcD,"Mona Lisa","Boo Boo","Toro y Moi",2018-03-02,255226,0,false,iarecippo,2019-03-27T11:17:34Z,"chillwave","Coqueiro Verde Records",0.565,0.665,7,-6.997,1,0.0346,0.387,0.0012,0.354,0.153,123.021,4
spotify:track:1evr78t5thtGuLeukc0iqz,"Pavement","Boo Boo","Toro y Moi",2018-03-02,142000,0,false,iarecippo,2019-03-27T11:17:34Z,"chillwave","Coqueiro Verde Records",0.206,0.37,0,-14.958,1,0.0566,0.731,0.553,0.111,0.224,63.507,3
spotify:track:1NyUoaIXw1gpMJFTQqH0mR,"Don't Try","Boo Boo","Toro y Moi",2018-03-02,265626,0,false,iarecippo,2019-03-27T11:17:34Z,"chillwave","Coqueiro Verde Records",0.719,0.544,0,-8.71,1,0.0312,0.227,0.219,0.107,0.493,119.998,4
spotify:track:3Yhx09L0J46cur1DY3orD4,"Windows","Boo Boo","Toro y Moi",2018-03-02,245813,0,false,iarecippo,2019-03-27T11:17:34Z,"chillwave","Coqueiro Verde Records",0.392,0.623,0,-6.497,0,0.0388,0.365,0.00131,0.0967,0.236,200.01,4
spotify:track:2oci3Kakwmfwu6fZfFgTHF,"Embarcadaro","Boo Boo","Toro y Moi",2018-03-02,166293,0,false,iarecippo,2019-03-27T11:17:34Z,"chillwave","Coqueiro Verde Records",0.704,0.676,10,-8.16,0,0.0368,0.403,0.454,0.104,0.292,120.031,4
spotify:track:7sKzXWpG08BSfjAnbNuNbR,"Girl Like You","Boo Boo","Toro y Moi",2018-03-02,223773,0,false,iarecippo,2019-03-27T11:17:34Z,"chillwave","Coqueiro Verde Records",0.629,0.823,1,-5.744,1,0.0597,0.35,0.039,0.0801,0.397,169.961,4
spotify:track:4PjgkTeV5kRqAseCwsz2Cb,"You and I","Boo Boo","Toro y Moi",2018-03-02,231240,0,false,iarecippo,2019-03-27T11:17:34Z,"chillwave","Coqueiro Verde Records",0.284,0.456,0,-9.757,1,0.0383,0.849,0.000127,0.13,0.226,83.373,1
spotify:track:1Hfr3Y20zhqBLu1X8X6t4i,"Labyrinth","Boo Boo","Toro y Moi",2018-03-02,241253,0,false,iarecippo,2019-03-27T11:17:34Z,"chillwave","Coqueiro Verde Records",0.861,0.421,6,-8.062,1,0.0481,0.377,0.624,0.102,0.279,105.002,4
spotify:track:0K58r5LlPxp0LgGHqK9gQe,"Inside My Head","Boo Boo","Toro y Moi",2018-03-02,251240,0,false,iarecippo,2019-03-27T11:17:34Z,"chillwave","Coqueiro Verde Records",0.821,0.882,4,-6.463,0,0.0525,0.16,0.0179,0.197,0.665,112.997,4
spotify:track:08a0N2DX8IvZoCcjsM780V,"W.I.W.W.T.W.","Boo Boo","Toro y Moi",2018-03-02,278247,0,false,iarecippo,2019-03-27T11:17:34Z,"chillwave","Coqueiro Verde Records",0.646,0.844,7,-7.613,1,0.0574,0.096,0.00202,0.318,0.523,159.967,4
spotify:track:2kAnrEvNPgtbgqqsWrSdlE,"(Be)","Boo Boo","Toro y Moi",2018-03-02,151026,0,false,iarecippo,2019-03-27T11:17:34Z,"chillwave","Coqueiro Verde Records",0.415,0.312,6,-14.665,0,0.0333,0.932,0.791,0.109,0.4,127.373,4
spotify:track:4QnTfioqAfscP9aanNS4yf,"Invitation","Everyone's Invited","Sports",2018-08-24,32986,0,false,iarecippo,2019-03-29T18:58:54Z,"","SPORTS BAND LTD.CO",0.377,0.639,1,-21.315,1,0.413,0.956,0.936,0.15,0.0393,86.873,4
spotify:track:21v92SsZCW0xgayKjM9Tdw,"Autopilot","Everyone's Invited","Sports",2018-08-24,239506,0,false,iarecippo,2019-03-29T18:58:54Z,"","SPORTS BAND LTD.CO",0.661,0.481,6,-9.807,0,0.124,0.462,0.0277,0.113,0.341,152.52,4
spotify:track:2qLmNpBvSAGYVTBWLlVYzH,"Shiggy","Everyone's Invited","Sports;KeithCharles",2018-08-24,219573,0,false,iarecippo,2019-03-29T18:58:54Z,"","SPORTS BAND LTD.CO",0.554,0.674,5,-6.403,0,0.109,0.488,0.000223,0.149,0.718,79.98,4
spotify:track:0tTs3cpZui9lSTUulnJWEB,"Never Fall In Love","Everyone's Invited","Sports",2018-08-24,198520,0,false,iarecippo,2019-03-29T18:58:54Z,"","SPORTS BAND LTD.CO",0.73,0.742,4,-6.803,1,0.0353,0.109,0.0546,0.095,0.735,107.014,4
spotify:track:0B2BYK3GviCiNvrQYh4pyW,"Levitate","Everyone's Invited","Sports",2018-08-24,191880,0,false,iarecippo,2019-03-29T18:58:54Z,"","SPORTS BAND LTD.CO",0.294,0.566,8,-9.568,0,0.0425,0.735,0.00852,0.707,0.153,95.54,4
spotify:track:6FHv4IUiYp2Jw0EFNULQ10,"No Pressure","Everyone's Invited","Sports",2018-08-24,244560,0,false,iarecippo,2019-03-29T18:58:54Z,"","SPORTS BAND LTD.CO",0.789,0.188,11,-11.992,1,0.0552,0.931,0.0363,0.155,0.202,86.569,4
spotify:track:5z5LecDxZKTsO6t4pCN1Xg,"Don't Tell Me","Everyone's Invited","Sports",2018-08-24,158546,0,false,iarecippo,2019-03-29T18:58:54Z,"","SPORTS BAND LTD.CO",0.895,0.555,7,-7.563,0,0.0417,0.212,0.0083,0.159,0.742,106.604,4
spotify:track:6z7dE138xlbpD46omq4gv4,"Palaver","Everyone's Invited","Sports",2018-08-24,96240,0,false,iarecippo,2019-03-29T18:58:54Z,"","SPORTS BAND LTD.CO",0.52,0.495,7,-12.047,1,0.0547,0.838,0.0328,0.085,0.142,83.789,4
spotify:track:11TXdDJJ6JV0btz9FKP9b0,"Rob Las Vegas","Everyone's Invited","Sports",2018-08-24,202533,0,false,iarecippo,2019-03-29T18:58:54Z,"","SPORTS BAND LTD.CO",0.882,0.634,6,-9.394,1,0.0363,0.299,0.2,0.35,0.885,117.993,4
spotify:track:3E404O3PxsX6NFggzFCjhl,"We Should Get Married","Everyone's Invited","Sports",2018-08-24,236400,0,false,iarecippo,2019-03-29T18:58:54Z,"","SPORTS BAND LTD.CO",0.419,0.349,6,-10.559,1,0.0426,0.148,0.644,0.161,0.209,190.421,3
spotify:track:2vriAnEpq5FTQo0nf66Vxw,"Be Like Me","Everyone's Invited","Sports",2018-08-24,207706,0,false,iarecippo,2019-03-29T18:58:54Z,"","SPORTS BAND LTD.CO",0.59,0.49,10,-8.404,0,0.0308,0.924,0.751,0.13,0.16,104.28,4
spotify:track:3VSIK1XgCya5sGq6YPJp5O,"Cadillac","Everyone's Invited","Sports",2018-08-24,328400,0,false,iarecippo,2019-03-29T18:58:54Z,"","SPORTS BAND LTD.CO",0.79,0.638,1,-7.034,1,0.0556,0.0706,0.233,0.281,0.905,111.978,4
spotify:track:31F0KxmTD4rz3o0tJht5RL,"Ordinary Pleasure","Outer Peace","Toro y Moi",2019-01-18,183746,0,false,iarecippo,2019-04-09T00:35:37Z,"chillwave","Carpark Records",0.878,0.779,7,-7.283,1,0.135,0.118,0.0192,0.104,0.778,115.009,4
spotify:track:5iogKheqFC4DTFCy8i1LXh,"Laws of the Universe","Outer Peace","Toro y Moi",2019-01-18,169360,0,false,iarecippo,2019-04-09T00:35:37Z,"chillwave","Carpark Records",0.823,0.822,6,-6.502,0,0.063,0.0338,0.272,0.0992,0.853,119.97,4
spotify:track:2e2ODYnQs9b5WHzAfx7fmz,"Miss Me (feat. ABRA)","Outer Peace","Toro y Moi;ABRA",2019-01-18,180906,0,false,iarecippo,2019-04-09T00:35:37Z,"chillwave,alternative r&b","Carpark Records",0.659,0.454,0,-9.562,0,0.0844,0.569,0.000106,0.131,0.227,130.038,4
spotify:track:40YmyUvb5AmaAWXpXTj7VD,"New House","Outer Peace","Toro y Moi",2019-01-18,150746,0,false,iarecippo,2019-04-09T00:35:37Z,"chillwave","Carpark Records",0.671,0.378,3,-8.969,1,0.205,0.638,0.00915,0.112,0.353,59.64,4
spotify:track:3nB1luIDE1motEUhMXImp0,"Baby Drive It Down","Outer Peace","Toro y Moi",2019-01-18,187933,0,false,iarecippo,2019-04-09T00:35:37Z,"chillwave","Carpark Records",0.881,0.585,1,-9.987,1,0.0909,0.877,0.454,0.103,0.456,106.023,4
spotify:track:1zbLpabwKzj404PWNEKtjL,"Freelance","Outer Peace","Toro y Moi",2019-01-18,225893,0,false,iarecippo,2019-04-09T00:35:37Z,"chillwave","Carpark Records",0.975,0.475,9,-7.067,0,0.123,0.014,0.0111,0.165,0.867,115.009,4
spotify:track:7mMLKwFMq8STlXOBexSwqf,"Who I Am","Outer Peace","Toro y Moi",2019-01-18,208973,0,false,iarecippo,2019-04-09T00:35:37Z,"chillwave","Carpark Records",0.897,0.844,8,-5.059,1,0.0841,0.00415,0.013,0.618,0.801,119.989,4
spotify:track:3R73Y7X53MIQZWnKloWq5i,"Monte Carlo (feat. WET)","Outer Peace","Toro y Moi;Wet",2019-01-18,125133,0,false,iarecippo,2019-04-09T00:35:37Z,"chillwave","Carpark Records",0.653,0.381,1,-8.967,1,0.0512,0.0821,0.0000729,0.175,0.133,140.08,4
spotify:track:5qozAS2huRB1yn4XDnJtoX,"50-50 (feat. Instupendo)","Outer Peace","Toro y Moi;Instupendo",2019-01-18,206912,0,false,iarecippo,2019-04-09T00:35:37Z,"chillwave","Carpark Records",0.623,0.461,8,-8.223,1,0.033,0.0149,0.00349,0.346,0.376,130.02,4
spotify:track:5fLfzMQ6T583mnUke8622M,"You Are the Right One","Naked All the Time","Sports",2015-07-24,172506,0,false,iarecippo,2019-04-16T00:58:54Z,"","Sports",0.66,0.591,4,-8.497,0,0.026,0.16,0.848,0.632,0.849,100.034,4
spotify:track:68kUba38l6o4NVfRjqpdqU,"Feels Like Magic","Naked All the Time","Sports",2015-07-24,177253,0,false,iarecippo,2019-04-16T00:58:54Z,"","Sports",0.68,0.64,2,-8.276,1,0.0294,0.232,0.745,0.141,0.357,92.025,4
spotify:track:6h8902K3bu35UpmS0x5GBU,"Dina","Naked All the Time","Sports",2015-07-24,239840,0,false,iarecippo,2019-04-16T00:58:54Z,"","Sports",0.744,0.514,1,-10.971,1,0.0256,0.645,0.00234,0.0917,0.48,90.075,4
spotify:track:6TWYX6BkNyQxrir3S1UqmG,"Dalton's Wish","Naked All the Time","Sports",2015-07-24,200613,0,false,iarecippo,2019-04-16T00:58:54Z,"","Sports",0.629,0.41,6,-12.613,0,0.0293,0.719,0.891,0.137,0.499,75.024,4
spotify:track:6JfqUlQHtbdWDi5o7bp6qd,"Panama","Naked All the Time","Sports",2015-07-24,198546,0,false,iarecippo,2019-04-16T00:58:54Z,"","Sports",0.615,0.724,5,-8.583,1,0.0306,0.298,0.459,0.211,0.449,97.728,4
spotify:track:24qiKgy2zBZNdsLp9k6NS6,"Naked","Naked All the Time","Sports",2015-07-24,145733,0,false,iarecippo,2019-04-16T00:58:54Z,"","Sports",0.473,0.534,0,-12.373,1,0.0309,0.776,0.708,0.35,0.602,92.107,4
spotify:track:52OKylOQQSETWtXncZN3L7,"Strange to Hear","Naked All the Time","Sports",2015-07-24,252800,0,false,iarecippo,2019-04-16T00:58:54Z,"","Sports",0.537,0.344,9,-14.782,0,0.0322,0.849,0.957,0.118,0.242,176.16,4
spotify:track:6QckhIlLnahn7lKagtIFdg,"Night Swim","Naked All the Time","Sports",2015-07-24,243506,0,false,iarecippo,2019-04-16T00:58:54Z,"","Sports",0.496,0.573,2,-11.316,1,0.0325,0.476,0.72,0.355,0.345,150.907,4
spotify:track:1H8BKN1WYV6AW1kghI3ldP,"Orlando","Negro Swan","Blood Orange",2018-08-24,182893,55,false,iarecippo,2019-04-16T16:13:30Z,"art pop","Domino Recording Co",0.764,0.534,1,-10.966,0,0.0982,0.546,0.0823,0.404,0.647,143.519,3
spotify:track:2PzWUwFXApjQBZzKMl4Hd6,"Saint","Negro Swan","Blood Orange",2018-08-24,192009,55,false,iarecippo,2019-04-16T16:13:30Z,"art pop","Domino Recording Co",0.795,0.629,5,-8.704,0,0.0745,0.043,0.000154,0.378,0.0667,100.803,4
spotify:track:2CRe6RkEv44m7aUglQ3tCu,"Take Your Time","Negro Swan","Blood Orange",2018-08-24,171372,43,false,iarecippo,2019-04-16T16:13:30Z,"art pop","Domino Recording Co",0.352,0.12,0,-14.949,0,0.0324,0.905,0.000606,0.117,0.0628,127.486,5
spotify:track:2QLNDKL7hZyh2OZ8UL9WrV,"Hope","Negro Swan","Blood Orange;Diddy;Tei Shi",2018-08-24,239767,52,false,iarecippo,2019-04-16T16:13:30Z,"art pop,hip hop,east coast hip hop","Domino Recording Co",0.413,0.227,5,-10.871,1,0.0756,0.411,0,0.0912,0.354,86.35,4
spotify:track:3boUSTv7CwQRiWuq8ZPjYi,"Jewelry","Negro Swan","Blood Orange",2018-08-24,272094,51,true,iarecippo,2019-04-16T16:13:30Z,"art pop","Domino Recording Co",0.452,0.258,3,-11.901,0,0.04,0.484,0.000516,0.269,0.161,128.259,4
spotify:track:5tKfFMLrqjLHZWBTXgtc79,"Family","Negro Swan","Blood Orange;Janet Mock",2018-08-24,41878,42,false,iarecippo,2019-04-16T16:13:30Z,"art pop","Domino Recording Co",0.277,0.414,7,-15.094,1,0.165,0.0834,0.00000698,0.77,0.704,183.359,4
spotify:track:3bBmpVl9rQKJsFFGLFilIS,"Charcoal Baby","Negro Swan","Blood Orange",2018-08-24,242341,71,false,iarecippo,2019-04-16T16:13:30Z,"art pop","Domino Recording Co",0.622,0.46,7,-8.389,0,0.0372,0.14,0.000369,0.119,0.514,183.241,4
spotify:track:0wlXb1TAj96igP2GJdqa3b,"Vulture Baby","Negro Swan","Blood Orange",2018-08-24,74478,42,false,iarecippo,2019-04-16T16:13:30Z,"art pop","Domino Recording Co",0.531,0.258,2,-19.575,0,0.0304,0.747,0.495,0.347,0.512,73.708,4
spotify:track:3jxExv27cf3OSt0BXtAR6Z,"Chewing Gum","Negro Swan","Blood Orange;A$AP Rocky;Project Pat",2018-08-24,263869,66,true,iarecippo,2019-04-16T16:13:30Z,"art pop,rap,southern hip hop,crunk,gangster rap","Domino Recording Co",0.622,0.515,8,-7.959,0,0.145,0.144,0.0165,0.194,0.217,168.265,4
spotify:track:6ImkphIMAbZRkZOJuVrTA2,"Holy Will","Negro Swan","Blood Orange;Ian Isiah",2018-08-24,262098,40,false,iarecippo,2019-04-16T16:13:30Z,"art pop","Domino Recording Co",0.303,0.255,0,-15.669,1,0.062,0.62,0.000072,0.162,0.182,85.779,4
spotify:track:7wA6K5a70ApY3Ypgqg4Gbz,"Dagenham Dream","Negro Swan","Blood Orange",2018-08-24,165395,47,false,iarecippo,2019-04-16T16:13:30Z,"art pop","Domino Recording Co",0.53,0.399,1,-11.211,1,0.127,0.589,0.0000107,0.109,0.497,177.193,4
spotify:track:2ZGZV976wWwuA3qI3Q0q9k,"Nappy Wonder","Negro Swan","Blood Orange",2018-08-24,158130,40,false,iarecippo,2019-04-16T16:13:30Z,"art pop","Domino Recording Co",0.657,0.481,1,-8.503,0,0.0815,0.799,0.00000603,0.105,0.161,88.348,4
spotify:track:7eCJ3bONwNeNDViF383s1E,"Runnin’","Negro Swan","Blood Orange;Georgia Anne Muldrow",2018-08-24,235489,41,false,iarecippo,2019-04-16T16:13:30Z,"art pop,neo soul,alternative r&b","Domino Recording Co",0.626,0.414,11,-10.631,0,0.109,0.412,0.00137,0.147,0.388,179.992,4
spotify:track:4qdbCACEpbFWIpKSMa2fZC,"Out Of Your League","Negro Swan","Blood Orange;Steve Lacy",2018-08-24,140923,60,false,iarecippo,2019-04-16T16:13:30Z,"art pop","Domino Recording Co",0.896,0.469,2,-7.13,0,0.0555,0.103,0.00456,0.108,0.676,120.849,4
spotify:track:7Kt7c9Q2B7hSyiTZvGQ37D,"Minetta Creek","Negro Swan","Blood Orange",2018-08-24,118050,57,false,iarecippo,2019-04-16T16:13:30Z,"art pop","Domino Recording Co",0.761,0.556,6,-9.999,1,0.0483,0.104,0.912,0.105,0.905,129.578,4
spotify:track:1sFqfjMzxrwyvhL8785yUL,"Smoke","Negro Swan","Blood Orange",2018-08-24,213027,41,true,iarecippo,2019-04-16T16:13:30Z,"art pop","Domino Recording Co",0.586,0.225,0,-13.204,1,0.0528,0.771,0.0000203,0.147,0.236,82.248,4
spotify:track:6jaLFu5HvfNrI1JmcM4eXu,"Lost & Found","Lost & Found","Jorja Smith",2018-06-08,314433,54,false,iarecippo,2019-05-11T15:00:47Z,"uk r&b","FAMM",0.653,0.5,0,-9.203,1,0.108,0.243,0.0027,0.105,0.325,76.041,4
spotify:track:0fIFjeeLJjIBliWUCsxyMF,"Teenage Fantasy","Lost & Found","Jorja Smith",2018-06-08,226906,61,false,iarecippo,2019-05-11T15:00:47Z,"uk r&b","FAMM",0.583,0.677,4,-10.21,0,0.439,0.47,0.193,0.43,0.495,176.119,4
spotify:track:79OKfIXCPbNhZa3h1ZREag,"Where Did I Go?","Lost & Found","Jorja Smith",2018-06-08,191992,56,false,iarecippo,2019-05-11T15:00:47Z,"uk r&b","FAMM",0.714,0.59,5,-9.849,1,0.0812,0.365,0.167,0.0844,0.357,97.048,4
spotify:track:3c5gLGgwRrE7sQYSNHCXEj,"February 3rd","Lost & Found","Jorja Smith",2018-06-08,242035,54,false,iarecippo,2019-05-11T15:00:47Z,"uk r&b","FAMM",0.624,0.453,6,-9.184,0,0.0369,0.453,0.000995,0.13,0.272,84.815,4
spotify:track:6LP5qQvZAvR6PNZqysxmhS,"On Your Own","Lost & Found","Jorja Smith",2018-06-08,241984,51,false,iarecippo,2019-05-11T15:00:47Z,"uk r&b","FAMM",0.549,0.543,6,-7.485,0,0.0351,0.0013,0.00945,0.105,0.0791,157.977,4
spotify:track:1Ahp4PZ1vzdbzBCedUrsqI,"The One","Lost & Found","Jorja Smith",2018-06-08,197574,68,false,iarecippo,2019-05-11T15:00:47Z,"uk r&b","FAMM",0.312,0.661,0,-8.508,0,0.092,0.252,0.000135,0.102,0.443,82.39,4
spotify:track:3ljkahwsdk97GG9g73l6w3,"Wandering Romance","Lost & Found","Jorja Smith",2018-06-08,275618,50,false,iarecippo,2019-05-11T15:00:47Z,"uk r&b","FAMM",0.485,0.458,1,-8.676,0,0.0525,0.606,0.00045,0.12,0.102,78.558,4
spotify:track:1It1TxBK3xIQAB4xJkPevn,"Blue Lights","Lost & Found","Jorja Smith",2018-06-08,250454,70,false,iarecippo,2019-05-11T15:00:47Z,"uk r&b","FAMM",0.692,0.57,7,-8.077,1,0.185,0.666,0,0.107,0.309,91.917,4
spotify:track:02DylNP4HxYaYMbqM4dGHr,"Lifeboats (Freestyle)","Lost & Found","Jorja Smith",2018-06-08,172490,48,false,iarecippo,2019-05-11T15:00:47Z,"uk r&b","FAMM",0.766,0.734,0,-8.699,0,0.351,0.43,0,0.257,0.508,92.671,4
spotify:track:4CYBfRX3oEPni9Elqm8Bnt,"Goodbyes","Lost & Found","Jorja Smith",2018-06-08,230929,53,false,iarecippo,2019-05-11T15:00:47Z,"uk r&b","FAMM",0.512,0.184,9,-8.812,0,0.0587,0.866,0,0.284,0.37,85.82,4
spotify:track:14qLa09blyCJdkRJRQ8lpV,"Tomorrow","Lost & Found","Jorja Smith",2018-06-08,232630,56,false,iarecippo,2019-05-11T15:00:47Z,"uk r&b","FAMM",0.642,0.459,2,-6.346,0,0.0432,0.611,0.000156,0.113,0.128,80.19,4
spotify:track:202lm9YX5WmAac83tOGlVn,"Don't Watch Me Cry","Lost & Found","Jorja Smith",2018-06-08,190429,56,false,iarecippo,2019-05-11T15:00:47Z,"uk r&b","FAMM",0.559,0.157,1,-10.132,1,0.0414,0.887,0,0.107,0.348,130.877,4
spotify:track:64GOKoATzNgnMKT4wlSgQ8,"As Chances","Sombrou Dúvida","Boogarins",2019-05-10,298008,0,false,iarecippo,2019-05-11T15:01:05Z,"neo-psychedelic,new mpb,psychedelic rock,space rock","LAB 344",0.578,0.722,9,-8.319,0,0.0386,0.493,0.0742,0.132,0.38,118.033,4
spotify:track:6WpBAh7yJGLtpVos7lhXwe,"Sombra ou Dúvida","Sombrou Dúvida","Boogarins",2019-05-10,262093,0,false,iarecippo,2019-05-11T15:01:05Z,"neo-psychedelic,new mpb,psychedelic rock,space rock","LAB 344",0.718,0.677,2,-5.839,1,0.0511,0.295,0.00000353,0.367,0.609,117.013,4
spotify:track:18jxQqs1uGNwrtEjq3toGD,"Invenção","Sombrou Dúvida","Boogarins",2019-05-10,253733,0,false,iarecippo,2019-05-11T15:01:05Z,"neo-psychedelic,new mpb,psychedelic rock,space rock","LAB 344",0.558,0.773,4,-6.955,0,0.106,0.685,0.000178,0.441,0.496,126.065,4
spotify:track:6F0tlJdeJTvzzeGkpD0SMK,"Dislexia ou Transe","Sombrou Dúvida","Boogarins",2019-05-10,208362,0,false,iarecippo,2019-05-11T15:01:05Z,"neo-psychedelic,new mpb,psychedelic rock,space rock","LAB 344",0.574,0.804,2,-6.422,1,0.0434,0.0287,0.0299,0.27,0.204,122.014,4
spotify:track:1wcevKb5qwZg5Pgq1Ziido,"A Tradição","Sombrou Dúvida","Boogarins",2019-05-10,243929,0,false,iarecippo,2019-05-11T15:01:05Z,"neo-psychedelic,new mpb,psychedelic rock,space rock","LAB 344",0.378,0.704,2,-8.456,1,0.127,0.324,0.0228,0.375,0.257,122.353,4
spotify:track:4HQNlBd70IBMHE1mkjPO0G,"Nós","Sombrou Dúvida","Boogarins",2019-05-10,220187,0,false,iarecippo,2019-05-11T15:01:05Z,"neo-psychedelic,new mpb,psychedelic rock,space rock","LAB 344",0.114,0.769,7,-6.516,1,0.0475,0.156,0.008,0.395,0.224,68.168,4
spotify:track:0CZ4xTsqMagycL0GHDjFcJ,"Tardança","Sombrou Dúvida","Boogarins",2019-05-10,174791,0,false,iarecippo,2019-05-11T15:01:05Z,"neo-psychedelic,new mpb,psychedelic rock,space rock","LAB 344",0.635,0.654,2,-7.183,1,0.0319,0.0308,0.0525,0.108,0.546,124.896,4
spotify:track:3rOtzFTLlJN0b4s37i6IMT,"Desandar","Sombrou Dúvida","Boogarins",2019-05-10,270847,0,false,iarecippo,2019-05-11T15:01:05Z,"neo-psychedelic,new mpb,psychedelic rock,space rock","LAB 344",0.502,0.622,9,-7.804,0,0.0323,0.559,0.538,0.309,0.365,117.091,3
spotify:track:52C3ZiP6UF4EaY5HmWPmSk,"Te Quero Longe","Sombrou Dúvida","Boogarins",2019-05-10,280657,0,false,iarecippo,2019-05-11T15:01:05Z,"neo-psychedelic,new mpb,psychedelic rock,space rock","LAB 344",0.382,0.487,11,-8.408,0,0.0316,0.756,0.0192,0.231,0.419,84.136,4
spotify:track:2jtXKniYNIVUKXZSsHiA8x,"Passeio","Sombrou Dúvida","Boogarins",2019-05-10,253372,0,false,iarecippo,2019-05-11T15:01:05Z,"neo-psychedelic,new mpb,psychedelic rock,space rock","LAB 344",0.414,0.443,5,-10.456,0,0.129,0.422,0.00000141,0.142,0.335,94.108,4
spotify:track:3KiCVLESkkvnMKGldzfDZs,"Introduction","The Underdog","GUM",2018-04-06,113023,0,false,iarecippo,2019-05-11T16:58:09Z,"neo-psychedelic,psychedelic rock","Spinning Top Records",0.327,0.763,4,-10.341,1,0.0433,0.741,0.888,0.142,0.0338,169.971,4
spotify:track:3QnT04T1GCcXJSQUtxAi8P,"The Underdog","The Underdog","GUM",2018-04-06,189750,0,false,iarecippo,2019-05-11T16:58:09Z,"neo-psychedelic,psychedelic rock","Spinning Top Records",0.541,0.808,6,-5.878,0,0.0361,0.00212,0.000598,0.191,0.666,75.011,4
spotify:track:0EW2ZyR7QEEh9WkoxJas1l,"S.I.A","The Underdog","GUM",2018-04-06,226853,0,false,iarecippo,2019-05-11T16:58:09Z,"neo-psychedelic,psychedelic rock","Spinning Top Records",0.701,0.958,8,-7.009,1,0.0588,0.0754,0.154,0.204,0.849,119.999,4
spotify:track:7bbWHaf980lETaYhO001rC,"Serotonin","The Underdog","GUM",2018-04-06,237181,0,false,iarecippo,2019-05-11T16:58:09Z,"neo-psychedelic,psychedelic rock","Spinning Top Records",0.459,0.487,0,-9.462,1,0.0268,0.622,0.435,0.085,0.0955,95,4
spotify:track:4SwC4OyPheQjSJ6r2mYNsV,"After All (From the Sun)","The Underdog","GUM",2018-04-06,276596,0,false,iarecippo,2019-05-11T16:58:09Z,"neo-psychedelic,psychedelic rock","Spinning Top Records",0.449,0.788,7,-7.354,1,0.0434,0.331,0.0325,0.259,0.376,139.949,4
spotify:track:1vlwjxc1umDPtaTpO0c7Gw,"Rehearsed in a Dream","The Underdog","GUM",2018-04-06,223733,0,false,iarecippo,2019-05-11T16:58:09Z,"neo-psychedelic,psychedelic rock","Spinning Top Records",0.647,0.349,0,-10.186,1,0.0319,0.744,0.783,0.162,0.213,108.107,4
spotify:track:0OOG34wRaPCWB560fUPb6q,"Couldn't See Past My Ego","The Underdog","GUM",2018-04-06,179652,0,false,iarecippo,2019-05-11T16:58:09Z,"neo-psychedelic,psychedelic rock","Spinning Top Records",0.562,0.659,7,-6.699,1,0.0279,0.604,0.0336,0.0922,0.504,120.082,3
spotify:track:3lX0VGd68zOapFmfFF2x23,"The Blue Marble","The Underdog","GUM",2018-04-06,285643,0,false,iarecippo,2019-05-11T16:58:09Z,"neo-psychedelic,psychedelic rock","Spinning Top Records",0.52,0.921,4,-5.436,0,0.0464,0.0529,0.331,0.142,0.444,164.98,4
spotify:track:2Qb7b3qhY1O9fLSLUp6tbk,"Trying My Best","The Underdog","GUM",2018-04-06,216109,0,false,iarecippo,2019-05-11T16:58:09Z,"neo-psychedelic,psychedelic rock","Spinning Top Records",0.346,0.582,5,-9.628,0,0.0375,0.324,0.916,0.119,0.186,129.944,4
spotify:track:7CdkEirlZ4WupCVhCjTgvw,"The Fear","The Underdog","GUM",2018-04-06,346233,0,false,iarecippo,2019-05-11T16:58:09Z,"neo-psychedelic,psychedelic rock","Spinning Top Records",0.733,0.865,1,-8.819,1,0.057,0.0592,0.599,0.0481,0.866,114.988,4
spotify:track:2iR4oHXi5qsb17b0KHVpon,"Chamakay","Cupid Deluxe","Blood Orange;Caroline Polachek",2013-11-18,260106,54,false,iarecippo,2019-05-17T00:29:13Z,"art pop","Domino Recording Co",0.762,0.627,11,-8.118,1,0.0403,0.0739,0.000358,0.0965,0.339,110.014,4
spotify:track:7vcNp4cj4uF4AyX5aKY4Ps,"You're Not Good Enough","Cupid Deluxe","Blood Orange;Samantha Urbani",2013-11-18,261360,68,false,iarecippo,2019-05-17T00:29:13Z,"art pop","Domino Recording Co",0.74,0.798,0,-6.55,1,0.146,0.189,0.00128,0.305,0.571,119.964,4
spotify:track:0Cn4UhpHhgf88eWaS9nn5u,"Uncle ACE","Cupid Deluxe","Blood Orange",2013-11-18,256693,66,false,iarecippo,2019-05-17T00:29:13Z,"art pop","Domino Recording Co",0.742,0.945,5,-6.445,1,0.0428,0.0639,0.165,0.131,0.742,112.977,4
spotify:track:5u8ZMevzINPCrN2uXQkeNZ,"No Right Thing","Cupid Deluxe","Blood Orange;David Longstreth",2013-11-18,251186,43,false,iarecippo,2019-05-17T00:29:13Z,"art pop,contemporary classical","Domino Recording Co",0.747,0.651,2,-6.087,1,0.0422,0.0743,0.0018,0.108,0.249,109.919,4
spotify:track:0BPWY79wNehGVARtwJawYV,"It Is What It Is","Cupid Deluxe","Blood Orange;Samantha Urbani",2013-11-18,307400,60,false,iarecippo,2019-05-17T00:29:13Z,"art pop","Domino Recording Co",0.721,0.648,6,-8.438,1,0.0387,0.231,0.0859,0.0764,0.272,94.897,4
spotify:track:0AHJWgA2mLYz2iFVwbCeod,"Chosen","Cupid Deluxe","Blood Orange;Caroline Polachek",2013-11-18,404480,66,false,iarecippo,2019-05-17T00:29:13Z,"art pop","Domino Recording Co",0.57,0.845,0,-6.234,1,0.0766,0.023,0.0845,0.113,0.19,172.041,4
spotify:track:3YCoVXFnaF5cct0hOxFeQO,"Clipped On","Cupid Deluxe","Blood Orange;Despot",2013-11-18,190906,44,false,iarecippo,2019-05-17T00:29:13Z,"art pop,experimental hip hop","Domino Recording Co",0.813,0.733,4,-6.174,0,0.248,0.0732,0,0.16,0.0798,95.026,4
spotify:track:79GPR5DxNCHs5dpKpcYBDO,"Always Let U Down","Cupid Deluxe","Blood Orange;Samantha Urbani",2013-11-18,313546,48,false,iarecippo,2019-05-17T00:29:13Z,"art pop","Domino Recording Co",0.719,0.783,0,-6.609,1,0.0693,0.226,0,0.361,0.334,105.022,4
spotify:track:0geNERhyAP47qUaTaRz2o0,"On the Line","Cupid Deluxe","Blood Orange;Kindness",2013-11-18,307280,49,false,iarecippo,2019-05-17T00:29:13Z,"art pop","Domino Recording Co",0.775,0.487,0,-8.443,1,0.0371,0.187,0.0167,0.116,0.434,120.026,4
spotify:track:2NewVZgMr1DLTMJlIsAVDv,"High Street","Cupid Deluxe","Blood Orange;Skepta",2013-11-18,178040,42,false,iarecippo,2019-05-17T00:29:13Z,"art pop,grime,uk grime","Domino Recording Co",0.707,0.609,11,-10.621,0,0.111,0.3,0,0.0643,0.303,120.099,4
spotify:track:70tw9q994ypHb16M4Thnod,"Time Will Tell","Cupid Deluxe","Blood Orange;Samantha Urbani",2013-11-18,338520,54,false,iarecippo,2019-05-17T00:29:13Z,"art pop","Domino Recording Co",0.628,0.767,6,-5.907,1,0.0735,0.0615,0.000105,0.133,0.551,93.958,4
spotify:track:51RN0kzWd7xeR4th5HsEtW,"IGOR'S THEME","IGOR","Tyler, The Creator",2019-05-17,200684,68,false,iarecippo,2019-05-17T11:11:58Z,"","Columbia",0.467,0.672,10,-7.371,0,0.377,0.00559,0.243,0.607,0.0648,163.1,4
spotify:track:5hVghJ4KaYES3BFUATCYn0,"EARFQUAKE","IGOR","Tyler, The Creator",2019-05-17,190072,80,true,iarecippo,2019-05-17T11:11:58Z,"","Columbia",0.554,0.498,9,-8.866,1,0.0685,0.23,0.00000598,0.795,0.413,79.635,4
spotify:track:4f8Mh5wuWHOsfXtzjrJB3t,"I THINK","IGOR","Tyler, The Creator",2019-05-17,212016,74,true,iarecippo,2019-05-17T11:11:58Z,"","Columbia",0.826,0.579,8,-8.241,0,0.0801,0.00881,0,0.129,0.431,121.075,4
spotify:track:5e4LIAQI0bClLazNf2gZV0,"EXACTLY WHAT YOU RUN FROM YOU END UP CHASING","IGOR","Tyler, The Creator",2019-05-17,14626,22,false,iarecippo,2019-05-17T11:11:58Z,"","Columbia",0,0.478,11,-16.569,0,0,0.927,0,0.335,0,0,0
spotify:track:5QvBXUm5MglLJ3iBfTX2Wo,"RUNNING OUT OF TIME","IGOR","Tyler, The Creator",2019-05-17,177219,74,true,iarecippo,2019-05-17T11:11:58Z,"","Columbia",0.36,0.391,6,-10.6,1,0.0528,0.296,0.000406,0.129,0.162,84.281,4
spotify:track:0fv2KH6hac06J86hBUTcSf,"NEW MAGIC WAND","IGOR","Tyler, The Creator",2019-05-17,195327,79,true,iarecippo,2019-05-17T11:11:58Z,"","Columbia",0.621,0.73,5,-5.414,0,0.107,0.0967,0.000131,0.673,0.464,139.566,4
spotify:track:1nXZnTALNXiPlvXotqHm66,"A BOY IS A GUN*","IGOR","Tyler, The Creator",2019-05-17,210253,70,true,iarecippo,2019-05-17T11:11:58Z,"","Columbia",0.417,0.689,2,-8.302,0,0.178,0.575,0,0.496,0.505,79.568,4
spotify:track:0wEC0GNF74lAqrEFZJMl1m,"PUPPET","IGOR","Tyler, The Creator",2019-05-17,179003,69,true,iarecippo,2019-05-17T11:11:58Z,"","Columbia",0.508,0.557,8,-8.967,0,0.0478,0.00235,0.0134,0.588,0.199,77.572,4
spotify:track:6bOkaEXc5CopinGazSLokx,"WHAT'S GOOD","IGOR","Tyler, The Creator",2019-05-17,205636,65,true,iarecippo,2019-05-17T11:11:58Z,"","Columbia",0.458,0.909,1,-6.553,1,0.487,0.0567,0.00000426,0.11,0.449,118.227,4
spotify:track:1hz7SRTGUNAtIQ46qiNv2p,"GONE, GONE / THANK YOU","IGOR","Tyler, The Creator",2019-05-17,375386,75,true,iarecippo,2019-05-17T11:11:58Z,"","Columbia",0.518,0.492,10,-8.436,0,0.193,0.216,0.0012,0.146,0.471,78.848,4
spotify:track:5A0M6B0RBSXSNWv0wcppZ9,"I DON'T LOVE YOU ANYMORE","IGOR","Tyler, The Creator",2019-05-17,161200,65,true,iarecippo,2019-05-17T11:11:58Z,"","Columbia",0.638,0.522,8,-9.814,1,0.0932,0.352,0.0663,0.165,0.584,142.952,4
spotify:track:5TxRUOsGeWeRl3xOML59Ai,"ARE WE STILL FRIENDS?","IGOR","Tyler, The Creator",2019-05-17,265480,84,true,iarecippo,2019-05-17T11:11:58Z,"","Columbia",0.216,0.497,10,-8.025,1,0.0371,0.128,0.00000239,0.111,0.313,187.308,3
spotify:track:0jF4xsiVd8AQoIEUmn7KLt,"Things I Imagined","When I Get Home","Solange",2019-03-01,119160,45,false,iarecippo,2019-05-22T23:37:40Z,"alternative r&b,neo soul","Saint Records/Columbia",0.391,0.192,10,-11.243,0,0.0621,0.936,0.698,0.103,0.039,75.535,3
spotify:track:6vOnTS8EhcUqvaRwsV2Dfn,"S McGregor (interlude)","When I Get Home","Solange",2019-03-01,16640,8,false,iarecippo,2019-05-22T23:37:40Z,"alternative r&b,neo soul","Saint Records/Columbia",0.422,0.321,0,-15.381,1,0.304,0.922,0.00000283,0.179,0.361,176.961,5
spotify:track:3803fF96TYnzkSMA0M0L5H,"Down With the Clique","When I Get Home","Solange",2019-03-01,222413,45,false,iarecippo,2019-05-22T23:37:40Z,"alternative r&b,neo soul","Saint Records/Columbia",0.664,0.459,11,-7.335,1,0.0229,0.214,0.000193,0.467,0.356,99.765,4
spotify:track:2jVLwzrzKVhcI8UmVonVas,"Way to the Show","When I Get Home","Solange",2019-03-01,175240,46,false,iarecippo,2019-05-22T23:37:40Z,"alternative r&b,neo soul","Saint Records/Columbia",0.594,0.71,1,-4.058,0,0.406,0.65,0.235,0.284,0.558,80.095,4
spotify:track:6b6LmQZz9yeMnFQDFWQa5E,"Can I Hold the Mic (interlude)","When I Get Home","Solange",2019-03-01,21546,8,false,iarecippo,2019-05-22T23:37:40Z,"alternative r&b,neo soul","Saint Records/Columbia",0.633,0.169,1,-16.471,1,0.449,0.7,0.000228,0.101,0.534,77.252,4
spotify:track:6GCIYIWUBSLontW6divqsw,"Stay Flo","When I Get Home","Solange",2019-03-01,175706,57,true,iarecippo,2019-05-22T23:37:40Z,"alternative r&b,neo soul","Saint Records/Columbia",0.823,0.558,9,-7.119,1,0.0278,0.397,0.0000203,0.0821,0.674,155.974,4
spotify:track:0deHsjyrgcKGMZzIuvawq3,"Dreams","When I Get Home","Solange",2019-03-01,148253,56,false,iarecippo,2019-05-22T23:37:40Z,"alternative r&b,neo soul","Saint Records/Columbia",0.661,0.368,5,-7.342,0,0.0727,0.827,0.249,0.111,0.211,112.891,4
spotify:track:0uKYWr9wbXWXfQtyWGMItp,"Nothing Without Intention (interlude)","When I Get Home","Solange",2019-03-01,23866,10,true,iarecippo,2019-05-22T23:37:40Z,"alternative r&b,neo soul","Saint Records/Columbia",0.678,0.506,0,-13.135,1,0.289,0.509,0.000342,0.121,0.623,117.92,4
spotify:track:6IAgarq2wDeYzpsY2Kx0Hw,"Almeda","When I Get Home","Solange",2019-03-01,236120,64,true,iarecippo,2019-05-22T23:37:40Z,"alternative r&b,neo soul","Saint Records/Columbia",0.827,0.553,1,-5.296,1,0.032,0.0227,0.0000152,0.176,0.0631,110.015,4
spotify:track:6l82XaHZyodfRvNo85Pdqr,"Time (is)","When I Get Home","Solange",2019-03-01,219960,46,false,iarecippo,2019-05-22T23:37:40Z,"alternative r&b,neo soul","Saint Records/Columbia",0.493,0.159,0,-11.048,1,0.0434,0.842,0.581,0.162,0.38,116.074,3
spotify:track:2S8sebSU3YRqFdD7IZw7le,"My Skin My Logo","When I Get Home","Solange",2019-03-01,175733,44,false,iarecippo,2019-05-22T23:37:40Z,"alternative r&b,neo soul","Saint Records/Columbia",0.724,0.292,8,-8.512,1,0.253,0.291,0.000748,0.231,0.524,81.409,3
spotify:track:0scYtiSe1lZlQt6vqWlcZC,"We Deal With the Freak'n (intermission)","When I Get Home","Solange",2019-03-01,31666,40,false,iarecippo,2019-05-22T23:37:40Z,"alternative r&b,neo soul","Saint Records/Columbia",0.447,0.7,10,-8.982,1,0.303,0.725,0,0.157,0.545,62.92,4
spotify:track:6ZDQdAeTYt13V67K7LJXDv,"Jerrod","When I Get Home","Solange",2019-03-01,182106,50,false,iarecippo,2019-05-22T23:37:40Z,"alternative r&b,neo soul","Saint Records/Columbia",0.409,0.253,3,-9.88,0,0.0363,0.915,0.0278,0.104,0.218,114.023,3
spotify:track:7yvdp8dqmxExSJwT2fn6Xq,"Binz","When I Get Home","Solange",2019-03-01,111226,62,true,iarecippo,2019-05-22T23:37:40Z,"alternative r&b,neo soul","Saint Records/Columbia",0.863,0.625,8,-6.323,1,0.313,0.101,0.00000413,0.166,0.456,83.98,4
spotify:track:4q91GjZYQAZWICmRaOu04F,"Beltway","When I Get Home","Solange",2019-03-01,101400,51,false,iarecippo,2019-05-22T23:37:40Z,"alternative r&b,neo soul","Saint Records/Columbia",0.313,0.189,6,-17.556,0,0.0471,0.921,0.694,0.114,0.0391,116.314,4
spotify:track:0sB95316MVikK4D0BfnirE,"Exit Scott (interlude)","When I Get Home","Solange",2019-03-01,61146,41,false,iarecippo,2019-05-22T23:37:40Z,"alternative r&b,neo soul","Saint Records/Columbia",0.39,0.436,7,-13.603,1,0.0396,0.486,0,0.352,0.525,81.967,4
spotify:track:4o8Rk1YzdkTxsSEXd3YhAK,"Sound of Rain","When I Get Home","Solange",2019-03-01,185960,53,false,iarecippo,2019-05-22T23:37:40Z,"alternative r&b,neo soul","Saint Records/Columbia",0.8,0.526,10,-6.403,0,0.0326,0.326,0.0416,0.153,0.454,120,4
spotify:track:1A8y9j0iVvQkjkhLFVrQFO,"Not Screwed! (interlude)","When I Get Home","Solange",2019-03-01,22240,7,false,iarecippo,2019-05-22T23:37:40Z,"alternative r&b,neo soul","Saint Records/Columbia",0.34,0.436,0,-11.62,1,0.15,0.38,0.642,0.484,0.166,177.889,1
spotify:track:5RstG9WNSOaQ2G3ZFimUz1,"I'm a Witness","When I Get Home","Solange",2019-03-01,111880,40,false,iarecippo,2019-05-22T23:37:40Z,"alternative r&b,neo soul","Saint Records/Columbia",0.26,0.29,7,-11.413,1,0.0528,0.923,0.219,0.112,0.0383,181.273,4
spotify:track:0AzacpqYhvdOSbFvJ6eCKr,"Only If","Apollo XXI","Steve Lacy",2019-05-24,100562,0,false,iarecippo,2019-05-24T14:34:02Z,"","3qtr",0.811,0.401,4,-4.909,1,0.0409,0.105,0,0.0785,0.815,86.023,4
spotify:track:7AeebdvXcGtJW4tItjdauO,"Like Me","Apollo XXI","Steve Lacy;DAISY WORLD",2019-05-24,544026,0,false,iarecippo,2019-05-24T14:34:02Z,"","3qtr",0.573,0.707,5,-7.255,0,0.0944,0.0532,0.00231,0.0911,0.0577,136.222,4
spotify:track:4IroNECciKcq3M2QtSTus7,"Playground","Apollo XXI","Steve Lacy",2019-05-24,213797,0,false,iarecippo,2019-05-24T14:34:02Z,"","3qtr",0.482,0.788,7,-6.309,1,0.0425,0.113,0.00437,0.344,0.854,191.776,4
spotify:track:30o8E8pmxyWDVvjud2WE5i,"Basement Jack","Apollo XXI","Steve Lacy",2019-05-24,109818,0,true,iarecippo,2019-05-24T14:34:02Z,"","3qtr",0.644,0.931,8,-5.343,0,0.0687,0.148,0.0558,0.386,0.912,174.881,4
spotify:track:1omb5x3QAi6sY9yGxvi22V,"Guide","Apollo XXI","Steve Lacy",2019-05-24,141531,0,false,iarecippo,2019-05-24T14:34:02Z,"","3qtr",0.815,0.731,5,-7.615,0,0.0795,0.0412,0.000263,0.215,0.497,128.968,4
spotify:track:2ezzd77TFTHCK2EuV6Y8uF,"Lay Me Down","Apollo XXI","Steve Lacy",2019-05-24,183074,0,false,iarecippo,2019-05-24T14:34:02Z,"","3qtr",0.543,0.59,9,-9.379,0,0.0393,0.0242,0.0404,0.577,0.741,79.882,3
spotify:track:6L8EJ6DWUeQ9nsSjGB5KEX,"Hate CD","Apollo XXI","Steve Lacy",2019-05-24,160182,0,false,iarecippo,2019-05-24T14:34:02Z,"","3qtr",0.824,0.716,0,-7.089,1,0.0526,0.000916,0.0148,0.299,0.771,107.994,4
spotify:track:4ROD1HZkO637qa3bSGOSku,"In Lust We Trust","Apollo XXI","Steve Lacy",2019-05-24,120770,0,true,iarecippo,2019-05-24T14:34:02Z,"","3qtr",0.61,0.439,0,-7.708,1,0.0339,0.983,0.00385,0.437,0.47,121.009,4
spotify:track:7MlAND46qL6L5npwOhbaZK,"Love 2 Fast","Apollo XXI","Steve Lacy",2019-05-24,222981,0,false,iarecippo,2019-05-24T14:34:02Z,"","3qtr",0.421,0.887,0,-4.929,1,0.0574,0.18,0.00177,0.52,0.45,78.986,4
spotify:track:66nc8Tv8zeo4N9ZSoG3kPI,"Amandla's Interlude","Apollo XXI","Steve Lacy",2019-05-24,190511,0,false,iarecippo,2019-05-24T14:34:02Z,"","3qtr",0.182,0.249,0,-11.835,1,0.0395,0.917,0.924,0.306,0.136,203.461,3
spotify:track:24G1PXBWoRgV0wDXZKwxzz,"N Side","Apollo XXI","Steve Lacy",2019-05-24,224444,0,false,iarecippo,2019-05-24T14:34:02Z,"","3qtr",0.838,0.536,2,-6.288,1,0.0435,0.072,0.000259,0.208,0.89,119.956,4
spotify:track:37wiLIV2spnGipM2NE81yX,"Outro Freestyle/4ever","Apollo XXI","Steve Lacy",2019-05-24,374352,0,true,iarecippo,2019-05-24T14:34:02Z,"","3qtr",0.419,0.587,9,-6.198,0,0.0557,0.0992,0.0000181,0.117,0.0767,124.88,3
spotify:track:663IaEGcSW6Tiqu2YcLrb2,"Wanderlust","Wanderlust","Milkshakes",2019-05-29,214418,0,false,iarecippo,2019-06-01T18:35:48Z,"","Maquina Voadora",0.643,0.687,9,-8.073,0,0.0417,0.0932,0.405,0.157,0.433,100.002,4
spotify:track:3X7Reogu31G9bRT9LyoChQ,"Breakfast with You","Wanderlust","Milkshakes",2019-05-29,191745,0,false,iarecippo,2019-06-01T18:35:48Z,"","Maquina Voadora",0.493,0.527,0,-7.531,1,0.0267,0.208,0.527,0.235,0.634,99.919,4
spotify:track:6vhNwwYJyL58W4e6oympJc,"Summer","Wanderlust","Milkshakes",2019-05-29,144268,0,false,iarecippo,2019-06-01T18:35:48Z,"","Maquina Voadora",0.4,0.797,0,-6.386,1,0.0367,0.00175,0.217,0.557,0.647,139.994,4
spotify:track:4eCX9jtTAIiGaPgVCDouNp,"Outerspace","Wanderlust","Milkshakes",2019-05-29,303813,0,false,iarecippo,2019-06-01T18:35:48Z,"","Maquina Voadora",0.413,0.695,9,-6.358,0,0.0461,0.0113,0.622,0.118,0.175,119.968,4
spotify:track:7GhBdnEBFh6rRNFX3LXV2t,"Bright Side of the Moon","Wanderlust","Milkshakes",2019-05-29,136572,0,false,iarecippo,2019-06-01T18:35:48Z,"","Maquina Voadora",0.404,0.782,10,-7.702,1,0.0533,0.000305,0.709,0.241,0.377,120.049,4
spotify:track:55fi3hpcyl7tE9m1Q2EKlk,"Take Me to the Stars","Wanderlust","Milkshakes",2019-05-29,226674,0,false,iarecippo,2019-06-01T18:35:48Z,"","Maquina Voadora",0.394,0.306,9,-11.415,1,0.0315,0.924,0.00607,0.165,0.247,119.983,4
spotify:track:3vZRqQKLUltvIbKTe8Kw38,"Highway","Wanderlust","Milkshakes",2019-05-29,220035,0,false,iarecippo,2019-06-01T18:35:48Z,"","Maquina Voadora",0.472,0.788,7,-5.979,1,0.0389,0.000534,0.179,0.0767,0.422,160.032,4
spotify:track:1t9UfjKtN87xTUjm1NL9Mp,"Luv","Wanderlust","Milkshakes",2019-05-29,248665,0,false,iarecippo,2019-06-01T18:35:48Z,"","Maquina Voadora",0.587,0.695,0,-6.447,1,0.0285,0.389,0.0133,0.364,0.498,110.018,4
spotify:track:17jEoYoOfRD6dvNCMmC9n4,"City Club","City Club","The Growlers",2016-09-30,196672,0,false,iarecippo,2019-06-09T23:38:35Z,"surf rock","Cult Records, LLC",0.717,0.77,7,-6.083,1,0.0268,0.00445,0.00000179,0.214,0.739,110.501,4
spotify:track:0JxNCIvcLphN1oAafpvDWW,"I'll Be Around","City Club","The Growlers",2016-09-30,287085,0,false,iarecippo,2019-06-09T23:38:35Z,"surf rock","Cult Records, LLC",0.475,0.899,1,-3.347,0,0.056,0.000833,0.0000011,0.19,0.911,92.101,4
spotify:track:67asRo6h3xBKz9S9Oewdgq,"Vacant Lot","City Club","The Growlers",2016-09-30,181281,0,false,iarecippo,2019-06-09T23:38:35Z,"surf rock","Cult Records, LLC",0.685,0.821,5,-5.875,1,0.0574,0.0162,0.00152,0.335,0.615,119.991,3
spotify:track:2ZQ3CJY6iddn38oOoPGKfb,"Night Ride","City Club","The Growlers",2016-09-30,251374,0,false,iarecippo,2019-06-09T23:38:35Z,"surf rock","Cult Records, LLC",0.613,0.724,9,-4.798,0,0.0305,0.0136,0,0.12,0.626,110.076,4
spotify:track:0SoPLeJAxzUh6rKBSzVeog,"Dope on a Rope","City Club","The Growlers",2016-09-30,250252,0,false,iarecippo,2019-06-09T23:38:35Z,"surf rock","Cult Records, LLC",0.421,0.91,7,-3.724,1,0.1,0.00132,0,0.357,0.723,146.024,4
spotify:track:0Dr7u3Dm8pwYe0aLZal1Xs,"When You Were Made","City Club","The Growlers",2016-09-30,218286,0,false,iarecippo,2019-06-09T23:38:35Z,"surf rock","Cult Records, LLC",0.551,0.761,11,-5.279,1,0.029,0.402,0,0.235,0.385,116.098,4
spotify:track:4WmkSPSFkXMpWrzPJOiz1H,"Rubber & Bone","City Club","The Growlers",2016-09-30,234852,0,false,iarecippo,2019-06-09T23:38:35Z,"surf rock","Cult Records, LLC",0.546,0.707,0,-5.121,1,0.0325,0.000452,0.000586,0.187,0.819,124.629,4
spotify:track:2iCzZEPF8GTfQ1v4WCi7De,"The Daisy Chain","City Club","The Growlers",2016-09-30,225086,0,false,iarecippo,2019-06-09T23:38:35Z,"surf rock","Cult Records, LLC",0.496,0.819,0,-4.714,1,0.0323,0.00258,0.00109,0.179,0.703,123.004,4
spotify:track:3UL1VvlrSYjTKbpgGAyyUx,"World Unglued","City Club","The Growlers",2016-09-30,210910,0,false,iarecippo,2019-06-09T23:38:35Z,"surf rock","Cult Records, LLC",0.46,0.843,9,-5.067,0,0.0317,0.000182,0.0000128,0.457,0.575,132.979,4
spotify:track:63KqjQQ4ofFpQkmPXKTyEX,"Neverending Line","City Club","The Growlers",2016-09-30,163589,0,false,iarecippo,2019-06-09T23:38:35Z,"surf rock","Cult Records, LLC",0.451,0.861,6,-5.97,0,0.0591,0.00021,0.0000393,0.128,0.651,127.198,4
spotify:track:0EHGQN0jJ0oDtDGDTKWCBm,"Too Many Times","City Club","The Growlers",2016-09-30,232528,0,false,iarecippo,2019-06-09T23:38:35Z,"surf rock","Cult Records, LLC",0.528,0.874,11,-3.396,0,0.0334,0.0298,0.0000217,0.18,0.886,123.503,4
spotify:track:2ulOWB9FLu53ljV6MwgsNA,"Blood of a Mutt","City Club","The Growlers",2016-09-30,326105,0,false,iarecippo,2019-06-09T23:38:35Z,"surf rock","Cult Records, LLC",0.269,0.564,11,-6.898,0,0.0293,0.00673,0.00864,0.142,0.183,174.922,3
spotify:track:7gUQG5uVEtQDNWAPiU51uj,"Speed Living","City Club","The Growlers",2016-09-30,203416,0,false,iarecippo,2019-06-09T23:38:35Z,"surf rock","Cult Records, LLC",0.533,0.942,2,-3.542,1,0.0467,0.00148,0.00497,0.294,0.778,116.184,4
spotify:track:7ehSq5x11gJou4rvII1GTk,"Someone You'd Rather Be Dating","People Can't Stop Chillin","Sports",2016-10-21,231186,0,false,iarecippo,2019-06-10T13:55:02Z,"","Sports",0.719,0.516,1,-9.681,0,0.0301,0.277,0.0066,0.555,0.679,112.099,4
spotify:track:66nSE1BLJpNutxTd2zwW3R,"Manicure","People Can't Stop Chillin","Sports",2016-10-21,151853,0,false,iarecippo,2019-06-10T13:55:02Z,"","Sports",0.824,0.6,10,-6.772,0,0.0313,0.0323,0.233,0.115,0.815,111.077,4
spotify:track:7jJWNDoM8sK916eLZ8ZGhe,"Drivin' on by You","People Can't Stop Chillin","Sports",2016-10-21,176373,0,false,iarecippo,2019-06-10T13:55:02Z,"","Sports",0.519,0.467,3,-10.318,1,0.049,0.744,0.37,0.0973,0.236,150.008,4
spotify:track:6UymRBcnsyOvuMYn3j4fit,"Takin' a Cruise","People Can't Stop Chillin","Sports",2016-10-21,127733,0,false,iarecippo,2019-06-10T13:55:02Z,"","Sports",0.135,0.911,11,-9.097,1,0.0925,0.765,0.734,0.151,0.0369,63.728,3
spotify:track:6rxWhbIt4Q86pShWNLejBT,"Gotta Know Better (I'm Crazy)","People Can't Stop Chillin","Sports",2016-10-21,195093,0,false,iarecippo,2019-06-10T13:55:02Z,"","Sports",0.723,0.596,9,-10.435,0,0.0471,0.0262,0.582,0.107,0.675,114.139,4
spotify:track:6w9zex3lLDwzmvu12LDpJw,"Whatever You Want","People Can't Stop Chillin","Sports",2016-10-21,188173,0,false,iarecippo,2019-06-10T13:55:02Z,"","Sports",0.728,0.38,2,-11.025,1,0.0946,0.383,0.000279,0.364,0.5,168.604,4
spotify:track:5LwoLKuzz5V8PFdtRD7wIh,"People Can't Stop Chillin'","People Can't Stop Chillin","Sports",2016-10-21,135680,0,false,iarecippo,2019-06-10T13:55:02Z,"","Sports",0.54,0.476,6,-14.316,1,0.0723,0.948,0.875,0.105,0.519,99.797,3
spotify:track:19YKaevk2bce4odJkP5L22,"Nikes","Blonde","Frank Ocean",2016-08-20,314075,74,true,iarecippo,2019-06-14T02:26:15Z,"","Boys Don't Cry",0.633,0.395,8,-9.638,1,0.0857,0.692,0.000222,0.108,0.123,138.023,4
spotify:track:2ZWlPOoWh0626oTaHrnl2a,"Ivy","Blonde","Frank Ocean",2016-08-20,249191,86,true,iarecippo,2019-06-14T02:26:15Z,"","Boys Don't Cry",0.575,0.386,9,-9.584,0,0.037,0.785,0.000289,0.229,0.466,116.408,4
spotify:track:3xKsf9qdS1CyvXSMEid6g8,"Pink + White","Blonde","Frank Ocean",2016-08-20,184516,90,false,iarecippo,2019-06-14T02:26:15Z,"","Boys Don't Cry",0.545,0.545,9,-7.362,1,0.107,0.667,0.0000548,0.417,0.549,159.94,3
spotify:track:1IdZvb2XK8NmsovQlV6CPn,"Be Yourself","Blonde","Frank Ocean",2016-08-20,86943,66,false,iarecippo,2019-06-14T02:26:15Z,"","Boys Don't Cry",0.746,0.429,7,-11.143,1,0.494,0.985,0,0.149,0.932,88.413,3
spotify:track:35xSkNIXi504fcEwz9USRB,"Solo","Blonde","Frank Ocean",2016-08-20,257380,74,true,iarecippo,2019-06-14T02:26:15Z,"","Boys Don't Cry",0.469,0.289,5,-10.625,0,0.0366,0.85,0.00000248,0.161,0.258,133.805,4
spotify:track:4xR3MAscflQ262kMeiKshQ,"Skyline To","Blonde","Frank Ocean",2016-08-20,184600,71,true,iarecippo,2019-06-14T02:26:15Z,"","Boys Don't Cry",0.43,0.296,3,-13.645,1,0.0583,0.882,0.00000621,0.104,0.386,129.048,4
spotify:track:5GUYJTQap5F3RDQiCOJhrS,"Self Control","Blonde","Frank Ocean",2016-08-20,249667,81,false,iarecippo,2019-06-14T02:26:15Z,"","Boys Don't Cry",0.581,0.21,8,-10.426,1,0.0321,0.768,0,0.369,0.452,80.099,4
spotify:track:2JUqYobT8NvARdPmc4ES2x,"Good Guy","Blonde","Frank Ocean",2016-08-20,66786,67,false,iarecippo,2019-06-14T02:26:15Z,"","Boys Don't Cry",0.525,0.131,0,-12.787,1,0.458,0.983,0.00433,0.12,0.811,107.007,5
spotify:track:7eqoqGkKwgOaWNNHx90uEZ,"Nights","Blonde","Frank Ocean",2016-08-20,307151,87,true,iarecippo,2019-06-14T02:26:15Z,"","Boys Don't Cry",0.457,0.551,5,-9.36,0,0.167,0.427,0.00000115,0.113,0.428,89.87,4
spotify:track:2qtoRFCOEL1gRn5q9DJC7F,"Solo (Reprise)","Blonde","Frank Ocean",2016-08-20,78742,65,false,iarecippo,2019-06-14T02:26:15Z,"","Boys Don't Cry",0.669,0.749,7,-6.811,0,0.141,0.413,0,0.0848,0.608,80.169,4
spotify:track:17yrCsl1Ai6CZLBmGj6d6p,"Pretty Sweet","Blonde","Frank Ocean",2016-08-20,158478,65,true,iarecippo,2019-06-14T02:26:15Z,"","Boys Don't Cry",0.202,0.724,0,-6.742,1,0.0494,0.258,0.0252,0.296,0.165,154.037,4
spotify:track:73D5hBkiVZkopZrmBZTBWf,"Facebook Story","Blonde","Frank Ocean",2016-08-20,68588,62,false,iarecippo,2019-06-14T02:26:15Z,"","Boys Don't Cry",0.526,0.179,0,-20.55,1,0.692,0.873,0,0.248,0.698,81.993,3
spotify:track:1VZLEW5ZfcAbKZ94XQiSZF,"Close To You","Blonde","Frank Ocean",2016-08-20,85754,69,false,iarecippo,2019-06-14T02:26:15Z,"","Boys Don't Cry",0.855,0.663,5,-8.401,0,0.2,0.194,0.0013,0.146,0.815,77.978,4
spotify:track:2LMkwUfqC6S6s6qDVlEuzV,"White Ferrari","Blonde","Frank Ocean",2016-08-20,248807,88,false,iarecippo,2019-06-14T02:26:15Z,"","Boys Don't Cry",0.501,0.0958,0,-15.605,1,0.0433,0.77,0,0.298,0.204,108.741,4
spotify:track:1BViPjTT585XAhkUUrkts0,"Seigfried","Blonde","Frank Ocean",2016-08-20,334570,77,false,iarecippo,2019-06-14T02:26:15Z,"","Boys Don't Cry",0.377,0.253,4,-11.155,0,0.0387,0.975,0.000259,0.101,0.367,125.403,3
spotify:track:34xTFwjPQ1dC6uJmleno7x,"Godspeed","Blonde","Frank Ocean",2016-08-20,177922,80,false,iarecippo,2019-06-14T02:26:15Z,"","Boys Don't Cry",0.399,0.0969,6,-12.578,1,0.0509,0.929,0.000168,0.121,0.0758,109.54,4
spotify:track:5k8LB57xOq8UUNVaKWSqrf,"Futura Free","Blonde","Frank Ocean",2016-08-20,564165,68,true,iarecippo,2019-06-14T02:26:15Z,"","Boys Don't Cry",0.266,0.678,1,-12.364,1,0.508,0.769,0.0000937,0.503,0.201,83.434,4
spotify:track:6pr3wVYXKN44F5UFfkqQTH,"Tommy","Sun Soak by Jay Versace","Tommy Genesis",2018-05-25,164172,24,false,iarecippo,2019-06-25T12:19:57Z,"","Heard Well",0.722,0.896,1,-5.389,1,0.0475,0.00282,0.00347,0.12,0.434,137.994,4
spotify:track:5tv58k5ZRXOKHhBe9Phb2H,"Spectrolite","Sun Soak by Jay Versace","Bayonne",2018-05-25,282583,5,false,iarecippo,2019-06-25T12:19:57Z,"","Heard Well",0.533,0.765,10,-8.498,0,0.0411,0.572,0.51,0.127,0.258,130.386,4
spotify:track:7LfJ50IXRCjpT2dMPfWzKc,"She's so Untouchable","Sun Soak by Jay Versace","Garden City Movement",2018-05-25,224350,6,false,iarecippo,2019-06-25T12:19:57Z,"","Heard Well",0.747,0.779,4,-4.937,0,0.05,0.0992,0.0554,0.178,0.686,102.016,4
spotify:track:0CXjyylGzwg20VXmfWIu6a,"Straight Lines","Sun Soak by Jay Versace","Benny Sings",2018-05-25,193506,4,false,iarecippo,2019-06-25T12:19:57Z,"","Heard Well",0.806,0.661,7,-7.14,0,0.0439,0.197,0.673,0.217,0.477,102.975,4
spotify:track:6XHm5PAThsH7UxRO6SMj4u,"On a Side a (feat. Dewayne Jackson)","Sun Soak by Jay Versace","DEFFIE;DE'WAYNE",2018-05-25,115399,2,false,iarecippo,2019-06-25T12:19:57Z,"","Heard Well",0.669,0.537,6,-4.326,1,0.156,0.00276,0,0.347,0.354,125.456,4
spotify:track:6xoTa2bODvApFX32KJRbzy,"Round Whippin'","Sun Soak by Jay Versace","A.CHAL",2018-05-25,210024,5,false,iarecippo,2019-06-25T12:19:57Z,"","Heard Well",0.613,0.543,11,-9.076,0,0.04,0.0116,0.00286,0.867,0.276,139.942,4
spotify:track:04HSrx46qlPvnEiObsRr5f,"Scrood (feat. Steve Lacy)","Sun Soak by Jay Versace","Jonti;Steve Lacy",2018-05-25,194403,43,false,iarecippo,2019-06-25T12:19:57Z,"","Heard Well",0.679,0.534,8,-12.629,1,0.0327,0.434,0.645,0.222,0.825,123.513,4
spotify:track:1vhExcDClX0vreQvnAQ24A,"Low End","Sun Soak by Jay Versace","Blackparty",2018-05-25,169621,5,false,iarecippo,2019-06-25T12:19:57Z,"","Heard Well",0.522,0.673,1,-9.07,1,0.0306,0.189,0,0.177,0.174,79.997,3
spotify:track:6OuM5CjtzOOAJB31a5YuDT,"Cruel","Sun Soak by Jay Versace","BOSCO",2018-05-25,240790,5,false,iarecippo,2019-06-25T12:19:57Z,"indie r&b,alternative r&b","Heard Well",0.592,0.58,4,-7.187,0,0.0376,0.118,0.0126,0.665,0.481,75.058,4
spotify:track:0praNEF55GE8iZca1tC8BM,"Verdigris","Where Polly People Go to Read","Gus Dapperton",2019-04-19,221632,0,false,iarecippo,2019-06-28T15:10:54Z,"bedroom pop","Gus Dapperton",0.612,0.724,11,-6.131,1,0.0327,0.0344,0.000919,0.0876,0.907,98.048,4
spotify:track:7fH0VUCDaudXzWIqWB80zA,"World Class Cinema","Where Polly People Go to Read","Gus Dapperton",2019-04-19,199148,0,false,iarecippo,2019-06-28T15:10:54Z,"bedroom pop","Gus Dapperton",0.569,0.779,8,-3.662,1,0.0359,0.377,0,0.0286,0.878,187.952,4
spotify:track:75Z6YDuDvqa5EOcg0Wyl4m,"Nomadicon","Where Polly People Go to Read","Gus Dapperton",2019-04-19,193334,0,false,iarecippo,2019-06-28T15:10:54Z,"bedroom pop","Gus Dapperton",0.714,0.794,4,-4.579,0,0.0292,0.185,0.00000292,0.0738,0.688,81.018,4
spotify:track:6wSySPqkbgLdpUzceYNfWe,"Eyes for Ellis","Where Polly People Go to Read","Gus Dapperton",2019-04-19,199834,0,false,iarecippo,2019-06-28T15:10:54Z,"bedroom pop","Gus Dapperton",0.623,0.651,7,-3.853,0,0.0338,0.0105,0.156,0.103,0.427,133.003,4
spotify:track:227bXIqHWP8Z7gycUGO1sY,"Coax & Botany","Where Polly People Go to Read","Gus Dapperton",2019-04-19,173742,0,false,iarecippo,2019-06-28T15:10:54Z,"bedroom pop","Gus Dapperton",0.663,0.623,11,-5.283,1,0.0239,0.14,0,0.0918,0.773,81.513,4
spotify:track:3mJcEwAZ7GgPmppR6LvAdp,"Sockboy","Where Polly People Go to Read","Gus Dapperton",2019-04-19,247029,0,false,iarecippo,2019-06-28T15:10:54Z,"bedroom pop","Gus Dapperton",0.651,0.719,6,-3.38,0,0.0334,0.109,0,0.129,0.4,117.01,4
spotify:track:5f8giNhPmXEdwHdEcjpXmW,"Roadhead","Where Polly People Go to Read","Gus Dapperton",2019-04-19,200240,0,false,iarecippo,2019-06-28T15:10:54Z,"bedroom pop","Gus Dapperton",0.517,0.844,9,-4.652,0,0.0485,0.201,0.134,0.0737,0.887,83.002,4
spotify:track:0YBvPvnfflEzgc3GV9vzKA,"My Favorite Fish","Where Polly People Go to Read","Gus Dapperton",2019-04-19,215675,0,false,iarecippo,2019-06-28T15:10:54Z,"bedroom pop","Gus Dapperton",0.647,0.65,5,-3.848,0,0.0449,0.322,0,0.34,0.677,74,4
spotify:track:7460zTXWqoe9ElsRebQU8j,"Fill Me Up Anthem","Where Polly People Go to Read","Gus Dapperton",2019-04-19,276870,0,false,iarecippo,2019-06-28T15:10:54Z,"bedroom pop","Gus Dapperton",0.56,0.587,8,-2.998,1,0.0275,0.406,0,0.111,0.548,131.001,4
spotify:track:4YDYP3qN9mLIgpVgrt8nLa,"I Ascend","Where Polly People Go to Read","Gus Dapperton",2019-04-19,75457,0,false,iarecippo,2019-06-28T15:10:54Z,"bedroom pop","Gus Dapperton",0.306,0.29,9,-5.456,1,0.0405,0.81,0.00000144,0.151,0.12,118.135,4
spotify:track:795p3jKj5stjPf8IFpZkdD,"ENTROPY","CASE STUDY 01","Daniel Caesar",2019-06-28,261291,1,false,iarecippo,2019-06-28T19:48:22Z,"","Golden Child Recordings",0.642,0.527,2,-9.444,1,0.0534,0.808,0.0000428,0.154,0.566,133.062,4
spotify:track:3uouaAVXpQR3X8RYkJyitQ,"CYANIDE","CASE STUDY 01","Daniel Caesar",2019-06-28,194959,3,true,iarecippo,2019-06-28T19:48:22Z,"","Golden Child Recordings",0.589,0.652,10,-7.498,1,0.373,0.704,0.00055,0.125,0.486,158.49,4
spotify:track:2fhePAlCSsJplwkjqMYpVm,"LOVE AGAIN","CASE STUDY 01","Daniel Caesar;Brandy",2019-06-28,214277,1,false,iarecippo,2019-06-28T19:48:22Z,"r&b","Golden Child Recordings",0.553,0.441,5,-6.411,1,0.0918,0.41,0.00000257,0.107,0.525,76.988,4
spotify:track:0b6l1obmzq1YrqiKBVLtIo,"FRONTAL LOBE MUZIK","CASE STUDY 01","Daniel Caesar;Pharrell Williams",2019-06-28,229401,0,true,iarecippo,2019-06-28T19:48:22Z,"","Golden Child Recordings",0.681,0.568,11,-6.264,0,0.136,0.439,0.000173,0.446,0.301,140.004,4
spotify:track:4QTwWQDW89udp0JDO2lmPI,"OPEN UP","CASE STUDY 01","Daniel Caesar",2019-06-28,266226,1,true,iarecippo,2019-06-28T19:48:22Z,"","Golden Child Recordings",0.84,0.192,6,-12.843,1,0.0514,0.409,0.000006,0.101,0.31,114.93,3
spotify:track:1GY1aODWhIPUmLNitZMgRL,"RESTORE THE FEELING","CASE STUDY 01","Daniel Caesar;Sean Leon;Jacob Collier",2019-06-28,214011,0,true,iarecippo,2019-06-28T19:48:22Z,"","Golden Child Recordings",0.541,0.393,10,-13.19,1,0.262,0.615,0.000034,0.192,0.564,58.387,4
spotify:track:45PxuJqJBnPXZKLxoo9Apj,"SUPERPOSITION","CASE STUDY 01","Daniel Caesar;John Mayer",2019-06-28,263794,1,true,iarecippo,2019-06-28T19:48:22Z,"singer-songwriter","Golden Child Recordings",0.589,0.279,4,-11.209,1,0.0408,0.911,0.000128,0.087,0.333,115.656,4
spotify:track:63UNqAjFomMcZXc2InOxTC,"TOO DEEP TO TURN BACK","CASE STUDY 01","Daniel Caesar",2019-06-28,318533,0,true,iarecippo,2019-06-28T19:48:22Z,"","Golden Child Recordings",0.567,0.436,9,-10.326,1,0.0571,0.778,0,0.188,0.252,149.987,4
spotify:track:5PlNmsmUUQMbr8rManhvqs,"COMPLEXITIES","CASE STUDY 01","Daniel Caesar",2019-06-28,230585,0,false,iarecippo,2019-06-28T19:48:22Z,"","Golden Child Recordings",0.514,0.204,11,-8.917,0,0.0665,0.66,0.00457,0.262,0.247,123.111,5
spotify:track:2hSwwIRD8sahfwQGjFdixz,"ARE YOU OK?","CASE STUDY 01","Daniel Caesar",2019-06-28,392696,0,true,iarecippo,2019-06-28T19:48:22Z,"","Golden Child Recordings",0.391,0.415,0,-11.665,1,0.0398,0.573,0.00188,0.242,0.0789,99.035,4
spotify:track:142CvC2yhOYDcr9XqaXKJC,"Why'd You Have To Act Like That Though","wya","Inner Wave",2019-05-23,111462,0,false,iarecippo,2019-06-30T22:49:32Z,"","Inner Wave",0.685,0.404,10,-8.14,1,0.0342,0.0192,0.000558,0.12,0.86,122.005,4
spotify:track:6qdLajIxNR39BxlAIIyFN4,"Oof","wya","Inner Wave",2019-05-23,237023,0,false,iarecippo,2019-06-30T22:49:32Z,"","Inner Wave",0.736,0.314,2,-6.917,0,0.0443,0.686,0.0978,0.0966,0.577,126.049,4
spotify:track:5ac9xtBIyhpsPqqH7dBVQ2,"Six AM","wya","Inner Wave",2019-05-23,125875,0,false,iarecippo,2019-06-30T22:49:32Z,"","Inner Wave",0.729,0.492,10,-7.153,1,0.0384,0.183,0.632,0.265,0.656,100.047,4
spotify:track:22ZnQFSX4ep3VUvCWgnMKj,"Mushroom","wya","Inner Wave",2019-05-23,166229,0,false,iarecippo,2019-06-30T22:49:32Z,"","Inner Wave",0.703,0.782,4,-5.536,1,0.0262,0.254,0.538,0.155,0.845,100.909,4
spotify:track:5soXdJq36pqGWFVcBusGoC,"Mate","wya","Inner Wave",2019-05-23,120062,0,false,iarecippo,2019-06-30T22:49:32Z,"","Inner Wave",0.527,0.598,3,-8.776,0,0.0444,0.307,0.874,0.147,0.38,131.343,4
spotify:track:4BD3sl4HjTAzWGVIP8LLm4,"I Wanna C U","Angel's Pulse","Blood Orange",2019-07-12,74725,55,false,iarecippo,2019-07-12T23:57:33Z,"art pop","Domino Recording Co",0.793,0.304,0,-12.191,0,0.0442,0.715,0.181,0.114,0.72,99.773,4
spotify:track:2AyLmM1V9tMi9kQBXnkuJm,"Something To Do","Angel's Pulse","Blood Orange",2019-07-12,51268,36,false,iarecippo,2019-07-12T23:57:33Z,"art pop","Domino Recording Co",0.265,0.254,8,-12.186,1,0.0354,0.947,0.0912,0.162,0.0775,73.032,4
spotify:track:0Zgcv1wy4bRWpfsM27uPGK,"Dark & Handsome","Angel's Pulse","Blood Orange;Toro y Moi",2019-07-12,153750,50,true,iarecippo,2019-07-12T23:57:33Z,"art pop,chillwave","Domino Recording Co",0.584,0.389,11,-12.315,1,0.154,0.689,0,0.319,0.288,79.976,4
spotify:track:09byaVBbIvJWJHdZEl4Sin,"Benzo","Angel's Pulse","Blood Orange",2019-07-12,150511,48,false,iarecippo,2019-07-12T23:57:33Z,"art pop","Domino Recording Co",0.739,0.326,5,-10.376,0,0.0369,0.512,0.0515,0.137,0.273,97.354,4
spotify:track:09jixLVDhgmxUCH3NjYXj0,"Birmingham","Angel's Pulse","Blood Orange;Kelsey Lu;Ian Isiah",2019-07-12,93473,34,false,iarecippo,2019-07-12T23:57:33Z,"art pop,alternative r&b","Domino Recording Co",0.374,0.189,5,-9.678,0,0.0335,0.698,0,0.142,0.114,126.837,3
spotify:track:57gZcMMag1nlGpIfKfKLGE,"Good For You","Angel's Pulse","Blood Orange;Justine Skye",2019-07-12,142656,40,false,iarecippo,2019-07-12T23:57:33Z,"art pop","Domino Recording Co",0.746,0.563,1,-9.034,1,0.12,0.36,0,0.227,0.64,82.388,4
spotify:track:7r6bmQt0kYZZL97ihXsNWU,"Baby Florence (Figure)","Angel's Pulse","Blood Orange",2019-07-12,177979,35,false,iarecippo,2019-07-12T23:57:33Z,"art pop","Domino Recording Co",0.764,0.652,7,-12.144,1,0.054,0.00649,0.72,0.179,0.038,120.02,4
spotify:track:3BbWvLOFaxx0npzxfRixyO,"Gold Teeth","Angel's Pulse","Blood Orange;Project Pat;Gangsta Boo;Tinashe",2019-07-12,181629,59,true,iarecippo,2019-07-12T23:57:33Z,"art pop,southern hip hop,crunk,gangster rap,horrorcore,alternative r&b","Domino Recording Co",0.89,0.665,6,-7.848,0,0.171,0.102,0.0000108,0.114,0.525,148.029,4
spotify:track:6U32ihpleKOTsW6UxRxAQJ,"Berlin","Angel's Pulse","Blood Orange;Porches;Ian Isiah",2019-07-12,118217,37,false,iarecippo,2019-07-12T23:57:33Z,"art pop","Domino Recording Co",0.646,0.177,2,-12.265,1,0.103,0.869,0.0402,0.108,0.0382,146.153,4
spotify:track:22EW5ouRV8EVvmSsEQaLXD,"Tuesday Feeling (Choose To Stay)","Angel's Pulse","Blood Orange;Tinashe",2019-07-12,177162,41,true,iarecippo,2019-07-12T23:57:33Z,"art pop,alternative r&b","Domino Recording Co",0.573,0.48,8,-9.562,0,0.0742,0.748,0.0000057,0.439,0.442,173.43,4
spotify:track:1cte34yQV9hjkErHRHvXt3,"Seven Hours Part 1","Angel's Pulse","Blood Orange;BennY RevivaL",2019-07-12,160708,32,false,iarecippo,2019-07-12T23:57:33Z,"art pop","Domino Recording Co",0.729,0.842,0,-5.566,1,0.25,0.136,0,0.37,0.789,99.159,4
spotify:track:7y8jt3N6UEUkglhuhtbN5x,"Take It Back","Angel's Pulse","Blood Orange;Arca;JOBA;Justine Skye",2019-07-12,262992,37,true,iarecippo,2019-07-12T23:57:33Z,"art pop,neoperreo,experimental,hyperpop","Domino Recording Co",0.805,0.395,0,-12.161,1,0.151,0.353,0.00000602,0.141,0.21,133.061,4
spotify:track:7lySROOQbljchRH3MC5aBP,"Happiness","Angel's Pulse","Blood Orange",2019-07-12,129795,44,false,iarecippo,2019-07-12T23:57:33Z,"art pop","Domino Recording Co",0.704,0.663,5,-10.33,1,0.0382,0.292,0.00133,0.225,0.56,98.009,4
spotify:track:2lNCpGj3jwptstKQLGOkt9,"Today","Angel's Pulse","Blood Orange",2019-07-12,79762,33,false,iarecippo,2019-07-12T23:57:33Z,"art pop","Domino Recording Co",0.231,0.302,1,-12.331,1,0.0276,0.87,0.000595,0.11,0.102,95.344,4
spotify:track:76tGvMdmFKuiMew33ZNNA9,"Lover Is a Day","wannabewithu","Cuco",2016-07-09,456000,1,true,iarecippo,2019-08-03T16:59:01Z,"bedroom pop","Cuco",0.406,0.647,3,-10.453,1,0.0413,0.0427,0.193,0.1,0.344,180.044,4
spotify:track:6KylmDpjgD9Y64u7z9k3us,"Cupid's Quiver","wannabewithu","Cuco",2016-07-09,260000,0,false,iarecippo,2019-08-03T16:59:01Z,"bedroom pop","Cuco",0.564,0.344,0,-14.14,1,0.0295,0.629,0.803,0.0991,0.288,119.934,4
spotify:track:6VZg3YsN5kKBwz39fPcIM1,"Amor de Siempre","wannabewithu","Cuco",2016-07-09,321951,0,false,iarecippo,2019-08-03T16:59:01Z,"bedroom pop","Cuco",0.565,0.642,0,-7.21,1,0.05,0.615,0.358,0.138,0.539,122.989,4
spotify:track:4brsCJvBXltnyCUY4W2n6y,"When We Meet","wannabewithu","Cuco",2016-07-09,277402,0,false,iarecippo,2019-08-03T16:59:01Z,"bedroom pop","Cuco",0.526,0.647,7,-7.39,0,0.0326,0.00784,0.929,0.092,0.288,77.008,1
spotify:track:3QZuC3AaAR2BiQHx0mPklX,"Mindwinder","wannabewithu","Cuco",2016-07-09,116000,0,false,iarecippo,2019-08-03T16:59:01Z,"bedroom pop","Cuco",0.605,0.385,6,-8.793,0,0.0292,0.00824,0.887,0.138,0.637,119.642,3
spotify:track:52iO8m9DttzocBq3SvkSvk,"Lonelylife","wannabewithu","Cuco",2016-07-09,320000,0,false,iarecippo,2019-08-03T16:59:01Z,"bedroom pop","Cuco",0.278,0.682,3,-7.118,1,0.0407,0.422,0.85,0.0915,0.275,105.014,4
spotify:track:78p6rKiC5JgrJEroo9N11g,"1Night","wannabewithu","Cuco",2016-07-09,139846,0,true,iarecippo,2019-08-03T16:59:01Z,"bedroom pop","Cuco",0.527,0.322,0,-7.46,1,0.0701,0.909,0.0344,0.0868,0.541,129.95,4
spotify:track:06GEiLmDCZWEX5kKI6ma7f,"Intro (feat. Foos Gone Wild)","Para Mi","Cuco;Foos Gone Wild",2019-07-26,29750,8,false,iarecippo,2019-08-05T02:55:18Z,"bedroom pop","Cuco / Interscope PS",0.77,0.365,1,-6.047,1,0.175,0.775,0,0.167,0.205,95.092,4
spotify:track:1KypMTzxfo8NNIZ30lanZa,"Keeping Tabs (feat. Suscat0)","Para Mi","Cuco;Suscat0",2019-07-26,248160,58,true,iarecippo,2019-08-05T02:55:18Z,"bedroom pop","Cuco / Interscope PS",0.669,0.854,2,-5.69,1,0.0369,0.729,0,0.106,0.907,139.972,4
spotify:track:3kEsMLO3qUUwiXeCndsMIb,"Bossa No Sé (feat. Jean Carter)","Para Mi","Cuco;Jean Carter",2019-07-26,201263,65,true,iarecippo,2019-08-05T02:55:18Z,"bedroom pop","Cuco / Interscope PS",0.825,0.678,4,-5.401,1,0.0461,0.519,0,0.115,0.43,134.12,4
spotify:track:2xrA0c7ANmGPxGFOHwkA1X,"Perihelion - Interlude","Para Mi","Cuco",2019-07-26,152382,38,false,iarecippo,2019-08-05T02:55:18Z,"bedroom pop","Cuco / Interscope PS",0.421,0.883,4,-4.037,1,0.0362,0.134,0.971,0.395,0.439,122.087,4
spotify:track:0I4TqNDdc9ApF7toelZiUA,"Feelings","Para Mi","Cuco",2019-07-26,190070,53,false,iarecippo,2019-08-05T02:55:18Z,"bedroom pop","Cuco / Interscope PS",0.584,0.48,10,-6.931,0,0.0356,0.624,0.225,0.127,0.484,125.048,4
spotify:track:0BfHjBugow6VGOvj66cFGr,"Lovetripper","Para Mi","Cuco",2019-07-26,309514,50,false,iarecippo,2019-08-05T02:55:18Z,"bedroom pop","Cuco / Interscope PS",0.46,0.708,0,-2.715,1,0.0275,0.727,0.935,0.0998,0.0341,100.988,4
spotify:track:1BxE57AivsEtDQ8JWo3uXs,"Ego Death In Thailand","Para Mi","Cuco",2019-07-26,194386,48,false,iarecippo,2019-08-05T02:55:18Z,"bedroom pop","Cuco / Interscope PS",0.501,0.653,4,-8.401,1,0.0272,0.526,0.0212,0.0954,0.325,80.61,3
spotify:track:36Uc6BhILjfe4VTgweoHZj,"Hydrocodone","Para Mi","Cuco",2019-07-26,152290,60,false,iarecippo,2019-08-05T02:55:18Z,"bedroom pop","Cuco / Interscope PS",0.761,0.624,7,-5.159,1,0.0258,0.813,0.000395,0.106,0.468,119.946,4
spotify:track:1S8p8ckDT2D6imAfsppGRl,"Far Away From Home","Para Mi","Cuco",2019-07-26,265455,48,false,iarecippo,2019-08-05T02:55:18Z,"bedroom pop","Cuco / Interscope PS",0.252,0.534,2,-6.968,1,0.0319,0.301,0.845,0.138,0.192,121.443,4
spotify:track:7xWpTtgyI8beuehKVynYad,"Brokey The Pear - Interlude","Para Mi","Cuco",2019-07-26,84468,33,false,iarecippo,2019-08-05T02:55:18Z,"bedroom pop","Cuco / Interscope PS",0.678,0.24,6,-11.436,1,0.354,0.215,0.85,0.0735,0.386,79.98,4
spotify:track:6YM4q2BaSNMQZgSVsMT2ar,"Best Friend","Para Mi","Cuco",2019-07-26,150198,52,true,iarecippo,2019-08-05T02:55:18Z,"bedroom pop","Cuco / Interscope PS",0.83,0.593,7,-8.979,1,0.241,0.326,0.000027,0.0694,0.62,163.027,4
spotify:track:2s4BInJo15fsF9FdfMbs79,"Room Tone - Interlude","Para Mi","Cuco",2019-07-26,70501,35,false,iarecippo,2019-08-05T02:55:18Z,"bedroom pop","Cuco / Interscope PS",0.807,0.831,9,-4.33,0,0.029,0.128,0.11,0.216,0.917,123.994,4
spotify:track:3hMvsYZjU1pFH0xoywKXA9,"Do Better","Para Mi","Cuco",2019-07-26,211142,65,false,iarecippo,2019-08-05T02:55:18Z,"bedroom pop","Cuco / Interscope PS",0.841,0.63,10,-7.556,0,0.0356,0.43,0.653,0.0779,0.669,100.011,4
spotify:track:6ZBOrn8lY4tgGlkI5p7EmZ,"BETTY","LEGACY! LEGACY!","Jamila Woods",2019-05-10,191686,0,false,iarecippo,2019-08-14T14:10:23Z,"alternative r&b","Jagjaguwar",0.7,0.601,5,-7.08,0,0.0506,0.206,0.0000468,0.109,0.376,121.873,4
spotify:track:3PLW2150PoA3X40cjQiOmA,"ZORA","LEGACY! LEGACY!","Jamila Woods",2019-05-10,186381,0,true,iarecippo,2019-08-14T14:10:23Z,"alternative r&b","Jagjaguwar",0.457,0.813,10,-4.07,0,0.118,0.0821,0,0.173,0.542,82.717,4
spotify:track:5djKvDxjAywbUAFlduFngq,"GIOVANNI","LEGACY! LEGACY!","Jamila Woods",2019-05-10,288682,0,true,iarecippo,2019-08-14T14:10:23Z,"alternative r&b","Jagjaguwar",0.509,0.761,1,-5.129,0,0.283,0.00437,0.000594,0.219,0.596,80.825,4
spotify:track:3y8S3fMTBYd94PwmMdHtr6,"SONIA","LEGACY! LEGACY!","Jamila Woods;Nitty Scott",2019-05-10,261850,0,true,iarecippo,2019-08-14T14:10:23Z,"alternative r&b","Jagjaguwar",0.623,0.735,7,-6.119,0,0.293,0.191,0,0.679,0.489,85.723,4
spotify:track:5kerKj0ik47Oy4KIEULD28,"FRIDA","LEGACY! LEGACY!","Jamila Woods",2019-05-10,178437,0,false,iarecippo,2019-08-14T14:10:23Z,"alternative r&b","Jagjaguwar",0.768,0.777,10,-6.866,0,0.176,0.0359,0.00398,0.235,0.568,92.044,4
spotify:track:6O6DV2Vo4yr9utAluJ9cu4,"EARTHA","LEGACY! LEGACY!","Jamila Woods",2019-05-10,169077,0,true,iarecippo,2019-08-14T14:10:23Z,"alternative r&b","Jagjaguwar",0.454,0.53,6,-7.934,0,0.0936,0.0197,0.106,0.104,0.47,87.495,4
spotify:track:6Jel1sNeAIxUcYyOVQOWrH,"MILES","LEGACY! LEGACY!","Jamila Woods",2019-05-10,188641,0,true,iarecippo,2019-08-14T14:10:23Z,"alternative r&b","Jagjaguwar",0.456,0.757,10,-7.516,0,0.0773,0.603,0.149,0.109,0.804,88.66,4
spotify:track:5S0twx04effIaDPshAt7DS,"MUDDY","LEGACY! LEGACY!","Jamila Woods",2019-05-10,191657,0,true,iarecippo,2019-08-14T14:10:23Z,"alternative r&b","Jagjaguwar",0.376,0.742,3,-6.096,0,0.0641,0.029,0.0087,0.342,0.719,174.517,4
spotify:track:3B11HLD8nKerFzXwMuszi1,"BASQUIAT","LEGACY! LEGACY!","Jamila Woods;Saba",2019-05-10,405733,0,true,iarecippo,2019-08-14T14:10:23Z,"alternative r&b","Jagjaguwar",0.639,0.692,1,-8.224,1,0.188,0.445,0.000796,0.0933,0.537,81.424,4
spotify:track:2D4gOGsXD1c94utCMJUiPR,"SUN RA","LEGACY! LEGACY!","Jamila Woods;theMIND;Jasminfire",2019-05-10,206816,0,true,iarecippo,2019-08-14T14:10:23Z,"alternative r&b","Jagjaguwar",0.623,0.633,2,-7.453,0,0.229,0.519,0.132,0.137,0.261,168.076,4
spotify:track:0e3DXXdAtmsQzCcJTjEDgy,"OCTAVIA","LEGACY! LEGACY!","Jamila Woods",2019-05-10,191754,0,false,iarecippo,2019-08-14T14:10:23Z,"alternative r&b","Jagjaguwar",0.817,0.628,5,-7.759,0,0.0448,0.0312,0.0000116,0.0835,0.944,115.352,4
spotify:track:0b4gC187hjb89e8VP0e4EQ,"BALDWIN","LEGACY! LEGACY!","Jamila Woods;Nico Segal",2019-05-10,233825,0,false,iarecippo,2019-08-14T14:10:23Z,"alternative r&b","Jagjaguwar",0.603,0.523,5,-6.07,0,0.0459,0.77,0.00168,0.189,0.382,98.961,4
spotify:track:4NfFbvC9S9EHNetznsTpsd,"BETTY (for Boogie)","LEGACY! LEGACY!","Jamila Woods",2019-05-10,255408,0,false,iarecippo,2019-08-14T14:10:23Z,"alternative r&b","Jagjaguwar",0.917,0.71,5,-7.38,0,0.302,0.00158,0.0188,0.303,0.536,122.002,4
spotify:track:3NbcZRhP7aRmlPiZZ70Xle,"Shake","Sebastian","Yeek",2017-04-28,188176,0,false,iarecippo,2019-08-27T09:53:06Z,"bedroom pop","Yeek, Inc.",0.571,0.548,0,-6.483,1,0.377,0.0138,0.614,0.177,0.488,70.001,4
spotify:track:6cLxofxCjrFpQYtifjK5Vf,"Only in the West","Sebastian","Yeek",2017-04-28,196170,0,false,iarecippo,2019-08-27T09:53:06Z,"bedroom pop","Yeek, Inc.",0.954,0.537,7,-6.871,1,0.0901,0.0723,0.0569,0.218,0.525,116.964,4
spotify:track:4gtFLdSM8kwEBt7TP9MIEX,"$even","Sebastian","Yeek;Bakar",2017-04-28,216545,0,true,iarecippo,2019-08-27T09:53:06Z,"bedroom pop","Yeek, Inc.",0.811,0.503,11,-7.25,1,0.0457,0.0849,0.00122,0.135,0.352,110.026,4
spotify:track:0SrATlCwZIf5ZMzLXTzrLp,"Computerized Emotion","Sebastian","Yeek",2017-04-28,221578,0,false,iarecippo,2019-08-27T09:53:06Z,"bedroom pop","Yeek, Inc.",0.946,0.162,10,-14.042,1,0.211,0.00716,0.000959,0.0934,0.447,113.991,4
spotify:track:4vcHoKTNtPvSJ4oG6ilvZg,"Away","Sebastian","Yeek",2017-04-28,206315,0,false,iarecippo,2019-08-27T09:53:06Z,"bedroom pop","Yeek, Inc.",0.672,0.0502,3,-14.137,0,0.376,0.135,0.0012,0.101,0.267,143.401,5
spotify:track:0uYRKUD994hbQi3JLSt22K,"The Left","Sebastian","Yeek;Duckwrth",2017-04-28,263876,0,true,iarecippo,2019-08-27T09:53:06Z,"bedroom pop","Yeek, Inc.",0.808,0.703,7,-7.772,1,0.0465,0.0636,0.00515,0.105,0.392,90.003,4
spotify:track:7IrTRg6c26MHZclbpgAzy1,"Beach Funeral","Sebastian","Yeek",2017-04-28,205333,0,false,iarecippo,2019-08-27T09:53:06Z,"bedroom pop","Yeek, Inc.",0.802,0.397,2,-5.765,0,0.0354,0.641,0.42,0.115,0.715,89.982,4
spotify:track:4yGQSS0i4Jrn00XFVBGnFe,"Slow","Sebastian","Yeek;Bibi Borja",2017-04-28,247008,0,false,iarecippo,2019-08-27T09:53:06Z,"bedroom pop","Yeek, Inc.",0.615,0.0981,5,-13.82,1,0.241,0.396,0.0132,0.0847,0.218,99.612,1
spotify:track:27kvEubx9NxVZqazYRZahB,"Old Car","Sebastian","Yeek",2017-04-28,287628,0,false,iarecippo,2019-08-27T09:53:06Z,"bedroom pop","Yeek, Inc.",0.457,0.84,9,-6.754,0,0.0361,0.32,0.87,0.583,0.882,97.009,4
spotify:track:0fnmqKRyN4lTswvyOXz0ID,"Cosmic Freeway","Sebastian","Yeek;Max of Homestead",2017-04-28,362666,0,true,iarecippo,2019-08-27T09:53:06Z,"bedroom pop","Yeek, Inc.",0.449,0.244,5,-12.068,0,0.197,0.593,0.0000608,0.0884,0.262,89.966,4
spotify:track:3RIgHHpnFKj5Rni1shokDj,"Norman fucking Rockwell","Norman Fucking Rockwell!","Lana Del Rey",2019-08-30,248934,77,true,iarecippo,2019-08-31T01:50:40Z,"","Polydor Records",0.215,0.203,5,-12.65,1,0.0346,0.968,0.0585,0.0923,0.143,78.287,1
spotify:track:6OG05bPAwUuV3OMvy2Vy1P,"Mariners Apartment Complex","Norman Fucking Rockwell!","Lana Del Rey",2019-08-30,247150,74,true,iarecippo,2019-08-31T01:50:40Z,"","Polydor Records",0.531,0.252,9,-12.765,1,0.028,0.763,0.000133,0.104,0.159,76.054,4
spotify:track:3hwQhakFwm9soLEBnSDH17,"Venice Bitch","Norman Fucking Rockwell!","Lana Del Rey",2019-08-30,577199,69,true,iarecippo,2019-08-31T01:50:40Z,"","Polydor Records",0.368,0.286,9,-13.031,0,0.0294,0.913,0.177,0.099,0.312,77.826,4
spotify:track:7MtVPRGtZl6rPjMfLoI3Lh,"Fuck it I love you","Norman Fucking Rockwell!","Lana Del Rey",2019-08-30,218287,71,true,iarecippo,2019-08-31T01:50:40Z,"","Polydor Records",0.534,0.452,9,-10.732,0,0.0359,0.895,0.00165,0.125,0.175,129.974,4
spotify:track:0Oqc0kKFsQ6MhFOLBNZIGX,"Doin' Time","Norman Fucking Rockwell!","Lana Del Rey",2019-08-30,202192,81,true,iarecippo,2019-08-31T01:50:40Z,"","Polydor Records",0.641,0.559,7,-11.132,0,0.0355,0.404,0.00402,0.0937,0.523,144.982,4
spotify:track:5tyMJlMqaggzvuX7TtlrTe,"Love song","Norman Fucking Rockwell!","Lana Del Rey",2019-08-30,229325,69,true,iarecippo,2019-08-31T01:50:40Z,"","Polydor Records",0.384,0.0701,9,-16.512,1,0.0367,0.966,0.00017,0.0805,0.288,63.425,4
spotify:track:2mdEsXPu8ZmkHRRtAdC09e,"Cinnamon Girl","Norman Fucking Rockwell!","Lana Del Rey",2019-08-30,300683,90,false,iarecippo,2019-08-31T01:50:40Z,"","Polydor Records",0.294,0.337,6,-10.614,0,0.036,0.814,0.414,0.14,0.135,91.781,5
spotify:track:4qUtC2BwFC154Ha8YQRrkk,"How to disappear","Norman Fucking Rockwell!","Lana Del Rey",2019-08-30,228071,76,false,iarecippo,2019-08-31T01:50:40Z,"","Polydor Records",0.538,0.304,9,-11.79,1,0.0352,0.613,0.000631,0.164,0.065,78.997,3
spotify:track:7oTE1KmtU2ml9zBhv9Reao,"California","Norman Fucking Rockwell!","Lana Del Rey",2019-08-30,305899,69,false,iarecippo,2019-08-31T01:50:40Z,"","Polydor Records",0.449,0.41,9,-8.067,0,0.0317,0.761,0,0.0631,0.195,123.758,4
spotify:track:7vRfxLcDDwgYW2WTrtEgUV,"The Next Best American Record","Norman Fucking Rockwell!","Lana Del Rey",2019-08-30,349347,63,false,iarecippo,2019-08-31T01:50:40Z,"","Polydor Records",0.569,0.354,2,-9.862,1,0.0315,0.616,0.0000275,0.112,0.118,108.083,4
spotify:track:6ERZ30cRjVWGtVLhczX9aL,"The greatest","Norman Fucking Rockwell!","Lana Del Rey",2019-08-30,300360,67,true,iarecippo,2019-08-31T01:50:40Z,"","Polydor Records",0.443,0.226,2,-12.507,0,0.0359,0.939,0.0201,0.14,0.196,79.142,3
spotify:track:5USsRaiqL1RNKRm1fTJ3JM,"Bartender","Norman Fucking Rockwell!","Lana Del Rey",2019-08-30,263441,63,false,iarecippo,2019-08-31T01:50:40Z,"","Polydor Records",0.582,0.102,9,-14.712,0,0.0391,0.924,0,0.174,0.494,131.773,3
spotify:track:3lG6OtGDsYAOALxEmubQQm,"Happiness is a butterfly","Norman Fucking Rockwell!","Lana Del Rey",2019-08-30,272485,76,false,iarecippo,2019-08-31T01:50:40Z,"","Polydor Records",0.467,0.119,2,-10.99,1,0.0401,0.969,0.0000014,0.0973,0.156,70.499,4
spotify:track:0fB77VOZ2FkQeKLv1DuEwp,"hope is a dangerous thing for a woman like me to have - but I have it","Norman Fucking Rockwell!","Lana Del Rey",2019-08-30,324498,66,true,iarecippo,2019-08-31T01:50:40Z,"","Polydor Records",0.49,0.104,4,-13.208,0,0.0635,0.964,0,0.162,0.278,86.675,4
spotify:track:52n3P3kzpmAeUgD8BIyCWJ,"Whoa","Underwater +","Inner Wave;Banes World",2018-12-14,141968,0,false,iarecippo,2019-08-31T19:26:05Z,"bedroom pop,lo-fi indie","Inner Wave",0.733,0.5,5,-7.484,0,0.0416,0.717,0.0193,0.143,0.487,106.975,4
spotify:track:2KZzn0YylVnzsGUDdIjG25,"Autophobia","Underwater +","Inner Wave",2018-12-14,96477,0,false,iarecippo,2019-08-31T19:26:05Z,"","Inner Wave",0.574,0.807,4,-6.738,0,0.0332,0.51,0.462,0.105,0.624,94.571,4
spotify:track:6B7M3F4wWWZDfnraHrblgy,"2031","Underwater +","Inner Wave",2018-12-14,159843,0,false,iarecippo,2019-08-31T19:26:05Z,"","Inner Wave",0.594,0.682,6,-5.739,0,0.0339,0.844,0.947,0.118,0.762,112.244,4
spotify:track:3mwE86Qh96jAFp5dkoGibR,"Babbadook","Underwater +","Inner Wave",2018-12-14,224416,0,false,iarecippo,2019-08-31T19:26:05Z,"","Inner Wave",0.256,0.589,4,-5.356,1,0.0318,0.447,0,0.0962,0.358,176.241,4
spotify:track:0tkoOTYz09ro8WWpD8voMa,"Fine","Underwater +","Inner Wave",2018-12-14,176277,0,false,iarecippo,2019-08-31T19:26:05Z,"","Inner Wave",0.535,0.812,6,-5.629,0,0.0247,0.511,0.584,0.101,0.515,90.03,4
spotify:track:4HG1oON3J2xoiAtUFWVdb1,"Untitled Two","Underwater +","Inner Wave",2018-12-14,111351,0,false,iarecippo,2019-08-31T19:26:05Z,"","Inner Wave",0.396,0.617,5,-5.732,1,0.0347,0.762,0.703,0.179,0.381,72.255,5
spotify:track:0meomGlevuDvZue1QxWEev,"Second Best","Underwater +","Inner Wave",2018-12-14,198122,0,false,iarecippo,2019-08-31T19:26:05Z,"","Inner Wave",0.49,0.746,3,-7.645,1,0.0455,0.908,0.907,0.66,0.212,83.003,4
spotify:track:4DEQg1rfDS1YGVCdwz03d9,"The Rise and Fall of My Womanhood","Lemon Squeeze","Gab Ferreira",2018-04-18,305705,0,false,iarecippo,2019-09-05T11:50:07Z,"","Extraordinários Music",0.49,0.257,0,-7.261,1,0.0732,0.891,0.282,0.105,0.372,117.661,3
spotify:track:4Dmi8JrM7SDgv60ZZ2nEfL,"Stay Inside","Lemon Squeeze","Gab Ferreira",2018-04-18,234260,0,false,iarecippo,2019-09-05T11:50:07Z,"","Extraordinários Music",0.749,0.516,7,-10.576,0,0.0606,0.533,0.0115,0.0821,0.68,159.939,4
spotify:track:2gPbDvFAJnu9UOZgCI9NCY,"Teen Love","Lemon Squeeze","Gab Ferreira",2018-04-18,245495,0,false,iarecippo,2019-09-05T11:50:07Z,"","Extraordinários Music",0.276,0.381,4,-10.049,0,0.0385,0.764,0.0153,0.331,0.136,83.736,3
spotify:track:15Lxwbw1mXJRibpfvzw11K,"Alone with Everybody","Lemon Squeeze","Gab Ferreira",2018-04-18,177741,0,false,iarecippo,2019-09-05T11:50:07Z,"","Extraordinários Music",0.384,0.479,0,-8.903,0,0.089,0.801,0.163,0.0996,0.212,106.919,4
spotify:track:1Z4cMT4wFnfLK7jn5VYmYE,"Such a Fool","Lemon Squeeze","Gab Ferreira",2018-04-18,199691,0,false,iarecippo,2019-09-05T11:50:07Z,"","Extraordinários Music",0.296,0.503,6,-8.575,0,0.0584,0.81,0.0000804,0.356,0.489,88.804,3
spotify:track:0lAtQeSVE2s5leoJIP8ioE,"Not Yours","Lemon Squeeze","Gab Ferreira",2018-04-18,166367,0,false,iarecippo,2019-09-05T11:50:07Z,"","Extraordinários Music",0.832,0.558,9,-7.408,0,0.0383,0.607,0.0084,0.108,0.87,110.021,4
spotify:track:1eTbXdFrFhl3a9XiaZjILl,"Give Me a Call","Lemon Squeeze","Gab Ferreira",2018-04-18,168651,0,false,iarecippo,2019-09-05T11:50:07Z,"","Extraordinários Music",0.605,0.385,8,-7.656,0,0.124,0.323,0.00682,0.0408,0.174,88.611,4
spotify:track:2ZSncaR4RlN392r6Mr7Dst,"Fala Lá pra Ela","Rosa Neon","Rosa Neon;BAKA",2019-09-05,169477,0,false,iarecippo,2019-09-05T12:43:19Z,"new mpb,brazilian pop","Rosa Neon [dist. Tratore]",0.754,0.426,4,-10.363,0,0.0416,0.39,0.018,0.296,0.685,144.959,4
spotify:track:1xtcpzKE63ugnd2Qye6LMn,"Estrela do Mar","Rosa Neon","Rosa Neon",2019-09-05,182679,0,false,iarecippo,2019-09-05T12:43:19Z,"new mpb,brazilian pop","Rosa Neon [dist. Tratore]",0.86,0.318,2,-9.403,0,0.0632,0.224,0.017,0.0793,0.416,116.035,4
spotify:track:4GwhyzQe0nOUEopAU1RRwA,"Vai Devagar","Rosa Neon","Rosa Neon;BAKA;Djonga",2019-09-05,218775,0,false,iarecippo,2019-09-05T12:43:19Z,"new mpb,brazilian pop,brazilian hip hop,boom bap,brazilian trap","Rosa Neon [dist. Tratore]",0.688,0.748,1,-7.454,0,0.127,0.0307,0.00000874,0.314,0.743,164.013,4
spotify:track:5zZFhnh7ZZw3EjayksRHTW,"Brilho de Leão","Rosa Neon","Rosa Neon;BAKA",2019-09-05,186431,0,false,iarecippo,2019-09-05T12:43:19Z,"new mpb,brazilian pop","Rosa Neon [dist. Tratore]",0.744,0.611,7,-8.138,1,0.0356,0.143,0.00000239,0.136,0.66,110.983,4
spotify:track:2Sef8DYKbmD6EnjPYAKKpZ,"Picolé","Rosa Neon","Rosa Neon;Mariana Cavanellas;BAKA",2019-09-05,192448,0,false,iarecippo,2019-09-05T12:43:19Z,"new mpb,brazilian pop,miami bass,brazilian hip hop","Rosa Neon [dist. Tratore]",0.723,0.447,11,-9.972,0,0.0439,0.584,0.00919,0.284,0.552,84.995,4
spotify:track:5uqkZMLCzJmKTlsThGh33m,"Embalagem","Rosa Neon","Rosa Neon;LUIZGA",2019-09-05,193689,0,false,iarecippo,2019-09-05T12:43:19Z,"new mpb,brazilian pop","Rosa Neon [dist. Tratore]",0.632,0.74,7,-8.201,1,0.0915,0.0216,0,0.167,0.594,107.953,4
spotify:track:6J7NSigYwM8HYUXdcBqxHG,"Pirraça","Rosa Neon","Rosa Neon;Marcelo Tofani",2019-09-05,222883,0,false,iarecippo,2019-09-05T12:43:19Z,"new mpb,brazilian pop","Rosa Neon [dist. Tratore]",0.433,0.597,4,-7.391,1,0.0752,0.276,0,0.33,0.556,106.556,5
spotify:track:2txsPLpfeBAvc6wXox58uH,"Ombrim","Rosa Neon","Rosa Neon;Marina Sena;BAKA",2019-09-05,194492,0,false,iarecippo,2019-09-05T12:43:19Z,"new mpb,brazilian pop,mpb","Rosa Neon [dist. Tratore]",0.834,0.553,9,-7.336,0,0.04,0.154,0.000134,0.335,0.699,122.032,4
spotify:track:3E2hyJzKHMadhQNKMEywKv,"Rosa Neon","Rosa Neon","Rosa Neon;BAKA",2019-09-05,190363,0,false,iarecippo,2019-09-05T12:43:19Z,"new mpb,brazilian pop","Rosa Neon [dist. Tratore]",0.793,0.454,7,-9.773,1,0.0276,0.341,0.0424,0.107,0.836,122.97,5
spotify:track:2Y7362H8yhyMLsvR3ec1fW,"Cê Não Tem Dó de Mim","Rosa Neon","Rosa Neon",2019-09-05,183692,0,false,iarecippo,2019-09-05T12:43:19Z,"new mpb,brazilian pop","Rosa Neon [dist. Tratore]",0.798,0.44,7,-8.308,0,0.0311,0.741,0,0.183,0.646,114.898,4
spotify:track:2UbuXuTdSC0oR0upCbiLx2,"Pick U Up","Pick U Up","Foster The People",2019-09-06,182440,49,false,iarecippo,2019-09-06T10:43:23Z,"","Columbia",0.812,0.816,2,-4.478,1,0.0448,0.0316,0.0000363,0.153,0.88,110.965,4
spotify:track:2dtWwuM5qrJ6P5C9Kc74lt,"Imagination","Pick U Up","Foster The People",2019-09-06,256266,35,false,iarecippo,2019-09-06T10:43:23Z,"","Columbia",0.744,0.642,2,-4.6,0,0.031,0.115,0.0000395,0.279,0.63,94.988,4
spotify:track:7Jx7MEWQwan2qYL8fLO2cc,"Style","Pick U Up","Foster The People",2019-09-06,223906,49,false,iarecippo,2019-09-06T10:43:23Z,"","Columbia",0.59,0.906,5,-2.892,1,0.0618,0.00633,0.00151,0.386,0.541,111.997,4
spotify:track:1f4tvi37ABO60upCvtm5Cl,"Worst Nites","Pick U Up","Foster The People",2019-09-06,211920,52,false,iarecippo,2019-09-06T10:43:23Z,"","Columbia",0.741,0.752,2,-4.968,1,0.0386,0.00834,0.00165,0.0438,0.609,114.02,4
spotify:track:1u57vNZdyPZTuOi3yKHDmt,"Wedding","Metronomy Forever","Metronomy",2019-09-13,60946,26,false,iarecippo,2019-09-13T10:54:58Z,"new rave,alternative dance","Because Music",0.141,0.288,7,-12.59,1,0.0358,0.89,0.83,0.323,0.036,167.336,5
spotify:track:3MqNmLeDEdrHeNUAtujA0g,"Whitsand Bay","Metronomy Forever","Metronomy",2019-09-13,230560,46,false,iarecippo,2019-09-13T10:54:58Z,"new rave,alternative dance","Because Music",0.813,0.513,1,-12.074,1,0.137,0.257,0.181,0.153,0.648,147.44,4
spotify:track:6SN2BDBPcvKg5VdBltYJba,"Insecurity","Metronomy Forever","Metronomy",2019-09-13,233560,36,false,iarecippo,2019-09-13T10:54:58Z,"new rave,alternative dance","Because Music",0.738,0.462,7,-9.354,1,0.0454,0.0041,0.0206,0.289,0.762,109.968,4
spotify:track:13QZb2ua0JY2VJU9wG4PmQ,"Salted Caramel Ice Cream","Metronomy Forever","Metronomy",2019-09-13,210293,47,false,iarecippo,2019-09-13T10:54:58Z,"new rave,alternative dance","Because Music",0.893,0.523,11,-6.751,1,0.0639,0.00711,0.0937,0.0876,0.883,125.027,4
spotify:track:6KbrAkJ4Vy7E2GvF8ZqZKJ,"Driving","Metronomy Forever","Metronomy",2019-09-13,49080,25,false,iarecippo,2019-09-13T10:54:58Z,"new rave,alternative dance","Because Music",0.149,0.124,10,-29.2,1,0.0695,0.99,0.907,0.109,0.118,149.903,5
spotify:track:4h33lJL2YU05kEMaSkao47,"Lately","Metronomy Forever","Metronomy",2019-09-13,194640,44,false,iarecippo,2019-09-13T10:54:58Z,"new rave,alternative dance","Because Music",0.669,0.674,8,-7.891,1,0.0603,0.0455,0.146,0.112,0.313,160.023,4
spotify:track:33wnKtwSSfYKE6moZNHZ53,"Lying Low","Metronomy Forever","Metronomy",2019-09-13,236066,49,false,iarecippo,2019-09-13T10:54:58Z,"new rave,alternative dance","Because Music",0.803,0.395,10,-16.228,0,0.0722,0.884,0.937,0.132,0.24,122.151,4
spotify:track:21VP9IIgBdiogVaO4dstWu,"Forever Is A Long Time","Metronomy Forever","Metronomy",2019-09-13,149240,25,false,iarecippo,2019-09-13T10:54:58Z,"new rave,alternative dance","Because Music",0.175,0.12,1,-16.188,1,0.0508,0.952,0.827,0.126,0.197,177.229,3
spotify:track:64R2n9O7Aif7YP3ivkOWYS,"The Light","Metronomy Forever","Metronomy",2019-09-13,272973,58,false,iarecippo,2019-09-13T10:54:58Z,"new rave,alternative dance","Because Music",0.846,0.363,2,-11.565,1,0.115,0.0581,0.0988,0.105,0.572,96.005,4
spotify:track:7CIhsMiYuZ8N3VT1asvNqW,"Sex Emoji","Metronomy Forever","Metronomy",2019-09-13,262533,29,false,iarecippo,2019-09-13T10:54:58Z,"new rave,alternative dance","Because Music",0.478,0.573,7,-6.973,1,0.163,0.447,0,0.0783,0.455,91.873,4
spotify:track:4XXeZ75Fb1olj58drECutq,"Walking In The Dark","Metronomy Forever","Metronomy",2019-09-13,184413,43,false,iarecippo,2019-09-13T10:54:58Z,"new rave,alternative dance","Because Music",0.869,0.269,0,-14.878,1,0.0707,0.187,0.24,0.103,0.478,127.816,4
spotify:track:5arHJoflWmLOmGd2mBQC9z,"Insecure","Metronomy Forever","Metronomy",2019-09-13,76066,23,false,iarecippo,2019-09-13T10:54:58Z,"new rave,alternative dance","Because Music",0.0863,0.0765,1,-18.873,1,0.0477,0.107,0.944,0.139,0.0312,65.805,4
spotify:track:2yV5t5LbMsHOLlDAtlgqbZ,"Miracle Rooftop","Metronomy Forever","Metronomy",2019-09-13,282933,27,false,iarecippo,2019-09-13T10:54:58Z,"new rave,alternative dance","Because Music",0.706,0.354,11,-18.982,0,0.0435,0.91,0.89,0.109,0.132,119.278,4
spotify:track:42vQ7qAqjHTg0WNs1mZV70,"Upset My Girlfriend","Metronomy Forever","Metronomy",2019-09-13,267853,25,false,iarecippo,2019-09-13T10:54:58Z,"new rave,alternative dance","Because Music",0.379,0.247,0,-11.313,1,0.0584,0.87,0.00162,0.118,0.2,184.854,4
spotify:track:3rs2TqT5JEvq4JacEOuOxD,"Wedding Bells","Metronomy Forever","Metronomy",2019-09-13,258813,33,false,iarecippo,2019-09-13T10:54:58Z,"new rave,alternative dance","Because Music",0.751,0.792,7,-5.544,1,0.0702,0.483,0.712,0.0996,0.961,147.358,4
spotify:track:6YGMGoiWbovpGPzAL5Kwk4,"Lately (Going Spare)","Metronomy Forever","Metronomy",2019-09-13,220346,28,false,iarecippo,2019-09-13T10:54:58Z,"new rave,alternative dance","Because Music",0.91,0.388,5,-11.863,1,0.0631,0.384,0.739,0.0942,0.687,116.187,4
spotify:track:6YD93GXfHWJEb2VV29NFE7,"Ur Mixtape","Metronomy Forever","Metronomy",2019-09-13,98693,23,false,iarecippo,2019-09-13T10:54:58Z,"new rave,alternative dance","Because Music",0.824,0.176,7,-14.129,1,0.153,0.497,0.7,0.0952,0.713,140.047,4
spotify:track:49FxPDxtHBC60U1ctsuUz2,"Off (Sad Siri)","Apká!","Céu",2019-09-13,233577,23,false,iarecippo,2019-09-13T12:47:41Z,"new mpb,mpb","Slap",0.393,0.33,11,-11.905,0,0.0318,0.727,0.121,0.0931,0.13,109.85,4
spotify:track:4vh9XdS6a314hnHEcphAp9,"Coreto","Apká!","Céu",2019-09-13,254997,28,false,iarecippo,2019-09-13T12:47:41Z,"new mpb,mpb","Slap",0.817,0.602,2,-8.154,1,0.0562,0.425,0.00311,0.108,0.551,92.02,4
spotify:track:3co4isJEKsMFHoWYDPsuUF,"Forçar o Verão","Apká!","Céu",2019-09-13,191757,22,false,iarecippo,2019-09-13T12:47:41Z,"new mpb,mpb","Slap",0.792,0.723,9,-6.014,0,0.0376,0.043,0.00254,0.0597,0.97,132.039,4
spotify:track:7dKBjJ2fxNKOvnrLoWguSm,"Corpocontinente","Apká!","Céu",2019-09-13,211137,28,false,iarecippo,2019-09-13T12:47:41Z,"new mpb,mpb","Slap",0.795,0.498,0,-9.383,1,0.0348,0.656,0.176,0.0986,0.433,111.042,4
spotify:track:3ADHurnAfa72QV7c9WDxu8,"Pardo","Apká!","Céu",2019-09-13,273357,29,false,iarecippo,2019-09-13T12:47:41Z,"new mpb,mpb","Slap",0.788,0.522,0,-6.696,1,0.0365,0.188,0.000102,0.0981,0.754,94.986,4
spotify:track:58wx6OxsJbc1oCh05gXGjg,"Nada Irreal","Apká!","Céu",2019-09-13,250917,28,false,iarecippo,2019-09-13T12:47:41Z,"new mpb,mpb","Slap",0.887,0.478,9,-7.365,1,0.0342,0.195,0.0111,0.229,0.63,113.008,4
spotify:track:3GZdRjRdYu3BLWQNXWwoqz,"Make Sure Your Head Is Above","Apká!","Céu",2019-09-13,198897,19,false,iarecippo,2019-09-13T12:47:41Z,"new mpb,mpb","Slap",0.755,0.353,4,-10.96,1,0.0374,0.65,0.0000437,0.11,0.426,120.025,4
spotify:track:1OyhljPhulhe3SxITPTWkA,"Fênix do Amor","Apká!","Céu",2019-09-13,249897,21,false,iarecippo,2019-09-13T12:47:41Z,"new mpb,mpb","Slap",0.82,0.607,0,-8.248,1,0.0359,0.103,0.0208,0.0951,0.748,100.009,4
spotify:track:5YCdIOR7XIbPlnEbIK5KvQ,"Rotação","Apká!","Céu",2019-09-13,196956,25,false,iarecippo,2019-09-13T12:47:41Z,"new mpb,mpb","Slap",0.343,0.516,0,-9.665,1,0.039,0.51,0.00233,0.134,0.276,92.062,4
spotify:track:5nvPxu5QkaWGDivXEz0tA8,"Ocitocina (Charged)","Apká!","Céu",2019-09-13,307498,24,false,iarecippo,2019-09-13T12:47:41Z,"new mpb,mpb","Slap",0.881,0.606,2,-10.089,1,0.0483,0.114,0.0654,0.114,0.161,115.972,4
spotify:track:284DAvNyCQNZuOVFkGwtxM,"Eye Contact","Apká!","Céu;Tropkillaz",2019-09-13,196857,18,false,iarecippo,2019-09-13T12:47:41Z,"new mpb,mpb,brazilian funk,brazilian pop","Slap",0.848,0.531,0,-8.305,1,0.0556,0.535,0.0113,0.17,0.535,123.042,4
spotify:track:4IQtPSF4bMsB7qFryASfAt,"Alien","Nice Guys Love You (Vol. 1)","Nice Guys;A.C. Freazy",2019-06-28,255335,23,false,iarecippo,2019-09-15T02:08:00Z,"surf rock","Nice Guys",0.771,0.456,8,-12.652,0,0.416,0.846,0.0036,0.167,0.773,78.827,4
spotify:track:3lx7nHE6C9MiT8M9yGrZ3e,"For Another One","Nice Guys Love You (Vol. 1)","Nice Guys;Nic Clay",2019-06-28,190807,22,false,iarecippo,2019-09-15T02:08:00Z,"surf rock","Nice Guys",0.532,0.275,0,-17.646,1,0.0309,0.962,0.0246,0.109,0.299,80.502,4
spotify:track:5QMFWCmBzdYbVWbcww3TeB,"Shook","Nice Guys Love You (Vol. 1)","Nice Guys;Sports Day",2019-06-28,335452,35,false,iarecippo,2019-09-15T02:08:00Z,"surf rock","Nice Guys",0.791,0.397,8,-11.792,0,0.0706,0.199,0.48,0.0962,0.78,173.982,4
spotify:track:6ygBIPpn7B4O6EHKxikNX9,"Laced Up","Nice Guys Love You (Vol. 1)","Nice Guys;Kip Nelson",2019-06-28,162040,25,false,iarecippo,2019-09-15T02:08:00Z,"surf rock","Nice Guys",0.545,0.6,10,-6.778,0,0.0771,0.285,0.0153,0.361,0.556,79.986,4
spotify:track:6BSq9HDPqweaowVNTqTjZF,"Sushi","Nice Guys Love You (Vol. 1)","Nice Guys;Selfsteam",2019-06-28,220772,30,false,iarecippo,2019-09-15T02:08:00Z,"surf rock","Nice Guys",0.702,0.512,0,-7.381,1,0.17,0.171,0.188,0.0688,0.917,160.061,4
spotify:track:6NCauIUUT6716oSJp0YbNh,"She's Gone","Nice Guys Love You (Vol. 1)","Nice Guys;The Quincey",2019-06-28,213000,21,false,iarecippo,2019-09-15T02:08:00Z,"surf rock,neo-psychedelic","Nice Guys",0.477,0.874,9,-7.045,1,0.0372,0.007,0.0251,0.0816,0.782,118.554,4
spotify:track:02wwQPtPG1WzTg2fI7WrRF,"Go Go","Nice Guys Love You (Vol. 1)","Nice Guys;coop",2019-06-28,157787,36,false,iarecippo,2019-09-15T02:08:00Z,"surf rock","Nice Guys",0.784,0.567,3,-9.755,1,0.0346,0.188,0.0265,0.121,0.61,145.994,4
spotify:track:4707LeSW460cSeKiC6ewu4,"Once in a While","Nice Guys Love You (Vol. 1)","Nice Guys;Coral Pink",2019-06-28,242747,23,false,iarecippo,2019-09-15T02:08:00Z,"surf rock,dream pop","Nice Guys",0.725,0.36,9,-14.647,0,0.0332,0.00387,0.354,0.0918,0.416,113.014,4
spotify:track:7FBLDxwrjjwxOAIAsloYBO,"So I Broke Her Heart","Nice Guys Love You (Vol. 1)","Nice Guys;Donny Electric",2019-06-28,185071,21,false,iarecippo,2019-09-15T02:08:00Z,"surf rock","Nice Guys",0.541,0.788,9,-5.834,1,0.0743,0.0188,0.0000284,0.117,0.506,169.894,4
spotify:track:2MGXx7sKkpm8dRYyQQXmXK,"Skytop Garden","Nice Guys Love You (Vol. 1)","Nice Guys;JAWNY",2019-06-28,153750,35,false,iarecippo,2019-09-15T02:08:00Z,"surf rock,bedroom pop","Nice Guys",0.439,0.279,10,-17.616,1,0.0676,0.912,0.0298,0.0996,0.24,74.043,4
spotify:track:3nMWdZuB87f8wgzVY0CzlO,"Again","Nice Guys Love You (Vol. 1)","Nice Guys;Jaguar Sun",2019-06-28,227685,41,false,iarecippo,2019-09-15T02:08:00Z,"surf rock,dream pop","Nice Guys",0.651,0.614,7,-9.331,1,0.0231,0.174,0.709,0.104,0.608,97.836,4
spotify:track:2FDdVUPDAeJ94kOlVW7L8n,"Makes You Fly","Nice Guys Love You (Vol. 1)","Nice Guys;Dumbo Gets Mad",2019-06-28,368723,52,false,iarecippo,2019-09-15T02:08:00Z,"surf rock,neo-psychedelic,psychedelic rock","Nice Guys",0.607,0.933,1,-5.135,1,0.0548,0.00564,0.292,0.115,0.489,111.006,4
spotify:track:6R5IlHkr4FWug4VJgfhypc,"Drinking on My Own","Nice Guys Love You (Vol. 1)","Nice Guys;Sebastian Roca",2019-06-28,268904,17,false,iarecippo,2019-09-15T02:08:00Z,"surf rock,bedroom pop","Nice Guys",0.378,0.415,1,-9.996,1,0.0283,0.649,0.0362,0.239,0.226,81.012,4
spotify:track:2nfVskKKI0BR1cBDIqmcy7,"Multitudes so Long","Nice Guys Love You (Vol. 1)","Nice Guys;Shortwaved",2019-06-28,272000,35,false,iarecippo,2019-09-15T02:08:00Z,"surf rock","Nice Guys",0.593,0.116,0,-21.08,1,0.033,0.715,0.867,0.124,0.23,74.999,4
spotify:track:0k3nXJgntp60YZ9GRgFQ9R,"Lost Coast","Nice Guys Love You (Vol. 1)","Nice Guys;Selfsteam",2019-06-28,148480,15,false,iarecippo,2019-09-15T02:08:00Z,"surf rock","Nice Guys",0.643,0.216,6,-8.252,0,0.0596,0.359,0.000163,0.0566,0.216,76.773,4
spotify:track:2CVE7d34EKBYziBzAOhKrO,"I Love U - This Is for All My Hopeless Romantics","Nice Guys Love You (Vol. 1)","Nice Guys;Xavier Gibson",2019-06-28,175611,15,true,iarecippo,2019-09-15T02:08:00Z,"surf rock","Nice Guys",0.817,0.365,8,-11.087,0,0.157,0.756,0.284,0.183,0.659,89.997,4
spotify:track:5qUV9LxjR4eiIc7AXHJoj9,"School Boy","Nice Guys Love You (Vol. 1)","Nice Guys;Coral Pink",2019-06-28,188000,15,false,iarecippo,2019-09-15T02:08:00Z,"surf rock,dream pop","Nice Guys",0.644,0.252,4,-15.723,1,0.0284,0.0375,0.0556,0.12,0.589,101.604,4
spotify:track:71sFeEIeeFa7CL6dDAi5MN,"Hometown","Nice Guys Love You (Vol. 1)","Nice Guys;RMZ",2019-06-28,347625,26,false,iarecippo,2019-09-15T02:08:00Z,"surf rock","Nice Guys",0.843,0.384,9,-8.315,0,0.057,0.444,0.000895,0.112,0.433,128.165,4
spotify:track:0KYUlnZhWNlvSilo9q2KY2,"It's Only You I Talk to All Day","Nice Guys Love You (Vol. 1)","Nice Guys;Tom Wilson Kellett",2019-06-28,305945,15,false,iarecippo,2019-09-15T02:08:00Z,"surf rock","Nice Guys",0.516,0.734,2,-8.992,1,0.046,0.00859,0.000349,0.134,0.571,111.009,4
spotify:track:6uUHvnH41a8pWML4TlAptl,"Honey","Nice Guys Love You (Vol. 1)","Nice Guys;Sebastian Roca",2019-06-28,203573,12,false,iarecippo,2019-09-15T02:08:00Z,"surf rock,bedroom pop","Nice Guys",0.422,0.54,7,-9.449,1,0.0325,0.764,0.225,0.104,0.159,86.928,4
spotify:track:1Fu1gMvB2cLYV6RKIpLoUM,"Rusty","Nice Guys Love You (Vol. 1)","Nice Guys;Yasmine Hosseini",2019-06-28,249589,10,false,iarecippo,2019-09-15T02:08:00Z,"surf rock","Nice Guys",0.448,0.18,5,-23.832,0,0.0632,0.233,0.166,0.149,0.375,95.249,4
spotify:track:3jgrNd3uPU1c2PFBKYsV9d,"Alewife","Immunity","Clairo",2019-08-02,213000,0,false,iarecippo,2019-09-18T14:49:41Z,"bedroom pop","FADER Label",0.433,0.329,3,-13.288,1,0.0343,0.932,0.0474,0.1,0.264,102.971,4
spotify:track:71WT6kvVYlGba71B65JrH4,"Impossible","Immunity","Clairo",2019-08-02,230346,0,false,iarecippo,2019-09-18T14:49:41Z,"bedroom pop","FADER Label",0.432,0.615,0,-11.79,1,0.0494,0.255,0.00619,0.128,0.55,99.574,4
spotify:track:3r2TFFPynN97CgmzXKal5X,"Closer To You","Immunity","Clairo",2019-08-02,184293,0,true,iarecippo,2019-09-18T14:49:41Z,"bedroom pop","FADER Label",0.76,0.376,0,-9.397,1,0.0426,0.164,0.000473,0.107,0.663,76.996,4
spotify:track:0zzz9l8ZX5vDBJmNHnWOom,"North","Immunity","Clairo",2019-08-02,213253,0,false,iarecippo,2019-09-18T14:49:41Z,"bedroom pop","FADER Label",0.352,0.632,2,-6.261,1,0.0473,0.244,0.0000182,0.153,0.54,96.929,4
spotify:track:6UFivO2zqqPFPoQYsEMuCc,"Bags","Immunity","Clairo",2019-08-02,260519,7,false,iarecippo,2019-09-18T14:49:41Z,"bedroom pop","FADER Label",0.742,0.546,1,-7.694,1,0.0315,0.172,0.38,0.115,0.868,104.996,4
spotify:track:4PvbbMYL4fkToni5BLaYRb,"Softly","Immunity","Clairo",2019-08-02,185306,1,false,iarecippo,2019-09-18T14:49:41Z,"bedroom pop","FADER Label",0.759,0.436,0,-11.233,0,0.0419,0.33,0.0113,0.102,0.782,94.03,4
spotify:track:7B3z0ySL9Rr0XvZEAjWZzM,"Sofia","Immunity","Clairo",2019-08-02,188386,7,false,iarecippo,2019-09-18T14:49:41Z,"bedroom pop","FADER Label",0.744,0.619,0,-9.805,1,0.039,0.598,0.00372,0.231,0.641,112.997,4
spotify:track:08IFMDAxF7Se7X8RNyoQWF,"White Flag","Immunity","Clairo",2019-08-02,181253,0,false,iarecippo,2019-09-18T14:49:41Z,"bedroom pop","FADER Label",0.375,0.473,0,-10.053,1,0.0533,0.644,0.0302,0.119,0.0613,100.25,4
spotify:track:27vN7hM1uXKgkjtSCwKkkb,"Feel Something","Immunity","Clairo",2019-08-02,176800,0,false,iarecippo,2019-09-18T14:49:41Z,"bedroom pop","FADER Label",0.474,0.439,1,-10.107,1,0.0541,0.447,0.000178,0.113,0.222,114.856,4
spotify:track:7BQWJDX9GGqq3D6ezggaqB,"Sinking","Immunity","Clairo",2019-08-02,190000,0,false,iarecippo,2019-09-18T14:49:41Z,"bedroom pop","FADER Label",0.79,0.338,8,-8.899,1,0.0292,0.586,0.000147,0.0899,0.555,99.339,3
spotify:track:6YTUGuz1IzqKFpNm0yGQws,"I Wouldn't Ask You","Immunity","Clairo",2019-08-02,416373,0,true,iarecippo,2019-09-18T14:49:41Z,"bedroom pop","FADER Label",0.363,0.376,1,-10.95,1,0.0515,0.706,0.0144,0.0841,0.242,133.76,4
spotify:track:0JCHY20eQD4FvXmoTPwCXz,"Saudade","Little Electric Chicken Heart","Ana Frango Elétrico",2019-09-12,220451,0,false,iarecippo,2019-09-24T13:17:51Z,"new mpb,mpb","RISCO [dist. Tratore]",0.514,0.625,4,-8.989,1,0.0409,0.291,0.224,0.102,0.422,88.29,4
spotify:track:0Nfh61vgZnpUeHDzeid0Gz,"Promessas e Previsões","Little Electric Chicken Heart","Ana Frango Elétrico",2019-09-12,222410,0,false,iarecippo,2019-09-24T13:17:51Z,"new mpb,mpb","RISCO [dist. Tratore]",0.557,0.473,0,-6.595,1,0.0463,0.648,0.000137,0.171,0.27,120.96,4
spotify:track:7L05dxhTM1iabsv8sLh3F1,"Se no Cinema","Little Electric Chicken Heart","Ana Frango Elétrico",2019-09-12,221621,0,false,iarecippo,2019-09-24T13:17:51Z,"new mpb,mpb","RISCO [dist. Tratore]",0.484,0.768,0,-5.393,1,0.154,0.329,0.0000772,0.103,0.707,105.272,4
spotify:track:6zU845cQ6YR9h6qdDUs0FX,"Tem Certeza?","Little Electric Chicken Heart","Ana Frango Elétrico",2019-09-12,230262,0,false,iarecippo,2019-09-24T13:17:51Z,"new mpb,mpb","RISCO [dist. Tratore]",0.51,0.873,9,-4.631,1,0.0489,0.32,0.00000257,0.305,0.896,140.826,4
spotify:track:6cz49JYNfdxhDs3NSCIapt,"Chocolate","Little Electric Chicken Heart","Ana Frango Elétrico",2019-09-12,298645,0,false,iarecippo,2019-09-24T13:17:51Z,"new mpb,mpb","RISCO [dist. Tratore]",0.39,0.589,9,-6.126,1,0.053,0.29,0.0000246,0.13,0.409,178.379,4
spotify:track:4l5aoTz3loXXqDn74RFk6z,"Vinheta","Little Electric Chicken Heart","Ana Frango Elétrico",2019-09-12,62804,0,false,iarecippo,2019-09-24T13:17:51Z,"new mpb,mpb","RISCO [dist. Tratore]",0.315,0.022,6,-21.002,0,0.0514,0.994,0.616,0.0814,0.119,76.641,5
spotify:track:4tuQyGRGyVQpK1l4cF5YDY,"Torturadores","Little Electric Chicken Heart","Ana Frango Elétrico",2019-09-12,175346,0,false,iarecippo,2019-09-24T13:17:51Z,"new mpb,mpb","RISCO [dist. Tratore]",0.513,0.473,9,-7.503,1,0.0629,0.704,0.000336,0.125,0.504,59.055,4
spotify:track:7DOIsNNfIlj8wDr17FHIBY,"Devia Ter Ficado Menos","Little Electric Chicken Heart","Ana Frango Elétrico",2019-09-12,189026,0,false,iarecippo,2019-09-24T13:17:51Z,"new mpb,mpb","RISCO [dist. Tratore]",0.585,0.331,0,-6.205,1,0.0345,0.496,0.00239,0.207,0.625,111.304,4
spotify:track:2QqUH2xuUROcBe0HeSBX0E,"Caspa","Little Electric Chicken Heart","Ana Frango Elétrico",2019-09-12,154256,0,false,iarecippo,2019-09-24T13:17:51Z,"new mpb,mpb","RISCO [dist. Tratore]",0.536,0.619,3,-7.269,1,0.078,0.375,0.00000359,0.0976,0.849,95.571,4
spotify:track:2I8LPOharfWMhpU6CTVgMb,"Vou Andando","Los Sebosos Postizos Interpretam Jorge Ben Jor","Los Sebosos Postizos",2012-05-09,280320,0,false,iarecippo,2019-09-28T21:40:19Z,"new mpb","Babel Sunset",0.511,0.603,0,-8.529,1,0.0284,0.227,0.00638,0.709,0.706,112.138,4
spotify:track:6BK198kDqzAhU3B9B4rV4P,"A Jovem Samba","Los Sebosos Postizos Interpretam Jorge Ben Jor","Los Sebosos Postizos",2012-05-09,168840,0,false,iarecippo,2019-09-28T21:40:19Z,"new mpb","Babel Sunset",0.491,0.573,0,-10.868,1,0.035,0.254,0.413,0.423,0.418,87.626,4
spotify:track:5SLMB41RkwULE5akuuaxR6,"Quero Esquecer Você","Los Sebosos Postizos Interpretam Jorge Ben Jor","Los Sebosos Postizos",2012-05-09,146826,0,false,iarecippo,2019-09-28T21:40:19Z,"new mpb","Babel Sunset",0.446,0.486,7,-10.828,1,0.0467,0.514,0.000026,0.207,0.522,157.264,4
spotify:track:3iorw968BEaQ0BHdoJpAl3,"Cinco Minutos","Los Sebosos Postizos Interpretam Jorge Ben Jor","Los Sebosos Postizos",2012-05-09,222866,0,false,iarecippo,2019-09-28T21:40:19Z,"new mpb","Babel Sunset",0.279,0.557,9,-10.42,1,0.0409,0.0294,0.00265,0.0877,0.199,159.104,3
spotify:track:4Q21JeovO0fvSzUtCWKBTV,"Descalço no Parque","Los Sebosos Postizos Interpretam Jorge Ben Jor","Los Sebosos Postizos",2012-05-09,195520,0,false,iarecippo,2019-09-28T21:40:19Z,"new mpb","Babel Sunset",0.351,0.513,2,-10.859,0,0.0319,0.633,0.000468,0.891,0.6,153.466,3
spotify:track:0cd178OpvUTyoKnnfW7Es7,"O Telefone Tocou Novamente","Los Sebosos Postizos Interpretam Jorge Ben Jor","Los Sebosos Postizos",2012-05-09,273720,0,false,iarecippo,2019-09-28T21:40:19Z,"new mpb","Babel Sunset",0.329,0.501,11,-9.095,0,0.0344,0.11,0.00000559,0.235,0.569,152.258,4
spotify:track:1giu0ay1G8Nu14hPNOCJqp,"Lalari - Olalá","Los Sebosos Postizos Interpretam Jorge Ben Jor","Los Sebosos Postizos",2012-05-09,272573,0,false,iarecippo,2019-09-28T21:40:19Z,"new mpb","Babel Sunset",0.422,0.385,9,-13.008,1,0.0294,0.238,0.173,0.274,0.627,78.118,4
spotify:track:65PZU3ofM47NAMjijbvdOb,"O Homem da Gravata Florida","Los Sebosos Postizos Interpretam Jorge Ben Jor","Los Sebosos Postizos",2012-05-09,243133,0,false,iarecippo,2019-09-28T21:40:19Z,"new mpb","Babel Sunset",0.457,0.484,0,-10.661,1,0.0485,0.257,0.00025,0.309,0.335,96.944,4
spotify:track:2JxrAuy63vSWsaghOWFdFB,"Os Alquimistas Estão Chegando","Los Sebosos Postizos Interpretam Jorge Ben Jor","Los Sebosos Postizos",2012-05-09,311333,0,false,iarecippo,2019-09-28T21:40:19Z,"new mpb","Babel Sunset",0.564,0.615,0,-10.128,1,0.0446,0.237,0.00165,0.151,0.916,94.17,4
spotify:track:34HlqKzbEfg20o922wqLIU,"A Tamba","Los Sebosos Postizos Interpretam Jorge Ben Jor","Los Sebosos Postizos",2012-05-09,221440,0,false,iarecippo,2019-09-28T21:40:19Z,"new mpb","Babel Sunset",0.43,0.432,2,-10.296,0,0.0272,0.316,0.000108,0.564,0.494,112.179,4
spotify:track:42GimI07r6qa1Xi1ShVLx1,"Frases","Los Sebosos Postizos Interpretam Jorge Ben Jor","Los Sebosos Postizos",2012-05-09,170466,0,false,iarecippo,2019-09-28T21:40:19Z,"new mpb","Babel Sunset",0.543,0.57,9,-10.37,0,0.0449,0.33,0.00039,0.108,0.404,87.079,4
spotify:track:7KypT2YUbKXJm55vcwyr7o,"Toda Colorida","Los Sebosos Postizos Interpretam Jorge Ben Jor","Los Sebosos Postizos",2012-05-09,220960,0,false,iarecippo,2019-09-28T21:40:19Z,"new mpb","Babel Sunset",0.59,0.513,4,-10.325,0,0.0378,0.134,0.0000735,0.131,0.429,98.286,4
spotify:track:6KUp1NMaki1Ge7vUYr2B8O,"Minha Teimosia, Uma Arma Pra Te Conquistar","Los Sebosos Postizos Interpretam Jorge Ben Jor","Los Sebosos Postizos",2012-05-09,248106,0,false,iarecippo,2019-09-28T21:40:19Z,"new mpb","Babel Sunset",0.519,0.544,11,-10.212,1,0.0319,0.187,0.00000921,0.0832,0.608,138.976,4
spotify:track:6G8PDMlIDXtPB2VPVNDOBo,"Rosa, Menina Rosa","Los Sebosos Postizos Interpretam Jorge Ben Jor","Los Sebosos Postizos",2012-05-09,324000,0,false,iarecippo,2019-09-28T21:40:19Z,"new mpb","Babel Sunset",0.285,0.384,9,-11.413,1,0.0427,0.0602,0.0586,0.0758,0.27,158.424,4
spotify:track:50TrtCwq926JwrToBos7xb,"Lover Surreal","Pop Therapy","Video Age",2018-06-15,247040,0,false,iarecippo,2019-09-30T01:44:53Z,"","Inflated Records",0.684,0.615,1,-5.462,1,0.0447,0.237,0.465,0.127,0.681,119.871,4
spotify:track:46mzEe4J7UwcTHTwDnWwnX,"Pop Therapy","Pop Therapy","Video Age",2018-06-15,180906,0,false,iarecippo,2019-09-30T01:44:53Z,"","Inflated Records",0.9,0.346,9,-8.246,1,0.11,0.845,0.477,0.112,0.845,121.321,4
spotify:track:0UqI6ol3RwigIlFNmtE3Qf,"Days to Remember","Pop Therapy","Video Age",2018-06-15,208373,0,false,iarecippo,2019-09-30T01:44:53Z,"","Inflated Records",0.896,0.458,9,-7.854,0,0.0469,0.642,0.8,0.121,0.894,133.102,3
spotify:track:1auvKWRBY4COOmtoIoMFf1,"Hold On (I Was Wrong)","Pop Therapy","Video Age",2018-06-15,223226,0,false,iarecippo,2019-09-30T01:44:53Z,"","Inflated Records",0.945,0.352,11,-7.873,0,0.0735,0.277,0.824,0.0705,0.771,112.189,4
spotify:track:74504Yh6T3Iaf0ensKALh1,"User Patterns","Pop Therapy","Video Age",2018-06-15,103466,0,false,iarecippo,2019-09-30T01:44:53Z,"","Inflated Records",0.863,0.409,1,-10.659,1,0.0737,0.906,0.918,0.0907,0.387,99.782,4
spotify:track:6AaNdgOCF2mgYDLD3e56vm,"Paris to the Moon","Pop Therapy","Video Age",2018-06-15,151426,0,false,iarecippo,2019-09-30T01:44:53Z,"","Inflated Records",0.945,0.426,8,-9.378,0,0.0497,0.505,0.0986,0.0975,0.888,124.451,4
spotify:track:10KpTC5z8ZIEsRDTBCo5ic,"No Tomorrow","Pop Therapy","Video Age",2018-06-15,255333,0,false,iarecippo,2019-09-30T01:44:53Z,"","Inflated Records",0.692,0.511,10,-6.726,1,0.031,0.815,0.426,0.245,0.39,146.122,4
spotify:track:26IiW6Pw1HPYqkdefvgUWj,"Echo Chamber","Pop Therapy","Video Age",2018-06-15,175946,0,false,iarecippo,2019-09-30T01:44:53Z,"","Inflated Records",0.67,0.398,8,-9.19,0,0.0413,0.49,0.546,0.16,0.941,146.084,4
spotify:track:3fR0cAlEcSuv5WnQgIteuB,"Scenic Highway","Pop Therapy","Video Age",2018-06-15,191160,0,false,iarecippo,2019-09-30T01:44:53Z,"","Inflated Records",0.707,0.41,11,-6.879,1,0.0258,0.826,0.573,0.11,0.578,96.52,4
spotify:track:2yXfIhpNg9v3qS8w3XykPV,"Is It Her?","Pop Therapy","Video Age",2018-06-15,159386,0,false,iarecippo,2019-09-30T01:44:53Z,"","Inflated Records",0.587,0.41,1,-7.918,1,0.0255,0.852,0.609,0.151,0.507,80.162,4
spotify:track:39zbr3bgDihxuFbRegmg9V,"Dare to Dream","Pop Therapy","Video Age",2018-06-15,72644,0,false,iarecippo,2019-09-30T01:44:53Z,"","Inflated Records",0.408,0.585,10,-9.806,0,0.261,0.779,0.926,0.122,0.537,201.92,4
spotify:track:1LpZP3BXZokmhMi0IN73yY,"Between the Buttons","Olympic","French 79",2016-10-21,317520,0,false,iarecippo,2019-10-14T00:01:32Z,"french house","Alter K",0.182,0.366,5,-12.305,0,0.0337,0.146,0.796,0.221,0.037,94.993,4
spotify:track:559C5y1XbfhzB8xYjleIQQ,"Golden Times","Olympic","French 79",2016-10-21,192933,0,false,iarecippo,2019-10-14T00:01:32Z,"french house","Alter K",0.687,0.574,5,-11.22,0,0.0516,0.012,0.743,0.299,0.234,138.083,4
spotify:track:4ZNpdroEGIgnr3O7IvlUsB,"DDROPP","Olympic","French 79",2016-10-21,330693,0,false,iarecippo,2019-10-14T00:01:32Z,"french house","Alter K",0.558,0.617,5,-9.161,1,0.0323,0.000595,0.916,0.0898,0.0399,118.031,4
spotify:track:5G0oVoL309pqsvGDzhMOwx,"Diamond Veins","Olympic","French 79;Sarah Rebecca",2016-10-21,240120,3,false,iarecippo,2019-10-14T00:01:32Z,"french house","Alter K",0.498,0.54,8,-10.441,1,0.0302,0.000499,0.436,0.132,0.0944,100.024,4
spotify:track:5HCYfovH50URGDvpfH571V,"Olympic","Olympic","French 79",2016-10-21,296160,0,false,iarecippo,2019-10-14T00:01:32Z,"french house","Alter K",0.528,0.562,0,-12.411,1,0.0317,0.0479,0.874,0.114,0.098,119.969,4
spotify:track:2AQxYyQR0gi5mNb0QsFOQJ,"Hush Hush","Olympic","French 79",2016-10-21,252640,0,false,iarecippo,2019-10-14T00:01:32Z,"french house","Alter K",0.446,0.559,11,-9.73,1,0.107,0.00179,0.865,0.242,0.0897,125.009,4
spotify:track:5leH1cR5UPBWT3MFmOXyGl,"Vertigo Valley","Olympic","French 79",2016-10-21,290413,0,false,iarecippo,2019-10-14T00:01:32Z,"french house","Alter K",0.628,0.679,5,-8.16,0,0.0351,0.00206,0.86,0.0493,0.459,177.98,4
spotify:track:5e1kNatja9w74M4PU8Ki6d,"Invisible Moon","Olympic","French 79",2016-10-21,143320,0,false,iarecippo,2019-10-14T00:01:32Z,"french house","Alter K",0.338,0.602,5,-10.714,0,0.0447,0.00636,0.86,0.109,0.0951,187.44,3
spotify:track:6NNg7SJpg7p9VCZXhSqiaE,"After Party","Olympic","French 79",2016-10-21,327306,0,false,iarecippo,2019-10-14T00:01:32Z,"french house","Alter K",0.532,0.577,2,-12.32,1,0.0375,0.164,0.905,0.107,0.0335,119.041,3
spotify:track:0mLJdJPzeWzBegRrfmeiwM,"1979","Olympic","French 79",2016-10-21,424266,0,false,iarecippo,2019-10-14T00:01:32Z,"french house","Alter K",0.465,0.465,8,-10.937,1,0.0405,0.0884,0.888,0.0643,0.126,113.606,4
spotify:track:5pxtj7cCnv2hZe6mbS2MBx,"Lovin' Feeling","Olympic","French 79;Kid Francescoli",2016-10-21,204933,3,false,iarecippo,2019-10-14T00:01:32Z,"french house,french indie pop","Alter K",0,0.609,8,-8.737,1,0,0.135,0.627,0.0778,0,0,0
spotify:track:25Yj5EDimlbwUWEFXJmAmw,"Pantheon Neon","Olympic","French 79",2016-10-21,369933,0,false,iarecippo,2019-10-14T00:01:32Z,"french house","Alter K",0.453,0.763,5,-10.327,1,0.033,0.213,0.801,0.0689,0.0738,121.016,4
spotify:track:4p4uFCrgBqkG7tJqLzWIas,"Change Your Mind","III","Inner Wave",2013-10-07,130530,0,false,iarecippo,2019-10-15T16:40:59Z,"","Inner Wave",0.113,0.526,9,-10.63,0,0.0369,0.612,0.591,0.234,0.0811,87.95,4
spotify:track:01w1oN1WO5aOThHnLBN8eS,"American Spirits","III","Inner Wave",2013-10-07,170000,0,true,iarecippo,2019-10-15T16:40:59Z,"","Inner Wave",0.503,0.824,1,-4.779,0,0.0285,0.0508,0,0.102,0.877,158.073,4
spotify:track:2qRLxXax6eFkjEr2e5CycL,"Happy 21","III","Inner Wave",2013-10-07,321406,0,false,iarecippo,2019-10-15T16:40:59Z,"","Inner Wave",0.408,0.751,2,-5.083,1,0.0344,0.173,0.000126,0.173,0.376,144.037,4
spotify:track:7C2bISA3CR5Bxm8Y09jO4o,"Feel Better","III","Inner Wave",2013-10-07,252874,0,false,iarecippo,2019-10-15T16:40:59Z,"","Inner Wave",0.455,0.819,11,-4.904,1,0.0346,0.52,0.0244,0.379,0.378,112.975,4
spotify:track:2v4zDIhm7sQiEFe9KfJ1qN,"King's Cup","III","Inner Wave",2013-10-07,267656,0,false,iarecippo,2019-10-15T16:40:59Z,"","Inner Wave",0.534,0.497,2,-5.953,0,0.0269,0.76,0.00331,0.125,0.602,109.928,4
spotify:track:4xxkftdCeiUhYhb1McWpLp,"R.Dkrd","III","Inner Wave",2013-10-07,324562,0,false,iarecippo,2019-10-15T16:40:59Z,"","Inner Wave",0.548,0.7,9,-6.189,0,0.0297,0.118,0.624,0.0434,0.924,83.015,4
spotify:track:1QUfUFXZJOgHJ8cFtm02Gx,"Solar","III","Inner Wave",2013-10-07,260281,0,false,iarecippo,2019-10-15T16:40:59Z,"","Inner Wave",0.548,0.865,9,-4.305,1,0.0415,0.325,0.00608,0.362,0.347,117.947,4
spotify:track:6GP3OqLr9bvlAct7XZjHuH,"Pseudo","III","Inner Wave",2013-10-07,383562,0,false,iarecippo,2019-10-15T16:40:59Z,"","Inner Wave",0.521,0.672,2,-6.216,1,0.024,0.304,0.628,0.0503,0.504,91.978,4
spotify:track:5KPOGL5mu1ydZawHz0diGf,"Book Of Revelation","Portamento","The Drums",2011-01-01,210155,53,false,iarecippo,2019-10-22T20:05:12Z,"indie","Universal-Island Records Ltd.",0.602,0.725,7,-5.582,1,0.0633,0.0331,0.00000712,0.0628,0.453,179.979,4
spotify:track:5g7uidL6cVNS7GxcCAXa19,"Days","Portamento","The Drums",2011-01-01,269081,62,false,iarecippo,2019-10-22T20:05:12Z,"indie","Universal-Island Records Ltd.",0.586,0.721,2,-7.743,1,0.0289,0.369,0.16,0.141,0.657,84.987,4
spotify:track:7DzzfrIaYnIvzkI898X79J,"What You Were","Portamento","The Drums",2011-01-01,195279,58,false,iarecippo,2019-10-22T20:05:12Z,"indie","Universal-Island Records Ltd.",0.621,0.829,7,-5.466,1,0.025,0.169,0.495,0.32,0.235,105.072,4
spotify:track:3VIJBrMpvimHEw5wtPh2wB,"Money","Portamento","The Drums",2011-01-01,233639,80,false,iarecippo,2019-10-22T20:05:12Z,"indie","Universal-Island Records Ltd.",0.603,0.918,4,-6.652,0,0.0641,0.216,0.146,0.284,0.452,102.473,4
spotify:track:2MEu4MKbmxutJ7UpqOcBtg,"Hard To Love","Portamento","The Drums",2011-01-01,233275,50,false,iarecippo,2019-10-22T20:05:12Z,"indie","Universal-Island Records Ltd.",0.531,0.642,5,-7.094,1,0.0362,0.0195,0.000053,0.0808,0.276,170.013,4
spotify:track:2YvWonOJesvP0yu9IFJY7S,"I Don't Know How To Love","Portamento","The Drums",2011-01-01,202053,62,false,iarecippo,2019-10-22T20:05:12Z,"indie","Universal-Island Records Ltd.",0.411,0.89,11,-6.062,1,0.0436,0.0617,0.127,0.227,0.0669,169.97,4
spotify:track:0JieZ87yxRmKGeHJ1Hdjnf,"Searching For Heaven","Portamento","The Drums",2011-01-01,169505,33,false,iarecippo,2019-10-22T20:05:12Z,"indie","Universal-Island Records Ltd.",0.56,0.36,4,-11.85,1,0.0333,0.927,0.765,0.152,0.873,137.516,4
spotify:track:1vltJ5CgHoih1auqZrp38S,"Please Don't Leave","Portamento","The Drums",2011-01-01,251518,40,false,iarecippo,2019-10-22T20:05:12Z,"indie","Universal-Island Records Ltd.",0.455,0.714,7,-6.436,1,0.0519,0.00136,0.415,0.114,0.412,169.94,4
spotify:track:63px7PzZZXf9SmQnp1nkwc,"If He Likes It Let Him Do It","Portamento","The Drums",2011-01-01,231243,44,false,iarecippo,2019-10-22T20:05:12Z,"indie","Universal-Island Records Ltd.",0.419,0.717,11,-6.71,0,0.0351,0.0267,0.0943,0.1,0.161,169.956,4
spotify:track:1jeB82bfMs2OxFloddmUWb,"I Need A Doctor","Portamento","The Drums",2011-01-01,256423,37,false,iarecippo,2019-10-22T20:05:12Z,"indie","Universal-Island Records Ltd.",0.516,0.899,2,-7.097,1,0.0405,0.0264,0.562,0.0979,0.801,169.968,4
spotify:track:0i8L29BjOvNobxx8mg3zVe,"In The Cold","Portamento","The Drums",2011-01-01,209562,35,false,iarecippo,2019-10-22T20:05:12Z,"indie","Universal-Island Records Ltd.",0.451,0.853,8,-8.232,0,0.0507,0.0975,0.029,0.279,0.168,170.018,4
spotify:track:7CouQqIis0hhIF2IBkO7Ns,"How It Ended","Portamento","The Drums",2011-01-01,260726,48,false,iarecippo,2019-10-22T20:05:12Z,"indie","Universal-Island Records Ltd.",0.559,0.689,11,-7.275,0,0.0347,0.166,0.0000391,0.28,0.416,169.995,4
spotify:track:2LkrJ2aF0k50l8JNrqw4KK,"De Noite Na Cama","Carlos, Erasmo [Versão Com Bônus (1971)]","Erasmo Carlos",1971-01-01,197426,52,false,iarecippo,2019-10-23T02:44:03Z,"mpb,brazilian rock","Universal Music Ltda.",0.612,0.807,2,-4.96,1,0.0292,0.517,0,0.136,0.944,126.632,4
spotify:track:1JgmzYhi4MxjBAnRWYupEi,"Masculino, Feminino","Carlos, Erasmo [Versão Com Bônus (1971)]","Erasmo Carlos;Marisa Fossa",1971-01-01,275666,36,false,iarecippo,2019-10-23T02:44:03Z,"mpb,brazilian rock","Universal Music Ltda.",0.501,0.441,2,-8.57,1,0.0272,0.844,0.000689,0.134,0.502,112.811,3
spotify:track:1V1taPaEp2dntrUKCAnnw5,"É Preciso Dar Um Jeito, Meu Amigo","Carlos, Erasmo [Versão Com Bônus (1971)]","Erasmo Carlos",1971-01-01,227040,65,false,iarecippo,2019-10-23T02:44:03Z,"mpb,brazilian rock","Universal Music Ltda.",0.327,0.674,3,-5.402,1,0.0415,0.0814,0.0000157,0.0758,0.564,148.399,4
spotify:track:3cLVFyJRYkpXVVIgjiePmj,"Dois Animais Na Selva Suja Da Rua","Carlos, Erasmo [Versão Com Bônus (1971)]","Erasmo Carlos",1971-01-01,188666,40,false,iarecippo,2019-10-23T02:44:03Z,"mpb,brazilian rock","Universal Music Ltda.",0.426,0.927,2,-3.783,1,0.049,0.251,0.0000632,0.13,0.876,92.857,4
spotify:track:0MT6ecgiLweuA4nd9NTGll,"Gente Aberta","Carlos, Erasmo [Versão Com Bônus (1971)]","Erasmo Carlos",1971-01-01,140426,61,false,iarecippo,2019-10-23T02:44:03Z,"mpb,brazilian rock","Universal Music Ltda.",0.609,0.453,6,-7.8,0,0.0459,0.713,0.0683,0.103,0.805,90.92,4
spotify:track:33Eslh2AjVt5T10PXUlsqd,"Agora Ninguém Chora Mais","Carlos, Erasmo [Versão Com Bônus (1971)]","Erasmo Carlos",1971-01-01,157306,34,false,iarecippo,2019-10-23T02:44:03Z,"mpb,brazilian rock","Universal Music Ltda.",0.441,0.944,11,-5.199,0,0.0394,0.00614,0.000662,0.415,0.553,109.741,4
spotify:track:5sdpRY6TKYLgd1dmK5m26W,"Mundo Deserto","Carlos, Erasmo [Versão Com Bônus (1971)]","Erasmo Carlos",1971-01-01,152573,34,false,iarecippo,2019-10-23T02:44:03Z,"mpb,brazilian rock","Universal Music Ltda.",0.581,0.883,0,-4.098,1,0.0835,0.346,0,0.598,0.745,114.346,4
spotify:track:47jtQ3m8IJqNk5AB2HjBSU,"Não Te Quero Santa","Carlos, Erasmo [Versão Com Bônus (1971)]","Erasmo Carlos",1971-01-01,165933,29,false,iarecippo,2019-10-23T02:44:03Z,"mpb,brazilian rock","Universal Music Ltda.",0.326,0.462,7,-6.949,1,0.0283,0.511,0.00264,0.217,0.383,87.681,4
spotify:track:3Qof5p6YlhQNhBhPkHieEF,"Ciça, Cecília","Carlos, Erasmo [Versão Com Bônus (1971)]","Erasmo Carlos",1971-01-01,216533,32,false,iarecippo,2019-10-23T02:44:03Z,"mpb,brazilian rock","Universal Music Ltda.",0.362,0.827,4,-6.127,1,0.144,0.235,0,0.425,0.401,82.503,4
spotify:track:3bGBbaU5uTozZoVv4jFUuk,"Em Busca Das Canções Perdidas Nº 2","Carlos, Erasmo [Versão Com Bônus (1971)]","Erasmo Carlos",1971-01-01,164493,29,false,iarecippo,2019-10-23T02:44:03Z,"mpb,brazilian rock","Universal Music Ltda.",0.446,0.552,5,-6.64,1,0.0293,0.721,0.00137,0.181,0.66,67.455,4
spotify:track:4cV9mVAxFNgApQPd39urrm,"26 Anos De Vida Normal","Carlos, Erasmo [Versão Com Bônus (1971)]","Erasmo Carlos",1971-01-01,139066,30,false,iarecippo,2019-10-23T02:44:03Z,"mpb,brazilian rock","Universal Music Ltda.",0.353,0.922,0,-4.021,1,0.169,0.329,0,0.707,0.567,93.585,4
spotify:track:17S1QPSXbrpko97pEefjdG,"Maria Joana","Carlos, Erasmo [Versão Com Bônus (1971)]","Erasmo Carlos;Caribe Steel Band",1971-01-01,224000,32,false,iarecippo,2019-10-23T02:44:03Z,"mpb,brazilian rock","Universal Music Ltda.",0.44,0.848,11,-5.024,0,0.0741,0.547,0.00000761,0.504,0.391,93.867,4
spotify:track:7vXb07OG0uH3qEeqVZaA1i,"A Semana Inteira - Bonus Track","Carlos, Erasmo [Versão Com Bônus (1971)]","Erasmo Carlos",1971-01-01,251733,32,false,iarecippo,2019-10-23T02:44:03Z,"mpb,brazilian rock","Universal Music Ltda.",0.536,0.629,2,-7.746,1,0.0287,0.116,0.000712,0.407,0.552,90.554,4
spotify:track:6o8Ral7btCmUBtOCZoPB6H,"3-28-18b","Soul Trash","Toro y Moi",2019-10-29,80346,0,false,iarecippo,2019-10-30T18:35:16Z,"chillwave","Carpark Records",0.588,0.611,4,-6.057,0,0.0293,0.0261,0.788,0.0885,0.271,143.949,4
spotify:track:7DUKzgfCjpMN8qVZ62i0vK,"9-19-17_b_blackhole_hifi_v3","Soul Trash","Toro y Moi",2019-10-29,70173,0,false,iarecippo,2019-10-30T18:35:16Z,"chillwave","Carpark Records",0.414,0.642,0,-5.68,1,0.0364,0.0328,0,0.284,0.4,106.723,4
spotify:track:3gJml7i1GxTVAFOFH07bbu,"b_elijah_therapy_v2 (feat. Elijah Kessler)","Soul Trash","Toro y Moi;Elijah Kessler",2019-10-29,139773,0,false,iarecippo,2019-10-30T18:35:16Z,"chillwave","Carpark Records",0.391,0.466,10,-6.778,0,0.0626,0.395,0,0.189,0.146,51.611,3
spotify:track:6RbZyobWPlfFrkkZARi935,"7-21-17_substitute_hifi_v3","Soul Trash","Toro y Moi",2019-10-29,162710,0,false,iarecippo,2019-10-30T18:35:16Z,"chillwave","Carpark Records",0.58,0.534,0,-8.521,1,0.256,0.217,0.00624,0.11,0.286,168.898,4
spotify:track:6oZpkHr4x47iG3x9dhn4iB,"tron_new_rose_hifi_v2 (feat. Old Grape God)","Soul Trash","Toro y Moi;Old Grape God",2019-10-29,94529,0,false,iarecippo,2019-10-30T18:35:16Z,"chillwave,underground hip hop","Carpark Records",0.836,0.414,10,-8.891,1,0.259,0.529,0.000162,0.239,0.231,131.952,4
spotify:track:2eMJVh7vfHb1rL589uoszZ,"5-11-15_outdated_hifi_v3","Soul Trash","Toro y Moi",2019-10-29,115506,0,false,iarecippo,2019-10-30T18:35:16Z,"chillwave","Carpark Records",0.413,0.432,4,-10.915,1,0.0416,0.0021,0,0.26,0.422,132.258,4
spotify:track:34RA2Dm7CNmw6IniEpz9Ps,"1-27-17_intro_function_wifi_v3","Soul Trash","Toro y Moi",2019-10-29,99666,0,false,iarecippo,2019-10-30T18:35:16Z,"chillwave","Carpark Records",0.666,0.387,5,-7.743,1,0.0865,0.0184,0.403,0.305,0.211,139.001,4
spotify:track:4M19oMqFUEknd39tOk68Ne,"zeiss_hifi_v2 (feat. Caleon Fox)","Soul Trash","Toro y Moi;Caleon Fox",2019-10-29,152866,0,false,iarecippo,2019-10-30T18:35:16Z,"chillwave","Carpark Records",0.697,0.731,0,-5.821,1,0.14,0.347,0,0.133,0.257,78.499,4
spotify:track:7f4TF5UAXFMqqhCslA5NqM,"4-26-18_tonys_drewbanga_hifi","Soul Trash","Toro y Moi",2019-10-29,146000,0,false,iarecippo,2019-10-30T18:35:16Z,"chillwave","Carpark Records",0.801,0.144,4,-12.595,0,0.0526,0.769,0.901,0.0964,0.492,103.543,3
spotify:track:26qIshWvspltAvxQkrvSm8,"castaway_tron_hifi_v2 (feat. Old Grape God)","Soul Trash","Toro y Moi;Old Grape God",2019-10-29,144000,0,false,iarecippo,2019-10-30T18:35:16Z,"chillwave,underground hip hop","Carpark Records",0.605,0.642,1,-5.717,1,0.0347,0.0483,0.0812,0.138,0.243,129.915,4
spotify:track:0HycNw19wHCEH5V10vA1jF,"atherton_hifi","Soul Trash","Toro y Moi",2019-10-29,121706,0,false,iarecippo,2019-10-30T18:35:16Z,"chillwave","Carpark Records",0.539,0.545,6,-6.63,0,0.0376,0.000104,0.64,0.538,0.143,102.568,4
spotify:track:3FCu8Cj7RBW3iHPaRPCurl,"drip bounce _ 7_24_18","Soul Trash","Toro y Moi",2019-10-29,154573,0,false,iarecippo,2019-10-30T18:35:16Z,"chillwave","Carpark Records",0.746,0.446,8,-9.392,1,0.0347,0.392,0.658,0.109,0.256,93.207,4
spotify:track:688iitLNSV6Iik1QESqvth,"Rise","A Seat at the Table","Solange",2016-09-30,101815,51,false,iarecippo,2019-11-07T04:16:52Z,"alternative r&b,neo soul","Saint Records/Columbia",0.507,0.418,1,-8.659,0,0.167,0.651,0.00000736,0.126,0.24,84.902,4
spotify:track:7zbX1txfcs42K2PlhFJNNE,"Weary","A Seat at the Table","Solange",2016-09-30,194254,52,false,iarecippo,2019-11-07T04:16:52Z,"alternative r&b,neo soul","Saint Records/Columbia",0.507,0.466,1,-11.966,1,0.0862,0.655,0.363,0.0929,0.11,157.013,4
spotify:track:4cvepMgER4YAbkGne2kQ6G,"Interlude: The Glory is in You","A Seat at the Table","Solange",2016-09-30,17772,9,false,iarecippo,2019-11-07T04:16:52Z,"alternative r&b,neo soul","Saint Records/Columbia",0.538,0.259,11,-11.956,1,0.189,0.986,0.00000284,0.133,0.827,75.297,4
spotify:track:48EjSdYh8wz2gBxxqzrsLe,"Cranes in the Sky","A Seat at the Table","Solange",2016-09-30,250970,69,false,iarecippo,2019-11-07T04:16:52Z,"alternative r&b,neo soul","Saint Records/Columbia",0.719,0.615,6,-5.972,1,0.045,0.408,0.000147,0.235,0.465,96.988,4
spotify:track:3VVEUP5550SmFMQkjIlZ7f,"Interlude: Dad Was Mad","A Seat at the Table","Solange",2016-09-30,46268,42,false,iarecippo,2019-11-07T04:16:52Z,"alternative r&b,neo soul","Saint Records/Columbia",0.631,0.314,0,-10.614,1,0.102,0.926,0.0000726,0.106,0.66,114.015,4
spotify:track:22DHmfJa31hKpc2Lg0gVBV,"Mad (feat. Lil Wayne)","A Seat at the Table","Solange;Lil Wayne",2016-09-30,235498,56,true,iarecippo,2019-11-07T04:16:52Z,"alternative r&b,neo soul,rap,hip hop","Saint Records/Columbia",0.827,0.477,0,-5.025,1,0.254,0.101,0.0000415,0.0908,0.599,119.807,4
spotify:track:4A3evD9w8QYhXBxqcj16ys,"Don't You Wait","A Seat at the Table","Solange",2016-09-30,245910,46,false,iarecippo,2019-11-07T04:16:52Z,"alternative r&b,neo soul","Saint Records/Columbia",0.833,0.579,0,-6.568,1,0.08,0.279,0.692,0.0997,0.514,102.009,4
spotify:track:698avDwvnCZ69jYz3zlzoX,"Interlude: Tina Taught Me","A Seat at the Table","Solange",2016-09-30,74862,41,false,iarecippo,2019-11-07T04:16:52Z,"alternative r&b,neo soul","Saint Records/Columbia",0.733,0.312,0,-12.34,1,0.218,0.928,0.0772,0.105,0.405,46.693,4
spotify:track:2TyCAfhwu5tRqFW8VnGMIL,"Don't Touch My Hair (feat. Sampha)","A Seat at the Table","Solange;Sampha",2016-09-30,257538,54,true,iarecippo,2019-11-07T04:16:52Z,"alternative r&b,neo soul,indie soul","Saint Records/Columbia",0.823,0.411,0,-7.061,1,0.0557,0.409,0.00135,0.649,0.397,90.997,4
spotify:track:7tlAWur1RNnqWbuoL5qWqG,"Interlude: This Moment","A Seat at the Table","Solange",2016-09-30,49457,40,false,iarecippo,2019-11-07T04:16:52Z,"alternative r&b,neo soul","Saint Records/Columbia",0.318,0.658,9,-7.246,1,0.0685,0.943,0.0000137,0.51,0.65,84.915,5
spotify:track:08MbvwVOZdMNESjkoVdXxE,"Where Do We Go","A Seat at the Table","Solange",2016-09-30,264381,46,false,iarecippo,2019-11-07T04:16:52Z,"alternative r&b,neo soul","Saint Records/Columbia",0.85,0.351,10,-5.536,1,0.0517,0.0263,0.0037,0.0748,0.412,138.045,4
spotify:track:3gCralqpe9SKfGH3yoYtWE,"Interlude: For Us By Us","A Seat at the Table","Solange",2016-09-30,52670,39,false,iarecippo,2019-11-07T04:16:52Z,"alternative r&b,neo soul","Saint Records/Columbia",0.552,0.576,0,-8.874,1,0.183,0.98,0.137,0.257,0.865,79.44,4
spotify:track:2aR6SYRJxy2QsBxA459ATF,"F.U.B.U. (feat. The-Dream & BJ The Chicago Kid)","A Seat at the Table","Solange;THE-DREAM;BJ The Chicago Kid",2016-09-30,313892,45,true,iarecippo,2019-11-07T04:16:52Z,"alternative r&b,neo soul,r&b","Saint Records/Columbia",0.475,0.499,0,-6.818,1,0.185,0.84,0,0.111,0.454,142.867,4
spotify:track:6pRo1ryP9N8aFCe1YpWQLj,"Borderline (An Ode to Self Care) (feat. Q-Tip)","A Seat at the Table","Solange;Q-Tip",2016-09-30,182744,48,false,iarecippo,2019-11-07T04:16:52Z,"alternative r&b,neo soul,east coast hip hop","Saint Records/Columbia",0.69,0.577,0,-9.497,1,0.0448,0.152,0.0016,0.121,0.472,92.985,4
spotify:track:1X2GmcZ5NIKnEyDdSzzJ4q,"Interlude: I Got So Much Magic, You Can Have It (feat. Kelly Rowland & Nia Andrews)","A Seat at the Table","Solange;Kelly Rowland;Nia Andrews",2016-09-30,26901,8,false,iarecippo,2019-11-07T04:16:52Z,"alternative r&b,neo soul","Saint Records/Columbia",0.652,0.0584,10,-14.439,1,0.323,0.973,0,0.557,0.639,115.04,4
spotify:track:5lMugQF80AuN6uukFJLT58,"Junie","A Seat at the Table","Solange",2016-09-30,186024,45,false,iarecippo,2019-11-07T04:16:52Z,"alternative r&b,neo soul","Saint Records/Columbia",0.826,0.724,10,-4.058,1,0.0846,0.206,0.0608,0.144,0.652,100.003,3
spotify:track:3u8BTavdqT8zZVt5qFDZQo,"Interlude: No Limits","A Seat at the Table","Solange",2016-09-30,39710,38,false,iarecippo,2019-11-07T04:16:52Z,"alternative r&b,neo soul","Saint Records/Columbia",0.483,0.376,6,-13.222,1,0.322,0.944,0.0579,0.121,0.887,95.643,4
spotify:track:41TLFoAklLMcJPlhtGC9kr,"Don't Wish Me Well","A Seat at the Table","Solange",2016-09-30,255627,51,false,iarecippo,2019-11-07T04:16:52Z,"alternative r&b,neo soul","Saint Records/Columbia",0.742,0.417,11,-8.079,0,0.0407,0.452,0.185,0.154,0.388,124.915,4
spotify:track:1BvomQcVidSDKCndZdBEv3,"Interlude: Pedestals","A Seat at the Table","Solange",2016-09-30,57657,37,false,iarecippo,2019-11-07T04:16:52Z,"alternative r&b,neo soul","Saint Records/Columbia",0.721,0.318,6,-15.385,1,0.62,0.982,0,0.151,0.885,49.549,3
spotify:track:6gO8khQWeJcV7U0Kzo6Ynk,"Scales (feat. Kelela)","A Seat at the Table","Solange;Kelela",2016-09-30,219315,41,false,iarecippo,2019-11-07T04:16:52Z,"alternative r&b,neo soul","Saint Records/Columbia",0.459,0.366,1,-10.62,0,0.0578,0.593,0.0137,0.11,0.255,97.104,3
spotify:track:2KdT8BSu7sViL2G5vQiWB6,"Closing: The Chosen Ones","A Seat at the Table","Solange",2016-09-30,42165,38,false,iarecippo,2019-11-07T04:16:52Z,"alternative r&b,neo soul","Saint Records/Columbia",0.402,0.502,9,-10.21,0,0.079,0.964,0.0828,0.0885,0.612,66.066,3
spotify:track:2yh65jpuZUgQGwgVhKfA5R,"Daisy - Live","Sessions (Live)","Pond",2019-11-08,247133,0,true,iarecippo,2019-11-11T00:36:27Z,"neo-psychedelic,psychedelic rock","Marathon Artists",0.652,0.711,8,-7.396,1,0.0339,0.0111,0.152,0.124,0.534,127.009,3
spotify:track:5fD998DUE4X4y3tmxHBWSZ,"Paint Me Silver - Live","Sessions (Live)","Pond",2019-11-08,220666,0,true,iarecippo,2019-11-11T00:36:27Z,"neo-psychedelic,psychedelic rock","Marathon Artists",0.555,0.691,8,-6.193,1,0.0306,0.0382,0.0172,0.0742,0.889,89.989,4
spotify:track:7kqBcI3KpiEXJwbSGi9FNM,"Sweep Me off My Feet - Live","Sessions (Live)","Pond",2019-11-08,206973,0,false,iarecippo,2019-11-11T00:36:27Z,"neo-psychedelic,psychedelic rock","Marathon Artists",0.324,0.671,7,-7.156,0,0.0317,0.000171,0.00371,0.202,0.137,202.727,4
spotify:track:2rt1mQN2Mv6p3pynjJJqoU,"Don't Look at the Sun (Or You'll Go Blind) - Live","Sessions (Live)","Pond",2019-11-08,383000,0,false,iarecippo,2019-11-11T00:36:27Z,"neo-psychedelic,psychedelic rock","Marathon Artists",0.647,0.708,9,-7.914,1,0.0488,0.00371,0.663,0.257,0.455,121.972,4
spotify:track:1GEQRwgjB4erPF0vQ59mlC,"Hand Mouth Dancer - Live","Sessions (Live)","Pond",2019-11-08,276546,0,true,iarecippo,2019-11-11T00:36:27Z,"neo-psychedelic,psychedelic rock","Marathon Artists",0.539,0.57,0,-9.503,1,0.0303,0.00359,0.246,0.0924,0.0412,113,4
spotify:track:5uzYJpQRrRhzAB0nBNywDj,"Burnt Out Star - Live","Sessions (Live)","Pond",2019-11-08,439946,0,true,iarecippo,2019-11-11T00:36:27Z,"neo-psychedelic,psychedelic rock","Marathon Artists",0.494,0.546,1,-9.139,1,0.0298,0.0783,0.0259,0.0616,0.155,149.976,4
spotify:track:7DyzgupyhlZDbytlkCricq,"Tasmania - Live","Sessions (Live)","Pond",2019-11-08,250720,0,false,iarecippo,2019-11-11T00:36:27Z,"neo-psychedelic,psychedelic rock","Marathon Artists",0.648,0.759,8,-7.574,1,0.0334,0.00601,0.0214,0.105,0.778,142.03,4
spotify:track:2rTIiQ1aIwGRWQCc9klq8M,"Fire in the Water - Live","Sessions (Live)","Pond",2019-11-08,260386,0,false,iarecippo,2019-11-11T00:36:27Z,"neo-psychedelic,psychedelic rock","Marathon Artists",0.606,0.818,0,-7.325,1,0.0379,0.0114,0.506,0.105,0.717,116.954,4
spotify:track:6HPEzQ7pHmmzh7Z4WkZ9XS,"The Weather - Live","Sessions (Live)","Pond",2019-11-08,279320,0,false,iarecippo,2019-11-11T00:36:27Z,"neo-psychedelic,psychedelic rock","Marathon Artists",0.544,0.571,11,-8.757,0,0.0327,0.397,0.149,0.349,0.369,77.463,4
spotify:track:0HWHt4gtFNer2eUdc2NZEX,"Medicine Hat - Live","Sessions (Live)","Pond",2019-11-08,216680,0,false,iarecippo,2019-11-11T00:36:27Z,"neo-psychedelic,psychedelic rock","Marathon Artists",0.514,0.556,7,-8.485,1,0.0251,0.00403,0.0878,0.132,0.363,103.27,3
spotify:track:4fXc0WIiE2kjCLTcR4ivnQ,"Man It Feels Like Space Again - Live","Sessions (Live)","Pond",2019-11-08,489893,0,false,iarecippo,2019-11-11T00:36:27Z,"neo-psychedelic,psychedelic rock","Marathon Artists",0.189,0.733,11,-6.723,0,0.0428,0.00871,0.478,0.113,0.203,76.458,4
spotify:track:6G2M6vvToPz12ghZpeJSGe,"Atomic Bomb - William Onyeabor vs. Hot Chip","What?!","William Onyeabor;Hot Chip",2014-05-06,436236,43,false,iarecippo,2019-11-14T21:43:51Z,"afrobeat,alternative dance,new rave,indie dance","Luaka Bop",0.834,0.56,8,-10.062,0,0.044,0.0145,0.27,0.446,0.778,125.798,4
spotify:track:72owuO04tFBFbYbGw84tai,"Do You Want a Man - Heaven & Hell Remix","What?!","William Onyeabor;The Vaccines;John Hill;Rich Costey",2014-05-06,145773,21,false,iarecippo,2019-11-14T21:43:51Z,"afrobeat,indie,indie rock","Luaka Bop",0.602,0.921,5,-3.555,0,0.0931,0.198,0.00035,0.133,0.817,122.966,4
spotify:track:6kdJFaEr6Lqy0HAE8rnfq6,"Body and Soul - Whatever / Whatever Mix","What?!","William Onyeabor;Justin Strauss;Bryan Mette",2014-05-06,479142,25,false,iarecippo,2019-11-14T21:43:51Z,"afrobeat","Luaka Bop",0.82,0.676,11,-10.411,0,0.0875,0.00465,0.00136,0.04,0.604,104.99,4
spotify:track:5o8q6K9zbUMXpQQIv4PjJm,"Good Name - Akwetey Remix","What?!","William Onyeabor;Akwetey (Dragons of Zynth);Joakim",2014-05-06,358396,16,false,iarecippo,2019-11-14T21:43:51Z,"afrobeat","Luaka Bop",0.747,0.929,10,-6.601,0,0.0414,0.0144,0.685,0.0715,0.908,123.895,4
spotify:track:0yiwbtSI0w3N7JulUHW7nr,"Why Go to War - William Onyeabor vs. Jd Twitch","What?!","William Onyeabor;Optimo;JD Twitch",2014-05-06,446536,14,false,iarecippo,2019-11-14T21:43:51Z,"afrobeat,bachata,merengue","Luaka Bop",0.556,0.849,11,-6.632,1,0.0355,0.000345,0.867,0.629,0.345,119.99,4
spotify:track:7nJZ9LplJ3ZAyhQyJCJk0K,"Dirty Computer (feat. Brian Wilson)","Dirty Computer","Janelle Monáe;Brian Wilson",2018-04-27,119667,40,true,iarecippo,2019-11-18T17:31:39Z,"alternative r&b,baroque pop","Bad Boy Records",0.45,0.488,9,-8.702,1,0.0329,0.38,0.0000338,0.649,0.272,159.965,4
spotify:track:06EAtSDu3KSoi4fbA3ZjoB,"Crazy, Classic, Life","Dirty Computer","Janelle Monáe",2018-04-27,286626,42,true,iarecippo,2019-11-18T17:31:39Z,"alternative r&b","Bad Boy Records",0.466,0.706,6,-7.943,0,0.0544,0.0084,0.00163,0.223,0.149,101.009,4
spotify:track:5Fw17rh1qEC6YoT32BijNI,"Take a Byte","Dirty Computer","Janelle Monáe",2018-04-27,247253,38,true,iarecippo,2019-11-18T17:31:39Z,"alternative r&b","Bad Boy Records",0.714,0.558,7,-7.767,1,0.0267,0.00545,0.0000517,0.319,0.237,103,4
spotify:track:0GJZUWxQrzAOvFzqyxK9ng,"Jane's Dream","Dirty Computer","Janelle Monáe",2018-04-27,18641,2,true,iarecippo,2019-11-18T17:31:39Z,"alternative r&b","Bad Boy Records",0.657,0.083,7,-22.246,1,0.136,0.937,0.908,0.286,0.402,103.45,4
spotify:track:1Z2MfAx1nJ09NzGjodnvRW,"Screwed (feat. Zoë Kravitz)","Dirty Computer","Janelle Monáe;Zoë Kravitz",2018-04-27,302491,44,true,iarecippo,2019-11-18T17:31:39Z,"alternative r&b","Bad Boy Records",0.73,0.681,8,-7.582,0,0.0405,0.0441,0.000245,0.27,0.446,106.017,4
spotify:track:56RfNBJGUgL1ZFCB1KEJrQ,"Django Jane","Dirty Computer","Janelle Monáe",2018-04-27,190288,45,true,iarecippo,2019-11-18T17:31:39Z,"alternative r&b","Bad Boy Records",0.833,0.624,11,-6.306,1,0.325,0.49,0,0.117,0.26,101.96,4
spotify:track:5OpiyfqaQLdtwHd3SfembH,"Pynk (feat. Grimes)","Dirty Computer","Janelle Monáe;Grimes",2018-04-27,240426,49,true,iarecippo,2019-11-18T17:31:39Z,"alternative r&b,art pop","Bad Boy Records",0.672,0.291,8,-7.843,1,0.0897,0.0375,0.00000389,0.0925,0.417,100.961,4
spotify:track:5gW5dSy3vXJxgzma4rQuzH,"Make Me Feel","Dirty Computer","Janelle Monáe",2018-04-27,194230,64,true,iarecippo,2019-11-18T17:31:39Z,"alternative r&b","Bad Boy Records",0.859,0.413,1,-7.399,1,0.182,0.132,0,0.334,0.697,115.035,4
spotify:track:6UQDIIEPzeduwXlZE86SOF,"Don't Judge Me","Dirty Computer","Janelle Monáe",2018-04-27,360475,41,true,iarecippo,2019-11-18T17:31:39Z,"alternative r&b","Bad Boy Records",0.679,0.344,7,-12.734,1,0.0411,0.492,0.00385,0.379,0.186,87.034,4
spotify:track:0iC4xzAzu0mmA66HdYy7V9,"Stevie's Dream","Dirty Computer","Janelle Monáe",2018-04-27,46636,31,true,iarecippo,2019-11-18T17:31:39Z,"alternative r&b","Bad Boy Records",0.33,0.282,2,-15.25,1,0.0533,0.858,0.0000299,0.203,0.4,108.192,5
spotify:track:66jMYG0wj6m6oj8LKvteEn,"So Afraid","Dirty Computer","Janelle Monáe",2018-04-27,243808,34,true,iarecippo,2019-11-18T17:31:39Z,"alternative r&b","Bad Boy Records",0.435,0.293,5,-10.85,1,0.0291,0.371,0.000139,0.13,0.0985,79.983,4
spotify:track:0zQQNkD5nfoz1C1fQbloI0,"Foam","Foam","Divino Niño",2019-06-21,184975,0,false,iarecippo,2019-11-19T22:09:02Z,"latin indie","Winspear",0.589,0.758,2,-12.767,1,0.0401,0.00702,0.139,0.066,0.511,101.002,4
spotify:track:6tBhtdAEIGEacpqUZTk72s,"Quiero","Foam","Divino Niño",2019-06-21,191630,0,false,iarecippo,2019-11-19T22:09:02Z,"latin indie","Winspear",0.638,0.471,4,-11.995,0,0.063,0.0905,0.0000012,0.0923,0.688,125.599,4
spotify:track:0thRfoXTvFcZB0C6z7xiPl,"Coca Cola","Foam","Divino Niño",2019-06-21,202919,0,false,iarecippo,2019-11-19T22:09:02Z,"latin indie","Winspear",0.579,0.742,9,-10.34,0,0.0336,0.057,0.00168,0.352,0.865,118.069,4
spotify:track:20sQV1rvdBDObHTPyhckHk,"Plastic Love","Foam","Divino Niño",2019-06-21,244068,0,false,iarecippo,2019-11-19T22:09:02Z,"latin indie","Winspear",0.636,0.639,11,-11.15,1,0.0263,0.0433,0.00455,0.0565,0.944,98.973,4
spotify:track:5BIofnTtBtR90YC0Oj6iUR,"Flamingo","Foam","Divino Niño",2019-06-21,111474,0,false,iarecippo,2019-11-19T22:09:02Z,"latin indie","Winspear",0.647,0.434,2,-14.005,0,0.0415,0.441,0.223,0.3,0.897,183.236,4
spotify:track:5aCqO0CClSoJRchdzgAd2U,"Maria","Foam","Divino Niño",2019-06-21,176973,0,false,iarecippo,2019-11-19T22:09:02Z,"latin indie","Winspear",0.656,0.545,5,-11.508,1,0.0245,0.0762,0.0000997,0.0738,0.574,98.006,4
spotify:track:6hNP5kgSeku62HJnOimaR6,"Melty Caramelo","Foam","Divino Niño",2019-06-21,236637,0,false,iarecippo,2019-11-19T22:09:02Z,"latin indie","Winspear",0.587,0.495,11,-12.166,0,0.0413,0.0821,0.0109,0.0426,0.968,154.013,4
spotify:track:79R4k6xbAtAxvi4zQOmAsB,"B@d Luck","Foam","Divino Niño",2019-06-21,161631,0,false,iarecippo,2019-11-19T22:09:02Z,"latin indie","Winspear",0.478,0.672,2,-12.364,1,0.0336,0.0142,0.0000229,0.284,0.735,176.094,4
spotify:track:5lc4VAlrIXp4dGqL8gSt4t,"Koda","Foam","Divino Niño",2019-06-21,196937,0,false,iarecippo,2019-11-19T22:09:02Z,"latin indie","Winspear",0.577,0.67,9,-12.643,1,0.0302,0.0829,0.00000603,0.195,0.773,92.17,4
spotify:track:4LMxV4knWOJnJY6A2O7qNo,"Cosmic Flower","Foam","Divino Niño",2019-06-21,301179,0,false,iarecippo,2019-11-19T22:09:02Z,"latin indie","Winspear",0.548,0.718,5,-11.45,1,0.0262,0.0866,0,0.201,0.929,94.332,4
spotify:track:7fKmug2c1zcKu5vE8LhmVz,"Natural Affair","Natural Affair","The Growlers",2019-10-25,218734,41,false,iarecippo,2019-12-10T10:03:36Z,"surf rock","The Growlers Records",0.593,0.94,2,-4.007,1,0.0392,0.0333,0.00252,0.214,0.673,129.024,4
spotify:track:3nrEWp6yteht5wzOssn7JF,"Long Hot Night (Halfway to Certain)","Natural Affair","The Growlers",2019-10-25,209179,43,false,iarecippo,2019-12-10T10:03:36Z,"surf rock","The Growlers Records",0.567,0.834,6,-5.033,0,0.0315,0.0141,0.00000993,0.313,0.88,132.899,4
spotify:track:35m0zFQz1RgVQsUwegOyzf,"Pulp of Youth","Natural Affair","The Growlers",2019-10-25,215328,44,false,iarecippo,2019-12-10T10:03:36Z,"surf rock","The Growlers Records",0.637,0.721,5,-6.174,0,0.0352,0.0331,0.00000396,0.362,0.789,121.236,4
spotify:track:1yyJD40ALBKOca5GWXjXhS,"Social Man","Natural Affair","The Growlers",2019-10-25,208490,34,false,iarecippo,2019-12-10T10:03:36Z,"surf rock","The Growlers Records",0.667,0.795,0,-6.159,1,0.0376,0.0212,0.00596,0.0513,0.725,100.081,4
spotify:track:6DXjlrHSp02BQyiYuMwktZ,"Foghorn Town","Natural Affair","The Growlers",2019-10-25,196622,31,false,iarecippo,2019-12-10T10:03:36Z,"surf rock","The Growlers Records",0.558,0.858,0,-6.059,0,0.0313,0.00273,0.243,0.156,0.795,108.756,4
spotify:track:35ezNqEddA4MPcfRkOVUDK,"Shadow Woman","Natural Affair","The Growlers",2019-10-25,189323,33,false,iarecippo,2019-12-10T10:03:36Z,"surf rock","The Growlers Records",0.745,0.584,8,-7.672,1,0.0305,0.572,0.00142,0.104,0.697,112.042,4
spotify:track:57HxTiQNNg1UGhYr6pvYCR,"Truly","Natural Affair","The Growlers",2019-10-25,179858,42,false,iarecippo,2019-12-10T10:03:36Z,"surf rock","The Growlers Records",0.434,0.865,6,-5.76,0,0.0407,0.00644,0.0000136,0.0978,0.503,90.126,4
spotify:track:1an7Z7JpTWMD3fxTiXTUlr,"Tune Out","Natural Affair","The Growlers",2019-10-25,246532,34,false,iarecippo,2019-12-10T10:03:36Z,"surf rock","The Growlers Records",0.674,0.755,5,-7.506,1,0.0292,0.0559,0.00000228,0.108,0.962,119.777,4
spotify:track:3t6pUTsl3iUe3YqOZrTcyJ,"Coinstar","Natural Affair","The Growlers",2019-10-25,207605,39,false,iarecippo,2019-12-10T10:03:36Z,"surf rock","The Growlers Records",0.519,0.828,9,-5.777,0,0.0302,0.224,0.0000706,0.155,0.71,114.956,4
spotify:track:3foi0kARwLPrv61KGH94eS,"Stupid Things","Natural Affair","The Growlers",2019-10-25,230839,30,false,iarecippo,2019-12-10T10:03:36Z,"surf rock","The Growlers Records",0.648,0.66,8,-8.477,1,0.0296,0.0595,0.00118,0.25,0.806,105.114,4
spotify:track:2RO4CbCaSq8vjrUOegjhyg,"Try Hard Fool","Natural Affair","The Growlers",2019-10-25,191091,55,false,iarecippo,2019-12-10T10:03:36Z,"surf rock","The Growlers Records",0.503,0.812,7,-6.261,0,0.0344,0.00205,0.000479,0.146,0.422,125.814,4
spotify:track:4mb3Kdr6vVknYITGugH7jV,"Die and Live Forever","Natural Affair","The Growlers",2019-10-25,188276,32,false,iarecippo,2019-12-10T10:03:36Z,"surf rock","The Growlers Records",0.389,0.905,4,-5.279,0,0.0524,0.0238,0.000271,0.347,0.467,153.233,4
spotify:track:6Hi4jdEZrYv7LeV2gC0RSk,"Cura","Cura","Viratempo;Otto",2018-11-16,112023,9,false,iarecippo,2019-12-21T01:26:19Z,"new mpb","Viratempo [dist. Tratore]",0.597,0.546,9,-6.977,0,0.145,0.29,0.108,0.493,0.124,180.02,3
spotify:track:55gsuacRXQ7S2NbnUBqgtV,"Fatos / Fotos","Cura","Viratempo",2018-11-16,210987,24,false,iarecippo,2019-12-21T01:26:19Z,"new mpb","Viratempo [dist. Tratore]",0.538,0.719,9,-9.062,0,0.031,0.216,0.288,0.418,0.581,89.996,4
spotify:track:3CLQ6IFrK8pmcPdRRQfMyb,"Janela","Cura","Viratempo",2018-11-16,183693,11,false,iarecippo,2019-12-21T01:26:19Z,"new mpb","Viratempo [dist. Tratore]",0.67,0.64,7,-6.738,1,0.0392,0.0409,0.547,0.165,0.389,100.014,4
spotify:track:0T7iwFLmkeKuKvFdtUTKGe,"Se Eu Soubesse","Cura","Viratempo",2018-11-16,217151,33,false,iarecippo,2019-12-21T01:26:19Z,"new mpb","Viratempo [dist. Tratore]",0.572,0.535,6,-8.184,0,0.0281,0.0495,0.0551,0.162,0.675,126.994,4
spotify:track:10uXClP9TJ1WW3mF8yjIzV,"Floresça","Cura","Viratempo",2018-11-16,207692,15,false,iarecippo,2019-12-21T01:26:19Z,"new mpb","Viratempo [dist. Tratore]",0.347,0.299,7,-11.404,1,0.0307,0.845,0.00561,0.106,0.0708,130.093,4
spotify:track:2zGrO8nf24VxVGtRFh3cpm,"Omoi","Cura","Viratempo",2018-11-16,39258,10,false,iarecippo,2019-12-21T01:26:19Z,"new mpb","Viratempo [dist. Tratore]",0.405,0.42,7,-13.708,1,0.0442,0.855,0.0176,0.244,0.442,126.265,4
spotify:track:37E7irnavDKclgm3fXXHaa,"O Quarto","Cura","Viratempo;Gab Ferreira",2018-11-16,198332,26,false,iarecippo,2019-12-21T01:26:19Z,"new mpb","Viratempo [dist. Tratore]",0.726,0.332,0,-8.884,1,0.03,0.667,0.24,0.122,0.219,80.008,4
spotify:track:3KqG3uvJB0hOSTfpYGbgwa,"Desatar os Nós","Cura","Viratempo",2018-11-16,218123,19,false,iarecippo,2019-12-21T01:26:19Z,"new mpb","Viratempo [dist. Tratore]",0.596,0.577,6,-8.691,0,0.0302,0.463,0.855,0.145,0.558,154.998,4
spotify:track:2yCrGyXvV9DFKYdU6OwQUe,"Aquarelar","Cura","Viratempo",2018-11-16,247175,21,false,iarecippo,2019-12-21T01:26:19Z,"new mpb","Viratempo [dist. Tratore]",0.567,0.788,0,-6.592,1,0.027,0.116,0.0303,0.149,0.453,140.019,4
spotify:track:1F2hVdt4JfA6ZHK2xeBvfG,"Pra Me Lembrar","Cura","Viratempo",2018-11-16,197112,10,false,iarecippo,2019-12-21T01:26:19Z,"new mpb","Viratempo [dist. Tratore]",0.564,0.266,0,-11.883,1,0.0361,0.925,0.396,0.227,0.302,134.031,4
spotify:track:3mVUeOzzggU7YkicPA2aBe,"Abram os Caminhos","Rito de Passá","Mc Tha",2019-06-21,23070,0,false,iarecippo,2019-12-26T00:20:14Z,"new mpb,brazilian pop","Elemess",0.574,0.0693,0,-12.392,0,0.0524,0.847,0,0.289,0.802,97.744,3
spotify:track:7mQF4G6Syae2fCUSSxPjRX,"Rito de Passá","Rito de Passá","Mc Tha",2019-06-21,201235,0,false,iarecippo,2019-12-26T00:20:14Z,"new mpb,brazilian pop","Elemess",0.905,0.621,5,-8.319,0,0.0584,0.142,0.0014,0.108,0.954,130.028,4
spotify:track:78s706jZj2OGkBqfXfwub6,"Coração Vagabundo","Rito de Passá","Mc Tha",2019-06-21,150000,0,false,iarecippo,2019-12-26T00:20:14Z,"new mpb,brazilian pop","Elemess",0.421,0.613,11,-8.358,0,0.0425,0.0866,0,0.0473,0.703,94.875,4
spotify:track:5cn903ySJGncTMkeqYUxiB,"Clima Quente","Rito de Passá","Mc Tha",2019-06-21,216000,0,false,iarecippo,2019-12-26T00:20:14Z,"new mpb,brazilian pop","Elemess",0.645,0.545,11,-8.932,0,0.0353,0.159,0.000307,0.116,0.515,96.023,4
spotify:track:1CzYBc7oMCOmnEKMo3tG3s,"Onda","Rito de Passá","Mc Tha;Jaloo;Felipe Cordeiro",2019-06-21,216000,0,false,iarecippo,2019-12-26T00:20:14Z,"new mpb,brazilian pop,tecnobrega","Elemess",0.653,0.624,6,-7.907,0,0.0367,0.142,0.0000155,0.0997,0.562,95.018,4
spotify:track:07EdLWlSeOmMatAxnqf4QJ,"Oceano","Rito de Passá","Mc Tha",2019-06-21,128000,0,false,iarecippo,2019-12-26T00:20:14Z,"new mpb,brazilian pop","Elemess",0.711,0.252,7,-12.344,1,0.0509,0.886,0.0171,0.302,0.208,126.47,5
spotify:track:0WU1hXQvd8IVWPVAPSBwCa,"Despedida","Rito de Passá","Mc Tha",2019-06-21,250000,0,false,iarecippo,2019-12-26T00:20:14Z,"new mpb,brazilian pop","Elemess",0.698,0.609,1,-7.507,0,0.0457,0.447,0.000793,0.122,0.448,160.039,4
spotify:track:4gWjLxbnmM9OCE4Waxuem1,"Maria Bonita","Rito de Passá","Mc Tha",2019-06-21,122000,0,false,iarecippo,2019-12-26T00:20:14Z,"new mpb,brazilian pop","Elemess",0.564,0.483,2,-11.271,1,0.0448,0.617,0.0000833,0.0793,0.228,79.985,4
spotify:track:4NcQ71IcLPvAlwGHBDpR1F,"Avisa Lá","Rito de Passá","Mc Tha",2019-06-21,188800,0,false,iarecippo,2019-12-26T00:20:14Z,"new mpb,brazilian pop","Elemess",0.556,0.648,10,-6.395,0,0.144,0.542,0,0.0825,0.352,93.936,5
spotify:track:1uo4DgQgu7RTK4NosZnXrC,"Comigo Ninguém Pode","Rito de Passá","Mc Tha",2019-06-21,196000,0,false,iarecippo,2019-12-26T00:20:14Z,"new mpb,brazilian pop","Elemess",0.762,0.645,10,-8.14,0,0.179,0.369,0.00387,0.178,0.671,150.098,4
spotify:track:0DsWHLwmU3OG4QVLNey6YK,"Maybe","The Cart","Ceramic Animal",2016-08-11,224750,0,false,iarecippo,2020-08-21T20:38:51Z,"neo-psychedelic","Ceramic Animal",0.462,0.919,0,-6.518,1,0.0352,0.133,0.96,0.0948,0.637,150.066,4
spotify:track:2vffK7x95PKEtSY70qwo9n,"Dreams Via Memories","The Cart","Ceramic Animal",2016-08-11,290024,0,false,iarecippo,2020-08-21T20:38:51Z,"neo-psychedelic","Ceramic Animal",0.5,0.758,0,-6.891,1,0.0363,0.582,0.00376,0.105,0.639,99.96,4
spotify:track:66nI3jGoQ5KT8OXpCVzxLT,"Mistakes","The Cart","Ceramic Animal",2016-08-11,252254,0,false,iarecippo,2020-08-21T20:38:51Z,"neo-psychedelic","Ceramic Animal",0.454,0.541,0,-6.267,0,0.0462,0.375,0.00203,0.106,0.469,88.277,4
spotify:track:00GbymcwhRn9Xgr6BZLy2C,"Tonight","The Cart","Ceramic Animal",2016-08-11,312069,0,false,iarecippo,2020-08-21T20:38:51Z,"neo-psychedelic","Ceramic Animal",0.181,0.694,0,-3.936,1,0.0478,0.454,0.00275,0.269,0.218,189.397,3
spotify:track:7aBGzq5OBfBnfDRyYi2D38,"Edgy","The Cart","Ceramic Animal",2016-08-11,236276,0,false,iarecippo,2020-08-21T20:38:51Z,"neo-psychedelic","Ceramic Animal",0.388,0.922,1,-4.089,0,0.138,0.0175,0.00497,0.151,0.299,145.733,4
spotify:track:31vAPPSznuaJIV0IpnxDlI,"Against the Wall","The Cart","Ceramic Animal",2016-08-11,252000,0,false,iarecippo,2020-08-21T20:38:51Z,"neo-psychedelic","Ceramic Animal",0.323,0.71,7,-8.166,1,0.0412,0.251,0.000239,0.247,0.376,114.934,3
spotify:track:4QCTXsLEgnGHvSwD3pL6yX,"Mad","The Cart","Ceramic Animal",2016-08-11,249624,0,false,iarecippo,2020-08-21T20:38:51Z,"neo-psychedelic","Ceramic Animal",0.334,0.836,6,-5.885,1,0.267,0.257,0.000695,0.336,0.373,135.168,4
spotify:track:2H92Eqnnwzg4NcP5CIp0b6,"Codename Righteous","The Cart","Ceramic Animal",2016-08-11,227333,0,false,iarecippo,2020-08-21T20:38:51Z,"neo-psychedelic","Ceramic Animal",0.382,0.664,4,-7.598,0,0.0421,0.188,0.228,0.0835,0.515,124.061,4
spotify:track:6WohVJvZ6RYmYN8Nxl9VHa,"Os Alquimistas Estão Chegando Os Alquimistas","A Tabua De Esmeralda","Jorge Ben Jor",1974-01-01,195266,58,false,iarecippo,2020-08-21T20:45:19Z,"mpb,bossa nova,samba,brazilian jazz","Universal Music Ltda.",0.544,0.721,9,-13.429,1,0.0441,0.435,0.000805,0.452,0.739,100.359,4
spotify:track:09fMrVtgABLxRRuZ2Obx51,"O Homem Da Gravata Florida","A Tabua De Esmeralda","Jorge Ben Jor",1974-01-01,185733,50,false,iarecippo,2020-08-21T20:45:19Z,"mpb,bossa nova,samba,brazilian jazz","Universal Music Ltda.",0.568,0.651,1,-13.573,1,0.0499,0.583,0.000827,0.0858,0.773,112.055,4
spotify:track:27KA6KHjX6dLuEcZAcvEF1,"Errare Humanum Est","A Tabua De Esmeralda","Jorge Ben Jor",1974-01-01,290893,53,false,iarecippo,2020-08-21T20:45:19Z,"mpb,bossa nova,samba,brazilian jazz","Universal Music Ltda.",0.601,0.56,4,-12.534,0,0.0281,0.508,0.0000232,0.119,0.835,105.009,4
spotify:track:5HpURubJUz2gysQiAkle9I,"Menina Mulher Da Pele Preta","A Tabua De Esmeralda","Jorge Ben Jor",1974-01-01,177200,64,false,iarecippo,2020-08-21T20:45:19Z,"mpb,bossa nova,samba,brazilian jazz","Universal Music Ltda.",0.591,0.449,1,-15.547,0,0.0754,0.61,0.0571,0.255,0.976,134.864,4
spotify:track:0aoXo0QpV9k4edV7wjwNkl,"Eu Vou Torcer","A Tabua De Esmeralda","Jorge Ben Jor",1974-01-01,195506,51,false,iarecippo,2020-08-21T20:45:19Z,"mpb,bossa nova,samba,brazilian jazz","Universal Music Ltda.",0.676,0.484,5,-15.919,0,0.0464,0.398,0.0000148,0.0983,0.977,157.476,4
spotify:track:68DcdIbgA4vEektkulFWPZ,"Magnólia","A Tabua De Esmeralda","Jorge Ben Jor",1974-01-01,194226,59,false,iarecippo,2020-08-21T20:45:19Z,"mpb,bossa nova,samba,brazilian jazz","Universal Music Ltda.",0.729,0.385,2,-13.961,1,0.0578,0.599,0,0.263,0.929,120.797,4
spotify:track:1PXrYVQpOUDWo8NZDTSifY,"Minha Teimosia, Uma Arma Pra Te Conquistar","A Tabua De Esmeralda","Jorge Ben Jor",1974-01-01,161373,49,false,iarecippo,2020-08-21T20:45:19Z,"mpb,bossa nova,samba,brazilian jazz","Universal Music Ltda.",0.635,0.729,8,-12.967,1,0.0464,0.525,0.00000173,0.226,0.972,140.547,4
spotify:track:4SASmOXEaX8c4mK8RSHFJS,"Zumbi","A Tabua De Esmeralda","Jorge Ben Jor",1974-01-01,211093,53,false,iarecippo,2020-08-21T20:45:19Z,"mpb,bossa nova,samba,brazilian jazz","Universal Music Ltda.",0.524,0.533,10,-14.69,1,0.0314,0.743,0.0000558,0.0943,0.924,91.7,4
spotify:track:1LLRVZB4fz7bduFEZ22DE4,"Brother","A Tabua De Esmeralda","Jorge Ben Jor",1974-01-01,174666,46,false,iarecippo,2020-08-21T20:45:19Z,"mpb,bossa nova,samba,brazilian jazz","Universal Music Ltda.",0.73,0.452,2,-11.125,1,0.0378,0.416,0,0.233,0.972,132.249,4
spotify:track:0iM2mFz8ijP7Ngm5BXcRo2,"O Namorado Da Viúva","A Tabua De Esmeralda","Jorge Ben Jor",1974-01-01,123173,46,false,iarecippo,2020-08-21T20:45:19Z,"mpb,bossa nova,samba,brazilian jazz","Universal Music Ltda.",0.742,0.745,2,-13.106,0,0.0447,0.554,0.000275,0.0549,0.971,87.988,4
spotify:track:4pk3iB6p0dO6TGsfFj3Owm,"Hermes Trismegisto E Sua Celeste Tábua De Esmeralda","A Tabua De Esmeralda","Jorge Ben Jor",1974-01-01,330266,48,false,iarecippo,2020-08-21T20:45:19Z,"mpb,bossa nova,samba,brazilian jazz","Universal Music Ltda.",0.784,0.611,7,-13.307,1,0.0412,0.416,0.00000459,0.354,0.975,131.905,4
spotify:track:0cIZ6AWTeJx7RsBdMr6z9R,"Cinco Minutos (5 Minutos)","A Tabua De Esmeralda","Jorge Ben Jor",1974-01-01,177600,46,false,iarecippo,2020-08-21T20:45:19Z,"mpb,bossa nova,samba,brazilian jazz","Universal Music Ltda.",0.455,0.526,8,-14.078,1,0.0328,0.76,0.00275,0.0929,0.924,170.9,3
