Track URI,Track Name,Album Name,Artist Name(s),Release Date,Duration (ms),Popularity,Explicit,Added By,Added At,Genres,Record Label,Danceability,Energy,Key,Loudness,Mode,Speechiness,Acousticness,Instrumentalness,Liveness,Valence,Tempo,Time Signature
spotify:track:5eS6pTvDNOvh2kyxeZtK3r,"Robot Rock / Oh Yeah","Alive 2007","Daft Punk",2007-11-19,387506,57,false,iarecippo,2021-01-27T15:46:21Z,"french house,electronic,electro","Daft Life Ltd./ADA France",0.479,0.678,2,-12.17,1,0.0758,0.00018,0.661,0.421,0.227,116.033,4
spotify:track:4IdiGMOzEYXOh2897XOV8i,"Touch It / Technologic","Alive 2007","Daft Punk",2007-11-19,329653,59,true,iarecippo,2021-01-27T15:46:21Z,"french house,electronic,electro","Daft Life Ltd./ADA France",0.52,0.545,11,-12.67,0,0.158,0.00494,0.285,0.464,0.233,121.78,4
spotify:track:1E8S3CSv20KrKT0C1yAjkO,"Television Rules the Nation / Crescendolls","Alive 2007","Daft Punk",2007-11-19,290840,63,false,iarecippo,2021-01-27T15:46:21Z,"french house,electronic,electro","Daft Life Ltd./ADA France",0.58,0.786,6,-9.979,1,0.0675,0.0000653,0.207,0.461,0.558,126.004,4
spotify:track:3n4ow4XGzwSIPxA3JHLF9p,"Too Long / Steam Machine","Alive 2007","Daft Punk",2007-11-19,421600,58,false,iarecippo,2021-01-27T15:46:21Z,"french house,electronic,electro","Daft Life Ltd./ADA France",0.381,0.721,5,-9.967,0,0.0464,0.000605,0.776,0.112,0.225,125.603,4
spotify:track:5RByQFt9Mlo8hDYJ921tCv,"Around the World / Harder, Better, Faster, Stronger","Alive 2007","Daft Punk",2007-11-19,342626,65,false,iarecippo,2021-01-27T15:46:21Z,"french house,electronic,electro","Daft Life Ltd./ADA France",0.629,0.787,5,-8.399,0,0.0646,0.00152,0.359,0.209,0.581,125.998,4
spotify:track:3Ons6C3wXBMi8nYpLBMlVe,"Burnin' / Too Long","Alive 2007","Daft Punk",2007-11-19,431506,52,false,iarecippo,2021-01-27T15:46:21Z,"french house,electronic,electro","Daft Life Ltd./ADA France",0.602,0.793,10,-10.462,0,0.0946,0.000207,0.0476,0.686,0.35,127.016,4
spotify:track:5XzGyYZemDuCG3OdbhVFvh,"Face to Face / Short Circuit","Alive 2007","Daft Punk",2007-11-19,295226,51,false,iarecippo,2021-01-27T15:46:21Z,"french house,electronic,electro","Daft Life Ltd./ADA France",0.525,0.599,6,-12.666,1,0.0581,0.261,0.021,0.717,0.188,125.976,4
spotify:track:1H1d4dr7Hk5Rrd8Tb5y5yr,"One More Time / Aerodynamic","Alive 2007","Daft Punk",2007-11-19,370533,59,false,iarecippo,2021-01-27T15:46:21Z,"french house,electronic,electro","Daft Life Ltd./ADA France",0.45,0.846,11,-9.996,0,0.102,0.038,0.266,0.222,0.414,124.239,4
spotify:track:0rFTPTXuVFIOYGnqXbWm3X,"Aerodynamic Beats / Gabrielle , Forget About the World","Alive 2007","Daft Punk",2007-11-19,211760,50,false,iarecippo,2021-01-27T15:46:21Z,"french house,electronic,electro","Daft Life Ltd./ADA France",0.591,0.789,6,-12.041,0,0.0707,0.0123,0.826,0.403,0.396,127.028,4
spotify:track:3qVD67mL0JxgU0VQVKR52G,"Prime Time of Your Life / Brainwasher / Rollin' & Scratchin' / Alive","Alive 2007","Daft Punk",2007-11-19,622480,51,false,iarecippo,2021-01-27T15:46:21Z,"french house,electronic,electro","Daft Life Ltd./ADA France",0.531,0.846,11,-9.652,0,0.052,0.0000555,0.816,0.881,0.055,130.032,4
spotify:track:5OWhFeNXZ2RGbsGpl3rIc3,"Da Funk / Daftendirekt","Alive 2007","Daft Punk",2007-11-19,396973,51,false,iarecippo,2021-01-27T15:46:21Z,"french house,electronic,electro","Daft Life Ltd./ADA France",0.676,0.859,5,-9.602,0,0.0412,0.00994,0.754,0.98,0.546,111.991,4
spotify:track:029O4HWI1pVXLfFdfQd1Jb,"Superheroes / Human After All / Rock'n Roll","Alive 2007","Daft Punk",2007-11-19,341106,51,false,iarecippo,2021-01-27T15:46:21Z,"french house,electronic,electro","Daft Life Ltd./ADA France",0.487,0.723,7,-11.148,1,0.143,0.0000448,0.383,0.819,0.391,138.007,4
spotify:track:5q2KGgJV5l4MAnnGIrvKSK,"Human After All / Together / One More Time / Music Sounds Better with You","Alive 2007","Daft Punk",2007-11-19,598666,51,false,iarecippo,2021-01-27T15:46:21Z,"french house,electronic,electro","Daft Life Ltd./ADA France",0.471,0.848,11,-11.331,0,0.0595,0.0000819,0.284,0.952,0.117,131.045,4
spotify:track:1E4tRmvGPkBc0ti1hFGOZV,"Crisantemo","Huestes","Weste;Wen;Igna",2017-05-12,228714,39,false,iarecippo,2021-01-28T20:43:09Z,"latin indie","Geiser Discos",0.736,0.526,10,-7.706,0,0.0334,0.689,0.394,0.11,0.581,99.975,4
spotify:track:4dVAk2Jai3QhJ7574300Mn,"Río I","Huestes","Weste",2017-05-12,170894,18,false,iarecippo,2021-01-28T20:43:09Z,"latin indie","Geiser Discos",0.748,0.549,1,-7.611,1,0.046,0.463,0.00807,0.153,0.793,103.009,4
spotify:track:2nbXinv9k0boywWmtOk3AW,"Antídoto","Huestes","Weste",2017-05-12,223760,21,false,iarecippo,2021-01-28T20:43:09Z,"latin indie","Geiser Discos",0.615,0.506,2,-9.254,0,0.135,0.801,0.125,0.147,0.514,173.765,3
spotify:track:3pq6ZXXDg7reTkh1NVP7lK,"Somos Nuevos","Huestes","Weste",2017-05-12,253940,15,false,iarecippo,2021-01-28T20:43:09Z,"latin indie","Geiser Discos",0.673,0.419,5,-8.65,0,0.167,0.496,0.058,0.137,0.596,180.091,4
spotify:track:3OWCWC9p7bY8ZJqDEQkUUD,"Desaprensiva","Huestes","Weste",2017-05-12,124413,9,false,iarecippo,2021-01-28T20:43:09Z,"latin indie","Geiser Discos",0.286,0.367,1,-8.373,1,0.036,0.911,0.0243,0.35,0.125,102.443,4
spotify:track:31JVYdrhegQV05SbhXiRft,"Noche Cálida","Huestes","Weste",2017-05-12,217068,13,false,iarecippo,2021-01-28T20:43:09Z,"latin indie","Geiser Discos",0.806,0.5,8,-8.416,0,0.0535,0.308,0.198,0.103,0.751,119.002,4
spotify:track:6t8AaBzloDFbqojfyrodTH,"Puelche","Huestes","Weste",2017-05-12,241640,11,false,iarecippo,2021-01-28T20:43:09Z,"latin indie","Geiser Discos",0.722,0.614,0,-9.977,1,0.039,0.0955,0.118,0.104,0.427,104.013,4
spotify:track:6odgUiW7Dj94ybxCeIGnB3,"Deshielo","Huestes","Weste",2017-05-12,152304,13,false,iarecippo,2021-01-28T20:43:09Z,"latin indie","Geiser Discos",0.679,0.529,7,-7.729,0,0.0342,0.394,0.00254,0.193,0.452,120.048,4
spotify:track:63iECTJGDzsA3odaRTUgjl,"Río II","Huestes","Weste",2017-05-12,212433,16,false,iarecippo,2021-01-28T20:43:09Z,"latin indie","Geiser Discos",0.741,0.523,7,-6.857,0,0.039,0.0216,0.0000935,0.0543,0.896,102.987,4
spotify:track:7kHthFoLNzGtOWcBcA7iR3,"African Cisne","Huestes","Weste",2017-05-12,248949,10,false,iarecippo,2021-01-28T20:43:09Z,"latin indie","Geiser Discos",0.831,0.617,9,-8.67,1,0.0432,0.717,0.462,0.099,0.538,115.977,4
spotify:track:5SQqsYukXP8In1iyn9udJC,"Despierta","Huestes","Weste",2017-05-12,133894,7,false,iarecippo,2021-01-28T20:43:09Z,"latin indie","Geiser Discos",0.656,0.0565,3,-14.908,1,0.0692,0.677,0.303,0.107,0.11,167.971,4
spotify:track:54BNbi1XXzdLcXY854KcIn,"Before Kiddos Bath","Quantum Leap","Dumbo Gets Mad",2013-09-22,213629,26,false,iarecippo,2021-03-01T20:27:09Z,"neo-psychedelic,psychedelic rock","Bad Panda Records",0.542,0.755,0,-6.692,1,0.0279,0.493,0.59,0.229,0.756,148.908,4
spotify:track:0fDFzVTG8c2fW9EM5f1RHM,"Indian Food","Quantum Leap","Dumbo Gets Mad",2013-09-22,213786,46,false,iarecippo,2021-03-01T20:27:09Z,"neo-psychedelic,psychedelic rock","Bad Panda Records",0.561,0.895,2,-4.903,1,0.0529,0.766,0.67,0.124,0.634,86.808,4
spotify:track:1HGSEG87jSSNAjUZWTFE1y,"Crystal Balls on Roll (South Africa)","Quantum Leap","Dumbo Gets Mad",2013-09-22,231967,30,false,iarecippo,2021-03-01T20:27:09Z,"neo-psychedelic,psychedelic rock","Bad Panda Records",0.535,0.672,8,-7.618,0,0.027,0.189,0.359,0.109,0.712,95.226,4
spotify:track:2nyV6PsoS7gO4mxbhwEChW,"Radical Leap","Quantum Leap","Dumbo Gets Mad",2013-09-22,215040,21,false,iarecippo,2021-03-01T20:27:09Z,"neo-psychedelic,psychedelic rock","Bad Panda Records",0.657,0.665,7,-11.365,0,0.0256,0.275,0.0638,0.0736,0.918,96.039,4
spotify:track:3knPQnT2z40HzRJGL44rhQ,"Future Sun","Quantum Leap","Dumbo Gets Mad",2013-09-22,232385,20,false,iarecippo,2021-03-01T20:27:09Z,"neo-psychedelic,psychedelic rock","Bad Panda Records",0.688,0.8,10,-5.785,0,0.0663,0.0657,0.548,0.192,0.759,94.026,4
spotify:track:5AQa57uSfo313RSihWqjGx,"Tahiti Hungry Jungle","Quantum Leap","Dumbo Gets Mad",2013-09-22,231418,22,false,iarecippo,2021-03-01T20:27:09Z,"neo-psychedelic,psychedelic rock","Bad Panda Records",0.654,0.854,6,-7.667,1,0.0455,0.0448,0.608,0.133,0.679,95.332,4
spotify:track:3sCG6RzQzWUnVTOTkvmkzg,"Bam Bam","Quantum Leap","Dumbo Gets Mad",2013-09-22,211435,18,false,iarecippo,2021-03-01T20:27:09Z,"neo-psychedelic,psychedelic rock","Bad Panda Records",0.698,0.862,7,-8.261,0,0.0413,0.322,0.612,0.696,0.843,129.608,4
spotify:track:6nAIDxl8TbOijLIyWy2yB0,"Cougars","Quantum Leap","Dumbo Gets Mad",2013-09-22,198504,21,false,iarecippo,2021-03-01T20:27:09Z,"neo-psychedelic,psychedelic rock","Bad Panda Records",0.652,0.713,6,-7.056,0,0.149,0.105,0.00288,0.132,0.471,113.991,4
spotify:track:7qLW2XbnW4tjCGBtcRYjYU,"Soft","Quantum Leap","Dumbo Gets Mad",2013-09-22,107232,19,false,iarecippo,2021-03-01T20:27:09Z,"neo-psychedelic,psychedelic rock","Bad Panda Records",0.615,0.851,0,-6.503,0,0.0295,0.334,0.934,0.111,0.957,125.93,4
spotify:track:0LIvNRses9mKrQSmktuuMs,"The House Of Love","Quantum Leap","Dumbo Gets Mad",2013-09-22,198661,14,false,iarecippo,2021-03-01T20:27:09Z,"neo-psychedelic,psychedelic rock","Bad Panda Records",0.311,0.898,5,-6.97,1,0.127,0.0889,0.00202,0.348,0.63,120.698,4
spotify:track:39xpSU7FwiN195XBMeT0GS,"Maleducato","Quantum Leap","Dumbo Gets Mad",2013-09-22,90827,14,false,iarecippo,2021-03-01T20:27:09Z,"neo-psychedelic,psychedelic rock","Bad Panda Records",0.531,0.226,7,-14.694,0,0.0271,0.97,0.446,0.102,0.17,95.461,3
spotify:track:3Z7AIUOBlrp6PJMbkZ63CP,"Punch & Tea","Quantum Leap","Dumbo Gets Mad",2013-09-22,283115,20,false,iarecippo,2021-03-01T20:27:09Z,"neo-psychedelic,psychedelic rock","Bad Panda Records",0.548,0.546,9,-7.376,1,0.023,0.154,0.87,0.309,0.316,78.975,4
spotify:track:6UIIQ77efJTqp4p4fi3Wo7,"Paradigme","Paradigmes","La Femme",2021-04-02,216293,47,false,iarecippo,2021-04-05T21:03:57Z,"french indie pop,french pop,french house","Disque Pointu",0.599,0.842,0,-5.894,1,0.0388,0.0377,0.0000227,0.142,0.532,104.992,4
spotify:track:2UKt76lfD2SGturLfzRq1j,"Le sang de mon prochain","Paradigmes","La Femme",2021-04-02,209680,45,false,iarecippo,2021-04-05T21:03:57Z,"french indie pop,french pop,french house","Disque Pointu",0.586,0.798,7,-6.465,1,0.031,0.0753,0.0018,0.0792,0.566,118.002,4
spotify:track:6lbkdQ51nx1XPMGoiG3BZ6,"Cool Colorado","Paradigmes","La Femme",2021-04-02,232480,49,true,iarecippo,2021-04-05T21:03:57Z,"french indie pop,french pop,french house","Disque Pointu",0.508,0.761,9,-7.149,1,0.0454,0.0415,0.0000672,0.117,0.474,81.464,4
spotify:track:4v7gNRZkeVFFh3IUHcBHTv,"Foutre le bordel","Paradigmes","La Femme",2021-04-02,129919,38,true,iarecippo,2021-04-05T21:03:57Z,"french indie pop,french pop,french house","Disque Pointu",0.551,0.895,0,-4.48,1,0.0371,0.00374,0.000339,0.186,0.52,94.99,4
spotify:track:1CCKf8yGsKuVz5cgRwgShM,"Nouvelle-Orléans","Paradigmes","La Femme",2021-04-02,233706,48,false,iarecippo,2021-04-05T21:03:57Z,"french indie pop,french pop,french house","Disque Pointu",0.636,0.905,8,-6.28,1,0.0497,0.243,0.0000304,0.376,0.484,111.109,4
spotify:track:2dALvck73iimdQBrGAuaNo,"Pasadena","Paradigmes","La Femme",2021-04-02,228613,57,false,iarecippo,2021-04-05T21:03:57Z,"french indie pop,french pop,french house","Disque Pointu",0.646,0.567,0,-9.352,1,0.0542,0.748,0.0000479,0.143,0.425,80.01,4
spotify:track:4Rfpn0ZnX0xO00hj9GW2Xb,"Lâcher de chevaux","Paradigmes","La Femme",2021-04-02,151760,33,false,iarecippo,2021-04-05T21:03:57Z,"french indie pop,french pop,french house","Disque Pointu",0.339,0.78,2,-8.159,1,0.0566,0.117,0.563,0.063,0.3,138.717,4
spotify:track:6AeporA7I4xoCnnPCGKfdK,"Disconnexion","Paradigmes","La Femme",2021-04-02,201093,40,false,iarecippo,2021-04-05T21:03:57Z,"french indie pop,french pop,french house","Disque Pointu",0.311,0.793,7,-6.156,1,0.0354,0.00727,0.802,0.0908,0.786,145.56,4
spotify:track:1Tr4gI53nCKXc9O8eeJHr6,"Foreigner","Paradigmes","La Femme",2021-04-02,212613,33,true,iarecippo,2021-04-05T21:03:57Z,"french indie pop,french pop,french house","Disque Pointu",0.727,0.826,2,-6.303,1,0.0466,0.0579,0.000643,0.103,0.645,144.988,4
spotify:track:21575y2ODLVQ1mGAJbYub9,"Force & respect","Paradigmes","La Femme",2021-04-02,128826,31,false,iarecippo,2021-04-05T21:03:57Z,"french indie pop,french pop,french house","Disque Pointu",0.743,0.949,6,-6.872,0,0.123,0.708,0.417,0.11,0.718,110.015,4
spotify:track:07UR4kLgos5Dln4vX9pezF,"Divine créature","Paradigmes","La Femme",2021-04-02,307746,44,false,iarecippo,2021-04-05T21:03:57Z,"french indie pop,french pop,french house","Disque Pointu",0.731,0.563,2,-9.907,1,0.063,0.358,0.0832,0.107,0.653,120.011,3
spotify:track:3cog2B7cICzIucXLoE1lYY,"Mon ami","Paradigmes","La Femme",2021-04-02,157173,31,false,iarecippo,2021-04-05T21:03:57Z,"french indie pop,french pop,french house","Disque Pointu",0.629,0.868,4,-8.245,1,0.041,0.179,0.00757,0.0941,0.113,100.013,4
spotify:track:0e5S3haBtL4brDo4cu9wEU,"Le jardin","Paradigmes","La Femme",2021-04-02,240066,42,true,iarecippo,2021-04-05T21:03:57Z,"french indie pop,french pop,french house","Disque Pointu",0.477,0.516,0,-6.566,1,0.0259,0.436,0.000156,0.12,0.252,139.999,4
spotify:track:6N949F38tg3hXQnbfPXywJ,"Va","Paradigmes","La Femme",2021-04-02,259453,36,false,iarecippo,2021-04-05T21:03:57Z,"french indie pop,french pop,french house","Disque Pointu",0.406,0.756,11,-5.391,0,0.0375,0.592,0.355,0.175,0.541,114.82,4
spotify:track:4CWjcFDg1oiONAkIkRiIpG,"Tu t'en lasses","Paradigmes","La Femme",2021-04-02,362013,52,false,iarecippo,2021-04-05T21:03:57Z,"french indie pop,french pop,french house","Disque Pointu",0.589,0.559,0,-10.867,1,0.028,0.474,0.482,0.0781,0.452,80.008,4
spotify:track:4z2XNXfoN8xnVP3rYdOU0l,"First Class","Mordechai","Khruangbin",2020-06-26,286997,0,false,iarecippo,2021-04-17T23:54:06Z,"neo-psychedelic","Dead Oceans",0.582,0.392,4,-14.835,0,0.0376,0.0649,0.92,0.645,0.603,83.057,4
spotify:track:4fMIe4htuvA8RoygYDFqO5,"Time (You and I)","Mordechai","Khruangbin",2020-06-26,342189,0,false,iarecippo,2021-04-17T23:54:06Z,"neo-psychedelic","Dead Oceans",0.751,0.49,11,-13.679,1,0.0453,0.00932,0.145,0.0725,0.925,105.407,4
spotify:track:6cVstYpU7fB0IKhJJmaqVe,"Connaissais de Face","Mordechai","Khruangbin",2020-06-26,260732,0,false,iarecippo,2021-04-17T23:54:06Z,"neo-psychedelic","Dead Oceans",0.64,0.452,10,-12.552,1,0.0633,0.0504,0.768,0.0764,0.971,149.046,3
spotify:track:4AihGF6dk12E3eGupierBT,"Father Bird, Mother Bird","Mordechai","Khruangbin",2020-06-26,185165,0,false,iarecippo,2021-04-17T23:54:06Z,"neo-psychedelic","Dead Oceans",0.579,0.449,7,-12.274,0,0.0329,0.0474,0.856,0.108,0.576,82.654,4
spotify:track:7GNX61TqwvInTGIR3pS2pm,"If There is No Question","Mordechai","Khruangbin",2020-06-26,353108,0,false,iarecippo,2021-04-17T23:54:06Z,"neo-psychedelic","Dead Oceans",0.637,0.441,8,-15.577,0,0.0378,0.00631,0.896,0.143,0.698,98.464,4
spotify:track:1JhKbaSsS9yKMP4whv7bjS,"Pelota","Mordechai","Khruangbin",2020-06-26,167972,0,false,iarecippo,2021-04-17T23:54:06Z,"neo-psychedelic","Dead Oceans",0.66,0.649,9,-11.78,0,0.0595,0.0499,0.402,0.0841,0.961,103.897,4
spotify:track:0Gcs85JHJPQCBSVqZrsyO5,"One to Remember","Mordechai","Khruangbin",2020-06-26,270639,0,false,iarecippo,2021-04-17T23:54:06Z,"neo-psychedelic","Dead Oceans",0.582,0.31,1,-14.264,1,0.0444,0.0569,0.878,0.563,0.865,149.174,4
spotify:track:4qh6Aw7Y7G4rxtRB3SUmqs,"Dearest Alfred","Mordechai","Khruangbin",2020-06-26,238215,0,false,iarecippo,2021-04-17T23:54:06Z,"neo-psychedelic","Dead Oceans",0.546,0.259,7,-13.372,0,0.0271,0.656,0.932,0.0781,0.365,85.338,4
spotify:track:6dw8ETrtlFSrkzw6W8cWxN,"So We Won't Forget","Mordechai","Khruangbin",2020-06-26,298333,0,false,iarecippo,2021-04-17T23:54:06Z,"neo-psychedelic","Dead Oceans",0.647,0.414,2,-13.219,1,0.0985,0.0309,0.85,0.183,0.967,101.301,4
spotify:track:3uf5RwbZC29rMTyr6ZXX0H,"Shida","Mordechai","Khruangbin",2020-06-26,234913,0,false,iarecippo,2021-04-17T23:54:06Z,"neo-psychedelic","Dead Oceans",0.589,0.511,0,-10.961,1,0.0333,0.0166,0.89,0.125,0.896,139.1,4
spotify:track:06yiYlbdcanbh4GJEFyhEj,"Reza Forte","OXEAXEEXU","BaianaSystem;BNegão",2021-04-23,232293,0,false,iarecippo,2021-04-23T16:57:29Z,"new mpb,brazilian pop,axé,brazilian hip hop","Máquina De Louco",0.838,0.914,0,-4.026,0,0.124,0.384,0.00433,0.0979,0.858,145.998,4
spotify:track:3T7LettdukEd5Kf1s6MII4,"Raminho","OXEAXEEXU","BaianaSystem",2021-04-23,78880,0,false,iarecippo,2021-04-23T16:57:29Z,"new mpb,brazilian pop,axé","Máquina De Louco",0.585,0.711,0,-8.105,1,0.0382,0.924,0.00745,0.311,0.952,145.874,3
spotify:track:438mvglmmUAmK8OARQqFvd,"Dança de Airumã","OXEAXEEXU","BaianaSystem",2021-04-23,227573,0,false,iarecippo,2021-04-23T16:57:29Z,"new mpb,brazilian pop,axé","Máquina De Louco",0.682,0.862,7,-4.551,0,0.0618,0.155,0.00303,0.297,0.624,107.994,4
spotify:track:51qhR6wqpb6Gm2PSOwBPCF,"Corneteiro Luís","OXEAXEEXU","BaianaSystem",2021-04-23,219826,0,false,iarecippo,2021-04-23T16:57:29Z,"new mpb,brazilian pop,axé","Máquina De Louco",0.764,0.857,9,-4.618,0,0.0323,0.291,0.0536,0.245,0.793,126.008,4
spotify:track:5iJXXtOCk0Fx4eOC8LduBR,"Brasiliana","OXEAXEEXU","BaianaSystem;Chico César",2021-04-23,244533,0,false,iarecippo,2021-04-23T16:57:29Z,"new mpb,brazilian pop,axé,mpb,forró tradicional,forró","Máquina De Louco",0.636,0.915,10,-3.734,0,0.0544,0.174,0.00141,0.338,0.891,166.019,4
spotify:track:2jR9xbXmW7L5W2qMLQprBy,"Chapéu Panamá","OXEAXEEXU","BaianaSystem",2021-04-23,183706,0,false,iarecippo,2021-04-23T16:57:29Z,"new mpb,brazilian pop,axé","Máquina De Louco",0.824,0.931,7,-4.667,1,0.26,0.415,0.0115,0.0589,0.48,105.003,4
spotify:track:4p6AGgNYuN2y5v7dTqDMu7,"Pachamama","OXEAXEEXU","BaianaSystem;Claudia Manzo",2021-04-23,158066,0,false,iarecippo,2021-04-23T16:57:29Z,"new mpb,brazilian pop,axé","Máquina De Louco",0.749,0.855,4,-4.463,0,0.0422,0.0791,0.00156,0.0841,0.883,150.046,3
spotify:track:4UI3qMUacIIev18bDTyRRR,"Capucha","OXEAXEEXU","BaianaSystem;Claudia Manzo",2021-04-23,174680,0,false,iarecippo,2021-04-23T16:57:29Z,"new mpb,brazilian pop,axé","Máquina De Louco",0.738,0.937,2,-4.175,1,0.147,0.164,0.0000496,0.215,0.582,104.973,4
spotify:track:7nTDFaGqZtkA0KDEays8vu,"Oxe","OXEAXEEXU","BaianaSystem;Bule Bule;Rapadura",2021-04-23,198213,0,false,iarecippo,2021-04-23T16:57:29Z,"new mpb,brazilian pop,axé,brazilian hip hop","Máquina De Louco",0.74,0.911,5,-3.823,1,0.154,0.311,0.00000146,0.0784,0.566,107.931,4
spotify:track:7yEfhrMbfp8XNUrBFM7660,"Vixe","OXEAXEEXU","BaianaSystem;Bule Bule",2021-04-23,66706,0,false,iarecippo,2021-04-23T16:57:29Z,"new mpb,brazilian pop,axé","Máquina De Louco",0.439,0.625,7,-6.242,1,0.0535,0.87,0.00138,0.236,0.559,83.604,4
spotify:track:6oNlBZwqefXprM721Bmksi,"A Vida É Curta Pra Viver Depois","OXEAXEEXU","BaianaSystem;Carolaine",2021-04-23,217866,0,false,iarecippo,2021-04-23T16:57:29Z,"new mpb,brazilian pop,axé","Máquina De Louco",0.682,0.701,8,-6.925,1,0.0556,0.354,0.000132,0.116,0.577,92.004,4
spotify:track:3A33sno00r6ooYuPjV8txe,"Rádio África","OXEAXEEXU","BaianaSystem",2021-04-23,198720,0,false,iarecippo,2021-04-23T16:57:29Z,"new mpb,brazilian pop,axé","Máquina De Louco",0.735,0.949,7,-5.486,1,0.0441,0.0594,0.682,0.854,0.849,130.018,4
spotify:track:1KME77F9mu2RQS8vo6JVwa,"Nauliza","OXEAXEEXU","BaianaSystem;Makavelli;Jay Mitta",2021-04-23,220613,0,false,iarecippo,2021-04-23T16:57:29Z,"new mpb,brazilian pop,axé,singeli","Máquina De Louco",0.617,0.942,4,-4.511,0,0.124,0.0359,0.00422,0.247,0.734,169.999,4
spotify:track:1Ob6GLRM0pdmW6Nl8hnGNj,"Catraca","OXEAXEEXU","BaianaSystem;Tonho Matéria",2021-04-23,126120,0,false,iarecippo,2021-04-23T16:57:29Z,"new mpb,brazilian pop,axé","Máquina De Louco",0.74,0.939,7,-4.784,1,0.106,0.363,0.00649,0.153,0.965,154.95,4
spotify:track:5qSIn5VR4Yp1xcb7krEJQy,"O Que Não Me Destrói Me Fortalece","OXEAXEEXU","BaianaSystem;Céu",2021-04-23,232773,0,false,iarecippo,2021-04-23T16:57:29Z,"new mpb,brazilian pop,axé,mpb","Máquina De Louco",0.737,0.571,11,-6.756,0,0.0302,0.0577,0.000717,0.127,0.656,119.058,4
spotify:track:6WwuU2Qa5bDgmu9Y7H9NPK,"Monopólio","OXEAXEEXU","BaianaSystem",2021-04-23,197600,0,false,iarecippo,2021-04-23T16:57:29Z,"new mpb,brazilian pop,axé","Máquina De Louco",0.535,0.935,5,-5.064,1,0.0927,0.0139,0.000108,0.496,0.795,170.004,4
spotify:track:1sTIyJ58UqaMxjGllmkzx2,"Tubarão","OXEAXEEXU","BaianaSystem",2021-04-23,142333,0,false,iarecippo,2021-04-23T16:57:29Z,"new mpb,brazilian pop,axé","Máquina De Louco",0.738,0.925,0,-4.211,1,0.043,0.0126,0.836,0.156,0.699,131.062,4
spotify:track:13vgkc4kKqZi14NzDInzId,"Barbatana","OXEAXEEXU","BaianaSystem;Junix 11",2021-04-23,142226,0,false,iarecippo,2021-04-23T16:57:29Z,"new mpb,brazilian pop,axé","Máquina De Louco",0.561,0.779,0,-6.748,1,0.0305,0.000689,0.667,0.134,0.353,131.022,4
spotify:track:6fej0nLBxOC2WR2p85shDS,"Criado Mudou","OXEAXEEXU","BaianaSystem",2021-04-23,127960,0,false,iarecippo,2021-04-23T16:57:29Z,"new mpb,brazilian pop,axé","Máquina De Louco",0.546,0.704,4,-7.025,0,0.0403,0.586,0.0199,0.127,0.112,133.971,4
spotify:track:3j0d73FhRaRKlasGXXKZMu,"Guerra Batalha","OXEAXEEXU","BaianaSystem;Liz Reis",2021-04-23,146000,0,false,iarecippo,2021-04-23T16:57:29Z,"new mpb,brazilian pop,axé","Máquina De Louco",0.3,0.357,4,-7.598,0,0.0315,0.686,0,0.118,0.248,120.127,4
spotify:track:0MCmqLitiJMIh3qhp8xnmv,"Reza Frevo","OXEAXEEXU","BaianaSystem;Thiago França",2021-04-23,96524,0,false,iarecippo,2021-04-23T16:57:29Z,"new mpb,brazilian pop,axé,brazilian jazz","Máquina De Louco",0.453,0.98,2,-7.562,0,0.383,0.0919,0.979,0.106,0.344,161.104,4
spotify:track:2GGzUsGLZLsJILhBc1s8J6,"Festa no Meu Quarto","Sim","Noporn",2021-04-16,259892,0,false,iarecippo,2021-04-28T15:39:04Z,"electroclash","Noporn",0.76,0.515,1,-12.115,1,0.0408,0.0554,0.147,0.124,0.469,121.988,4
spotify:track:2F7dWZopRIBg0tXHH5oq2T,"Enfeite de Cabelo","Sim","Noporn",2021-04-16,192250,0,false,iarecippo,2021-04-28T15:39:04Z,"electroclash","Noporn",0.851,0.796,0,-10.129,1,0.0522,0.0926,0.129,0.119,0.59,122.004,4
spotify:track:1LhqtTPkgNn0jfNBtEZS0X,"Leis da Física","Sim","Noporn",2021-04-16,233250,0,false,iarecippo,2021-04-28T15:39:04Z,"electroclash","Noporn",0.724,0.485,0,-11.961,1,0.0478,0.0491,0.842,0.0919,0.0571,117.034,4
spotify:track:1eKWTjC4e5kKPTXcxi3GNH,"Praia de Artista","Sim","Noporn",2021-04-16,261000,0,true,iarecippo,2021-04-28T15:39:04Z,"electroclash","Noporn",0.78,0.687,5,-9.805,0,0.101,0.0861,0.265,0.0971,0.503,121.99,4
spotify:track:0ZbDraULuF5OSwKrGu29jc,"Pérola Suja","Sim","Noporn",2021-04-16,197000,0,false,iarecippo,2021-04-28T15:39:04Z,"electroclash","Noporn",0.594,0.608,10,-9.25,0,0.0555,0.000822,0.0317,0.173,0.519,122.918,4
spotify:track:2pEuCSOokYtieg4MKrAT9m,"Slow Sex","Sim","Noporn",2021-04-16,242625,0,false,iarecippo,2021-04-28T15:39:04Z,"electroclash","Noporn",0.792,0.536,5,-9.111,1,0.05,0.0116,0.259,0.131,0.61,123.987,4
spotify:track:4H5dKoqWgBo0YWZSQfAnjj,"Baba Bombom","Sim","Noporn",2021-04-16,245500,0,true,iarecippo,2021-04-28T15:39:04Z,"electroclash","Noporn",0.753,0.549,2,-9.07,1,0.0692,0.00135,0.00941,0.0696,0.689,118.019,4
spotify:track:4tSmHwdt7wrGsLHpXNUvde,"Butterfly","Sim","Noporn",2021-04-16,301125,0,false,iarecippo,2021-04-28T15:39:04Z,"electroclash","Noporn",0.741,0.558,11,-11.919,0,0.0636,0.293,0.0118,0.0536,0.279,117.979,4
spotify:track:0sg5Af7wwIkbLtk1uY0b5G,"Geleia de Morango","Sim","Noporn",2021-04-16,349250,0,true,iarecippo,2021-04-28T15:39:04Z,"electroclash","Noporn",0.658,0.835,8,-9.097,1,0.0981,0.0463,0.00158,0.12,0.273,139.956,4
spotify:track:1yya6y9aDS3YqeLwS21IJ4,"@minhaloucuratemtrilhasonora","Sim","Noporn",2021-04-16,148750,0,false,iarecippo,2021-04-28T15:39:04Z,"electroclash","Noporn",0.625,0.906,6,-9.038,1,0.0642,0.0186,0.000451,0.342,0.286,119.992,4
spotify:track:2DBvOT4elsjKWGLsWoTAv4,"Noites Longe do Mar","Sim","Noporn",2021-04-16,204000,0,false,iarecippo,2021-04-28T15:39:04Z,"electroclash","Noporn",0.467,0.384,4,-15.079,0,0.0383,0.733,0.0157,0.126,0.183,81.592,4
spotify:track:7CTddUVYp8CUp7z3KKBi7r,"Tu e Eu","Te Amo Lá Fora","DUDA BEAT;Cila do Coco",2021-04-27,219720,0,false,iarecippo,2021-04-28T15:44:25Z,"new mpb,brazilian pop,mpb,forró tradicional","Duda Beat",0.713,0.569,7,-9.608,0,0.0388,0.182,0.0119,0.522,0.483,104.042,4
spotify:track:2vaRBe7rRW8dBszITsPzYU,"Meu Pisêro","Te Amo Lá Fora","DUDA BEAT",2021-04-27,199813,0,false,iarecippo,2021-04-28T15:44:25Z,"new mpb,brazilian pop,mpb","Duda Beat",0.609,0.824,11,-7.184,0,0.0418,0.0522,0.00145,0.184,0.589,175.924,4
spotify:track:0ePPSWct2A5RAavVXUoC7E,"Mais Ninguém","Te Amo Lá Fora","DUDA BEAT",2021-04-27,222333,0,false,iarecippo,2021-04-28T15:44:25Z,"new mpb,brazilian pop,mpb","Duda Beat",0.666,0.537,6,-11.913,1,0.0574,0.191,0.0103,0.12,0.194,103.963,4
spotify:track:3Cq7wCt8aN1aYJhlD568fi,"Nem um Pouquinho","Te Amo Lá Fora","DUDA BEAT;Trevo",2021-04-27,255733,0,false,iarecippo,2021-04-28T15:44:25Z,"new mpb,brazilian pop,mpb","Duda Beat",0.713,0.805,0,-7.108,1,0.054,0.245,0.0024,0.0473,0.349,140.004,4
spotify:track:6a5ig7KptFK99XamfulYsz,"Melô de ilusão","Te Amo Lá Fora","DUDA BEAT",2021-04-27,232560,0,false,iarecippo,2021-04-28T15:44:25Z,"new mpb,brazilian pop,mpb","Duda Beat",0.688,0.528,11,-10.7,0,0.0311,0.0143,0.517,0.357,0.752,117.976,4
spotify:track:2NALjke047YmwbcMZhzrIY,"GAME","Te Amo Lá Fora","DUDA BEAT",2021-04-27,203573,0,false,iarecippo,2021-04-28T15:44:25Z,"new mpb,brazilian pop,mpb","Duda Beat",0.776,0.507,6,-10.621,0,0.0475,0.265,0.00282,0.0717,0.452,124.967,4
spotify:track:0JjnAklIbrYejimIu5X641,"50 Meninas","Te Amo Lá Fora","DUDA BEAT",2021-04-27,212693,0,false,iarecippo,2021-04-28T15:44:25Z,"new mpb,brazilian pop,mpb","Duda Beat",0.621,0.589,1,-7.717,1,0.0562,0.191,0,0.0633,0.524,132.676,4
spotify:track:6iyBtf6dboO5YVYS3XUbVC,"Decisão de Te Amar","Te Amo Lá Fora","DUDA BEAT",2021-04-27,246346,0,false,iarecippo,2021-04-28T15:44:25Z,"new mpb,brazilian pop,mpb","Duda Beat",0.691,0.495,0,-8.596,1,0.0459,0.346,0.0000716,0.616,0.316,127.968,4
spotify:track:2ECStT4KZ41nvCaoNAcpnQ,"≈(♡ω♡)","Te Amo Lá Fora","DUDA BEAT",2021-04-27,49240,0,false,iarecippo,2021-04-28T15:44:25Z,"new mpb,brazilian pop,mpb","Duda Beat",0.421,0.0229,11,-28.325,0,0.0619,0.97,0.971,0.108,0.301,61.067,4
spotify:track:7sFnb9vK5q0wlfAQRUZITs,"Meu Coração","Te Amo Lá Fora","DUDA BEAT",2021-04-27,221240,0,false,iarecippo,2021-04-28T15:44:25Z,"new mpb,brazilian pop,mpb","Duda Beat",,,,,,,,,,,,
spotify:track:5MOkGEINJMcWIz3yT7IGOb,"Tocar Você","Te Amo Lá Fora","DUDA BEAT",2021-04-27,274697,0,false,iarecippo,2021-04-28T15:44:25Z,"new mpb,brazilian pop,mpb","Duda Beat",0.692,0.778,4,-7.911,0,0.0329,0.0202,0.0344,0.0633,0.133,112.024,4
spotify:track:3AGTm0RlrnCkw8Pg3nWth3,"Intro","Sun Transmission","Inner Wave",2014-08-25,18549,0,false,iarecippo,2021-05-10T18:00:04Z,"","Inner Wave",0.473,0.789,0,-11.191,1,0.741,0.983,0.00338,0.817,0.965,94.785,3
spotify:track:2u9VWBmp9VaYENl3DDSihl,"Womack","Sun Transmission","Inner Wave",2014-08-25,115723,0,false,iarecippo,2021-05-10T18:00:04Z,"","Inner Wave",0.622,0.731,1,-5.398,1,0.0406,0.405,0.101,0.0848,0.474,104.986,4
spotify:track:3pcYjyRdht54V2RnPZ0QeY,"88","Sun Transmission","Inner Wave",2014-08-25,233747,0,false,iarecippo,2021-05-10T18:00:04Z,"","Inner Wave",0.658,0.63,4,-6.89,0,0.0322,0.0947,0.417,0.133,0.652,117.038,4
spotify:track:0O1OdQZSBhw0ufq8FYrHtt,"Rosary","Sun Transmission","Inner Wave",2014-08-25,204885,0,false,iarecippo,2021-05-10T18:00:04Z,"","Inner Wave",0.496,0.848,3,-4.363,0,0.0349,0.0342,0,0.183,0.385,146.719,4
spotify:track:7AW1Iu5ddElRyXooh8OITd,"I Almost Lost This","Sun Transmission","Inner Wave",2014-08-25,161465,0,false,iarecippo,2021-05-10T18:00:04Z,"","Inner Wave",0.479,0.619,10,-5.357,0,0.0341,0.151,0.00000262,0.11,0.361,119.953,4
spotify:track:3RzILsQvsNZ5dyYhBEKGjn,"Diamond Eyes","Sun Transmission","Inner Wave",2014-08-25,316220,0,false,iarecippo,2021-05-10T18:00:04Z,"","Inner Wave",0.738,0.586,4,-7.309,0,0.0338,0.345,0.921,0.305,0.217,104.007,4
spotify:track:3zNEZft6USt5oD7c413sxE,"Lethologica","Sun Transmission","Inner Wave",2014-08-25,22390,0,false,iarecippo,2021-05-10T18:00:04Z,"","Inner Wave",0.27,0.354,1,-26.64,1,0.539,0.296,0.889,0.113,0.0666,73.311,4
spotify:track:6lQUvGD2Kt9hVkaEGPQqcH,"Wild","Sun Transmission","Inner Wave",2014-08-25,222000,0,false,iarecippo,2021-05-10T18:00:04Z,"","Inner Wave",0.566,0.646,1,-6.09,0,0.0335,0.0481,0.0773,0.091,0.396,119.939,3
spotify:track:47bUxtqvTx09lRrxNoERlf,"Interlude","Sun Transmission","Inner Wave",2014-08-25,35455,0,false,iarecippo,2021-05-10T18:00:04Z,"","Inner Wave",0.81,0.425,6,-13.689,1,0.0449,0.99,0.871,0.175,0.964,114.674,4
spotify:track:5AZPmopoVtE5MO5w7eLndx,"Interstellar Me","Sun Transmission","Inner Wave",2014-08-25,193446,0,false,iarecippo,2021-05-10T18:00:04Z,"","Inner Wave",0.611,0.59,6,-7.684,0,0.0295,0.58,0.934,0.0936,0.892,92.503,4
spotify:track:45ibIvXvXl1UNbF2Q4HTQP,"Ccbw","Sun Transmission","Inner Wave",2014-08-25,226449,0,false,iarecippo,2021-05-10T18:00:04Z,"","Inner Wave",0.603,0.475,10,-7.108,0,0.0341,0.258,0.871,0.0622,0.854,85.01,4
spotify:track:69Tf2qK9sYOi1ncnXrfIUV,"1 4 2","Sun Transmission","Inner Wave",2014-08-25,305467,0,false,iarecippo,2021-05-10T18:00:04Z,"","Inner Wave",0.701,0.692,0,-7.527,1,0.0374,0.179,0.0101,0.0994,0.56,114.987,4
spotify:track:4dxkucMNpuTgxpfes5y1Ou,"Kaki","RAS","RAS",2019-05-10,450371,14,false,iarecippo,2021-05-18T14:28:10Z,"","Average Negative",0.755,0.424,1,-14.788,1,0.0559,0.5,0.733,0.118,0.3,88.678,4
spotify:track:2GFy4hiT29yh8ZwP64Jngz,"Adeson","RAS","RAS",2019-05-10,384547,12,false,iarecippo,2021-05-18T14:28:10Z,"","Average Negative",0.755,0.57,7,-13.541,1,0.0642,0.483,0.374,0.722,0.221,93.008,4
spotify:track:7Bb0O4hmvyRKcj7Yl3MnmW,"4:20","RAS","RAS",2019-05-10,691760,37,false,iarecippo,2021-05-18T14:28:10Z,"","Average Negative",0.576,0.678,11,-11.685,0,0.0417,0.46,0.468,0.106,0.324,108.839,4
spotify:track:07b30gl5YYK34jFn5Dmx5C,"Arav","RAS","RAS",2019-05-10,225391,7,false,iarecippo,2021-05-18T14:28:10Z,"","Average Negative",0.213,0.394,6,-11.251,1,0.0345,0.311,0.301,0.0876,0.0367,86.149,4
spotify:track:0DitubWbA72RnWkiSvheql,"Ashqelon","RAS","RAS",2019-05-10,404483,29,false,iarecippo,2021-05-18T14:28:10Z,"","Average Negative",0.772,0.766,0,-10.233,1,0.0599,0.0732,0.237,0.429,0.0819,119.563,4
spotify:track:6RdfZjwPKa1t88FS33qUyG,"Diskotek","RAS","RAS",2019-05-10,462000,16,false,iarecippo,2021-05-18T14:28:10Z,"","Average Negative",0.83,0.692,6,-9.978,0,0.0565,0.216,0.582,0.286,0.205,120.264,4
spotify:track:7d9ViHuveIXwso2rr4Nu8D,"Rainha Matamba","Atiça","Banda Eddie;Isaar",2021-05-28,216156,11,false,iarecippo,2021-05-29T11:41:24Z,"new mpb","Banda Eddie",0.742,0.682,0,-7.559,0,0.123,0.416,0.00434,0.0972,0.911,142.726,4
spotify:track:7KNJOZdTdYJQHiIXlID3Da,"Atiça","Atiça","Banda Eddie",2021-05-28,253429,15,false,iarecippo,2021-05-29T11:41:24Z,"new mpb","Banda Eddie",0.665,0.869,11,-7.698,0,0.0295,0.142,0.000925,0.0994,0.932,101.987,4
spotify:track:7ace40nrvRmcIaAATU2da2,"Preciso Levantar","Atiça","Banda Eddie",2021-05-28,231427,4,false,iarecippo,2021-05-29T11:41:24Z,"new mpb","Banda Eddie",0.786,0.754,11,-7.796,0,0.045,0.00216,0.46,0.146,0.961,138.007,4
spotify:track:4J0cDkLbJIXjv8v37azufN,"Amassando Amassa","Atiça","Banda Eddie",2021-05-28,189610,10,false,iarecippo,2021-05-29T11:41:24Z,"new mpb","Banda Eddie",0.599,0.862,0,-7.235,1,0.0379,0.0103,0.0000153,0.339,0.967,160.023,4
spotify:track:2k15bloTnH4XvCf6DoDkDY,"Apocalítico","Atiça","Banda Eddie",2021-05-28,249685,8,false,iarecippo,2021-05-29T11:41:24Z,"new mpb","Banda Eddie",0.59,0.807,1,-7.093,1,0.0625,0.00345,0.00000221,0.0757,0.792,154.085,4
spotify:track:0YPAeVD1KGK9X3KfPN0rm1,"Para Nossos Filhos","Atiça","Banda Eddie",2021-05-28,230828,5,false,iarecippo,2021-05-29T11:41:24Z,"new mpb","Banda Eddie",0.602,0.688,11,-9.387,0,0.055,0.0438,0.000244,0.116,0.761,156.987,4
spotify:track:3sqa2UzQHVPiKHMwkPSO0U,"Na Veia","Atiça","Banda Eddie;Sofia Freire",2021-05-28,262400,9,false,iarecippo,2021-05-29T11:41:24Z,"new mpb","Banda Eddie",0.311,0.737,6,-9.523,0,0.0448,0.0702,0.00159,0.0984,0.437,154.026,4
spotify:track:4CHdxYwv94DMHGBoID9CLY,"Canhão 75","Atiça","Banda Eddie",2021-05-28,234922,2,false,iarecippo,2021-05-29T11:41:24Z,"new mpb","Banda Eddie",0.546,0.867,7,-8.826,1,0.0378,0.106,0.953,0.141,0.96,150.043,4
spotify:track:7dl2EZs1YWQ5zFcvt9MuQf,"Copa dos Edifícios","Atiça","Banda Eddie",2021-05-28,215855,2,false,iarecippo,2021-05-29T11:41:24Z,"new mpb","Banda Eddie",0.622,0.684,7,-10.433,1,0.0426,0.0409,0.00463,0.11,0.404,102.024,3
spotify:track:6Nw61g4BZ7pcgmqsrx5vUY,"Aurora dos Novos Tempos","Atiça","Banda Eddie;Orquestra de Frevo Henrique Dias;Gangga Barreto",2021-05-28,215466,4,false,iarecippo,2021-05-29T11:41:24Z,"new mpb","Banda Eddie",0.651,0.875,7,-6.878,1,0.0362,0.00628,0.0000564,0.112,0.837,121.992,4
spotify:track:3Wqa3elvOgAAZY3YJj7cMR,"Vinheta Dorival / Mais um Lamento","Acústico","Céu",2021-06-11,219232,23,false,iarecippo,2021-06-11T12:12:09Z,"new mpb,mpb","WM Brazil",0.744,0.163,6,-13.442,0,0.0507,0.88,0.000733,0.113,0.184,126.996,4
spotify:track:5eto5k7tck3kngmVLdkHix,"Véu da Noite","Acústico","Céu",2021-06-11,126623,14,false,iarecippo,2021-06-11T12:12:09Z,"new mpb,mpb","WM Brazil",0.472,0.0734,7,-13.512,0,0.0304,0.819,0.0197,0.109,0.136,65.2,4
spotify:track:3OKyDGOG71Ct2BvfeILNla,"Rotação","Acústico","Céu",2021-06-11,210030,22,false,iarecippo,2021-06-11T12:12:09Z,"new mpb,mpb","WM Brazil",0.58,0.3,9,-9.004,0,0.0391,0.849,0,0.121,0.291,123.495,5
spotify:track:2be2f3BPyRXAgPHZ5qinYM,"Sobre o Amor e seu trabalho silêncioso / Cangote","Acústico","Céu",2021-06-11,227781,21,false,iarecippo,2021-06-11T12:12:09Z,"new mpb,mpb","WM Brazil",0.725,0.181,11,-10.754,0,0.0544,0.748,0.00000152,0.109,0.461,136.123,4
spotify:track:1nVTMJrQQU4jWniNTMuDO7,"Retrovisor","Acústico","Céu",2021-06-11,204952,14,false,iarecippo,2021-06-11T12:12:09Z,"new mpb,mpb","WM Brazil",0.58,0.0632,7,-14.303,0,0.0469,0.911,0.0000123,0.102,0.275,113.101,4
spotify:track:0D20BHOhsXgmQuZ4hWFUUD,"Chegar em Mim","Acústico","Céu",2021-06-11,195937,15,false,iarecippo,2021-06-11T12:12:09Z,"new mpb,mpb","WM Brazil",0.706,0.206,4,-9.917,0,0.0586,0.884,0,0.113,0.326,117.821,4
spotify:track:2wCsSeEqnAtxkI8n6yBTee,"10 Contados","Acústico","Céu",2021-06-11,176873,33,false,iarecippo,2021-06-11T12:12:09Z,"new mpb,mpb","WM Brazil",0.758,0.159,9,-12.462,1,0.0481,0.802,0.000112,0.109,0.342,137.99,4
spotify:track:0hmUXMfNs5VGONJqRdGYaf,"Vira Lata","Acústico","Céu",2021-06-11,189285,14,false,iarecippo,2021-06-11T12:12:09Z,"new mpb,mpb","WM Brazil",0.611,0.11,3,-11.618,0,0.0359,0.884,0.0000033,0.112,0.131,119.689,4
spotify:track:3dTHEvMxnq2X5OeUVwMRFK,"Off (Sad Siri)","Acústico","Céu",2021-06-11,235391,12,false,iarecippo,2021-06-11T12:12:09Z,"new mpb,mpb","WM Brazil",0.513,0.0685,9,-14.503,1,0.0395,0.85,0.00000143,0.107,0.249,109.045,4
spotify:track:3XZs8ia2MS86BkhZkD2r8a,"Amor Pixelado","Acústico","Céu",2021-06-11,284285,13,false,iarecippo,2021-06-11T12:12:09Z,"new mpb,mpb","WM Brazil",0.617,0.0598,10,-15.026,0,0.0513,0.896,0.00184,0.104,0.262,110.838,4
spotify:track:0eEDC4GRqDO0SmJ8HfHNjS,"Espaçonave","Acústico","Céu",2021-06-11,90073,11,false,iarecippo,2021-06-11T12:12:09Z,"new mpb,mpb","WM Brazil",0.885,0.182,9,-11.097,1,0.0858,0.698,0.0000882,0.107,0.597,115.568,4
spotify:track:5WrINHn3Z0T628ZRljdkcN,"Minhas Bics","Acústico","Céu",2021-06-11,176548,13,false,iarecippo,2021-06-11T12:12:09Z,"new mpb,mpb","WM Brazil",0.779,0.207,11,-10.99,1,0.139,0.838,0.00000844,0.106,0.518,99.615,4
spotify:track:0vT6dhbc0aumyCbEZd6rUf,"Falta de Ar","Acústico","Céu",2021-06-11,222088,13,false,iarecippo,2021-06-11T12:12:09Z,"new mpb,mpb","WM Brazil",0.674,0.23,5,-10.353,1,0.0612,0.777,0.000448,0.109,0.288,141.458,4
spotify:track:4lztyvQb9k4X3QiIQHssRM,"Rainha","Acústico","Céu",2021-06-11,166751,11,false,iarecippo,2021-06-11T12:12:09Z,"new mpb,mpb","WM Brazil",0.661,0.287,9,-8.534,1,0.0562,0.738,0.00015,0.109,0.578,105.46,4
spotify:track:6ZpZjGKUUZ8kCg4ZNum6uM,"Varanda Suspensa","Acústico","Céu",2021-06-11,263445,27,false,iarecippo,2021-06-11T12:12:09Z,"new mpb,mpb","WM Brazil",0.746,0.218,3,-9.619,1,0.0577,0.794,0,0.106,0.372,142.735,4
spotify:track:3sFEaSl34DelhHFt2XaE0t,"Tatu (Ao Vivo)","Ao Vivo no Cosmos","Tagore",2021-06-11,227000,0,false,iarecippo,2021-06-11T12:12:15Z,"new mpb,space rock","Estelita",0.792,0.515,0,-10.822,1,0.0401,0.474,0.208,0.0861,0.938,137.992,4
spotify:track:1lTxPXhJa2arxmETVe6b8l,"Olho Dela (Ao Vivo)","Ao Vivo no Cosmos","Tagore",2021-06-11,227000,0,false,iarecippo,2021-06-11T12:12:15Z,"new mpb,space rock","Estelita",0.468,0.49,2,-11.293,0,0.0633,0.674,0.0018,0.0939,0.609,172.567,4
spotify:track:4j8TpYej7yWjjrweNkKfy1,"Pineal (Ao Vivo)","Ao Vivo no Cosmos","Tagore",2021-06-11,230000,0,false,iarecippo,2021-06-11T12:12:15Z,"new mpb,space rock","Estelita",0.645,0.58,7,-9.49,1,0.0259,0.185,0.595,0.0845,0.54,94.978,4
spotify:track:48eOntSMr9egRxSeyicVdh,"Mudo (Ao Vivo)","Ao Vivo no Cosmos","Tagore",2021-06-11,250500,0,false,iarecippo,2021-06-11T12:12:15Z,"new mpb,space rock","Estelita",0.796,0.378,11,-11.272,0,0.0494,0.0616,0.262,0.0818,0.85,121.997,4
spotify:track:1MfDnnoAIUgwMN2xRcJ9Lx,"Pasto (Ao Vivo)","Ao Vivo no Cosmos","Tagore",2021-06-11,304000,0,false,iarecippo,2021-06-11T12:12:15Z,"new mpb,space rock","Estelita",0.679,0.362,7,-11.91,1,0.0289,0.756,0.0000175,0.111,0.591,97.021,4
spotify:track:2Tz3dBGUcufzsAdXR2tRHx,"Drama (Ao Vivo)","Ao Vivo no Cosmos","Tagore",2021-06-11,185500,0,false,iarecippo,2021-06-11T12:12:15Z,"new mpb,space rock","Estelita",0.625,0.346,2,-10.685,0,0.033,0.369,0,0.105,0.518,121.233,4
spotify:track:5qsTpMQ2Gqyxzrg6dfgjaS,"Poliglota (Ao Vivo)","Ao Vivo no Cosmos","Tagore",2021-06-11,221000,0,false,iarecippo,2021-06-11T12:12:15Z,"new mpb,space rock","Estelita",0.544,0.59,2,-9.781,1,0.0338,0.567,0.00222,0.108,0.765,140.581,3
spotify:track:5QCjuJcYKFBIXFQM5BytEz,"Yours","Butterfly 3000","King Gizzard & The Lizard Wizard",2021-06-11,275106,0,false,iarecippo,2021-06-12T14:39:20Z,"neo-psychedelic,psychedelic rock","KGLW (King Gizzard & the Lizard Wizard)",0.615,0.951,0,-6.936,1,0.0574,0.189,0.521,0.0973,0.848,167.956,4
spotify:track:6HlWKkzNE1WP67OGqtGeBW,"Shanghai","Butterfly 3000","King Gizzard & The Lizard Wizard",2021-06-11,240680,0,false,iarecippo,2021-06-12T14:39:20Z,"neo-psychedelic,psychedelic rock","KGLW (King Gizzard & the Lizard Wizard)",0.61,0.772,8,-7.621,1,0.0331,0.335,0.142,0.393,0.717,160.033,4
spotify:track:23Gdeg8PHxK7YymMcuG0A2,"Dreams","Butterfly 3000","King Gizzard & The Lizard Wizard",2021-06-11,244453,0,false,iarecippo,2021-06-12T14:39:20Z,"neo-psychedelic,psychedelic rock","KGLW (King Gizzard & the Lizard Wizard)",0.681,0.875,6,-8.151,1,0.0308,0.487,0.557,0.192,0.854,142.011,1
spotify:track:0sajVraFsiilMTL1XkCDhJ,"Blue Morpho","Butterfly 3000","King Gizzard & The Lizard Wizard",2021-06-11,230920,0,false,iarecippo,2021-06-12T14:39:20Z,"neo-psychedelic,psychedelic rock","KGLW (King Gizzard & the Lizard Wizard)",0.579,0.753,11,-9.553,0,0.0257,0.412,0.0863,0.193,0.677,142.039,1
spotify:track:3tj1cKu9SOnchX6twBKn30,"Interior People","Butterfly 3000","King Gizzard & The Lizard Wizard",2021-06-11,315133,0,false,iarecippo,2021-06-12T14:39:20Z,"neo-psychedelic,psychedelic rock","KGLW (King Gizzard & the Lizard Wizard)",0.64,0.847,7,-8.103,1,0.0415,0.223,0.00274,0.459,0.481,156.015,3
spotify:track:4soZjBWp9Xxri3tkdnyEP5,"Catching Smoke","Butterfly 3000","King Gizzard & The Lizard Wizard",2021-06-11,388133,0,false,iarecippo,2021-06-12T14:39:20Z,"neo-psychedelic,psychedelic rock","KGLW (King Gizzard & the Lizard Wizard)",0.584,0.82,11,-6.561,1,0.0342,0.0317,0.196,0.306,0.339,93.949,4
spotify:track:1ThWxrNZDMU8k1Y9ZlLE5e,"2.02 Killer Year","Butterfly 3000","King Gizzard & The Lizard Wizard",2021-06-11,199440,0,true,iarecippo,2021-06-12T14:39:20Z,"neo-psychedelic,psychedelic rock","KGLW (King Gizzard & the Lizard Wizard)",0.735,0.814,1,-7.085,0,0.0356,0.41,0.84,0.115,0.936,137.394,4
spotify:track:2T8F1rmU0vvbE1Ed40Nf6R,"Black Hot Soup","Butterfly 3000","King Gizzard & The Lizard Wizard",2021-06-11,312066,0,false,iarecippo,2021-06-12T14:39:20Z,"neo-psychedelic,psychedelic rock","KGLW (King Gizzard & the Lizard Wizard)",0.616,0.926,2,-8.425,1,0.0417,0.102,0.038,0.105,0.767,140.036,5
spotify:track:3gks6iUsfZztKJPkaAkf2L,"Ya Love","Butterfly 3000","King Gizzard & The Lizard Wizard",2021-06-11,255933,0,false,iarecippo,2021-06-12T14:39:20Z,"neo-psychedelic,psychedelic rock","KGLW (King Gizzard & the Lizard Wizard)",0.611,0.945,0,-5.886,1,0.0897,0.0694,0.0276,0.423,0.951,160.009,5
spotify:track:28bl5c2TPMnActyu7S6fkv,"Butterfly 3000","Butterfly 3000","King Gizzard & The Lizard Wizard",2021-06-11,171053,0,false,iarecippo,2021-06-12T14:39:20Z,"neo-psychedelic,psychedelic rock","KGLW (King Gizzard & the Lizard Wizard)",0.52,0.946,4,-8.657,1,0.0762,0.239,0.952,0.116,0.711,160.047,4
spotify:track:6vZaNHrGvtGRKyZBceaRV7,"Ama Sofre Chora","Batidão Tropical","Pabllo Vittar",2021-06-24,151126,42,false,iarecippo,2021-06-28T14:24:47Z,"brazilian pop,funk pop,tecnobrega","Sony Music Entertainment",0.676,0.834,5,-3.601,0,0.0334,0.112,0,0.0602,0.731,131.938,4
spotify:track:0L8nJt3b5LjXvFfDt7x2pP,"Triste com T","Batidão Tropical","Pabllo Vittar",2021-06-24,132983,52,false,iarecippo,2021-06-28T14:24:47Z,"brazilian pop,funk pop,tecnobrega","Sony Music Entertainment",0.607,0.896,5,-3.761,0,0.0448,0.189,0,0.18,0.523,94.005,4
spotify:track:5yKXn2WXISKovZSzczhBI9,"A Lua","Batidão Tropical","Pabllo Vittar",2021-06-24,155597,47,false,iarecippo,2021-06-28T14:24:47Z,"brazilian pop,funk pop,tecnobrega","Sony Music Entertainment",0.518,0.811,6,-5.219,0,0.0443,0.186,0,0.254,0.662,180.046,4
spotify:track:3KgZPCgxOKqOeR5VEZXK43,"Ânsia","Batidão Tropical","Pabllo Vittar",2021-06-24,179489,43,false,iarecippo,2021-06-28T14:24:47Z,"brazilian pop,funk pop,tecnobrega","Sony Music Entertainment",0.534,0.795,5,-3.482,0,0.0336,0.287,0,0.297,0.5,143.897,4
spotify:track:4gqJgiZDOoLrKNN7bmvYKa,"Apaixonada","Batidão Tropical","Pabllo Vittar",2021-06-24,147289,41,false,iarecippo,2021-06-28T14:24:47Z,"brazilian pop,funk pop,tecnobrega","Sony Music Entertainment",0.596,0.709,8,-4.958,1,0.0593,0.222,0,0.119,0.686,190.94,4
spotify:track:22xeSdbkS1rjlw0J7alewY,"Ultra Som","Batidão Tropical","Pabllo Vittar",2021-06-24,114951,41,false,iarecippo,2021-06-28T14:24:47Z,"brazilian pop,funk pop,tecnobrega","Sony Music Entertainment",0.477,0.774,9,-4.253,0,0.0421,0.0726,0,0.343,0.659,177.899,4
spotify:track:7zyZ9yPXIQebb79PrMghpV,"Zap Zum","Batidão Tropical","Pabllo Vittar",2021-06-24,167502,51,false,iarecippo,2021-06-28T14:24:47Z,"brazilian pop,funk pop,tecnobrega","Sony Music Entertainment",0.596,0.864,8,-3.85,1,0.04,0.0858,0,0.158,0.833,169.123,4
spotify:track:1hzP84H4vKVXVhPdG6exeT,"Não é Papel de Homem","Batidão Tropical","Pabllo Vittar",2021-06-24,166458,39,false,iarecippo,2021-06-28T14:24:47Z,"brazilian pop,funk pop,tecnobrega","Sony Music Entertainment",0.628,0.93,9,-4.787,1,0.037,0.237,0,0.249,0.698,164.918,4
spotify:track:0fmoN2m4nuA4qGShcg3TuK,"Bang Bang","Batidão Tropical","Pabllo Vittar",2021-06-24,174753,42,false,iarecippo,2021-06-28T14:24:47Z,"brazilian pop,funk pop,tecnobrega","Sony Music Entertainment",0.667,0.908,8,-4.148,1,0.0414,0.154,0.0000225,0.257,0.912,165.078,4
spotify:track:4ydmav4vl7hebadtfZtMrg,"SIR BAUDELAIRE (feat. DJ Drama)","CALL ME IF YOU GET LOST","Tyler, The Creator;DJ Drama",2021-06-25,88624,57,true,iarecippo,2021-06-28T14:24:51Z,"southern hip hop","Columbia",0.467,0.635,7,-6.115,1,0.154,0.314,0.00000416,0.844,0.51,127.596,3
spotify:track:46oHvXwpEZOFX518we1nJD,"CORSO","CALL ME IF YOU GET LOST","Tyler, The Creator",2021-06-25,146482,61,true,iarecippo,2021-06-28T14:24:51Z,"","Columbia",0.703,0.845,10,-4.851,0,0.337,0.169,0,0.122,0.745,97.672,4
spotify:track:5fbHRCsGpFIOLRtlhCRFDR,"LEMONHEAD (feat. 42 Dugg)","CALL ME IF YOU GET LOST","Tyler, The Creator;42 Dugg",2021-06-25,130980,61,true,iarecippo,2021-06-28T14:24:51Z,"","Columbia",0.62,0.586,1,-6.612,1,0.212,0.155,0,0.535,0.487,137.131,4
spotify:track:5B0kgjHULYJhAQkK5XsMoC,"WUSYANAME (feat. Youngboy Never Broke Again & Ty Dolla $ign)","CALL ME IF YOU GET LOST","Tyler, The Creator;YoungBoy Never Broke Again;Ty Dolla $ign",2021-06-25,121572,72,true,iarecippo,2021-06-28T14:24:51Z,"trap soul","Columbia",0.493,0.653,0,-5.666,0,0.0466,0.269,0,0.511,0.852,142.347,4
spotify:track:0BiK5BbYNFLb88CCOxBFJe,"LUMBERJACK","CALL ME IF YOU GET LOST","Tyler, The Creator",2021-06-25,138312,60,true,iarecippo,2021-06-28T14:24:51Z,"","Columbia",0.386,0.762,9,-6.341,1,0.564,0.122,0,0.527,0.433,170.691,4
spotify:track:3JJL91ilRV6fXhKqu0FGXs,"HOT WIND BLOWS (feat. Lil Wayne)","CALL ME IF YOU GET LOST","Tyler, The Creator;Lil Wayne",2021-06-25,155292,68,true,iarecippo,2021-06-28T14:24:51Z,"rap,hip hop","Columbia",0.371,0.75,7,-5.382,0,0.402,0.601,0,0.482,0.729,173.456,4
spotify:track:2goHCrsDJaflEwQ930ef0o,"MASSA","CALL ME IF YOU GET LOST","Tyler, The Creator",2021-06-25,223718,58,true,iarecippo,2021-06-28T14:24:51Z,"","Columbia",0.685,0.855,1,-6.724,0,0.438,0.329,0.000089,0.301,0.46,157.181,4
spotify:track:13HsOwrwTA5HgLuoaDHncP,"RUNITUP (feat. Teezo Touchdown)","CALL ME IF YOU GET LOST","Tyler, The Creator;Teezo Touchdown",2021-06-25,229564,60,true,iarecippo,2021-06-28T14:24:51Z,"","Columbia",0.665,0.469,10,-7.778,0,0.13,0.565,0.000317,0.219,0.142,115.852,4
spotify:track:6qouBO0wJtYc3k7DfKRUBx,"MANIFESTO (feat. Domo Genesis)","CALL ME IF YOU GET LOST","Tyler, The Creator;Domo Genesis",2021-06-25,175122,54,true,iarecippo,2021-06-28T14:24:51Z,"","Columbia",0.454,0.866,2,-5.348,1,0.391,0.121,0.0067,0.167,0.518,92.463,4
spotify:track:3EG9FJ0ToLfgnc1IG2Z1wz,"SWEET / I THOUGHT YOU WANTED TO DANCE (feat. Brent Faiyaz & Fana Hues)","CALL ME IF YOU GET LOST","Tyler, The Creator;Brent Faiyaz;Fana Hues",2021-06-25,588139,75,true,iarecippo,2021-06-28T14:24:51Z,"r&b,alternative r&b","Columbia",0.468,0.652,0,-4.912,1,0.0722,0.333,0.000318,0.55,0.39,140.223,4
spotify:track:2HrRwAKgIzjTeuKoaj4akH,"MOMMA TALK","CALL ME IF YOU GET LOST","Tyler, The Creator",2021-06-25,70926,47,true,iarecippo,2021-06-28T14:24:51Z,"","Columbia",0.488,0.59,0,-6.319,1,0.247,0.696,0,0.661,0.498,96.446,5
spotify:track:4Hta7Oy5W9HD0UgT1P8PPV,"RISE! (feat. DAISY WORLD)","CALL ME IF YOU GET LOST","Tyler, The Creator;DAISY WORLD",2021-06-25,203588,58,true,iarecippo,2021-06-28T14:24:51Z,"","Columbia",0.766,0.814,2,-3.367,1,0.0733,0.044,0.0000108,0.195,0.481,108.07,4
spotify:track:2X5m6irq8boS50Efx4oWew,"BLESSED","CALL ME IF YOU GET LOST","Tyler, The Creator",2021-06-25,57667,52,true,iarecippo,2021-06-28T14:24:51Z,"","Columbia",0.336,0.613,8,-7.869,1,0.123,0.389,0.0000999,0.765,0.741,40.319,4
spotify:track:7z4xW9WY86uH3gd1V9pfCM,"JUGGERNAUT (feat. Lil Uzi Vert & Pharrell Williams)","CALL ME IF YOU GET LOST","Tyler, The Creator;Lil Uzi Vert;Pharrell Williams",2021-06-25,146419,62,true,iarecippo,2021-06-28T14:24:51Z,"melodic rap,rage rap","Columbia",0.827,0.571,11,-7.949,1,0.366,0.0195,0,0.166,0.62,142.034,4
spotify:track:1pbbsI2KGPOMu0HmuGccBu,"WILSHIRE","CALL ME IF YOU GET LOST","Tyler, The Creator",2021-06-25,515865,61,true,iarecippo,2021-06-28T14:24:51Z,"","Columbia",0.555,0.712,1,-7.446,1,0.323,0.0451,0.00000514,0.182,0.555,78.958,4
spotify:track:09xpQPfKWdio1wx6v17dGa,"SAFARI","CALL ME IF YOU GET LOST","Tyler, The Creator",2021-06-25,177742,58,true,iarecippo,2021-06-28T14:24:51Z,"","Columbia",0.471,0.71,1,-6.462,0,0.213,0.0618,0.0000017,0.338,0.599,80.453,4
spotify:track:7EpitRGIAYwwQ2KP4pUmaG,"Between You & I","Endless Space (Between You & I)","Winter",2020-07-24,82328,0,false,iarecippo,2021-07-08T01:50:12Z,"shoegaze,dream pop","Bar/None Records",0.213,0.645,6,-8.44,1,0.0485,0.0354,0.538,0.571,0.109,101.174,5
spotify:track:5JXbusoleM65doHEjly5mt,"Endless Space (Between You & I)","Endless Space (Between You & I)","Winter",2020-07-24,217366,0,false,iarecippo,2021-07-08T01:50:12Z,"shoegaze,dream pop","Bar/None Records",0.368,0.491,6,-6.798,1,0.0321,0.0199,0.0394,0.194,0.0798,159.762,4
spotify:track:36uKbcROH1LOV8ei02064y,"Here I Am Existing","Endless Space (Between You & I)","Winter",2020-07-24,235807,0,false,iarecippo,2021-07-08T01:50:12Z,"shoegaze,dream pop","Bar/None Records",0.482,0.856,9,-4.679,0,0.0444,0.0337,0.108,0.114,0.397,110.021,4
spotify:track:0W3E1E8c3wItnfXCYB9mrF,"Healing","Endless Space (Between You & I)","Winter",2020-07-24,177319,0,false,iarecippo,2021-07-08T01:50:12Z,"shoegaze,dream pop","Bar/None Records",0.203,0.618,0,-7.387,1,0.0354,0.000056,0.205,0.0723,0.37,169.204,4
spotify:track:68EO7CLqd2A69rDSuANQOb,"In The Z Plane","Endless Space (Between You & I)","Winter",2020-07-24,174889,0,false,iarecippo,2021-07-08T01:50:12Z,"shoegaze,dream pop","Bar/None Records",0.346,0.287,6,-12.634,0,0.0374,0.791,0.767,0.181,0.0612,115.949,4
spotify:track:5vcgPuoH3DCSr9B8CzmA5r,"Say","Endless Space (Between You & I)","Winter",2020-07-24,188473,0,false,iarecippo,2021-07-08T01:50:12Z,"shoegaze,dream pop","Bar/None Records",0.526,0.829,4,-7.188,0,0.058,0.312,0.72,0.153,0.412,101.953,4
spotify:track:550b7pIfYRbeUyJFgIathc,"Bem No Fundo (feat. Dinho Almeida)","Endless Space (Between You & I)","Winter;Dinho Almeida",2020-07-24,281077,0,false,iarecippo,2021-07-08T01:50:12Z,"shoegaze,dream pop","Bar/None Records",0.539,0.862,5,-6.591,1,0.0599,0.00122,0.0271,0.642,0.255,114.969,4
spotify:track:0lYhSiuFjBIYEW2zfOLK1i,"Constellation","Endless Space (Between You & I)","Winter",2020-07-24,244558,0,false,iarecippo,2021-07-08T01:50:12Z,"shoegaze,dream pop","Bar/None Records",0.383,0.802,1,-4.961,1,0.0333,0.00026,0.707,0.0643,0.161,143.974,4
spotify:track:4sYGevplpCFvqhww6t8gaC,"Memoria Colorida","Endless Space (Between You & I)","Winter",2020-07-24,245611,0,false,iarecippo,2021-07-08T01:50:12Z,"shoegaze,dream pop","Bar/None Records",0.504,0.481,8,-6.862,1,0.0266,0.051,0.0204,0.402,0.267,80.543,4
spotify:track:0SFVnwUVsm4NTJDAH8ude2,"Wherever You Are","Endless Space (Between You & I)","Winter",2020-07-24,238515,0,false,iarecippo,2021-07-08T01:50:12Z,"shoegaze,dream pop","Bar/None Records",0.444,0.582,7,-6.311,1,0.0262,0.000363,0.0532,0.243,0.167,75.009,4
spotify:track:5q3gOXSGdo6oIYRrJgsVyG,"Pure Magician","Endless Space (Between You & I)","Winter",2020-07-24,251585,0,false,iarecippo,2021-07-08T01:50:12Z,"shoegaze,dream pop","Bar/None Records",0.269,0.566,1,-8.375,1,0.0356,0.00264,0.105,0.111,0.208,148.028,4
spotify:track:0Ct2XTT4UBt9Y196i0Ido2,"Get Innocuous!","Sound of Silver","LCD Soundsystem",2007-03-12,431520,53,false,iarecippo,2021-07-13T00:11:31Z,"alternative dance,new rave","Parlophone UK",0.696,0.963,2,-6.625,0,0.0398,0.0105,0.857,0.0872,0.574,118.01,4
spotify:track:18GKzOdnC7i30f7PraM5Ui,"Time to Get Away","Sound of Silver","LCD Soundsystem",2007-03-12,251946,51,false,iarecippo,2021-07-13T00:11:31Z,"alternative dance,new rave","Parlophone UK",0.911,0.551,7,-7.25,1,0.1,0.00366,0.0683,0.137,0.733,124.961,4
spotify:track:2VGDntFPvgvqSiUf9ITEfW,"Someone Great","Sound of Silver","LCD Soundsystem",2007-03-12,390013,65,false,iarecippo,2021-07-13T00:11:31Z,"alternative dance,new rave","Parlophone UK",0.722,0.894,7,-5.903,1,0.0325,0.0418,0.00374,0.11,0.396,113.003,4
spotify:track:2Ud3deeqLAG988pfW0Kwcl,"All My Friends","Sound of Silver","LCD Soundsystem",2007-03-12,462266,69,false,iarecippo,2021-07-13T00:11:31Z,"alternative dance,new rave","Parlophone UK",0.701,0.788,2,-5.611,1,0.0425,0.148,0.625,0.0977,0.795,142.584,4
spotify:track:6shyEhv7EqbnL2ZGcMdaHo,"Us V Them","Sound of Silver","LCD Soundsystem",2007-03-12,509733,48,false,iarecippo,2021-07-13T00:11:31Z,"alternative dance,new rave","Parlophone UK",0.72,0.914,7,-6.07,1,0.0462,0.00128,0.69,0.0762,0.716,132.469,4
spotify:track:4tzg6aQGUBL6YMOASdLkjN,"Watch the Tapes","Sound of Silver","LCD Soundsystem",2007-03-12,235226,45,false,iarecippo,2021-07-13T00:11:31Z,"alternative dance,new rave","Parlophone UK",0.828,0.895,7,-5.528,1,0.0615,0.192,0.0122,0.432,0.972,153.024,4
spotify:track:442bPYh5CaoKNSadk699eG,"Sound of Silver","Sound of Silver","LCD Soundsystem",2007-03-12,427160,43,false,iarecippo,2021-07-13T00:11:31Z,"alternative dance,new rave","Parlophone UK",0.865,0.774,10,-11.215,1,0.0518,0.173,0.618,0.311,0.595,119.991,4
spotify:track:5rAff9XfcWx7rguN3t0fkW,"New York, I Love You but You're Bringing Me Down","Sound of Silver","LCD Soundsystem",2007-03-12,335480,62,false,iarecippo,2021-07-13T00:11:31Z,"alternative dance,new rave","Parlophone UK",0.39,0.37,7,-8.288,0,0.0457,0.474,0.00013,0.115,0.0909,176.526,3
spotify:track:3eBpRr9k5lyiQU5IwKaZAM,"You've Got To Be Kidding","Raw Honey","Drugdealer",2019-04-19,199293,0,false,iarecippo,2021-07-28T01:42:45Z,"","Mexican Summer",0.448,0.369,10,-14.57,1,0.0436,0.609,0.899,0.726,0.275,119.159,4
spotify:track:2gk1J5fVlNPGGkheIegaR7,"Honey","Raw Honey","Drugdealer;Weyes Blood",2019-04-19,268146,0,false,iarecippo,2021-07-28T01:42:45Z,"art pop,baroque pop","Mexican Summer",0.636,0.516,6,-9.482,1,0.0283,0.351,0.0000652,0.272,0.514,145.028,4
spotify:track:5ATZf0wNWERWfFfjWfnKYP,"Lonely","Raw Honey","Drugdealer;Harley and the Hummingbirds",2019-04-19,194120,0,false,iarecippo,2021-07-28T01:42:45Z,"","Mexican Summer",0.747,0.721,9,-9.491,1,0.0275,0.271,0.0208,0.132,0.963,124.156,4
spotify:track:4msfxFDcSLY8X3WIhY7fbG,"Lost In My Dream","Raw Honey","Drugdealer",2019-04-19,297426,0,false,iarecippo,2021-07-28T01:42:45Z,"","Mexican Summer",0.68,0.443,1,-8.29,1,0.034,0.345,0.314,0.0917,0.445,117.695,4
spotify:track:2gV1m6eQ85UtqpN4pKdctA,"Fools","Raw Honey","Drugdealer",2019-04-19,269840,0,false,iarecippo,2021-07-28T01:42:45Z,"","Mexican Summer",0.777,0.593,4,-8.306,0,0.0309,0.31,0.0728,0.102,0.88,132.964,4
spotify:track:2074upGxwLfOImfIydminA,"If You Don't Know Now, You Never Will","Raw Honey","Drugdealer",2019-04-19,292146,0,false,iarecippo,2021-07-28T01:42:45Z,"","Mexican Summer",0.554,0.341,5,-10.859,1,0.033,0.477,0.0168,0.112,0.457,140.301,4
spotify:track:4IoQ11UNzz28JRI8raBSrU,"Wild Motion","Raw Honey","Drugdealer;Dougie Poole",2019-04-19,292986,0,false,iarecippo,2021-07-28T01:42:45Z,"alt country","Mexican Summer",0.703,0.394,1,-10.072,1,0.0262,0.398,0.429,0.0592,0.671,136.004,4
spotify:track:2BN8YfDPJ6YDXHLRmO5b8d,"London Nightmare","Raw Honey","Drugdealer",2019-04-19,247035,0,false,iarecippo,2021-07-28T01:42:45Z,"","Mexican Summer",0.565,0.424,2,-10.185,1,0.0322,0.293,0.0469,0.27,0.431,151.686,4
spotify:track:0vv7OlKfLl8G6QFGsC6UMl,"Ending On A Hi Note","Raw Honey","Drugdealer",2019-04-19,93382,0,false,iarecippo,2021-07-28T01:42:45Z,"","Mexican Summer",0.0715,0.0819,3,-13.39,1,0.041,0.901,0.79,0.133,0.0882,79.382,3
spotify:track:4HOryCnbme0zBnF8LWij3f,"Getting Older","Happier Than Ever","Billie Eilish",2021-07-30,244221,73,false,iarecippo,2021-07-30T22:57:30Z,"","Darkroom/Interscope Records",0.599,0.128,10,-17.261,1,0.109,0.974,0.121,0.115,0.367,159.679,4
spotify:track:7bcy34fBT2ap1L4bfPsl9q,"I Didn't Change My Number","Happier Than Ever","Billie Eilish",2021-07-30,158463,74,true,iarecippo,2021-07-30T22:57:30Z,"","Darkroom/Interscope Records",0.849,0.48,9,-5.835,1,0.226,0.612,0.269,0.295,0.677,142.021,4
spotify:track:2KnuaZYoGzDoHiBTNYOTXG,"Billie Bossa Nova","Happier Than Ever","Billie Eilish",2021-07-30,196730,78,false,iarecippo,2021-07-30T22:57:30Z,"","Darkroom/Interscope Records",0.895,0.389,7,-11.036,0,0.11,0.222,0.0346,0.105,0.549,110.023,4
spotify:track:3YUMWmx8EJq0DurfuIwoGh,"my future","Happier Than Ever","Billie Eilish",2021-07-30,210005,71,false,iarecippo,2021-07-30T22:57:30Z,"","Darkroom/Interscope Records",0.456,0.285,8,-10.755,1,0.0979,0.814,0.143,0.307,0.0809,104.89,4
spotify:track:4t2OeILB07eMGTXSUbMPEu,"Oxytocin","Happier Than Ever","Billie Eilish",2021-07-30,210232,72,false,iarecippo,2021-07-30T22:57:30Z,"","Darkroom/Interscope Records",0.757,0.598,11,-7.777,1,0.058,0.0904,0.551,0.15,0.18,124.951,4
spotify:track:0FfqyjhB6Kspvit1oOo7ax,"GOLDWING","Happier Than Ever","Billie Eilish",2021-07-30,151536,69,false,iarecippo,2021-07-30T22:57:30Z,"","Darkroom/Interscope Records",0.654,0.303,5,-13.943,0,0.126,0.755,0.159,0.0957,0.168,160.095,4
spotify:track:4191RXFPa7Ge9XkA4cWlna,"Lost Cause","Happier Than Ever","Billie Eilish",2021-07-30,212496,72,true,iarecippo,2021-07-30T22:57:30Z,"","Darkroom/Interscope Records",0.526,0.334,10,-8.491,0,0.251,0.702,0.00782,0.0586,0.522,74.966,4
spotify:track:5XsAal7ZcWg1I5T4NcRjkv,"Halley's Comet","Happier Than Ever","Billie Eilish",2021-07-30,234761,78,false,iarecippo,2021-07-30T22:57:30Z,"","Darkroom/Interscope Records",0.403,0.159,1,-16.728,0,0.104,0.961,0.0121,0.34,0.0381,72.38,4
spotify:track:5uSG6fUPRaehaV820zcpsK,"OverHeated","Happier Than Ever","Billie Eilish",2021-07-30,214058,68,true,iarecippo,2021-07-30T22:57:30Z,"","Darkroom/Interscope Records",0.777,0.522,8,-12.496,0,0.0535,0.527,0.838,0.0968,0.182,115.008,4
spotify:track:5jhBwnqzNNrENXnYrAdoCe,"Everybody Dies","Happier Than Ever","Billie Eilish",2021-07-30,206622,69,false,iarecippo,2021-07-30T22:57:30Z,"","Darkroom/Interscope Records",0.275,0.155,7,-17.285,0,0.0674,0.928,0.176,0.0888,0.0588,65.136,3
spotify:track:042Sl6Mn83JHyLEqdK7uI0,"Your Power","Happier Than Ever","Billie Eilish",2021-07-30,245896,76,false,iarecippo,2021-07-30T22:57:30Z,"","Darkroom/Interscope Records",0.632,0.284,9,-14.025,0,0.0801,0.932,0.000476,0.233,0.208,129.642,4
spotify:track:38GBNKZUhfBkk3oNlWzRYd,"NDA","Happier Than Ever","Billie Eilish",2021-07-30,195776,76,true,iarecippo,2021-07-30T22:57:30Z,"","Darkroom/Interscope Records",0.765,0.373,8,-9.921,1,0.0713,0.341,0.525,0.112,0.554,85.016,4
spotify:track:20R4HfKloPKgXDqU7UKk3x,"Therefore I Am","Happier Than Ever","Billie Eilish",2021-07-30,173539,75,false,iarecippo,2021-07-30T22:57:30Z,"","Darkroom/Interscope Records",0.879,0.365,2,-7.781,1,0.0924,0.227,0.135,0.0583,0.663,94.016,4
spotify:track:4RVwu0g32PAqgUiJoXsdF8,"Happier Than Ever","Happier Than Ever","Billie Eilish",2021-07-30,298899,86,true,iarecippo,2021-07-30T22:57:30Z,"","Darkroom/Interscope Records",0.332,0.225,0,-8.697,1,0.0348,0.767,0.00349,0.128,0.297,81.055,3
spotify:track:4ak9GGe6afmi2HbxEjvhIC,"Male Fantasy","Happier Than Ever","Billie Eilish",2021-07-30,194886,74,false,iarecippo,2021-07-30T22:57:30Z,"","Darkroom/Interscope Records",0.687,0.288,2,-10.415,1,0.045,0.863,0,0.0986,0.308,110.927,4
spotify:track:5ojPbXmC6iY8hM7aBJgzD5,"Hasta los Huesos","Paradox","George Arthur Calendar",2021-04-28,209985,1,false,iarecippo,2021-08-17T02:31:34Z,"latin r&b,mexican indie","Stereochip Records & Fachoso Records",0.431,0.447,4,-10.12,0,0.0388,0.286,0.202,0.115,0.408,120.501,4
spotify:track:1bLk9clXUrYli52LdMkTlX,"Lente Oscuro a.k.a Calypso","Paradox","George Arthur Calendar;Claude",2021-04-28,277000,2,false,iarecippo,2021-08-17T02:31:34Z,"latin r&b,mexican indie","Stereochip Records & Fachoso Records",0.704,0.388,2,-10.673,0,0.059,0.304,0.128,0.079,0.699,143.197,4
spotify:track:2fNpCAp0sVYDE46BagoTmK,"Pesadillas","Paradox","George Arthur Calendar;Picante",2021-04-28,271000,2,false,iarecippo,2021-08-17T02:31:34Z,"latin r&b,mexican indie","Stereochip Records & Fachoso Records",0.619,0.665,4,-8.486,0,0.0298,0.318,0.00172,0.188,0.706,101.447,4
spotify:track:3UTUr5INpmASQrqMQlrGT5,"Xmas (The Ballad of Tina & Dwight)","Paradox","George Arthur Calendar",2021-04-28,302000,0,false,iarecippo,2021-08-17T02:31:34Z,"latin r&b,mexican indie","Stereochip Records & Fachoso Records",0.579,0.471,9,-9.732,1,0.0307,0.646,0.5,0.119,0.173,123.03,4
spotify:track:7KoKstIPbQBCcv4zlivspZ,"Bottomless Tears and Bloody Mimosas","Paradox","George Arthur Calendar",2021-04-28,212000,2,false,iarecippo,2021-08-17T02:31:34Z,"latin r&b,mexican indie","Stereochip Records & Fachoso Records",0.624,0.577,9,-9.898,0,0.166,0.0605,0.000797,0.278,0.7,86.46,4
spotify:track:2l4BDmZW0NwCO9xXuaMPjk,"Balada","Paradox","George Arthur Calendar",2021-04-28,276000,0,false,iarecippo,2021-08-17T02:31:34Z,"latin r&b,mexican indie","Stereochip Records & Fachoso Records",0.45,0.565,4,-8.89,0,0.0267,0.14,0.0018,0.148,0.549,69.991,4
spotify:track:2XEIlOmWvKZD4Z1iSrCvD7,"Jazzcat","Paradox","George Arthur Calendar",2021-04-28,259000,1,false,iarecippo,2021-08-17T02:31:34Z,"latin r&b,mexican indie","Stereochip Records & Fachoso Records",0.647,0.332,0,-10.056,1,0.0295,0.364,0.129,0.0855,0.658,126.438,4
spotify:track:49vzuiR9YheTFslIuO4JRV,"Ffunny Ffrends","Unknown Mortal Orchestra","Unknown Mortal Orchestra",2011-06-21,256839,46,false,iarecippo,2021-08-20T13:01:00Z,"neo-psychedelic","Fat Possum",0.694,0.893,11,-4.673,1,0.0746,0.208,0.849,0.0869,0.641,90.968,4
spotify:track:2Vq8ZPNrdegTFx0KyG2Dfr,"Bicycle","Unknown Mortal Orchestra","Unknown Mortal Orchestra",2011-06-21,285333,27,false,iarecippo,2021-08-20T13:01:00Z,"neo-psychedelic","Fat Possum",0.658,0.923,1,-5.018,1,0.053,0.149,0.00000791,0.402,0.64,120.346,4
spotify:track:4c93AA7HpFvxvW1RkSAtSI,"Thought Ballune","Unknown Mortal Orchestra","Unknown Mortal Orchestra",2011-06-21,250066,29,false,iarecippo,2021-08-20T13:01:00Z,"neo-psychedelic","Fat Possum",0.802,0.82,6,-5.781,1,0.0952,0.568,0.0348,0.0611,0.641,108.085,4
spotify:track:1tVns3cKYyfKbcR55f9B2G,"Jello and Juggernauts","Unknown Mortal Orchestra","Unknown Mortal Orchestra",2011-06-21,203653,29,false,iarecippo,2021-08-20T13:01:00Z,"neo-psychedelic","Fat Possum",0.727,0.582,0,-3.932,0,0.0354,0.546,0.834,0.0965,0.333,96.231,4
spotify:track:3OwBfytpUhvPWAz2XY9c2z,"How Can You Luv Me","Unknown Mortal Orchestra","Unknown Mortal Orchestra",2011-06-21,207760,31,false,iarecippo,2021-08-20T13:01:00Z,"neo-psychedelic","Fat Possum",0.748,0.99,3,-4.568,0,0.125,0.294,0.908,0.345,0.851,130.969,4
spotify:track:4CiOxztA3id0eztX760roU,"Nerve Damage!","Unknown Mortal Orchestra","Unknown Mortal Orchestra",2011-06-21,134840,27,false,iarecippo,2021-08-20T13:01:00Z,"neo-psychedelic","Fat Possum",0.398,0.828,6,-7.242,1,0.173,0.162,0.747,0.339,0.462,154.878,4
spotify:track:7H98YipvknNHTvRw8voqkc,"Little Blu House","Unknown Mortal Orchestra","Unknown Mortal Orchestra",2011-06-21,180906,28,false,iarecippo,2021-08-20T13:01:00Z,"neo-psychedelic","Fat Possum",0.745,0.805,2,-6.724,1,0.183,0.245,0.734,0.307,0.816,116.829,4
spotify:track:3SlYreSPaNs4WrHocM29q2,"Strangers Are Strange","Unknown Mortal Orchestra","Unknown Mortal Orchestra",2011-06-21,144360,23,false,iarecippo,2021-08-20T13:01:00Z,"neo-psychedelic","Fat Possum",0.849,0.593,1,-7.376,1,0.181,0.417,0.849,0.202,0.597,102.268,4
spotify:track:5dalRkw5u1HTeFwfJQSDLz,"Boy Witch","Unknown Mortal Orchestra","Unknown Mortal Orchestra",2011-06-21,144760,22,false,iarecippo,2021-08-20T13:01:00Z,"neo-psychedelic","Fat Possum",0.436,0.887,3,-7.715,0,0.135,0.158,0.195,0.399,0.55,76.083,4
spotify:track:2mxYvWfMTe7ta5WpJALn2q,"Me Toca","De Primeira","Marina Sena",2021-08-19,186042,0,false,iarecippo,2021-08-22T15:18:20Z,"brazilian pop,new mpb,mpb","Marina Sena",0.786,0.677,5,-4.301,0,0.13,0.678,0.00000232,0.11,0.468,93.965,4
spotify:track:4mFyni5z0DnQLvXvaA8yWm,"Pelejei","De Primeira","Marina Sena",2021-08-19,196188,0,false,iarecippo,2021-08-22T15:18:20Z,"brazilian pop,new mpb,mpb","Marina Sena",0.743,0.703,5,-5.58,1,0.035,0.239,0.00212,0.104,0.967,130.013,4
spotify:track:7xVSNhAUQhUIpwfR6lTOwA,"Por Supuesto","De Primeira","Marina Sena",2021-08-19,186698,2,false,iarecippo,2021-08-22T15:18:20Z,"brazilian pop,new mpb,mpb","Marina Sena",0.825,0.574,2,-6.383,0,0.0485,0.665,0.00000494,0.0751,0.824,119.999,4
spotify:track:0PJIrPkirLvw8iJwYYZE4F,"Cabelo","De Primeira","Marina Sena",2021-08-19,251224,0,false,iarecippo,2021-08-22T15:18:20Z,"brazilian pop,new mpb,mpb","Marina Sena",0.694,0.72,7,-5.593,0,0.0408,0.208,0.0882,0.267,0.778,120.015,3
spotify:track:3aexu2VagwWh2r3pd3PAJW,"Voltei Pra Mim","De Primeira","Marina Sena",2021-08-19,198895,1,false,iarecippo,2021-08-22T15:18:20Z,"brazilian pop,new mpb,mpb","Marina Sena",0.694,0.739,2,-5.122,0,0.0368,0.548,0.292,0.353,0.917,119.985,4
spotify:track:2VysL4mXny5bFUvGeCxUQI,"Temporal","De Primeira","Marina Sena",2021-08-19,191395,0,false,iarecippo,2021-08-22T15:18:20Z,"brazilian pop,new mpb,mpb","Marina Sena",0.712,0.619,2,-5.8,0,0.0249,0.302,0.0251,0.0565,0.78,129.988,4
spotify:track:3whgVSSEQIOeF84eJBfPu0,"Tamborim","De Primeira","Marina Sena",2021-08-19,200489,0,false,iarecippo,2021-08-22T15:18:20Z,"brazilian pop,new mpb,mpb","Marina Sena",0.712,0.713,0,-5.939,0,0.0358,0.418,0.00131,0.123,0.855,135.014,4
spotify:track:7spqexR18TegyG9uJzm54o,"Amiúde","De Primeira","Marina Sena",2021-08-19,251033,0,false,iarecippo,2021-08-22T15:18:20Z,"brazilian pop,new mpb,mpb","Marina Sena",0.717,0.559,7,-7.166,0,0.0318,0.407,0.00000121,0.0878,0.371,109.954,4
spotify:track:5Vn6YWV0VSShhVdqR9OKHg,"Seu Olhar","De Primeira","Marina Sena",2021-08-19,191000,0,false,iarecippo,2021-08-22T15:18:20Z,"brazilian pop,new mpb,mpb","Marina Sena",0.795,0.797,5,-4.669,1,0.0338,0.526,0.00000412,0.16,0.968,129.948,4
spotify:track:2uaOvr9D5MyLKcyChif0SQ,"Santo","De Primeira","Marina Sena",2021-08-19,212269,0,false,iarecippo,2021-08-22T15:18:20Z,"brazilian pop,new mpb,mpb","Marina Sena",0.7,0.585,9,-7.283,0,0.0287,0.72,0,0.186,0.445,109.956,4
spotify:track:7CjIGr7hNFxH1ewr3Vaa5i,"Mulholland Drive","Mulholland Drive","Eyedress",2021-08-27,136346,0,false,iarecippo,2021-09-02T13:55:31Z,"","Lex Records",0.632,0.756,9,-7.021,0,0.0256,0.171,0.789,0.259,0.931,96.899,4
spotify:track:0xxJmxdsfdNIO4uChWpitR,"Midnight on a Sunny Day","Mulholland Drive","Eyedress;Bee Eyes",2021-08-27,163709,0,true,iarecippo,2021-09-02T13:55:31Z,"","Lex Records",0.463,0.637,2,-9.136,1,0.0332,0.881,0.971,0.396,0.863,144.269,4
spotify:track:4E6Dxj76ostVEmeefzlDP8,"Something About You","Mulholland Drive","Eyedress;Dent May",2021-08-27,153312,0,false,iarecippo,2021-09-02T13:55:31Z,"","Lex Records",0.648,0.781,9,-8.736,0,0.0271,0.0332,0.013,0.305,0.822,133.417,4
spotify:track:3ly1UP2TK7X3A3yIROl1h1,"Long Nights at the 711","Mulholland Drive","Eyedress",2021-08-27,76156,0,false,iarecippo,2021-09-02T13:55:31Z,"","Lex Records",0.541,0.817,1,-6.958,1,0.122,0.25,0.224,0.208,0.833,81.52,4
spotify:track:4u83bzJfqmQz0ycsRNIknR,"Fulfill the Dream","Mulholland Drive","Eyedress;Vex Ruffin",2021-08-27,96506,0,true,iarecippo,2021-09-02T13:55:31Z,"","Lex Records",0.53,0.867,6,-7.511,1,0.0339,0.827,0.108,0.224,0.682,105.545,4
spotify:track:1ymKSaijUH3NKuSS286KAO,"Spit on Your Grave","Mulholland Drive","Eyedress",2021-08-27,99515,0,true,iarecippo,2021-09-02T13:55:31Z,"","Lex Records",0.484,0.902,10,-9.289,0,0.203,0.0316,0.0000661,0.13,0.369,110.498,4
spotify:track:0udnGhCkQOz0ELhxDdvINe,"Brain Dead","Mulholland Drive","Eyedress",2021-08-27,145160,0,true,iarecippo,2021-09-02T13:55:31Z,"","Lex Records",0.591,0.725,9,-8.21,1,0.203,0.462,0.134,0.073,0.609,137.406,4
spotify:track:7KJU8Ot7xNrmuh30eDxGHp,"Dancing with My Demons","Mulholland Drive","Eyedress;Paul Cherry",2021-08-27,222625,0,false,iarecippo,2021-09-02T13:55:31Z,"bedroom pop","Lex Records",0.694,0.746,1,-7.434,1,0.034,0.0146,0.0844,0.84,0.793,110.58,4
spotify:track:3nSiyKdhc6euQaGDyW1UE1,"Body Dysmorphia","Mulholland Drive","Eyedress",2021-08-27,125085,0,true,iarecippo,2021-09-02T13:55:31Z,"","Lex Records",0.495,0.662,11,-7.899,1,0.0391,0.0493,0.909,0.119,0.966,165.209,4
spotify:track:3Z7xTHLYDAkvtLqQgdZTMZ,"Want You There Tomorrow","Mulholland Drive","Eyedress",2021-08-27,133875,0,false,iarecippo,2021-09-02T13:55:31Z,"","Lex Records",0.539,0.928,0,-8.952,1,0.0332,0.325,0.931,0.154,0.843,149.945,4
spotify:track:72K4SpcnmHIi7riQncQWD1,"Chad an Gordy","Mulholland Drive","Eyedress",2021-08-27,130421,0,true,iarecippo,2021-09-02T13:55:31Z,"","Lex Records",0.518,0.411,11,-8.5,0,0.0345,0.0445,0.731,0.0944,0.042,88.624,4
spotify:track:1dPLYr5jjmrt626qw6R6Lm,"Ride or Die","Mulholland Drive","Eyedress;Satchy",2021-08-27,239687,0,true,iarecippo,2021-09-02T13:55:31Z,"","Lex Records",0.587,0.382,3,-10.67,0,0.0268,0.783,0.836,0.0877,0.289,105.405,3
spotify:track:06lEy28Xlqv4ZjYOPsY0h4,"Keep It Real with You","Mulholland Drive","Eyedress;Elvia;DāM-FunK",2021-08-27,163375,0,true,iarecippo,2021-09-02T13:55:31Z,"g-funk,funk","Lex Records",0.709,0.503,11,-10.249,1,0.0402,0.518,0.849,0.113,0.452,96.333,4
spotify:track:4GxvM79e3Z9W568orqFDPR,"You Know Me","Mulholland Drive","Eyedress",2021-08-27,182687,0,false,iarecippo,2021-09-02T13:55:31Z,"","Lex Records",0.626,0.399,7,-6.725,1,0.0257,0.502,0.178,0.0846,0.421,98.47,4
spotify:track:7jHUMSowDZtF613cMOXZUK,"Prada","Mulholland Drive","Eyedress;Triathalon",2021-08-27,261006,0,false,iarecippo,2021-09-02T13:55:31Z,"bedroom pop","Lex Records",0.644,0.382,3,-5.468,0,0.0352,0.00832,0.151,0.0731,0.361,185.542,4
spotify:track:3YBfHJTZPHn5DqgMnD6g5g,"Atomic Vomit","The Lo-Fis","Steve Lacy",2020-12-04,90000,65,false,iarecippo,2021-09-02T21:22:48Z,"","L-M Records",0.667,0.532,2,-11.288,1,0.18,0.456,0.0122,0.12,0.882,86.576,4
spotify:track:4QUsmmXmINYXwh7UsiMX2j,"When I","The Lo-Fis","Steve Lacy",2020-12-04,60952,61,false,iarecippo,2021-09-02T21:22:48Z,"","L-M Records",0.824,0.68,5,-10.422,1,0.0476,0.0292,0.835,0.0676,0.67,125.961,4
spotify:track:0SkgmGr08TvWQciNRgRtmc,"Thats No Fun","The Lo-Fis","Steve Lacy",2020-12-04,161900,63,true,iarecippo,2021-09-02T21:22:48Z,"","L-M Records",0.542,0.723,3,-5.18,1,0.0428,0.77,0.00000275,0.625,0.294,83.078,4
spotify:track:0QkIWTxOYYK4pHgOKYmPhY,"Cocky Girl","The Lo-Fis","Steve Lacy",2020-12-04,53333,55,false,iarecippo,2021-09-02T21:22:48Z,"","L-M Records",0.686,0.437,0,-10.04,0,0.0984,0.601,0.0000282,0.153,0.579,71.652,4
spotify:track:6M0EP76qW9TG4SNU0agu94,"Uuuu","The Lo-Fis","Steve Lacy",2020-12-04,90708,74,false,iarecippo,2021-09-02T21:22:48Z,"","L-M Records",0.947,0.616,9,-3.602,1,0.0415,0.0168,0.259,0.0658,0.968,127.082,4
spotify:track:06wlFUDDfck4732GJz6LvZ,"Jars of It","The Lo-Fis","Steve Lacy",2020-12-04,144500,59,false,iarecippo,2021-09-02T21:22:48Z,"","L-M Records",0.658,0.796,11,-7.328,1,0.0318,0.0207,0.744,0.228,0.961,93.034,4
spotify:track:5yeGSsoKFW1cq5WWnDY9oJ,"Bars. 16","The Lo-Fis","Steve Lacy",2020-12-04,46904,53,false,iarecippo,2021-09-02T21:22:48Z,"","L-M Records",0.623,0.646,7,-11.921,1,0.0533,0.413,0.794,0.118,0.965,82.013,4
spotify:track:0f8eRy9A0n6zXpKSHSCAEp,"Infrunami","The Lo-Fis","Steve Lacy",2020-12-04,178328,86,false,iarecippo,2021-09-02T21:22:48Z,"","L-M Records",0.826,0.299,9,-7.721,1,0.0446,0.31,0.0952,0.0758,0.215,97.012,4
spotify:track:2oT0kNNDv94u44BC2NB97z,"Hummer","The Lo-Fis","Steve Lacy",2020-12-04,71518,51,false,iarecippo,2021-09-02T21:22:48Z,"","L-M Records",0.881,0.596,7,-9.925,0,0.201,0.111,0.518,0.111,0.583,94.019,4
spotify:track:0fBFp8ItmAfAqPHZx8qQsh,"4real","The Lo-Fis","Steve Lacy",2020-12-04,144000,54,false,iarecippo,2021-09-02T21:22:48Z,"","L-M Records",0.698,0.982,10,-5.573,1,0.044,0.0000244,0.313,0.142,0.706,120.048,4
spotify:track:2uZ6JeQqRFo6vmSiK6dHE9,"I Think I Should","The Lo-Fis","Steve Lacy",2020-12-04,99253,64,false,iarecippo,2021-09-02T21:22:48Z,"","L-M Records",0.641,0.547,6,-6.921,0,0.0268,0.588,0.0027,0.161,0.902,96.6,4
spotify:track:51xt4m8vbKuizX6VSDFPh9,"Daze","The Lo-Fis","Steve Lacy",2020-12-04,72838,57,false,iarecippo,2021-09-02T21:22:48Z,"","L-M Records",0.858,0.95,1,-7.301,0,0.0393,0.112,0.0182,0.239,0.724,118.578,3
spotify:track:3G9tyuUoBVNTDXY0icrUVf,"Out of Me Head","The Lo-Fis","Steve Lacy",2020-12-04,141055,66,false,iarecippo,2021-09-02T21:22:48Z,"","L-M Records",0.799,0.39,8,-14.592,1,0.102,0.397,0.711,0.107,0.978,88.509,4
spotify:track:2mqXKSieDASoq4N5739wCz,"Donchano","The Lo-Fis","Steve Lacy",2020-12-04,98686,67,false,iarecippo,2021-09-02T21:22:48Z,"","L-M Records",0.674,0.489,11,-7.257,0,0.125,0.624,0.00195,0.236,0.772,207.947,3
spotify:track:3REOvSCJjr1Tt9UmJ63rsf,"The Song","The Lo-Fis","Steve Lacy",2020-12-04,66246,53,false,iarecippo,2021-09-02T21:22:48Z,"","L-M Records",0.859,0.73,4,-7.262,0,0.294,0.628,0.00304,0.135,0.953,135.992,3
spotify:track:3PSfMFmcGw51MXtXDhMAk6,"dance yrself clean - live at madison square garden","the long goodbye (lcd soundsystem live at madison square garden)","LCD Soundsystem",2014-04-19,588520,40,false,iarecippo,2021-09-08T20:45:53Z,"alternative dance,new rave","Parlophone UK",0.6,0.811,8,-10.199,0,0.102,0.0126,0.05,0.969,0.38,100.894,4
spotify:track:0VlwNqdYmZlSQdS3aqGK1g,"drunk girls - live at madison square garden","the long goodbye (lcd soundsystem live at madison square garden)","LCD Soundsystem",2014-04-19,220040,30,false,iarecippo,2021-09-08T20:45:53Z,"alternative dance,new rave","Parlophone UK",0.381,0.939,9,-7.578,1,0.139,0.0658,0.402,0.944,0.435,155.142,4
spotify:track:3omsrBRkvcl5i3GApKPkkf,"i can change - live at madison square garden","the long goodbye (lcd soundsystem live at madison square garden)","LCD Soundsystem",2014-04-19,382906,33,false,iarecippo,2021-09-08T20:45:53Z,"alternative dance,new rave","Parlophone UK",0.673,0.718,1,-9.304,1,0.0419,0.00252,0.318,0.698,0.936,116.729,4
spotify:track:0I4xv5nkCwtTmUbwjUAsOK,"time to get away - live at madison square garden","the long goodbye (lcd soundsystem live at madison square garden)","LCD Soundsystem",2014-04-19,248306,30,false,iarecippo,2021-09-08T20:45:53Z,"alternative dance,new rave","Parlophone UK",0.773,0.801,7,-11.721,0,0.186,0.00505,0.00104,0.698,0.687,132.899,4
spotify:track:541l6MBwcHK5beA6j9E90I,"get innocuous! - live at madison square garden","the long goodbye (lcd soundsystem live at madison square garden)","LCD Soundsystem",2014-04-19,412573,30,false,iarecippo,2021-09-08T20:45:53Z,"alternative dance,new rave","Parlophone UK",0.62,0.869,10,-10.578,1,0.035,0.000105,0.604,0.737,0.723,118.99,4
spotify:track:4jSy0HTIoC9yiwZ8OVyTCW,"daft punk is playing at my house - live at madison square garden","the long goodbye (lcd soundsystem live at madison square garden)","LCD Soundsystem",2014-04-19,315066,31,false,iarecippo,2021-09-08T20:45:53Z,"alternative dance,new rave","Parlophone UK",0.51,0.849,1,-7.972,1,0.119,0.000546,0.000748,0.689,0.887,164.207,4
spotify:track:3Gi1KZanZEKf9j9G9yVneI,"too much love - live at madison square garden","the long goodbye (lcd soundsystem live at madison square garden)","LCD Soundsystem",2014-04-19,282306,27,false,iarecippo,2021-09-08T20:45:53Z,"alternative dance,new rave","Parlophone UK",0.7,0.9,6,-11.823,1,0.041,0.000116,0.804,0.762,0.791,119.708,4
spotify:track:6EZHmGcjdXdEesMMNtOdBY,"all my friends - live at madison square garden","the long goodbye (lcd soundsystem live at madison square garden)","LCD Soundsystem",2014-04-19,440106,42,false,iarecippo,2021-09-08T20:45:53Z,"alternative dance,new rave","Parlophone UK",0.485,0.872,10,-9.876,1,0.0615,0.00847,0.749,0.962,0.588,145.349,4
spotify:track:14PzsoNAM9wcVQadrlUTyt,"tired / heart of the sunrise - live at madison square garden","the long goodbye (lcd soundsystem live at madison square garden)","LCD Soundsystem",2014-04-19,177840,32,false,iarecippo,2021-09-08T20:45:53Z,"alternative dance,new rave","Parlophone UK",0.0935,0.944,9,-7.129,1,0.081,0.000816,0.936,0.847,0.28,164.185,4
spotify:track:5hfVnQF1rVDdkYAnxnv8vY,"45:33 Intro - live at madison square garden","the long goodbye (lcd soundsystem live at madison square garden)","LCD Soundsystem",2014-04-19,109520,32,false,iarecippo,2021-09-08T20:45:53Z,"alternative dance,new rave","Parlophone UK",0.313,0.337,4,-18.992,0,0.038,0.623,0.929,0.472,0.313,51.761,4
spotify:track:6HhFgEBHu25b8gy8Bl4eG0,"you can't hide / shame on you - live at madison square garden","the long goodbye (lcd soundsystem live at madison square garden)","LCD Soundsystem",2014-04-19,297906,43,false,iarecippo,2021-09-08T20:45:53Z,"alternative dance,new rave","Parlophone UK",0.555,0.705,2,-9.67,0,0.0472,0.0496,0.0183,0.216,0.781,117.219,4
spotify:track:08ufvnfjnRRKHxFLRlgZLk,"sound of silver - live at madison square garden","the long goodbye (lcd soundsystem live at madison square garden)","LCD Soundsystem",2014-04-19,297693,27,false,iarecippo,2021-09-08T20:45:53Z,"alternative dance,new rave","Parlophone UK",0.484,0.82,1,-13.651,1,0.0473,0.00344,0.133,0.871,0.357,121.143,4
spotify:track:2kW2GEXQi005WdbxLX6fOD,"out in space - live at madison square garden","the long goodbye (lcd soundsystem live at madison square garden)","LCD Soundsystem",2014-04-19,624813,32,false,iarecippo,2021-09-08T20:45:53Z,"alternative dance,new rave","Parlophone UK",0.564,0.858,2,-12.198,1,0.0424,0.000314,0.879,0.262,0.554,125.206,4
spotify:track:0SDEbOisFtH6j2Ahlz6m6B,"ships talking - live at madison square garden","the long goodbye (lcd soundsystem live at madison square garden)","LCD Soundsystem",2014-04-19,561506,25,false,iarecippo,2021-09-08T20:45:53Z,"alternative dance,new rave","Parlophone UK",0.386,0.667,0,-12.374,0,0.0401,0.00025,0.853,0.779,0.0702,131.451,4
spotify:track:6puwSHqJW1f7men3ItxCfF,"freak out/starry eyes - llve at madison square garden","the long goodbye (lcd soundsystem live at madison square garden)","LCD Soundsystem",2014-04-19,625133,24,false,iarecippo,2021-09-08T20:45:53Z,"alternative dance,new rave","Parlophone UK",0.723,0.927,4,-10.563,1,0.0796,0.00713,0.0721,0.937,0.393,95.545,4
spotify:track:1C5clIP355I4ujVGQv4UCw,"us v them - live at madison square garden","the long goodbye (lcd soundsystem live at madison square garden)","LCD Soundsystem",2014-04-19,561413,28,false,iarecippo,2021-09-08T20:45:53Z,"alternative dance,new rave","Parlophone UK",0.547,0.821,9,-11.935,1,0.0447,0.00341,0.0504,0.615,0.457,139.783,4
spotify:track:0xUOxFCKPRDl7Q2vLswVjd,"north american scum - live at madison square garden","the long goodbye (lcd soundsystem live at madison square garden)","LCD Soundsystem",2014-04-19,320106,27,false,iarecippo,2021-09-08T20:45:53Z,"alternative dance,new rave","Parlophone UK",0.51,0.851,9,-8.194,0,0.252,0.000719,0.855,0.96,0.331,158.385,4
spotify:track:7eiNpjA6MTPUMxVHLjI7wz,"bye bye bayou - live at madison square garden","the long goodbye (lcd soundsystem live at madison square garden)","LCD Soundsystem",2014-04-19,281640,24,false,iarecippo,2021-09-08T20:45:53Z,"alternative dance,new rave","Parlophone UK",0.732,0.687,11,-13.551,0,0.0881,0.00367,0.275,0.741,0.563,123.51,4
spotify:track:6TMLLYz0r9vddd7zlYhycz,"you wanted a hit - live at madison square garden","the long goodbye (lcd soundsystem live at madison square garden)","LCD Soundsystem",2014-04-19,467280,27,false,iarecippo,2021-09-08T20:45:53Z,"alternative dance,new rave","Parlophone UK",0.75,0.645,2,-13.029,0,0.0785,0.00472,0.61,0.348,0.605,131.883,4
spotify:track:7fFpChnhdXzxsEAy2oVKlO,"tribulations - live at madison square garden","the long goodbye (lcd soundsystem live at madison square garden)","LCD Soundsystem",2014-04-19,290773,30,false,iarecippo,2021-09-08T20:45:53Z,"alternative dance,new rave","Parlophone UK",0.484,0.762,11,-11.808,0,0.0329,0.00000856,0.722,0.941,0.395,139.509,4
spotify:track:7suaBMm5cHO6EP7vfW71wW,"movement - live at madison square garden","the long goodbye (lcd soundsystem live at madison square garden)","LCD Soundsystem",2014-04-19,255840,25,false,iarecippo,2021-09-08T20:45:53Z,"alternative dance,new rave","Parlophone UK",0.517,0.795,9,-8.045,1,0.124,0.00026,0.872,0.743,0.343,103.685,4
spotify:track:3HWrfHac943nur8t4jYGbM,"yeah - live at madison square garden","the long goodbye (lcd soundsystem live at madison square garden)","LCD Soundsystem",2014-04-19,754520,27,false,iarecippo,2021-09-08T20:45:53Z,"alternative dance,new rave","Parlophone UK",0.508,0.852,1,-10.58,1,0.0776,0.000137,0.749,0.874,0.312,134.731,4
spotify:track:54QqqKoR9SrIcUXS6aZr4S,"someone great - live at madison square garden","the long goodbye (lcd soundsystem live at madison square garden)","LCD Soundsystem",2014-04-19,392106,28,false,iarecippo,2021-09-08T20:45:53Z,"alternative dance,new rave","Parlophone UK",0.415,0.642,7,-12.922,1,0.0673,0.00628,0.00713,0.163,0.268,114.09,4
spotify:track:0YbaMbJJ2eZypwZLLMPIDa,"losing my edge - live at madison square garden","the long goodbye (lcd soundsystem live at madison square garden)","LCD Soundsystem",2014-04-19,528226,28,false,iarecippo,2021-09-08T20:45:53Z,"alternative dance,new rave","Parlophone UK",0.76,0.894,5,-10.799,1,0.0596,0.00112,0.539,0.716,0.637,117.331,4
spotify:track:1XSjYk7vbJf3IjMINDvcA5,"home - live at madison square garden","the long goodbye (lcd soundsystem live at madison square garden)","LCD Soundsystem",2014-04-19,427360,31,false,iarecippo,2021-09-08T20:45:53Z,"alternative dance,new rave","Parlophone UK",0.561,0.789,1,-11.565,0,0.0407,0.0143,0.3,0.815,0.418,129.488,4
spotify:track:1z7l5DOkoBzceCGF7TWbik,"all i want - live at madison square garden","the long goodbye (lcd soundsystem live at madison square garden)","LCD Soundsystem",2014-04-19,354186,26,false,iarecippo,2021-09-08T20:45:53Z,"alternative dance,new rave","Parlophone UK",0.333,0.89,7,-9.107,1,0.052,0.275,0.922,0.962,0.734,137.689,4
spotify:track:0RgDhd6Ww7o6HKRJm5lWf5,"jump into the fire - live at madison square garden","the long goodbye (lcd soundsystem live at madison square garden)","LCD Soundsystem",2014-04-19,435706,26,false,iarecippo,2021-09-08T20:45:53Z,"alternative dance,new rave","Parlophone UK",0.287,0.931,7,-8.917,0,0.107,0.000363,0.599,0.397,0.284,156.563,4
spotify:track:6TQuiL5lY6mULveuvY1s7h,"new york, i love you but you're bringing me down - live at madison square garden","the long goodbye (lcd soundsystem live at madison square garden)","LCD Soundsystem",2014-04-19,594866,30,false,iarecippo,2021-09-08T20:45:53Z,"alternative dance,new rave","Parlophone UK",0.237,0.491,5,-10.388,1,0.0427,0.00887,0.38,0.382,0.0392,153.713,3
spotify:track:2Ws7l5qxaTsrc5qHLgUQBo,"Half an Inch - Metronomy x Pinty","Posse EP Volume 1","Metronomy;Pinty",2021-09-15,160885,20,true,iarecippo,2021-09-15T11:15:10Z,"new rave,alternative dance,jazz house","Because Music Ltd.",0.596,0.754,9,-8.387,0,0.26,0.0618,0,0.0752,0.589,106.21,4
spotify:track:1fiXkZcXb2k5NzqnRtxeGM,"405 - Metronomy x Biig Piig","Posse EP Volume 1","Metronomy;Biig Piig",2021-09-15,265505,24,false,iarecippo,2021-09-15T11:15:10Z,"new rave,alternative dance","Because Music Ltd.",0.725,0.455,0,-10.154,1,0.0313,0.227,0.0615,0.128,0.437,129.987,4
spotify:track:1fUQKI5LT9hyFktJLO5U09,"Uneasy - Metronomy x spill tab","Posse EP Volume 1","Metronomy;spill tab",2021-09-15,203262,24,false,iarecippo,2021-09-15T11:15:10Z,"new rave,alternative dance,bedroom pop","Because Music Ltd.",0.832,0.529,1,-9.57,0,0.0601,0.31,0.027,0.098,0.352,118.038,4
spotify:track:47fn0paHt4iYliRd2Th4B4,"Out of Touch - Metronomy x Sorry","Posse EP Volume 1","Metronomy;Sorry",2021-09-15,198110,20,false,iarecippo,2021-09-15T11:15:10Z,"new rave,alternative dance","Because Music Ltd.",0.747,0.383,0,-12.192,1,0.0285,0.4,0.253,0.101,0.448,105.032,4
spotify:track:3uge0EpDZWUEQwJk4jW5rI,"Monday - Metronomy x Brian Nasty x Folly Group","Posse EP Volume 1","Metronomy;Brian Nasty;Folly Group",2021-09-15,240890,18,false,iarecippo,2021-09-15T11:15:10Z,"new rave,alternative dance,post-punk,egg punk","Because Music Ltd.",0.56,0.711,1,-9.293,0,0.0325,0.00736,0.00000438,0.106,0.0704,104.97,4
spotify:track:312aqZsJH2rtVH4mZqyNQk,"Caving In - Live","Levitation Sessions (Live)","Post Animal",2021-09-10,311213,14,false,iarecippo,2021-09-15T13:42:38Z,"neo-psychedelic,psychedelic rock","The Reverberation Appreciation Society",0.279,0.686,5,-6.298,1,0.0313,0.0468,0.794,0.498,0.187,138.26,4
spotify:track:1MdIhZhv1hJcf81qbpg7zK,"Gelatin Mode - Live","Levitation Sessions (Live)","Post Animal",2021-09-10,364433,13,false,iarecippo,2021-09-15T13:42:38Z,"neo-psychedelic,psychedelic rock","The Reverberation Appreciation Society",0.29,0.913,8,-6.435,1,0.0707,0.00114,0.0379,0.121,0.307,125.037,3
spotify:track:3khaqHE0rBl0EoLcbnB5zw,"Schedule - Live","Levitation Sessions (Live)","Post Animal",2021-09-10,282250,11,false,iarecippo,2021-09-15T13:42:38Z,"neo-psychedelic,psychedelic rock","The Reverberation Appreciation Society",0.542,0.845,2,-6.142,1,0.0402,0.0294,0.000463,0.0933,0.253,98.004,4
spotify:track:0r56VGF71j2kRcyi796noV,"Safe or Not - Live","Levitation Sessions (Live)","Post Animal",2021-09-10,338687,11,false,iarecippo,2021-09-15T13:42:38Z,"neo-psychedelic,psychedelic rock","The Reverberation Appreciation Society",0.538,0.78,0,-5.853,1,0.0353,0.00538,0.292,0.0996,0.139,104.955,4
spotify:track:2BD0hgBAQDRXpiI0z3GNEp,"You Know Better - Live","Levitation Sessions (Live)","Post Animal",2021-09-10,210812,10,false,iarecippo,2021-09-15T13:42:38Z,"neo-psychedelic,psychedelic rock","The Reverberation Appreciation Society",0.71,0.685,4,-5.112,0,0.0248,0.0114,0.669,0.142,0.27,115.047,4
spotify:track:6xklm1Fk6EzwZowXIqgrLk,"Ralphie - Live","Levitation Sessions (Live)","Post Animal",2021-09-10,276000,12,false,iarecippo,2021-09-15T13:42:38Z,"neo-psychedelic,psychedelic rock","The Reverberation Appreciation Society",0.334,0.879,5,-4.413,1,0.0672,0.000235,0.00216,0.226,0.577,148.277,4
spotify:track:674wdb8l2qb1y6kR9L4o1x,"Thank You for Listening - Live","Levitation Sessions (Live)","Post Animal",2021-09-10,41125,8,false,iarecippo,2021-09-15T13:42:38Z,"neo-psychedelic,psychedelic rock","The Reverberation Appreciation Society",0.612,0.188,9,-22.122,0,0.483,0.765,0.00000306,0.273,0.39,150.614,4
spotify:track:1bkGhCVh5UjFrrHmQBYTt1,"Your Life Away - Live","Levitation Sessions (Live)","Post Animal",2021-09-10,354375,9,false,iarecippo,2021-09-15T13:42:38Z,"neo-psychedelic,psychedelic rock","The Reverberation Appreciation Society",0.417,0.681,9,-5.514,1,0.0284,0.00125,0.7,0.219,0.137,147.836,5
spotify:track:69d1LHB8ZtssnHTHMz981G,"Planet Earth and Its Many Ecosystems - Live","Levitation Sessions (Live)","Post Animal",2021-09-10,67145,8,false,iarecippo,2021-09-15T13:42:38Z,"neo-psychedelic,psychedelic rock","The Reverberation Appreciation Society",0.382,0.267,2,-19.455,1,0.037,0.00000325,0.917,0.323,0.0664,110.004,3
spotify:track:4HMCEs25T3eyXHBCfoGW6y,"Post Animal - Live","Levitation Sessions (Live)","Post Animal",2021-09-10,256440,11,false,iarecippo,2021-09-15T13:42:38Z,"neo-psychedelic,psychedelic rock","The Reverberation Appreciation Society",0.35,0.967,2,-5.608,1,0.0879,0.000128,0.167,0.297,0.0928,166.823,4
spotify:track:4nyPihzY8LzEyCvykqPTre,"In a Paradise - Live","Levitation Sessions (Live)","Post Animal",2021-09-10,344914,11,false,iarecippo,2021-09-15T13:42:38Z,"neo-psychedelic,psychedelic rock","The Reverberation Appreciation Society",0.156,0.91,2,-6.334,1,0.0625,0.0000476,0.106,0.105,0.153,159.863,4
spotify:track:5fozWQXY5gAp8PDMWo8sq2,"How Do You Feel - Live","Levitation Sessions (Live)","Post Animal",2021-09-10,360904,11,false,iarecippo,2021-09-15T13:42:38Z,"neo-psychedelic,psychedelic rock","The Reverberation Appreciation Society",0.41,0.896,1,-5.084,0,0.0636,0.00102,0.00656,0.109,0.503,80.039,4
spotify:track:5Qdr8c4DWoTnVRAfWjU5vx,"When I Get Home - Live","Levitation Sessions (Live)","Post Animal",2021-09-10,290203,12,false,iarecippo,2021-09-15T13:42:38Z,"neo-psychedelic,psychedelic rock","The Reverberation Appreciation Society",0.217,0.514,0,-6.266,1,0.037,0.00191,0.392,0.109,0.103,151.746,4
spotify:track:7GV0b4e1k9863vN8ePY475,"Goggles - Live","Levitation Sessions (Live)","Post Animal",2021-09-10,391300,11,false,iarecippo,2021-09-15T13:42:38Z,"neo-psychedelic,psychedelic rock","The Reverberation Appreciation Society",0.283,0.695,9,-5.456,1,0.0391,0.0171,0.282,0.827,0.109,128.487,4
spotify:track:7gId2HGOPLG0cJQloVfa53,"Sifting - Live","Levitation Sessions (Live)","Post Animal",2021-09-10,84477,8,false,iarecippo,2021-09-15T13:42:38Z,"neo-psychedelic,psychedelic rock","The Reverberation Appreciation Society",0.21,0.435,9,-6.286,1,0.0363,0.0252,0.982,0.116,0.0757,84.857,3
spotify:track:1eINu6IcyH2qY3R5QRoNHQ,"One in a Million","Apoptosis","Inner Wave",2021-09-30,237086,0,false,iarecippo,2021-09-30T10:28:35Z,"","Inner Wave",0.568,0.868,11,-6.33,0,0.0267,0.012,0.866,0.225,0.64,91.905,4
spotify:track:6lCcvXnrAe6Fzscd4EQu5g,"Rey","Apoptosis","Inner Wave",2021-09-30,204470,0,false,iarecippo,2021-09-30T10:28:35Z,"","Inner Wave",0.462,0.891,4,-5.761,1,0.047,0.00793,0.863,0.15,0.568,170.112,4
spotify:track:58gYZpNEBSJUajiS7zDg0O,"Fever","Apoptosis","Inner Wave",2021-09-30,174363,0,false,iarecippo,2021-09-30T10:28:35Z,"","Inner Wave",0.544,0.779,5,-5.668,0,0.0269,0.0317,0.788,0.0801,0.675,99.975,4
spotify:track:2g3ZGz2PKMq9COiDvuC6un,"Memory(Trees)","Apoptosis","Inner Wave",2021-09-30,256338,0,false,iarecippo,2021-09-30T10:28:35Z,"","Inner Wave",0.425,0.622,1,-6.692,0,0.0306,0.0108,0.358,0.149,0.503,156.007,4
spotify:track:19yeJjgQbK84fHbD88Ehzx,"June","Apoptosis","Inner Wave",2021-09-30,159049,0,false,iarecippo,2021-09-30T10:28:35Z,"","Inner Wave",0.664,0.717,9,-7.869,0,0.0381,0.0247,0.326,0.331,0.581,109.984,4
spotify:track:3nu45THstblvRUN3dDGCSo,"Reach","Apoptosis","Inner Wave",2021-09-30,146824,0,false,iarecippo,2021-09-30T10:28:35Z,"","Inner Wave",0.418,0.747,1,-6.141,1,0.0355,0.0475,0.77,0.362,0.646,151.964,4
spotify:track:1oUzqlvWeygAJLihPbrE7v,"Nature","Apoptosis","Inner Wave",2021-09-30,202261,0,false,iarecippo,2021-09-30T10:28:35Z,"","Inner Wave",0.343,0.565,0,-6.919,1,0.0379,0.00282,0.0998,0.0872,0.309,146.788,4
spotify:track:6tDKAgPtT6H0zuRGPnkpmW,"Take 3","Apoptosis","Inner Wave",2021-09-30,236599,0,false,iarecippo,2021-09-30T10:28:35Z,"","Inner Wave",0.666,0.605,4,-7.812,0,0.0388,0.124,0.812,0.106,0.761,90.004,4
spotify:track:044yVDQ9PFAkzcsUgbIFom,"O","Apoptosis","Inner Wave",2021-09-30,136589,0,false,iarecippo,2021-09-30T10:28:35Z,"","Inner Wave",0.619,0.834,10,-6.481,1,0.0405,0.0768,0.878,0.134,0.684,112.911,4
spotify:track:4Fg3HUctci4ep24ocdVu09,"Air","Apoptosis","Inner Wave",2021-09-30,248374,0,false,iarecippo,2021-09-30T10:28:35Z,"","Inner Wave",0.491,0.745,2,-7.898,1,0.032,0.329,0.881,0.145,0.334,136.024,4
spotify:track:03Hrw2kDwy7FWVvladfQ6E,"Mystery","Apoptosis","Inner Wave",2021-09-30,231417,0,false,iarecippo,2021-09-30T10:28:35Z,"","Inner Wave",0.611,0.666,2,-7.575,0,0.0289,0.00958,0.921,0.261,0.857,115.126,4
spotify:track:2JqtHc6vrwkiXVOc7iWG8R,"Bones","Apoptosis","Inner Wave",2021-09-30,197697,0,false,iarecippo,2021-09-30T10:28:35Z,"","Inner Wave",0.477,0.562,2,-7.452,0,0.0248,0.0282,0.612,0.129,0.272,92.969,3
spotify:track:0wJxcrIP9JucTErkCqx2MM,"Song For Agnes","9","Pond;Halo Maud",2021-10-01,254637,27,false,iarecippo,2021-10-03T13:31:26Z,"neo-psychedelic,psychedelic rock,french indie pop","Spinning Top Records",0.356,0.846,11,-6.817,0,0.0552,0.151,0.0000104,0.182,0.232,89.996,4
spotify:track:4YlOq4SkgNgI3gbSsUTDRl,"Human Touch","9","Pond",2021-10-01,200382,32,true,iarecippo,2021-10-03T13:31:26Z,"neo-psychedelic,psychedelic rock","Spinning Top Records",0.509,0.98,8,-6.923,1,0.108,0.0543,0.00716,0.137,0.152,147.956,4
spotify:track:5ZLXsvtqmIcpePe0KPuvrz,"America's Cup","9","Pond",2021-10-01,229595,44,false,iarecippo,2021-10-03T13:31:26Z,"neo-psychedelic,psychedelic rock","Spinning Top Records",0.625,0.756,9,-5.652,1,0.0358,0.0402,0.000149,0.0862,0.681,105.655,4
spotify:track:01fdJQg7hkJZV0PgXidvDG,"Take Me Avalon I'm Young","9","Pond",2021-10-01,211370,26,false,iarecippo,2021-10-03T13:31:26Z,"neo-psychedelic,psychedelic rock","Spinning Top Records",0.625,0.8,1,-6.728,1,0.0477,0.0107,0.00894,0.204,0.733,150.057,4
spotify:track:4yZuekbSQRz0EPr8sepen1,"Pink Lunettes","9","Pond",2021-10-01,346036,25,false,iarecippo,2021-10-03T13:31:26Z,"neo-psychedelic,psychedelic rock","Spinning Top Records",0.614,0.933,8,-7.505,1,0.098,0.00321,0.00262,0.182,0.203,132.008,4
spotify:track:3AXThFtnpQuUnIpQH6Uhnw,"Czech Locomotive","9","Pond",2021-10-01,291714,19,false,iarecippo,2021-10-03T13:31:26Z,"neo-psychedelic,psychedelic rock","Spinning Top Records",0.55,0.6,1,-8.94,1,0.034,0.00705,0.0529,0.361,0.0536,99.76,4
spotify:track:0VsdoCQ09wJ86rZpV5bzPN,"Rambo","9","Pond",2021-10-01,303757,22,false,iarecippo,2021-10-03T13:31:26Z,"neo-psychedelic,psychedelic rock","Spinning Top Records",0.591,0.938,2,-5.896,1,0.0708,0.000663,0.00401,0.061,0.44,134.98,4
spotify:track:5gjcKvc87KgD9VOFalOBXd,"Gold Cup / Plastic Sole","9","Pond",2021-10-01,266477,23,false,iarecippo,2021-10-03T13:31:26Z,"neo-psychedelic,psychedelic rock","Spinning Top Records",0.445,0.616,1,-7.451,0,0.0326,0.0742,0.18,0.0731,0.119,150.06,4
spotify:track:24T3pT2TQsqx9RN5US9ZeT,"Toast","9","Pond",2021-10-01,249955,32,false,iarecippo,2021-10-03T13:31:26Z,"neo-psychedelic,psychedelic rock","Spinning Top Records",0.62,0.505,0,-7.958,0,0.0292,0.0433,0.457,0.0796,0.412,129.701,4
spotify:track:4OQ9QaKIGEElvMb5edFo0h,"Warmth of the Sun","Warmth of the Sun","levitation room",2018-04-27,168070,0,false,iarecippo,2021-10-07T12:20:24Z,"neo-psychedelic,psychedelic rock,surf rock","Greenway Records",0.347,0.737,9,-4.74,1,0.0324,0.0000065,0.277,0.166,0.751,123.183,4
spotify:track:5xXlNvazxOqKxgszalUUi7,"Midsummer's Daydream","Warmth of the Sun","levitation room",2018-04-27,215979,0,false,iarecippo,2021-10-07T12:20:24Z,"neo-psychedelic,psychedelic rock,surf rock","Greenway Records",0.442,0.654,9,-5.498,0,0.0286,0.00000179,0.923,0.0679,0.728,114.002,4
spotify:track:7xFs8MqB2wPmqsfkaARWfM,"Loved","Minds Of Our Own","levitation room",2015-02-07,231173,0,false,iarecippo,2021-10-07T12:45:23Z,"neo-psychedelic,psychedelic rock,surf rock","Record Union",0.445,0.79,5,-7.148,0,0.0369,0.0000808,0.126,0.346,0.854,124.084,4
spotify:track:75p50i86rpYDguPjMo5oiO,"There Are No Words","Minds Of Our Own","levitation room",2015-02-07,142760,0,false,iarecippo,2021-10-07T12:45:23Z,"neo-psychedelic,psychedelic rock,surf rock","Record Union",0.427,0.727,7,-3.991,0,0.0326,0.000127,0.322,0.111,0.899,130.054,4
spotify:track:6S4HP9hhTI8INa94vl6U8u,"Reasons Why","Minds Of Our Own","levitation room",2015-02-07,161480,0,false,iarecippo,2021-10-07T12:45:23Z,"neo-psychedelic,psychedelic rock,surf rock","Record Union",0.298,0.7,10,-6.144,0,0.0358,0.000069,0.809,0.162,0.784,123.745,4
spotify:track:2ygggLogRbCSGvRHH77lrN,"Firebird Lane","Minds Of Our Own","levitation room",2015-02-07,282866,0,false,iarecippo,2021-10-07T12:45:23Z,"neo-psychedelic,psychedelic rock,surf rock","Record Union",0.368,0.68,9,-6.343,1,0.0313,0.263,0.1,0.226,0.544,117.05,4
spotify:track:43NI5sAcvDLG7QQAmUc7UU,"Friends","Minds Of Our Own","levitation room",2015-02-07,217666,0,false,iarecippo,2021-10-07T12:45:23Z,"neo-psychedelic,psychedelic rock,surf rock","Record Union",0.639,0.509,2,-10.354,1,0.0288,0.002,0.000485,0.0834,0.739,100.157,4
spotify:track:4bGYyAqQm13lCL2cvYCCKW,"Visions Of My Mind","Minds Of Our Own","levitation room",2015-02-07,167293,0,false,iarecippo,2021-10-07T12:45:23Z,"neo-psychedelic,psychedelic rock,surf rock","Record Union",0.258,0.646,0,-4.55,1,0.0443,0.00000554,0.696,0.481,0.686,117.69,4
spotify:track:6KkCuHNbOAWJzycgOEGpIg,"Start","channel ORANGE (Explicit Version)","Frank Ocean",2012-07-10,45640,0,false,iarecippo,2021-10-07T13:48:12Z,"","Red Zone Entertainment / IDJ",0.347,0.33,7,-19.761,1,0.149,0.74,0.931,0.557,0.0316,82.85,5
spotify:track:5mphdlILgAq3vh1MSvAJTS,"Thinkin Bout You","channel ORANGE (Explicit Version)","Frank Ocean",2012-07-10,200746,5,false,iarecippo,2021-10-07T13:48:12Z,"","Red Zone Entertainment / IDJ",0.721,0.339,0,-11.195,1,0.0532,0.409,0.00153,0.0973,0.2,129.83,4
spotify:track:5MXB4YBEm0GZwS9Nbs3JqM,"Fertilizer","channel ORANGE (Explicit Version)","Frank Ocean",2012-07-10,39640,0,true,iarecippo,2021-10-07T13:48:12Z,"","Red Zone Entertainment / IDJ",0.706,0.57,11,-7.129,1,0.0841,0.689,0.0698,0.288,0.96,115.864,4
spotify:track:4XgpXhvf9JBbKPtX84DFN7,"Sierra Leone","channel ORANGE (Explicit Version)","Frank Ocean",2012-07-10,148760,0,true,iarecippo,2021-10-07T13:48:12Z,"","Red Zone Entertainment / IDJ",0.529,0.608,7,-7.809,1,0.0811,0.166,0.0185,0.109,0.616,125.017,4
spotify:track:6fbjdXZNtoAJbJZUeT87Ii,"Sweet Life","channel ORANGE (Explicit Version)","Frank Ocean",2012-07-10,262680,0,true,iarecippo,2021-10-07T13:48:12Z,"","Red Zone Entertainment / IDJ",0.479,0.558,11,-6.074,1,0.179,0.227,0,0.0808,0.8,83.465,4
spotify:track:3VPmKgOCy3NGyyA4xaWwPd,"Not Just Money","channel ORANGE (Explicit Version)","Frank Ocean",2012-07-10,59760,0,false,iarecippo,2021-10-07T13:48:12Z,"","Red Zone Entertainment / IDJ",0.357,0.827,11,-15.868,0,0.444,0.775,0.0213,0.493,0.103,152.13,1
spotify:track:0K9oqDmJBgSFjXU1bUY9Fk,"Super Rich Kids","channel ORANGE (Explicit Version)","Frank Ocean;Earl Sweatshirt",2012-07-10,304760,0,true,iarecippo,2021-10-07T13:48:12Z,"experimental hip hop,alternative hip hop","Red Zone Entertainment / IDJ",0.739,0.419,3,-8.241,0,0.0854,0.219,0,0.196,0.58,60.493,4
spotify:track:5ITIiswssMSAdTJ9ZDEI8D,"Pilot Jones","channel ORANGE (Explicit Version)","Frank Ocean",2012-07-10,184080,0,false,iarecippo,2021-10-07T13:48:12Z,"","Red Zone Entertainment / IDJ",0.394,0.433,8,-13.473,1,0.374,0.485,0.0000781,0.817,0.394,118.986,1
spotify:track:125FPswReMD9Ggvn69M7Ch,"Crack Rock","channel ORANGE (Explicit Version)","Frank Ocean",2012-07-10,224146,0,true,iarecippo,2021-10-07T13:48:12Z,"","Red Zone Entertainment / IDJ",0.429,0.736,5,-8.017,1,0.222,0.0696,0,0.0852,0.379,89.261,4
spotify:track:0rbK15g3UsDTVy1EuwgKYz,"Pyramids","channel ORANGE (Explicit Version)","Frank Ocean",2012-07-10,592920,0,true,iarecippo,2021-10-07T13:48:12Z,"","Red Zone Entertainment / IDJ",0.4,0.65,5,-6.104,0,0.0466,0.0118,0.0000762,0.791,0.15,107.989,4
spotify:track:4L7jMAP8UcIe309yQmkdcO,"Lost","channel ORANGE (Explicit Version)","Frank Ocean",2012-07-10,234093,4,true,iarecippo,2021-10-07T13:48:12Z,"","Red Zone Entertainment / IDJ",0.913,0.603,8,-4.892,1,0.226,0.0272,0.000503,0.167,0.497,123.061,4
spotify:track:6j9pCKVaJYNF7AdaNVTAaE,"White","channel ORANGE (Explicit Version)","Frank Ocean;John Mayer",2012-07-10,76280,0,false,iarecippo,2021-10-07T13:48:12Z,"singer-songwriter","Red Zone Entertainment / IDJ",0.608,0.0664,1,-18.857,1,0.0596,0.758,0.945,0.0978,0.294,139.232,4
spotify:track:3YXVl3FvIrvhgSW9ME3qNf,"Monks","channel ORANGE (Explicit Version)","Frank Ocean",2012-07-10,200240,0,true,iarecippo,2021-10-07T13:48:12Z,"","Red Zone Entertainment / IDJ",0.747,0.758,0,-4.743,0,0.179,0.0521,0,0.214,0.601,102.02,4
spotify:track:6jy12gDerHRUSwiEhfs9C6,"Bad Religion","channel ORANGE (Explicit Version)","Frank Ocean",2012-07-10,175453,0,false,iarecippo,2021-10-07T13:48:12Z,"","Red Zone Entertainment / IDJ",0.359,0.367,9,-7.684,1,0.0335,0.738,0.00000143,0.0736,0.104,83.331,4
spotify:track:0C3W4yLCuyUxIEwkSpBO8H,"Pink Matter","channel ORANGE (Explicit Version)","Frank Ocean;André 3000",2012-07-10,268813,0,true,iarecippo,2021-10-07T13:48:12Z,"ambient jazz","Red Zone Entertainment / IDJ",0.392,0.233,11,-11.012,0,0.0587,0.951,0.000322,0.106,0.494,176.569,3
spotify:track:6RBAJlxHY9Ulvw2y7yk4aX,"Forrest Gump","channel ORANGE (Explicit Version)","Frank Ocean",2012-07-10,194840,0,false,iarecippo,2021-10-07T13:48:12Z,"","Red Zone Entertainment / IDJ",0.701,0.417,6,-7.818,0,0.0329,0.0888,0.000648,0.375,0.186,95.003,4
spotify:track:3liAea2gyRKm8nWubcwsvl,"End","channel ORANGE (Explicit Version)","Frank Ocean",2012-07-10,134600,0,false,iarecippo,2021-10-07T13:48:12Z,"","Red Zone Entertainment / IDJ",0.476,0.299,2,-17.997,1,0.131,0.383,0.752,0.0878,0.384,119.488,4
spotify:track:4S4QJfBGGrC8jRIjJHf1Ka,"Pain","to hell with it","PinkPantheress",2021-10-15,98544,84,false,iarecippo,2021-10-15T13:07:12Z,"bedroom pop","Parlophone UK",0.829,0.617,1,-8.497,1,0.14,0.227,0.00306,0.0618,0.81,125.605,4
spotify:track:2rrq3SGYxk90xLx5fMmPhZ,"I Must Apologise","to hell with it","PinkPantheress",2021-10-15,108373,77,false,iarecippo,2021-10-15T13:07:12Z,"bedroom pop","Parlophone UK",0.616,0.856,9,-6.098,1,0.0457,0.516,0.0652,0.245,0.75,157.109,4
spotify:track:5aX9ocVkS6HqK5orEbsOoe,"Last Valentines","to hell with it","PinkPantheress",2021-10-15,73053,64,false,iarecippo,2021-10-15T13:07:12Z,"bedroom pop","Parlophone UK",0.704,0.843,11,-7.854,0,0.0448,0.0663,0.00574,0.347,0.68,150.025,4
spotify:track:0QezBrYzFFT0f68zK6EvZI,"Passion","to hell with it","PinkPantheress",2021-10-15,138268,69,false,iarecippo,2021-10-15T13:07:12Z,"bedroom pop","Parlophone UK",0.699,0.628,0,-5.163,0,0.0369,0.49,0.782,0.101,0.607,79.968,4
spotify:track:1Vrj9Vcbb0lOG94pQbYvzv,"Just for Me","to hell with it","PinkPantheress",2021-10-15,116213,71,false,iarecippo,2021-10-15T13:07:12Z,"bedroom pop","Parlophone UK",0.804,0.609,0,-7.848,1,0.0633,0.68,0.00253,0.261,0.713,133.043,4
spotify:track:5w9YU63asHqNFyWq3nCsSl,"Noticed I Cried","to hell with it","PinkPantheress",2021-10-15,82226,59,false,iarecippo,2021-10-15T13:07:12Z,"bedroom pop","Parlophone UK",0.499,0.856,11,-5.705,1,0.061,0.0544,0.131,0.0734,0.394,163.956,4
spotify:track:0REGWAoURfSLQe5hQhlsKK,"Reason","to hell with it","PinkPantheress",2021-10-15,131906,59,false,iarecippo,2021-10-15T13:07:12Z,"bedroom pop","Parlophone UK",0.543,0.833,5,-6.548,0,0.0582,0.0065,0.0746,0.1,0.281,167.183,4
spotify:track:3ZpqeV6u8cheGopIXQlHfH,"All My Friends Know","to hell with it","PinkPantheress",2021-10-15,118813,63,false,iarecippo,2021-10-15T13:07:12Z,"bedroom pop","Parlophone UK",0.719,0.549,10,-8.297,1,0.147,0.327,0.148,0.117,0.192,102.092,4
spotify:track:5XmI1062gtk39XjFMRye0K,"Nineteen","to hell with it","PinkPantheress",2021-10-15,153306,59,false,iarecippo,2021-10-15T13:07:12Z,"bedroom pop","Parlophone UK",0.539,0.571,6,-8.98,1,0.045,0.109,0,0.215,0.244,89.964,4
spotify:track:78ul3D77noQsYjSwvwiPU1,"Break It Off - Bonus","to hell with it","PinkPantheress",2021-10-15,96133,76,false,iarecippo,2021-10-15T13:07:12Z,"bedroom pop","Parlophone UK",0.552,0.904,11,-4.891,0,0.114,0.0027,0.00000885,0.0786,0.746,171.788,4
spotify:track:30SMBUorSDHpkmytg3VSns,"Una Rosa","Una Rosa","Xenia Rubinos",2021-10-15,179580,10,false,iarecippo,2021-10-25T19:08:49Z,"","Anti/Epitaph",0.226,0.249,2,-11.398,0,0.0342,0.924,0.266,0.13,0.403,80.961,3
spotify:track:1O7mDwAbhgtdaImnMB7y3j,"Ay Hombre","Una Rosa","Xenia Rubinos",2021-10-15,258976,8,false,iarecippo,2021-10-25T19:08:49Z,"","Anti/Epitaph",0.338,0.426,9,-5.599,0,0.0416,0.786,0.00144,0.305,0.161,175.878,4
spotify:track:5mKoDE3hZqVHvv1ZAwUBR6,"Working All The Time","Una Rosa","Xenia Rubinos",2021-10-15,120504,7,false,iarecippo,2021-10-25T19:08:49Z,"","Anti/Epitaph",0.398,0.849,5,-3.564,1,0.121,0.423,0,0.18,0.55,78.924,4
spotify:track:1VZ3eVEVDkl8suVIFGOC4k,"Sacude","Una Rosa","Xenia Rubinos",2021-10-15,250045,9,false,iarecippo,2021-10-25T19:08:49Z,"","Anti/Epitaph",0.61,0.755,5,-5.372,0,0.194,0.301,0.00000714,0.229,0.482,124.788,4
spotify:track:6VNQx4hC2m6ihWMFBPlZJN,"Who Shot Ya?","Una Rosa","Xenia Rubinos",2021-10-15,211929,8,false,iarecippo,2021-10-25T19:08:49Z,"","Anti/Epitaph",0.627,0.625,8,-8.216,0,0.0421,0.683,0.0000162,0.116,0.439,147.374,4
spotify:track:4H9DVnB0tttHC3K3dUwsH5,"Cógelo Suave","Una Rosa","Xenia Rubinos",2021-10-15,203982,10,false,iarecippo,2021-10-25T19:08:49Z,"","Anti/Epitaph",0.398,0.607,1,-7.282,1,0.0546,0.49,0.00504,0.196,0.275,89.884,4
spotify:track:23Bg5Dw0iQ01SCks05ouzK,"Darkest Hour","Una Rosa","Xenia Rubinos",2021-10-15,99585,4,false,iarecippo,2021-10-25T19:08:49Z,"","Anti/Epitaph",0.404,0.681,11,-6.668,0,0.207,0.728,0.426,0.153,0.187,84.682,3
spotify:track:0iCEcnS6hnUYWh1FGbByJ9,"Don't Put Me In Red","Una Rosa","Xenia Rubinos",2021-10-15,226521,8,false,iarecippo,2021-10-25T19:08:49Z,"","Anti/Epitaph",0.427,0.302,8,-7.801,1,0.046,0.831,0.00000159,0.278,0.335,143.758,4
spotify:track:7B7TnSD7bmjiqw6CvBzCCp,"Worst Behavior","Una Rosa","Xenia Rubinos",2021-10-15,192461,5,false,iarecippo,2021-10-25T19:08:49Z,"","Anti/Epitaph",0.609,0.728,6,-7.676,0,0.038,0.0467,0.0000022,0.277,0.229,114.935,4
spotify:track:25FVv1DPCCd1jGwDBV67bN,"Did My Best","Una Rosa","Xenia Rubinos",2021-10-15,282570,7,false,iarecippo,2021-10-25T19:08:49Z,"","Anti/Epitaph",0.276,0.371,11,-7.066,1,0.0337,0.563,0.00000455,0.101,0.0822,109.729,4
spotify:track:0sgUWpkHl4FVnUIziI61Vt,"Si Llego","Una Rosa","Xenia Rubinos",2021-10-15,198364,6,false,iarecippo,2021-10-25T19:08:49Z,"","Anti/Epitaph",0.481,0.416,11,-8.368,0,0.0365,0.326,0.00145,0.345,0.127,175.875,4
spotify:track:1mWXS8FQ0kAh3kEdhYwABn,"What Is This Voice?","Una Rosa","Xenia Rubinos",2021-10-15,162218,3,false,iarecippo,2021-10-25T19:08:49Z,"","Anti/Epitaph",0.479,0.354,0,-11.208,1,0.277,0.401,0.000328,0.0805,0.19,174.335,4
spotify:track:388EZomtpCdbgCDDjh3FEJ,"FIN","Una Rosa","Xenia Rubinos",2021-10-15,65297,2,false,iarecippo,2021-10-25T19:08:49Z,"","Anti/Epitaph",0.315,0.000221,0,-25.035,1,0.0502,0.988,0.981,0.102,0,67.618,5
spotify:track:1Mqte6Op3X3yD7QTptpbBp,"Meu Coco","Meu Coco","Caetano Veloso",2021-10-21,189615,26,false,iarecippo,2021-10-26T13:29:36Z,"mpb,bossa nova,samba","Sony Music Entertainment",0.663,0.346,11,-11.12,0,0.0992,0.803,0.00154,0.417,0.499,78.058,4
spotify:track:06SQ9CQMU5rsRLLhd2JGhr,"Ciclâmen do Líbano","Meu Coco","Caetano Veloso",2021-10-21,245599,24,false,iarecippo,2021-10-26T13:29:36Z,"mpb,bossa nova,samba","Sony Music Entertainment",0.654,0.266,8,-18.713,1,0.0477,0.759,0.00579,0.492,0.448,89.987,4
spotify:track:4EuI8U1vNiNKcsevSGHfMY,"Anjos Tronchos","Meu Coco","Caetano Veloso",2021-10-21,232114,28,false,iarecippo,2021-10-26T13:29:36Z,"mpb,bossa nova,samba","Sony Music Entertainment",0.508,0.164,5,-13.819,1,0.0393,0.875,0.0206,0.0981,0.0632,109.989,4
spotify:track:1TVrt7EWaqTLOSi8ZT1TG8,"Não Vou Deixar","Meu Coco","Caetano Veloso",2021-10-21,251738,31,false,iarecippo,2021-10-26T13:29:36Z,"mpb,bossa nova,samba","Sony Music Entertainment",0.537,0.334,5,-13.707,0,0.257,0.871,0.0758,0.0789,0.541,180.2,4
spotify:track:4IEhFYs3I0iwODuKIwNPuJ,"Autoacalanto","Meu Coco","Caetano Veloso",2021-10-21,138866,25,false,iarecippo,2021-10-26T13:29:36Z,"mpb,bossa nova,samba","Sony Music Entertainment",0.642,0.0516,9,-18.631,0,0.0656,0.94,0.000126,0.126,0.375,95.333,4
spotify:track:7FDVRQuzthfjvtCtmeAsFi,"GilGal","Meu Coco","Caetano Veloso",2021-10-21,241723,23,false,iarecippo,2021-10-26T13:29:36Z,"mpb,bossa nova,samba","Sony Music Entertainment",0.88,0.368,2,-14.556,1,0.189,0.407,0.00131,0.086,0.843,148.022,4
spotify:track:4wchNT7SdCct9PZfPtqIQH,"Cobre","Meu Coco","Caetano Veloso",2021-10-21,188721,21,false,iarecippo,2021-10-26T13:29:36Z,"mpb,bossa nova,samba","Sony Music Entertainment",0.393,0.133,0,-15.159,1,0.0419,0.865,0.00222,0.104,0.308,79.841,4
spotify:track:0Y8zkKLXfOJXKx52snADKS,"Pardo","Meu Coco","Caetano Veloso",2021-10-21,224534,23,false,iarecippo,2021-10-26T13:29:36Z,"mpb,bossa nova,samba","Sony Music Entertainment",0.514,0.39,2,-13.524,1,0.0473,0.454,0.102,0.115,0.498,114.644,5
spotify:track:4v0dwfxRuwR1l13h4xWFQY,"Você-Você","Meu Coco","Caetano Veloso;Carminho",2021-10-21,240355,29,false,iarecippo,2021-10-26T13:29:36Z,"mpb,bossa nova,samba,fado","Sony Music Entertainment",0.659,0.134,8,-15.14,1,0.0428,0.948,0.00143,0.113,0.323,111.982,4
spotify:track:1pIwgYq2uM1Q2nu9DTODGP,"Sem Samba Não Dá","Meu Coco","Caetano Veloso",2021-10-21,212014,42,false,iarecippo,2021-10-26T13:29:36Z,"mpb,bossa nova,samba","Sony Music Entertainment",0.722,0.613,7,-10.627,1,0.0464,0.722,0.0204,0.109,0.969,167.909,4
spotify:track:0JjKTZwZ8eCwpbgwQXbkiH,"Noite de Cristal","Meu Coco","Caetano Veloso",2021-10-21,182853,24,false,iarecippo,2021-10-26T13:29:36Z,"mpb,bossa nova,samba","Sony Music Entertainment",0.633,0.263,9,-12.035,1,0.0434,0.724,0.000178,0.113,0.339,97.103,5
spotify:track:11u6Qkl4ri0fMWZIQDmFUJ,"Missing U","Honey","Robyn",2018-10-26,297268,47,false,iarecippo,2021-10-27T13:37:56Z,"swedish pop","Universal-Island Records Ltd.",0.702,0.666,5,-8.307,0,0.0463,0.0472,0.000119,0.139,0.109,119.93,4
spotify:track:0jC1BtfrbATACVSAi8XNuP,"Human Being","Honey","Robyn;Zhala",2018-10-26,226367,34,false,iarecippo,2021-10-27T13:37:56Z,"swedish pop","Universal-Island Records Ltd.",0.729,0.566,1,-10.114,1,0.0365,0.679,0.524,0.0891,0.244,110.424,4
spotify:track:0lReIdYs36MsAAKno9OCtV,"Because It's In The Music","Honey","Robyn",2018-10-26,274083,37,false,iarecippo,2021-10-27T13:37:56Z,"swedish pop","Universal-Island Records Ltd.",0.764,0.611,11,-6.514,0,0.0543,0.0306,0.0000108,0.167,0.12,109.826,4
spotify:track:4WONLwwoPAgAvVGeU5mo8I,"Baby Forgive Me","Honey","Robyn",2018-10-26,256377,38,false,iarecippo,2021-10-27T13:37:56Z,"swedish pop","Universal-Island Records Ltd.",0.683,0.442,9,-14.771,1,0.0415,0.773,0.536,0.127,0.14,105.624,4
spotify:track:0EHITQpN5gz0Rsu49Xr1W3,"Send To Robin Immediately","Honey","Robyn",2018-10-26,239712,40,false,iarecippo,2021-10-27T13:37:56Z,"swedish pop","Universal-Island Records Ltd.",0.328,0.48,4,-12.185,0,0.0652,0.548,0.398,0.101,0.152,107.94,4
spotify:track:2JJw0uh08pNLYzFzBUAX8Y,"Honey","Honey","Robyn",2018-10-26,294002,48,false,iarecippo,2021-10-27T13:37:56Z,"swedish pop","Universal-Island Records Ltd.",0.652,0.604,11,-8.666,0,0.101,0.0179,0.000589,0.119,0.068,115.953,4
spotify:track:6RNUqUThhl7ozH5yz5D4ei,"Between The Lines","Honey","Robyn",2018-10-26,245997,35,false,iarecippo,2021-10-27T13:37:56Z,"swedish pop","Universal-Island Records Ltd.",0.892,0.451,0,-9.393,1,0.141,0.102,0.000222,0.0816,0.468,111.988,4
spotify:track:3GODcwK6J6s5ESmnuO9Euz,"Beach2k20","Honey","Robyn",2018-10-26,329450,31,false,iarecippo,2021-10-27T13:37:56Z,"swedish pop","Universal-Island Records Ltd.",0.824,0.512,11,-10.834,0,0.0662,0.0243,0.147,0.0673,0.596,121.317,4
spotify:track:5roA4B7kIG83zCWHBWenca,"Ever Again","Honey","Robyn",2018-10-26,264026,47,true,iarecippo,2021-10-27T13:37:56Z,"swedish pop","Universal-Island Records Ltd.",0.942,0.539,4,-10.442,0,0.0866,0.0229,0.000276,0.0887,0.727,125.035,4
spotify:track:35iR1qzexmbcUSgA01S4gI,"Colorado","Trip Tape","Milky Chance",2021-11-03,174347,62,false,iarecippo,2021-11-09T12:24:53Z,"","Muggelig Records GmbH",0.79,0.744,9,-7.033,0,0.0294,0.287,0.000934,0.0909,0.798,123.984,4
spotify:track:1wAPbQ5XjbZqPl0WDl5mHH,"Tainted Love","Trip Tape","Milky Chance",2021-11-03,179473,61,false,iarecippo,2021-11-09T12:24:53Z,"","Muggelig Records GmbH",0.843,0.335,9,-11.537,0,0.102,0.539,0.373,0.147,0.408,113.979,4
spotify:track:0K7CNVLDJbYY3x2yBqNGTa,"Cold Summer Breeze","Trip Tape","Milky Chance",2021-11-03,184283,49,false,iarecippo,2021-11-09T12:24:53Z,"","Muggelig Records GmbH",0.736,0.675,9,-6.875,0,0.153,0.149,0.126,0.256,0.684,89.97,4
spotify:track:5ti4MjhnxmSYstOAQ1JxU0,"Love Again","Trip Tape","Milky Chance",2021-11-03,198267,51,false,iarecippo,2021-11-09T12:24:53Z,"","Muggelig Records GmbH",0.8,0.52,10,-9.831,0,0.115,0.239,0.432,0.142,0.468,96.012,4
spotify:track:5nB6fornCoHFMEHRdPY5Aw,"La Noche De Anoche","Trip Tape","Milky Chance",2021-11-03,218939,44,false,iarecippo,2021-11-09T12:24:53Z,"","Muggelig Records GmbH",0.785,0.503,0,-10.472,1,0.0811,0.238,0.49,0.134,0.694,143.037,4
spotify:track:6eqWA6blXyJWkt2BjZdX8d,"Levitating - Acoustic","Trip Tape","Milky Chance",2021-11-03,136839,48,false,iarecippo,2021-11-09T12:24:53Z,"","Muggelig Records GmbH",0.428,0.286,11,-9.853,0,0.0451,0.913,0,0.559,0.292,60.042,4
spotify:track:1X6Kmaa2Yq70vF0cIQ6V0f,"Save Your Tears (Acoustic)","Trip Tape","Milky Chance",2021-11-03,183277,58,false,iarecippo,2021-11-09T12:24:53Z,"","Muggelig Records GmbH",0.766,0.523,1,-9.495,0,0.0322,0.751,0,0.363,0.691,119.981,4
spotify:track:776XbFOvr4AwQZIOEq4Fcc,"Butterfly_Demo","Trip Tape","Milky Chance",2021-11-03,183761,51,false,iarecippo,2021-11-09T12:24:53Z,"","Muggelig Records GmbH",0.906,0.874,7,-7.479,1,0.0702,0.635,0.00778,0.108,0.741,115.975,4
spotify:track:0IuTdfzNpHNBoLyMotxuFi,"Lights Out_Demo","Trip Tape","Milky Chance",2021-11-03,234415,43,false,iarecippo,2021-11-09T12:24:53Z,"","Muggelig Records GmbH",0.472,0.566,0,-8.31,1,0.309,0.395,0.0000252,0.0994,0.784,199.803,4
spotify:track:7oXEkw9sXGNFOQaL19mDym,"Lately_Demo","Trip Tape","Milky Chance",2021-11-03,181114,34,false,iarecippo,2021-11-09T12:24:53Z,"","Muggelig Records GmbH",0.846,0.605,0,-7.077,1,0.088,0.148,0.000462,0.209,0.881,100.02,4
spotify:track:4aV5hIe9rB6Zb6XXrAqxFP,"Addicted_Demo","Trip Tape","Milky Chance",2021-11-03,165879,29,false,iarecippo,2021-11-09T12:24:53Z,"","Muggelig Records GmbH",0.767,0.631,7,-7.483,0,0.0368,0.0696,0.831,0.343,0.835,140.034,4
spotify:track:62CeNjGbvQnpQvyyGXeeDU,"Silk Sonic Intro","An Evening With Silk Sonic","Bruno Mars;Anderson .Paak;Silk Sonic",2021-11-12,63060,0,false,iarecippo,2021-11-12T12:15:23Z,"","Aftermath Entertainment/Atlantic",0.696,0.553,1,-8.702,1,0.0759,0.097,0.00000391,0.617,0.674,114.993,4
spotify:track:0LDiaSudHOYJ8e473mv5uY,"Leave The Door Open","An Evening With Silk Sonic","Bruno Mars;Anderson .Paak;Silk Sonic",2021-11-12,242096,0,false,iarecippo,2021-11-12T12:15:23Z,"","Aftermath Entertainment/Atlantic",0.586,0.616,5,-7.964,1,0.0324,0.182,0,0.0927,0.719,148.088,4
spotify:track:7GuP2hQO9oprADjY3gRhCT,"Fly As Me","An Evening With Silk Sonic","Bruno Mars;Anderson .Paak;Silk Sonic",2021-11-12,219389,1,false,iarecippo,2021-11-12T12:15:23Z,"","Aftermath Entertainment/Atlantic",0.783,0.627,2,-8.521,1,0.102,0.00756,0,0.0606,0.48,100.025,4
spotify:track:0crw01bqnefvDUDjsuKraD,"After Last Night (with Thundercat & Bootsy Collins)","An Evening With Silk Sonic","Bruno Mars;Anderson .Paak;Silk Sonic;Thundercat;Bootsy Collins",2021-11-12,249444,1,false,iarecippo,2021-11-12T12:15:23Z,"funk","Aftermath Entertainment/Atlantic",0.651,0.703,0,-8.958,0,0.0816,0.0297,0,0.0608,0.647,140.051,4
spotify:track:6M4jdLdM7wLGungMV9gsCS,"Smokin Out The Window","An Evening With Silk Sonic","Bruno Mars;Anderson .Paak;Silk Sonic",2021-11-12,197442,0,false,iarecippo,2021-11-12T12:15:23Z,"","Aftermath Entertainment/Atlantic",0.627,0.618,2,-8.529,1,0.0437,0.0558,0,0.351,0.848,82.03,4
spotify:track:4bbJw6usZSqkcmnqjSIOWx,"Put On A Smile","An Evening With Silk Sonic","Bruno Mars;Anderson .Paak;Silk Sonic",2021-11-12,255455,1,false,iarecippo,2021-11-12T12:15:23Z,"","Aftermath Entertainment/Atlantic",0.548,0.627,9,-8.949,1,0.0409,0.0471,0,0.285,0.493,143.994,4
spotify:track:4WnmTHCNN45jvQCrlbEWs0,"Skate","An Evening With Silk Sonic","Bruno Mars;Anderson .Paak;Silk Sonic",2021-11-12,203122,0,false,iarecippo,2021-11-12T12:15:23Z,"","Aftermath Entertainment/Atlantic",0.708,0.598,5,-8.365,1,0.0291,0.037,0,0.17,0.698,112.027,4
spotify:track:5ywsqu9AEJnEJhJ05Vf9Me,"Blast Off","An Evening With Silk Sonic","Bruno Mars;Anderson .Paak;Silk Sonic",2021-11-12,284870,0,false,iarecippo,2021-11-12T12:15:23Z,"","Aftermath Entertainment/Atlantic",0.482,0.548,11,-9.946,1,0.0373,0.0363,0.00000228,0.3,0.346,76.017,4
spotify:track:4brdb8L2Cy3e9AN8IfV9l8,"Text Book","Blue Banisters","Lana Del Rey",2021-10-22,303227,59,false,iarecippo,2021-11-17T01:50:50Z,"","Polydor Records",0.424,0.318,2,-9.915,0,0.0427,0.824,0.000542,0.114,0.102,119.396,3
spotify:track:4U9ACZETPOqGuJkWtjkjLF,"Blue Banisters","Blue Banisters","Lana Del Rey",2021-10-22,293692,59,false,iarecippo,2021-11-17T01:50:50Z,"","Polydor Records",0.373,0.114,5,-13.171,1,0.041,0.937,0.0000473,0.104,0.172,90.945,1
spotify:track:3EZTyh1wJEmreJH1aULPCj,"Arcadia","Blue Banisters","Lana Del Rey",2021-10-22,263399,60,false,iarecippo,2021-11-17T01:50:50Z,"","Polydor Records",0.323,0.106,10,-10.374,1,0.0323,0.97,0.0000594,0.108,0.158,91.455,4
spotify:track:5rmIMPXAlfidbd9f2AfwlQ,"Interlude - The Trio","Blue Banisters","Lana Del Rey",2021-10-22,75960,56,false,iarecippo,2021-11-17T01:50:50Z,"","Polydor Records",0.376,0.493,2,-14.03,1,0.0372,0.000689,0.901,0.153,0.119,102.845,4
spotify:track:2LQGoKFKkZ9yk3UeYFj2xo,"Black Bathing Suit","Blue Banisters","Lana Del Rey",2021-10-22,318040,60,true,iarecippo,2021-11-17T01:50:50Z,"","Polydor Records",0.418,0.377,11,-11.612,1,0.0738,0.852,0.0000461,0.374,0.283,113.936,4
spotify:track:1RPsOAaHaRu8JlVdeaciuL,"If You Lie Down With Me","Blue Banisters","Lana Del Rey",2021-10-22,265186,65,false,iarecippo,2021-11-17T01:50:50Z,"","Polydor Records",0.641,0.346,0,-9.508,1,0.036,0.913,0.0000399,0.104,0.187,122.101,4
spotify:track:5uPpzqixdzAMXprr4P5aT5,"Beautiful","Blue Banisters","Lana Del Rey",2021-10-22,215760,59,false,iarecippo,2021-11-17T01:50:50Z,"","Polydor Records",0.552,0.202,6,-10.685,1,0.043,0.96,0.00154,0.225,0.237,78.021,4
spotify:track:7iqQz931tn59mK6IZ3knRx,"Dealer","Blue Banisters","Lana Del Rey",2021-10-22,274293,77,true,iarecippo,2021-11-17T01:50:50Z,"","Polydor Records",0.602,0.59,0,-6.346,0,0.0279,0.318,0.000166,0.104,0.381,130.08,4
spotify:track:4y9vLiQ9mQb6XNEtc4K6ou,"Thunder","Blue Banisters","Lana Del Rey",2021-10-22,259466,73,true,iarecippo,2021-11-17T01:50:50Z,"","Polydor Records",0.483,0.475,3,-8.442,1,0.0291,0.674,0.00167,0.115,0.237,73.862,4
spotify:track:7fvTXmlzhOUE7WUD6aJC4N,"Wildflower Wildfire","Blue Banisters","Lana Del Rey",2021-10-22,287840,60,false,iarecippo,2021-11-17T01:50:50Z,"","Polydor Records",0.547,0.205,7,-10.021,0,0.0277,0.873,0.0502,0.113,0.222,105.745,3
spotify:track:3qydJy5jc1UslvHkm3Hrve,"Nectar Of The Gods","Blue Banisters","Lana Del Rey",2021-10-22,259893,59,true,iarecippo,2021-11-17T01:50:50Z,"","Polydor Records",0.447,0.165,10,-9.275,1,0.0342,0.888,0.0000014,0.177,0.122,101.758,4
spotify:track:6pZ9Nj3vzj1RW4ZkR9GcQ9,"Living Legend","Blue Banisters","Lana Del Rey",2021-10-22,241426,71,false,iarecippo,2021-11-17T01:50:50Z,"","Polydor Records",0.402,0.219,7,-9.244,1,0.0318,0.935,0.0034,0.102,0.166,126.595,4
spotify:track:6bGevdEVEoEbLK72WFfIYR,"Cherry Blossom","Blue Banisters","Lana Del Rey",2021-10-22,197933,61,false,iarecippo,2021-11-17T01:50:50Z,"","Polydor Records",0.413,0.119,7,-12.499,1,0.0348,0.982,0.00219,0.112,0.216,111.11,4
spotify:track:1Hezl8gsPpfK3N2by41Wxb,"Sweet Carolina","Blue Banisters","Lana Del Rey",2021-10-22,201779,64,true,iarecippo,2021-11-17T01:50:50Z,"","Polydor Records",0.45,0.148,1,-11.802,1,0.0569,0.976,0.000409,0.107,0.0758,79.727,5
spotify:track:3XOKU8CKSiQsuQHD5vhzo5,"She Works Out Too Much","Little Dark Age","MGMT",2018-02-09,278213,52,false,iarecippo,2021-11-18T14:24:40Z,"indie","Columbia",0.633,0.919,5,-6.208,0,0.0343,0.00596,0.273,0.43,0.805,147.97,4
spotify:track:2Y0iGXY6m6immVb2ktbseM,"Little Dark Age","Little Dark Age","MGMT",2018-02-09,299933,81,false,iarecippo,2021-11-18T14:24:40Z,"indie","Columbia",0.705,0.712,6,-6.156,1,0.0385,0.0102,0.000855,0.1,0.62,97.512,4
spotify:track:3td69vL9Py7Ai9wfXYnvji,"When You Die","Little Dark Age","MGMT",2018-02-09,263880,66,true,iarecippo,2021-11-18T14:24:40Z,"indie","Columbia",0.645,0.938,11,-4.557,0,0.0391,0.0946,0.0226,0.159,0.495,140.886,4
spotify:track:0t4z0WaQomQqPONghWn8c2,"Me and Michael","Little Dark Age","MGMT",2018-02-09,289880,65,false,iarecippo,2021-11-18T14:24:40Z,"indie","Columbia",0.628,0.841,9,-4.583,1,0.0268,0.0285,0.00332,0.254,0.706,111.985,4
spotify:track:43rJQjd6zfyTP58TNI9JAi,"TSLAMP","Little Dark Age","MGMT",2018-02-09,269569,52,false,iarecippo,2021-11-18T14:24:40Z,"indie","Columbia",0.602,0.879,9,-5.283,0,0.0994,0.22,0.000236,0.107,0.733,174.11,4
spotify:track:54hdBH6z6hMBUpC9fAMs3s,"James","Little Dark Age","MGMT",2018-02-09,232590,45,false,iarecippo,2021-11-18T14:24:40Z,"indie","Columbia",0.515,0.898,8,-6.682,1,0.0291,0.123,0.38,0.199,0.778,113.983,4
spotify:track:5J2SAAtyfFXOsctaYiUuLO,"Days That Got Away","Little Dark Age","MGMT",2018-02-09,284546,43,false,iarecippo,2021-11-18T14:24:40Z,"indie","Columbia",0.667,0.782,7,-7.681,0,0.0318,0.0512,0.896,0.645,0.886,132.983,3
spotify:track:52pWggDlN5mVeX111i06PP,"One Thing Left to Try","Little Dark Age","MGMT",2018-02-09,260346,49,false,iarecippo,2021-11-18T14:24:40Z,"indie","Columbia",0.576,0.94,8,-4.541,1,0.0445,0.00678,0.00066,0.308,0.667,128.017,4
spotify:track:0fokoG1PTmfQr6HrBoKzo1,"When You're Small","Little Dark Age","MGMT",2018-02-09,210699,42,false,iarecippo,2021-11-18T14:24:40Z,"indie","Columbia",0.465,0.465,2,-7.792,1,0.0276,0.612,0.00639,0.223,0.242,140.001,4
spotify:track:1s2oewEkFG9eF9Mq7MyvCV,"Hand It Over","Little Dark Age","MGMT",2018-02-09,253980,47,true,iarecippo,2021-11-18T14:24:40Z,"indie","Columbia",0.378,0.614,1,-8.941,0,0.0387,0.706,0.00766,0.129,0.481,175.926,4
spotify:track:13CVSGLSFl4UxpDVR6u3dq,"Strangers By Nature","30","Adele",2021-11-19,182163,62,false,iarecippo,2021-11-19T11:34:52Z,"soft pop","Columbia",0.387,0.253,5,-8.901,1,0.0336,0.798,0.000159,0.0848,0.134,68.004,5
spotify:track:46IZ0fSY2mpAiktS3KOqds,"Easy On Me","30","Adele",2021-11-19,224694,85,false,iarecippo,2021-11-19T11:34:52Z,"soft pop","Columbia",0.604,0.366,5,-7.519,1,0.0282,0.578,0,0.133,0.13,141.981,4
spotify:track:2DuPBbS5mIldXnh7Wum8Cy,"My Little Love","30","Adele",2021-11-19,389107,65,false,iarecippo,2021-11-19T11:34:52Z,"soft pop","Columbia",0.339,0.492,1,-10.661,1,0.0559,0.829,0.00377,0.147,0.102,151.865,4
spotify:track:09u787BYeYIGd2mFIJ505t,"Cry Your Heart Out","30","Adele",2021-11-19,255278,63,false,iarecippo,2021-11-19T11:34:52Z,"soft pop","Columbia",0.756,0.713,7,-6.917,1,0.102,0.523,0.00000335,0.248,0.59,125.064,4
spotify:track:3Kkjo3cT83cw09VJyrLNwX,"Oh My God","30","Adele",2021-11-19,225148,75,false,iarecippo,2021-11-19T11:34:52Z,"soft pop","Columbia",0.534,0.725,1,-3.906,1,0.046,0.091,0,0.0264,0.55,88.098,4
spotify:track:6w8ZPYdnGajyfPddTWdthN,"Can I Get It","30","Adele",2021-11-19,210384,68,false,iarecippo,2021-11-19T11:34:52Z,"soft pop","Columbia",0.703,0.68,9,-6.118,0,0.0431,0.0171,0,0.178,0.536,97.985,4
spotify:track:6v0UJD4a2FtleHeSYVX02A,"I Drink Wine","30","Adele",2021-11-19,376169,76,false,iarecippo,2021-11-19T11:34:52Z,"soft pop","Columbia",0.437,0.565,10,-5.596,1,0.0466,0.697,0,0.119,0.306,115.389,4
spotify:track:496vIKS2INz840xZaKncvR,"All Night Parking (with Erroll Garner) Interlude","30","Adele",2021-11-19,161829,64,false,iarecippo,2021-11-19T11:34:52Z,"soft pop","Columbia",0.734,0.497,8,-9.666,1,0.166,0.67,0.0000235,0.194,0.307,127.989,3
spotify:track:2c6xRsQBv7pynuhYhWoHxo,"Woman Like Me","30","Adele",2021-11-19,300247,62,false,iarecippo,2021-11-19T11:34:52Z,"soft pop","Columbia",0.594,0.37,4,-10.561,0,0.173,0.749,0.000032,0.132,0.329,145.601,4
spotify:track:6bGMSP3H9YqkmaLnaJTIoF,"Hold On","30","Adele",2021-11-19,366004,64,false,iarecippo,2021-11-19T11:34:52Z,"soft pop","Columbia",0.366,0.364,0,-7.814,1,0.0433,0.858,0.0000115,0.165,0.459,165.902,4
spotify:track:10ImcQk9tihY1EKMDIbvXJ,"To Be Loved","30","Adele",2021-11-19,403961,67,false,iarecippo,2021-11-19T11:34:52Z,"soft pop","Columbia",0.356,0.176,8,-8.291,1,0.0391,0.843,0,0.231,0.289,170.425,1
spotify:track:2j3GxEsbNYNeEzz86wDY4J,"Love Is A Game","30","Adele",2021-11-19,403044,64,false,iarecippo,2021-11-19T11:34:52Z,"soft pop","Columbia",0.269,0.591,10,-5.79,0,0.0416,0.453,0.000695,0.0702,0.228,183.793,4
spotify:track:7jay75cMfpEIyIkkvmemYr,"Dorothy","Songs of Her's","Her's",2017-05-12,246230,62,false,iarecippo,2021-11-21T15:26:19Z,"indie","Heist Or Hit Records",0.518,0.899,1,-4.148,0,0.0384,0.0383,0.903,0.106,0.912,145.04,4
spotify:track:5wv2XK6ms7KBBVDD1cOwlx,"Cool with You","Songs of Her's","Her's",2017-05-12,375656,61,false,iarecippo,2021-11-21T15:26:19Z,"indie","Heist Or Hit Records",0.534,0.62,0,-6.775,1,0.0504,0.0124,0.000736,0.296,0.547,106.986,4
spotify:track:5u9cuDcYdOpSRB7fAYXXdp,"Marcel","Songs of Her's","Her's",2017-05-12,187571,68,false,iarecippo,2021-11-21T15:26:19Z,"indie","Heist Or Hit Records",0.625,0.645,9,-5.959,1,0.0278,0.54,0.0776,0.347,0.685,106.996,4
spotify:track:2MmOl0BrlCE2dSpaPpvNiE,"Cop Theme","Songs of Her's","Her's",2017-05-12,25575,7,false,iarecippo,2021-11-21T15:26:19Z,"indie","Heist Or Hit Records",0.765,0.888,6,-10.41,0,0.104,0.0673,0.91,0.145,0.148,111.959,4
spotify:track:7mwLlFNlWD4AOFoxPJTPwn,"Speed Racer","Songs of Her's","Her's",2017-05-12,151722,59,false,iarecippo,2021-11-21T15:26:19Z,"indie","Heist Or Hit Records",0.551,0.959,6,-2.497,0,0.0463,0.0102,0.325,0.0463,0.971,92.487,4
spotify:track:3Gxn4tsd5p3VMXXr3uJYlv,"Medieval","Songs of Her's","Her's",2017-05-12,333992,49,false,iarecippo,2021-11-21T15:26:19Z,"indie","Heist Or Hit Records",0.611,0.569,6,-5.414,0,0.0272,0.0225,0.266,0.11,0.31,114.957,4
spotify:track:1XrSjpNe49IiygZfzb74pk,"What Once Was","Songs of Her's","Her's",2017-05-12,255067,80,false,iarecippo,2021-11-21T15:26:19Z,"indie","Heist Or Hit Records",0.526,0.877,3,-4.369,0,0.033,0.172,0.0108,0.223,0.436,145.568,3
spotify:track:5PxibFPxW06HBPab6KrcPP,"You Don't Know This Guy","Songs of Her's","Her's",2017-05-12,321140,50,false,iarecippo,2021-11-21T15:26:19Z,"indie","Heist Or Hit Records",0.311,0.28,3,-10.151,1,0.0271,0.925,0.0362,0.145,0.192,87.254,3
spotify:track:5t90RWWnyBHd6Nu4fPyhC4,"I'll Try","Songs of Her's","Her's",2017-05-12,189040,52,false,iarecippo,2021-11-21T15:26:19Z,"indie","Heist Or Hit Records",0.607,0.816,11,-4.878,1,0.0326,0.0418,0.0000808,0.0923,0.778,122.471,4
spotify:track:4uRYZwxCUT0T9jxhtQwHbT,"Feelin'","Under 1 House","Blue Hawaii",2020-09-25,238032,30,false,iarecippo,2021-12-25T23:59:15Z,"","Arbutus Records",0.861,0.544,1,-6.828,0,0.0778,0.012,0.483,0.0607,0.747,121.993,4
spotify:track:3m04gMIUG6HgYHn65fy5Xt,"I Felt Love","Under 1 House","Blue Hawaii",2020-09-25,192001,48,false,iarecippo,2021-12-25T23:59:15Z,"","Arbutus Records",0.79,0.684,6,-7.748,0,0.0588,0.156,0.0829,0.0743,0.576,132.99,4
spotify:track:6v87AooKpedzR3xqQ1Hb3y,"Not my Boss!","Under 1 House","Blue Hawaii",2020-09-25,281129,33,false,iarecippo,2021-12-25T23:59:15Z,"","Arbutus Records",0.777,0.829,0,-5.163,1,0.0691,0.0187,0.737,0.123,0.709,124.011,4
spotify:track:3orqJC9BkzPzDrEOvpvMzH,"Where are the Keys???","Under 1 House","Blue Hawaii",2020-09-25,285983,31,false,iarecippo,2021-12-25T23:59:15Z,"","Arbutus Records",0.805,0.457,9,-8.347,0,0.0615,0.000682,0.813,0.0728,0.488,121.995,4
spotify:track:2hYmfiSqQ07aKV5yHKvFFX,"Let it Be Us","Under 1 House","Blue Hawaii",2020-09-25,273281,26,false,iarecippo,2021-12-25T23:59:15Z,"","Arbutus Records",0.593,0.638,11,-7.889,0,0.0409,0.144,0.209,0.115,0.117,127.946,4
spotify:track:5SVfd6OmaQJFbFQZhVStWR,"No Drama","Under 1 House","Blue Hawaii",2020-09-25,178124,36,false,iarecippo,2021-12-25T23:59:15Z,"","Arbutus Records",0.642,0.809,0,-7.28,0,0.0274,0.172,0.636,0.103,0.68,128.014,4
