Track URI,Track Name,Album Name,Artist Name(s),Release Date,Duration (ms),Popularity,Explicit,Added By,Added At,Genres,Record Label,Danceability,Energy,Key,Loudness,Mode,Speechiness,Acousticness,Instrumentalness,Liveness,Valence,Tempo,Time Signature
spotify:track:2DREhftHdD8pRmNdSs6nyF,"Sangue latino","A volta de Secos & Molhados","Secos & Molhados",1973,128000,70,false,iarecippo,2019-12-31T14:55:51Z,"mpb,brazilian rock","WM Brazil",0.574,0.389,2,-9.786,1,0.0295,0.256,0.00072,0.16,0.905,133.634,4
spotify:track:399JDPgES4MtqnPrmzWDrg,"O vira","A volta de Secos & Molhados","Secos & Molhados",1973,134733,50,false,iarecippo,2019-12-31T14:55:51Z,"mpb,brazilian rock","WM Brazil",0.345,0.687,0,-7.605,1,0.038,0.0605,0,0.233,0.734,86.606,4
spotify:track:2nvxeqyG7Isun3HZg8ow2E,"O Patrão Nosso De Cada Dia","A volta de Secos & Molhados","Secos & Molhados",1973,202866,47,false,iarecippo,2019-12-31T14:55:51Z,"mpb,brazilian rock","WM Brazil",0.414,0.12,7,-19.072,1,0.0364,0.736,0.0000928,0.174,0.391,105.822,4
spotify:track:22eHeLlCk3WTMzlbkQdIey,"Amor","A volta de Secos & Molhados","Secos & Molhados",1973,136893,55,false,iarecippo,2019-12-31T14:55:51Z,"mpb,brazilian rock","WM Brazil",0.352,0.649,5,-8.141,1,0.0408,0.0395,0.0000257,0.0985,0.711,100.545,4
spotify:track:3wRe1E7Lc4Ah05D45YRNrT,"Primavera nos dentes","A volta de Secos & Molhados","Secos & Molhados",1973,293000,49,false,iarecippo,2019-12-31T14:55:51Z,"mpb,brazilian rock","WM Brazil",0.538,0.285,9,-19.716,1,0.0424,0.0571,0.0636,0.066,0.443,117.377,4
spotify:track:6KKcDwCRq5nZw62AczL85C,"Assim assado","A volta de Secos & Molhados","Secos & Molhados",1973,172906,47,false,iarecippo,2019-12-31T14:55:51Z,"mpb,brazilian rock","WM Brazil",0.61,0.464,7,-14.887,1,0.0695,0.0378,0,0.0298,0.544,93.569,4
spotify:track:69jBYGe6Nd3Wqy03nDqMZQ,"Mulher barriguda","A volta de Secos & Molhados","Secos & Molhados",1973,160160,37,false,iarecippo,2019-12-31T14:55:51Z,"mpb,brazilian rock","WM Brazil",0.35,0.521,0,-15.412,1,0.0511,0.0109,0.00384,0.0884,0.906,171.138,4
spotify:track:6IfQLhMvIohZQb0ro5rHa7,"El rey","A volta de Secos & Molhados","Secos & Molhados",1973,60026,38,false,iarecippo,2019-12-31T14:55:51Z,"mpb,brazilian rock","WM Brazil",0.574,0.322,0,-12.794,1,0.0445,0.648,0,0.0921,0.0398,122.6,4
spotify:track:4c7m5TLZ61e4otG1fZ68XP,"Rosa de Hiroshima","A volta de Secos & Molhados","Secos & Molhados",1973,121893,58,false,iarecippo,2019-12-31T14:55:51Z,"mpb,brazilian rock","WM Brazil",0.522,0.0949,2,-16.346,1,0.0319,0.632,0.00422,0.089,0.706,92.866,4
spotify:track:7ESs28TZl95wGtMY3z3gRD,"Prece cósmica","A volta de Secos & Molhados","Secos & Molhados",1973,123506,42,false,iarecippo,2019-12-31T14:55:51Z,"mpb,brazilian rock","WM Brazil",0.648,0.316,4,-19.988,1,0.0716,0.178,0.000135,0.0718,0.93,80.8,4
spotify:track:5FG0gjfDqPXuvLJnnlNimH,"Rondó do capitão","A volta de Secos & Molhados","Secos & Molhados",1973,65133,40,false,iarecippo,2019-12-31T14:55:51Z,"mpb,brazilian rock","WM Brazil",0.48,0.196,0,-17.513,1,0.039,0.87,0.022,0.105,0.505,161.344,3
spotify:track:38cKP29rg3n0Nvp9yMCdW4,"As andorinhas","A volta de Secos & Molhados","Secos & Molhados",1973,60693,32,false,iarecippo,2019-12-31T14:55:51Z,"mpb,brazilian rock","WM Brazil",0.397,0.0719,7,-20.465,0,0.0458,0.787,0.773,0.112,0.0635,69.23,4
spotify:track:1HVkisttB0LgE0gxcqsnG4,"Fala","A volta de Secos & Molhados","Secos & Molhados",1973,180000,62,false,iarecippo,2019-12-31T14:55:51Z,"mpb,brazilian rock","WM Brazil",0.404,0.295,7,-14.375,1,0.0365,0.135,0.000158,0.297,0.231,121.374,4
spotify:track:3VGAFGwsSPmFAwYHa11C2U,"Vinheta Quebrante","Céu","Céu",2005-06-21,53786,24,false,iarecippo,2020-01-01T20:28:06Z,"new mpb,mpb","Urban Jungle Records",0.911,0.751,8,-16.238,1,0.209,0.39,0.669,0.167,0.97,129.943,4
spotify:track:7AyUlE51WlFc2x8Z2ogCPP,"Lenda","Céu","Céu",2005-06-21,259320,31,false,iarecippo,2020-01-01T20:28:06Z,"new mpb,mpb","Urban Jungle Records",0.793,0.494,3,-9.573,1,0.0562,0.514,0.000218,0.0807,0.6,129.87,4
spotify:track:4yOCbdjfT2zCSImNhTvDq9,"Malemolencia","Céu","Céu",2005-06-21,174653,37,false,iarecippo,2020-01-01T20:28:06Z,"new mpb,mpb","Urban Jungle Records",0.847,0.56,7,-10.318,0,0.0466,0.247,0.0000455,0.0955,0.662,141.889,4
spotify:track:0SZ9q5uTr59v7C0WLDrFQ6,"Roda","Céu","Céu",2005-06-21,318400,26,false,iarecippo,2020-01-01T20:28:06Z,"new mpb,mpb","Urban Jungle Records",0.886,0.387,11,-11.056,0,0.368,0.13,0.553,0.0963,0.772,146.057,4
spotify:track:6J9J7Y3VCo6ewxMHcOSicS,"Rainha","Céu","Céu",2005-06-21,219093,25,false,iarecippo,2020-01-01T20:28:06Z,"new mpb,mpb","Urban Jungle Records",0.701,0.587,6,-10.581,0,0.322,0.546,0.0511,0.353,0.68,98.923,4
spotify:track:3muPeGlMYQ5kAKFclg67Ro,"10 Contados","Céu","Céu",2005-06-21,207000,29,false,iarecippo,2020-01-01T20:28:06Z,"new mpb,mpb","Urban Jungle Records",0.793,0.292,9,-12.12,1,0.0787,0.73,0.0105,0.0727,0.427,138.006,4
spotify:track:6dYiklrrSUyN09jYMNt1Yu,"Vinheta Dorival","Céu","Céu",2005-06-21,31520,23,false,iarecippo,2020-01-01T20:28:06Z,"new mpb,mpb","Urban Jungle Records",0.442,0.152,6,-21.939,0,0.152,0.948,0.925,0.11,0.342,63.165,3
spotify:track:5JMahW3WkCud4aGXTG7Sea,"Mais um Lamento","Céu","Céu",2005-06-21,288626,26,false,iarecippo,2020-01-01T20:28:06Z,"new mpb,mpb","Urban Jungle Records",0.864,0.354,9,-11.668,1,0.0478,0.395,0.244,0.113,0.572,123.985,4
spotify:track:1vOUHuPjdTdxsyV42EOJbe,"Concrete Jungle","Céu","Céu",2005-06-21,212040,36,false,iarecippo,2020-01-01T20:28:06Z,"new mpb,mpb","Urban Jungle Records",0.886,0.394,6,-11.517,0,0.0486,0.288,0.000455,0.0496,0.82,99.003,4
spotify:track:0E6qDCnnVu1UthwGQOfOzh,"Veu da Noite","Céu","Céu",2005-06-21,377786,22,false,iarecippo,2020-01-01T20:28:06Z,"new mpb,mpb","Urban Jungle Records",0.547,0.249,11,-14.584,1,0.0423,0.485,0.494,0.107,0.0957,76.992,3
spotify:track:77pClt1Eq7QrljkLwNBaXM,"Valsa Pra Biu Roque","Céu","Céu",2005-06-21,169333,22,false,iarecippo,2020-01-01T20:28:06Z,"new mpb,mpb","Urban Jungle Records",0.637,0.189,9,-13.333,0,0.0356,0.819,0.0000591,0.242,0.366,74.1,3
spotify:track:6Im56yPfKZkIfly3Kv1kq9,"Ave Cruz","Céu","Céu",2005-06-21,207000,24,false,iarecippo,2020-01-01T20:28:06Z,"new mpb,mpb","Urban Jungle Records",0.782,0.598,7,-9.145,1,0.0727,0.388,0.192,0.25,0.9,156.011,4
spotify:track:0dCXbrhdFT2LIS0QkqshbD,"O Ronco Da Cuica","Céu","Céu",2005-06-21,203920,23,false,iarecippo,2020-01-01T20:28:06Z,"new mpb,mpb","Urban Jungle Records",0.75,0.544,1,-11.808,0,0.088,0.649,0.0362,0.0828,0.403,113.939,4
spotify:track:754QpSS8pE7HvMCcGQUJQT,"Bobagem","Céu","Céu",2005-06-21,139000,22,false,iarecippo,2020-01-01T20:28:06Z,"new mpb,mpb","Urban Jungle Records",0.834,0.131,1,-18.907,1,0.142,0.526,0.0114,0.0993,0.145,145.898,4
spotify:track:2Hh9I9BSgarox07O45p2tY,"Samba Na Sola","Céu","Céu",2005-06-21,187720,24,false,iarecippo,2020-01-01T20:28:06Z,"new mpb,mpb","Urban Jungle Records",0.747,0.463,9,-12.746,1,0.0471,0.717,0.111,0.145,0.898,102.113,4
spotify:track:4AjIYqDCoHTxt9k5w4P9o6,"Mais Um Lamento (Lenza Remix)","Céu","Céu",2005-06-21,294506,19,false,iarecippo,2020-01-01T20:28:06Z,"new mpb,mpb","Urban Jungle Records",0.752,0.496,11,-9.413,1,0.0345,0.272,0.844,0.0972,0.524,124.019,4
spotify:track:19VRqsY2PuCDL53pPRQVEt,"Hit","Mahmundi","Mahmundi",2017-05-26,246293,33,false,iarecippo,2020-01-06T14:50:57Z,"new mpb,brazilian pop,mpb","Universal Music Ltda.",0.755,0.83,6,-5.052,0,0.0292,0.22,0.0476,0.0514,0.833,103.01,4
spotify:track:3eB6Imewes3kokhBvnbKjf,"Azul","Mahmundi","Mahmundi",2017-05-26,270138,30,false,iarecippo,2020-01-06T14:50:57Z,"new mpb,brazilian pop,mpb","Universal Music Ltda.",0.662,0.533,3,-6.76,1,0.0488,0.362,0.0000615,0.107,0.424,90.039,4
spotify:track:5gkutkpj8eusZGT7tTZuF5,"Eterno Verão","Mahmundi","Mahmundi",2017-05-26,213143,24,false,iarecippo,2020-01-06T14:50:57Z,"new mpb,brazilian pop,mpb","Universal Music Ltda.",0.767,0.722,0,-5.961,1,0.0337,0.19,0.0000375,0.0928,0.533,129.998,4
spotify:track:7lq7iyZhbfQ5xly8cSvXT6,"Desaguar","Mahmundi","Mahmundi",2017-05-26,232704,23,false,iarecippo,2020-01-06T14:50:57Z,"new mpb,brazilian pop,mpb","Universal Music Ltda.",0.553,0.822,9,-3.291,0,0.0319,0.246,0,0.162,0.598,130.011,4
spotify:track:6HlfNChnaIxsE3eSfyIvGg,"Meu Amor","Mahmundi","Mahmundi",2017-05-26,244014,29,false,iarecippo,2020-01-06T14:50:57Z,"new mpb,brazilian pop,mpb","Universal Music Ltda.",0.711,0.663,5,-5.385,0,0.0666,0.219,0.000305,0.0696,0.656,82.998,4
spotify:track:3wUDrWHJ3bxBDRCHuiamUD,"Calor Do Amor","Mahmundi","Mahmundi",2017-05-26,239817,31,false,iarecippo,2020-01-06T14:50:57Z,"new mpb,brazilian pop,mpb","Universal Music Ltda.",0.73,0.742,9,-5.565,0,0.0398,0.0533,0.000919,0.13,0.35,120.008,4
spotify:track:5jn5jnmwO9hdyoix0bCOif,"Leve","Mahmundi","Mahmundi",2017-05-26,295771,43,false,iarecippo,2020-01-06T14:50:57Z,"new mpb,brazilian pop,mpb","Universal Music Ltda.",0.799,0.479,2,-8.587,0,0.0371,0.951,0.393,0.0631,0.782,125.978,4
spotify:track:2wBX8HPaNPt39dX6EKcbSh,"Quase Sempre","Mahmundi","Mahmundi",2017-05-26,274481,29,false,iarecippo,2020-01-06T14:50:57Z,"new mpb,brazilian pop,mpb","Universal Music Ltda.",0.643,0.37,6,-7.33,0,0.0271,0.441,0.00000289,0.108,0.305,62.497,4
spotify:track:1hVUaD7blIl2t951WL71M5,"Wild","Mahmundi","Mahmundi",2017-05-26,232128,18,false,iarecippo,2020-01-06T14:50:57Z,"new mpb,brazilian pop,mpb","Universal Music Ltda.",0.818,0.43,9,-8.507,1,0.0358,0.168,0.000212,0.0751,0.354,128.047,4
spotify:track:7wISSLBxLSTWQcNFJDByjS,"Sentimento","Mahmundi","Mahmundi",2017-05-26,276129,22,false,iarecippo,2020-01-06T14:50:57Z,"new mpb,brazilian pop,mpb","Universal Music Ltda.",0.704,0.345,10,-6.677,0,0.0338,0.231,0.0000295,0.118,0.13,146.146,4
spotify:track:3RxyagFJ4YFSFh0Igjci2A,"1963 - 12"" Version","Brotherhood (Collector's Edition)","New Order",1986-09-29,337813,45,false,iarecippo,2020-01-16T17:57:12Z,"new wave,synthpop,post-punk","Rhino/Warner Records",0.638,0.925,8,-6.927,1,0.0315,0.00407,0.163,0.0369,0.904,125.613,4
spotify:track:0DVgUfiIYPPE5UurNn1mqm,"Procession - 2015 Remaster","Singles (2016 Remaster)","New Order",2005-09-30,270093,31,false,iarecippo,2020-01-16T17:57:20Z,"new wave,synthpop,post-punk","Rhino/Warner Records",0.294,0.89,0,-7.878,1,0.0643,0.0286,0.826,0.209,0.335,165.439,4
spotify:track:5uyJ7fbjk6xZzt5UL5jcQg,"True Faith - 2015 Remaster","Singles (2016 Remaster)","New Order",2005-09-30,252053,59,false,iarecippo,2020-01-16T17:57:24Z,"new wave,synthpop,post-punk","Rhino/Warner Records",0.608,0.924,0,-5.919,1,0.035,0.261,0.012,0.338,0.948,117.231,4
spotify:track:21extzX26A1BEXAkllMPT4,"Bizarre Love Triangle - 2015 Remaster","Brotherhood","New Order",1986-09-29,262000,39,false,iarecippo,2020-01-16T17:57:28Z,"new wave,synthpop,post-punk","Rhino",0.629,0.915,10,-6.567,1,0.0383,0.0666,0.793,0.0928,0.892,118.345,4
spotify:track:3y6UNT1bb2eYblTWFT4n77,"State of the Nation","Brotherhood (Collector's Edition)","New Order",1986-09-29,396840,36,false,iarecippo,2020-01-16T17:57:32Z,"new wave,synthpop,post-punk","Rhino/Warner Records",0.59,0.906,4,-6.085,0,0.0501,0.0324,0.0246,0.099,0.728,116.041,4
spotify:track:3HI1yqFW7yhSkNXhtBTwly,"Shellshock","The Best of New Order","New Order",1994-01-01,264866,45,false,iarecippo,2020-01-16T17:57:36Z,"new wave,synthpop,post-punk","London Records",0.654,0.953,2,-7.955,0,0.0472,0.0574,0.0000125,0.0981,0.794,122.15,4
spotify:track:2bXR3wHjJ7zBZ7RRuTVCvQ,"The Perfect Kiss - 2015 Remaster","Low-Life","New Order",1985-05-13,289373,57,false,iarecippo,2020-01-16T17:57:39Z,"new wave,synthpop,post-punk","Rhino",0.629,0.859,0,-6.065,1,0.0325,0.00521,0.252,0.131,0.8,130.405,4
spotify:track:0kQTkXqjtWSPCM2D14cGq3,"Thieves like Us","The Best of New Order","New Order",1994-01-01,237680,50,false,iarecippo,2020-01-16T17:57:42Z,"new wave,synthpop,post-punk","London Records",0.662,0.682,0,-6.484,1,0.0318,0.0172,0.000611,0.129,0.857,113.027,4
spotify:track:4REb96ZoYZ9uKHGU2yIVTU,"Confusion - UK 7"" Promo Edit; 2015 Remaster","Singles (2016 Remaster)","New Order",2005-09-30,249146,29,false,iarecippo,2020-01-16T17:57:47Z,"new wave,synthpop,post-punk","Rhino/Warner Records",0.702,0.805,2,-9.423,1,0.0629,0.154,0.00173,0.0923,0.919,119.831,4
spotify:track:5rvY5aFTSvQAo2VNUR1Fxy,"Blue Monday - 2011 Total Version","TOTAL","New Order",2011-06-03,449906,55,false,iarecippo,2020-01-16T17:57:50Z,"new wave,synthpop,post-punk","WM UK",0.792,0.713,0,-9.199,1,0.0539,0.000611,0.845,0.0855,0.849,130.418,4
spotify:track:4ELWT1yVHNK5Bo6MOpI4oR,"Temptation","TOTAL","New Order",2011-06-03,324653,44,false,iarecippo,2020-01-16T17:57:55Z,"new wave,synthpop,post-punk","WM UK",0.783,0.742,0,-8.697,1,0.0314,0.00173,0.0602,0.237,0.646,125.608,4
spotify:track:1wAvaUHRV7ThdmEgBT3W2A,"Everythings Gone Green - 7"" Version; 2015 Remaster","Singles (2016 Remaster)","New Order",2005-09-30,259293,31,false,iarecippo,2020-01-16T17:57:58Z,"new wave,synthpop,post-punk","Rhino/Warner Records",0.683,0.974,7,-9.055,1,0.0377,0.00156,0.555,0.315,0.663,127.108,4
spotify:track:61E8w4M1XI9PSYjWNXIRkA,"Ceremony - 2011 Total Version","TOTAL","New Order",2011-06-03,277813,41,false,iarecippo,2020-01-16T17:58:01Z,"new wave,synthpop,post-punk","WM UK",0.318,0.654,0,-9.293,1,0.0311,0.0000782,0.0742,0.112,0.352,134.748,4
spotify:track:53PkA8aXiwH4ppa0V0iO7o,"oh baby","american dream","LCD Soundsystem",2017-09-01,349452,65,false,iarecippo,2020-01-20T15:52:15Z,"alternative dance,new rave","DFA Records/Columbia",0.58,0.622,5,-12.005,1,0.0352,0.0192,0.653,0.648,0.781,169.442,4
spotify:track:0tAvA30pZhd3IUeH0obJkm,"other voices","american dream","LCD Soundsystem",2017-09-01,403483,31,false,iarecippo,2020-01-20T15:52:15Z,"alternative dance,new rave","DFA Records/Columbia",0.729,0.686,11,-10.322,0,0.0551,0.00192,0.631,0.0746,0.914,124.326,4
spotify:track:5LQVkIyf3HwZ9i6Xk1i59H,"i used to","american dream","LCD Soundsystem",2017-09-01,332329,38,false,iarecippo,2020-01-20T15:52:15Z,"alternative dance,new rave","DFA Records/Columbia",0.624,0.742,11,-7.913,0,0.0282,0.00633,0.00285,0.0922,0.512,112.628,4
spotify:track:5kUELvsIbY1OwLWogXkawl,"change yr mind","american dream","LCD Soundsystem",2017-09-01,297715,30,false,iarecippo,2020-01-20T15:52:15Z,"alternative dance,new rave","DFA Records/Columbia",0.763,0.849,10,-8.466,0,0.056,0.0176,0.507,0.0872,0.757,105.005,4
spotify:track:1xVznNshNUZcvdhSwj7kAb,"how do you sleep?","american dream","LCD Soundsystem",2017-09-01,552149,35,false,iarecippo,2020-01-20T15:52:15Z,"alternative dance,new rave","DFA Records/Columbia",0.638,0.567,0,-9.061,1,0.0324,0.00421,0.103,0.15,0.411,105.926,4
spotify:track:1yAldIvjyQQ6gU5TMNTJNo,"tonite","american dream","LCD Soundsystem",2017-09-01,347348,42,false,iarecippo,2020-01-20T15:52:15Z,"alternative dance,new rave","DFA Records/Columbia",0.767,0.787,2,-8.28,1,0.0566,0.0678,0.00509,0.43,0.839,121.102,4
spotify:track:51vOZQuGnqPXfU5VbTZqZb,"call the police","american dream","LCD Soundsystem",2017-09-01,418740,43,false,iarecippo,2020-01-20T15:52:15Z,"alternative dance,new rave","DFA Records/Columbia",0.375,0.728,2,-6.475,1,0.0442,0.0000962,0.00411,0.0781,0.344,151.011,4
spotify:track:60k0xRw1oYUwZYp4e2iue8,"american dream","american dream","LCD Soundsystem",2017-09-01,366660,47,false,iarecippo,2020-01-20T15:52:15Z,"alternative dance,new rave","DFA Records/Columbia",0.295,0.54,0,-8.372,1,0.0314,0.0529,0.00372,0.209,0.199,202.015,3
spotify:track:1KwRLMrU6PjhfQCtX3CrKS,"emotional haircut","american dream","LCD Soundsystem",2017-09-01,329331,27,true,iarecippo,2020-01-20T15:52:15Z,"alternative dance,new rave","DFA Records/Columbia",0.626,0.949,9,-7.065,1,0.113,0.00339,0.627,0.119,0.484,150.506,4
spotify:track:0AUp2LQdUSJRtQa5rTx3fJ,"black screen","american dream","LCD Soundsystem",2017-09-01,725722,33,false,iarecippo,2020-01-20T15:52:15Z,"alternative dance,new rave","DFA Records/Columbia",0.585,0.432,7,-14.59,1,0.0254,0.325,0.924,0.0913,0.0735,100.02,4
spotify:track:2cmRpmO04TLaKPzmAzySYZ,"Dance Yrself Clean","This Is Happening","LCD Soundsystem",2010-05-17,536471,72,false,iarecippo,2020-01-23T12:31:06Z,"alternative dance,new rave","Parlophone UK",0.739,0.611,11,-9.829,1,0.0622,0.00557,0.725,0.04,0.794,98.004,4
spotify:track:0IUAugkLGELvtFJfzPn2vi,"Drunk Girls","This Is Happening","LCD Soundsystem",2010-05-17,222106,52,false,iarecippo,2020-01-23T12:31:06Z,"alternative dance,new rave","Parlophone UK",0.599,0.878,4,-7.759,1,0.0387,0.000259,0.0258,0.0829,0.814,144.029,4
spotify:track:6nlmCGmPBYfdKnMpavObQm,"One Touch","This Is Happening","LCD Soundsystem",2010-05-17,465680,45,false,iarecippo,2020-01-23T12:31:06Z,"alternative dance,new rave","Parlophone UK",0.696,0.912,0,-8.205,1,0.0752,0.00905,0.868,0.324,0.474,119.995,4
spotify:track:4Cy0NHJ8Gh0xMdwyM9RkQm,"All I Want","This Is Happening","LCD Soundsystem",2010-05-17,401440,54,false,iarecippo,2020-01-23T12:31:06Z,"alternative dance,new rave","Parlophone UK",0.53,0.829,7,-7.014,1,0.0361,0.0537,0.88,0.106,0.949,134.99,4
spotify:track:2073QOEC8rBtSyTsRyaWiP,"I Can Change","This Is Happening","LCD Soundsystem",2010-05-17,352003,67,false,iarecippo,2020-01-23T12:31:06Z,"alternative dance,new rave","Parlophone UK",0.644,0.73,1,-6.565,1,0.0287,0.00215,0.00178,0.233,0.695,116.981,4
spotify:track:3fU0407Cls1hLW1ap5w2Lr,"You Wanted a Hit","This Is Happening","LCD Soundsystem",2010-05-17,546413,52,false,iarecippo,2020-01-23T12:31:06Z,"alternative dance,new rave","Parlophone UK",0.968,0.398,4,-10.293,0,0.102,0.00165,0.0013,0.0619,0.63,125.996,4
spotify:track:3VhBuvzzuGUuh7nyJJvGLk,"Pow Pow","This Is Happening","LCD Soundsystem",2010-05-17,503026,45,true,iarecippo,2020-01-23T12:31:06Z,"alternative dance,new rave","Parlophone UK",0.79,0.844,11,-9.929,0,0.0692,0.00457,0.244,0.0993,0.777,126.017,4
spotify:track:4NiwTsBlFT7H2OMpUbadwL,"Somebody's Calling Me","This Is Happening","LCD Soundsystem",2010-05-17,413080,39,false,iarecippo,2020-01-23T12:31:06Z,"alternative dance,new rave","Parlophone UK",0.716,0.283,0,-12.34,1,0.0286,0.00493,0.71,0.0989,0.455,87.948,4
spotify:track:5gmv3BgePSYiHnPJgY7oTJ,"Home","This Is Happening","LCD Soundsystem",2010-05-17,473333,64,false,iarecippo,2020-01-23T12:31:06Z,"alternative dance,new rave","Parlophone UK",0.752,0.844,9,-8.705,1,0.0398,0.0462,0.131,0.0782,0.78,124.013,4
spotify:track:3485WyRsPFt9v3OegY1atZ,"Fruta Gogóia - Ao Vivo","Gal A Todo Vapor (Live)","Gal Costa",1971-03-19,65466,27,false,iarecippo,2020-01-24T21:49:15Z,"mpb,bossa nova,brazilian jazz","Universal Music Ltda.",0.524,0.0179,9,-17.915,1,0.0727,0.746,0.0000012,0.113,0.123,80.766,3
spotify:track:7y4t07QOezOkyAyJiCbyMK,"Vapor Barato - Ao Vivo","Gal A Todo Vapor (Live)","Gal Costa",1971-03-19,517480,40,false,iarecippo,2020-01-24T21:49:15Z,"mpb,bossa nova,brazilian jazz","Universal Music Ltda.",0.459,0.234,9,-11.853,0,0.0474,0.858,0.000348,0.126,0.304,77.063,3
spotify:track:0IU437tPUW68g1nakW2EmM,"Dê Um Rolê - Ao Vivo","Gal A Todo Vapor (Live)","Gal Costa",1971-03-19,245466,45,false,iarecippo,2020-01-24T21:49:15Z,"mpb,bossa nova,brazilian jazz","Universal Music Ltda.",0.458,0.505,7,-12.81,1,0.077,0.199,0,0.762,0.542,131.404,4
spotify:track:3f8cqeWTLhY5bpvxbDuvWd,"Perola Negra - Ao Vivo","Gal A Todo Vapor (Live)","Gal Costa",1971-03-19,284853,30,false,iarecippo,2020-01-24T21:49:15Z,"mpb,bossa nova,brazilian jazz","Universal Music Ltda.",0.381,0.59,9,-12.675,0,0.113,0.448,0.00000112,0.432,0.613,106.47,3
spotify:track:4Opw57Q7Zt1BsoB5BWIqPt,"Mal Secreto - Ao Vivo","Gal A Todo Vapor (Live)","Gal Costa",1971-03-19,302080,30,false,iarecippo,2020-01-24T21:49:15Z,"mpb,bossa nova,brazilian jazz","Universal Music Ltda.",0.487,0.361,7,-13.371,1,0.061,0.425,0.0000203,0.336,0.524,132.402,4
spotify:track:0Xzqun2yGvonnOKdmkOAvM,"Como 2 E 2 - Ao Vivo","Gal A Todo Vapor (Live)","Gal Costa",1971-03-19,272066,30,false,iarecippo,2020-01-24T21:49:15Z,"mpb,bossa nova,brazilian jazz","Universal Music Ltda.",0.596,0.106,2,-17.673,1,0.129,0.828,0.00011,0.498,0.491,118.921,3
spotify:track:6AzKz6dxz6ZLzZKWFsJJmG,"Hotel Das Estrelas - Ao Vivo","Gal A Todo Vapor (Live)","Gal Costa",1971-03-19,270066,27,false,iarecippo,2020-01-24T21:49:15Z,"mpb,bossa nova,brazilian jazz","Universal Music Ltda.",0.435,0.372,7,-12.871,1,0.0522,0.33,0.000258,0.348,0.33,137.52,3
spotify:track:70XbR6VcCbZbwVKl8xMNQJ,"Assum Preto - Ao Vivo","Gal A Todo Vapor (Live)","Gal Costa",1971-03-19,229400,26,false,iarecippo,2020-01-24T21:49:15Z,"mpb,bossa nova,brazilian jazz","Universal Music Ltda.",0.362,0.0415,9,-18.939,0,0.133,0.875,0.00000436,0.313,0.169,171.872,5
spotify:track:32WIoHB90hCs0qZHK0LPtA,"Bota A Mão Nas Cadeiras - Ao Vivo","Gal A Todo Vapor (Live)","Gal Costa",1971-03-19,68600,23,false,iarecippo,2020-01-24T21:49:15Z,"mpb,bossa nova,brazilian jazz","Universal Music Ltda.",0.616,0.654,7,-11.254,1,0.127,0.306,0,0.485,0.899,95.924,4
spotify:track:0YS1vImEvwEeS2BQOAI9gg,"Maria Bethânia - Ao Vivo","Gal A Todo Vapor (Live)","Gal Costa",1971-03-19,45333,24,false,iarecippo,2020-01-24T21:49:15Z,"mpb,bossa nova,brazilian jazz","Universal Music Ltda.",0.485,0.236,7,-19.437,1,0.315,0.919,0.0000367,0.132,0.526,114.751,4
spotify:track:0pq0xucXL7WbDcrbct4VKn,"Não Se Esqueça De Mim - Ao Vivo","Gal A Todo Vapor (Live)","Gal Costa",1971-03-19,119400,23,false,iarecippo,2020-01-24T21:49:15Z,"mpb,bossa nova,brazilian jazz","Universal Music Ltda.",0.24,0.889,7,-9.857,1,0.256,0.6,0.0000329,0.947,0.376,156.591,4
spotify:track:5OTFbBfHoVhPkT4HjOqxyR,"Luz Do Sol - Ao Vivo","Gal A Todo Vapor (Live)","Gal Costa",1971-03-19,324026,25,false,iarecippo,2020-01-24T21:49:15Z,"mpb,bossa nova,brazilian jazz","Universal Music Ltda.",0.386,0.621,7,-11.415,1,0.199,0.484,0.0000658,0.736,0.579,130.021,4
spotify:track:6n0OkQj7OMYVFW10umLBnO,"Exu","Ascensão","Serena Assumpção;BUHR;Luê;Zé Celso Martinez Corrêa",2016-07-07,185466,0,false,iarecippo,2020-02-03T01:04:00Z,"axé,new mpb","Selo Sesc",0.617,0.738,11,-7.723,0,0.414,0.0907,0.0000534,0.349,0.291,100.038,4
spotify:track:0VS71PspEL8WqVNIDuXEJI,"Ogum","Ascensão","Serena Assumpção;Gustavo Souza;Tatá Aeroplano;Tulipa Ruiz",2016-07-07,232453,0,false,iarecippo,2020-02-03T01:04:00Z,"axé,new mpb,mpb","Selo Sesc",0.472,0.441,9,-8.508,0,0.38,0.603,0.00000731,0.118,0.506,105.611,4
spotify:track:6eumIRLep0sjpNBOcKJqJl,"Oxumaré","Ascensão","Serena Assumpção;Mãeana;Moreno Veloso",2016-07-07,233866,0,false,iarecippo,2020-02-03T01:04:00Z,"axé,new mpb,mpb","Selo Sesc",0.569,0.611,7,-7.312,1,0.0828,0.083,0.00455,0.267,0.472,82.709,4
spotify:track:40NUZ2BbJZojWa8MlKG9U7,"Xangô","Ascensão","Serena Assumpção;Kiko Dinucci;Juçara Marçal",2016-07-07,297506,0,false,iarecippo,2020-02-03T01:04:00Z,"axé,new mpb,avant-garde,samba","Selo Sesc",0.604,0.498,4,-7.311,0,0.0323,0.777,0.00000352,0.109,0.36,96.052,4
spotify:track:06AnGV98WUMSntA1ooEtfx,"Iansã","Ascensão","Serena Assumpção;Luz Marina;Tetê Espíndola",2016-07-07,286426,0,false,iarecippo,2020-02-03T01:04:00Z,"axé,mpb,brega,new mpb","Selo Sesc",0.5,0.484,6,-8.249,0,0.105,0.404,0.00646,0.0804,0.205,89.773,3
spotify:track:6lHVCZHLkCCIGPQBeDErxI,"Oxum","Ascensão","Serena Assumpção;Xênia França",2016-07-07,268973,0,false,iarecippo,2020-02-03T01:04:00Z,"axé,new mpb","Selo Sesc",0.589,0.459,9,-6.54,1,0.04,0.226,0.00111,0.126,0.596,79.649,4
spotify:track:3nD2Dq9HSyjYYnwmEEGm7m,"Iemanjá","Ascensão","Serena Assumpção;Céu",2016-07-07,187946,0,false,iarecippo,2020-02-03T01:04:00Z,"axé,new mpb,mpb","Selo Sesc",0.405,0.407,11,-9.033,0,0.0289,0.778,0.00000448,0.102,0.455,154.087,3
spotify:track:6BfRRO24xydjVZv5nMmNnP,"Iroko","Ascensão","Serena Assumpção;Gabi Guedes;Mariana Aydar",2016-07-07,325373,0,false,iarecippo,2020-02-03T01:04:00Z,"axé,brazilian jazz,new mpb,forró,forró tradicional,mpb","Selo Sesc",0.873,0.495,11,-6.928,0,0.049,0.568,0.0349,0.294,0.479,105.055,4
spotify:track:1MqhRsWtFAm8DtI0FPkM07,"Nanã","Ascensão","Serena Assumpção;Paula Pretta",2016-07-07,188613,0,false,iarecippo,2020-02-03T01:04:00Z,"axé","Selo Sesc",0.468,0.376,4,-10.101,0,0.0779,0.738,0.00225,0.105,0.213,100.663,3
spotify:track:6h75Z6vZx908U16YGVfXO8,"Obaluiê","Ascensão","Serena Assumpção;CATTO;Carlos Navas;Juliana Kehl;Marcelo Pretto",2016-07-07,324626,0,false,iarecippo,2020-02-03T01:04:00Z,"axé,new mpb,mpb","Selo Sesc",0.35,0.145,7,-10.18,1,0.0312,0.914,0,0.0938,0.195,162.16,3
spotify:track:0gHBiQofk7HjN3ijTvQdjF,"Oxalá","Ascensão","Serena Assumpção;Pipo Pegoraro",2016-07-07,181333,0,false,iarecippo,2020-02-03T01:04:00Z,"axé","Selo Sesc",0.544,0.341,2,-12.686,1,0.0333,0.0466,0.0229,0.0411,0.111,160.13,4
spotify:track:43Yg9I0WSRBqPfJynNY3hY,"Do Tata Nzambi","Ascensão","Serena Assumpção;Kanga More Jean Heroult;Makaya Mayuma Bedel;Matondo Mvila Michel Polyvalen",2016-07-07,186600,0,false,iarecippo,2020-02-03T01:04:00Z,"axé","Selo Sesc",0.563,0.0285,6,-16.1,1,0.0527,0.914,0,0.348,0.24,62.964,4
spotify:track:5ozqshq2dtU7SYCpCBu0NE,"One More Year","The Slow Rush","Tame Impala",2020-02-14,324013,62,false,iarecippo,2020-02-14T03:56:24Z,"neo-psychedelic,indie","Universal Music Australia Pty. Ltd.",0.602,0.88,1,-5.414,1,0.0354,0.057,0.46,0.284,0.493,114.009,4
spotify:track:6WCXBUFa0z3l9DoOY3k5Xe,"Instant Destiny","The Slow Rush","Tame Impala",2020-02-14,194706,63,false,iarecippo,2020-02-14T03:56:24Z,"neo-psychedelic,indie","Universal Music Australia Pty. Ltd.",0.381,0.829,10,-4.564,1,0.0598,0.0226,0.000274,0.402,0.509,165.935,4
spotify:track:5hM5arv9KDbCHS0k9uqwjr,"Borderline","The Slow Rush","Tame Impala",2020-02-14,237800,89,false,iarecippo,2020-02-14T03:56:24Z,"neo-psychedelic,indie","Universal Music Australia Pty. Ltd.",0.621,0.873,5,-3.067,0,0.0369,0.0406,0.0000091,0.0824,0.873,97.96,4
spotify:track:1KcOU0q9AMXV9xi4tSzzCc,"Posthumous Forgiveness","The Slow Rush","Tame Impala",2020-02-14,366066,68,false,iarecippo,2020-02-14T03:56:24Z,"neo-psychedelic,indie","Universal Music Australia Pty. Ltd.",0.367,0.613,7,-5.646,1,0.0297,0.0508,0.00171,0.282,0.0966,153.978,4
spotify:track:3LbZIhU0smEU5SUnxod4j4,"Breathe Deeper","The Slow Rush","Tame Impala",2020-02-14,372866,77,false,iarecippo,2020-02-14T03:56:24Z,"neo-psychedelic,indie","Universal Music Australia Pty. Ltd.",0.664,0.848,11,-4.51,0,0.0322,0.0245,0.000127,0.172,0.502,104.998,4
spotify:track:666PdikRnUzdvjT9p5wWND,"Tomorrow's Dust","The Slow Rush","Tame Impala",2020-02-14,326840,60,false,iarecippo,2020-02-14T03:56:24Z,"neo-psychedelic,indie","Universal Music Australia Pty. Ltd.",0.616,0.804,0,-5.568,1,0.0427,0.0124,0.0998,0.553,0.627,99.002,4
spotify:track:0IuE6FnXPCdZ8NLuuvJRhb,"On Track","The Slow Rush","Tame Impala",2020-02-14,301786,64,false,iarecippo,2020-02-14T03:56:24Z,"neo-psychedelic,indie","Universal Music Australia Pty. Ltd.",0.388,0.648,2,-5.578,1,0.038,0.116,0.00000419,0.082,0.112,163.861,4
spotify:track:5JWPUEov2wlX7c0jhYZpeB,"Lost In Yesterday","The Slow Rush","Tame Impala",2020-02-14,249586,76,false,iarecippo,2020-02-14T03:56:24Z,"neo-psychedelic,indie","Universal Music Australia Pty. Ltd.",0.569,0.84,1,-4.123,1,0.118,0.0295,0.000118,0.0995,0.749,183.059,3
spotify:track:6RZmhpvukfyeSURhf4kZ0d,"Is It True","The Slow Rush","Tame Impala",2020-02-14,239266,81,false,iarecippo,2020-02-14T03:56:24Z,"neo-psychedelic,indie","Universal Music Australia Pty. Ltd.",0.731,0.664,0,-5.474,1,0.0302,0.00307,0.35,0.133,0.661,118.018,4
spotify:track:558ubozatFQlweufvHa3Ip,"It Might Be Time","The Slow Rush","Tame Impala",2020-02-14,273026,62,false,iarecippo,2020-02-14T03:56:24Z,"neo-psychedelic,indie","Universal Music Australia Pty. Ltd.",0.585,0.781,2,-3.808,1,0.0457,0.021,0.000187,0.627,0.336,115.946,4
spotify:track:1unBUyjeQUDiJ8N89XiDrr,"Glimmer","The Slow Rush","Tame Impala",2020-02-14,128826,59,false,iarecippo,2020-02-14T03:56:24Z,"neo-psychedelic,indie","Universal Music Australia Pty. Ltd.",0.673,0.627,5,-8.469,0,0.0377,0.136,0.424,0.366,0.761,117.911,4
spotify:track:0mO6oS60RST2sWmN2FKknP,"One More Hour","The Slow Rush","Tame Impala",2020-02-14,432560,79,false,iarecippo,2020-02-14T03:56:24Z,"neo-psychedelic,indie","Universal Music Australia Pty. Ltd.",0.647,0.398,4,-8.63,1,0.0283,0.108,0.107,0.148,0.32,102.029,4
spotify:track:0wB1eCxnExMtSMoqmQ0NAr,"Voa Voa - Ao Vivo","Chiclete Na Caixa, Banana No Cacho","Chiclete Com Banana",2003,299200,47,false,iarecippo,2020-02-19T21:52:46Z,"axé,pagode baiano","Ariola",0.392,0.844,11,-7.251,0,0.0482,0.366,0.00145,0.947,0.698,121.151,4
spotify:track:5H7muV14Pp4CAf3zdOBerU,"Diga Que Valeu - Ao Vivo","Chiclete Na Caixa, Banana No Cacho","Chiclete Com Banana",2003,195760,49,false,iarecippo,2020-02-19T21:52:46Z,"axé,pagode baiano","Ariola",0.422,0.852,2,-7.831,1,0.0415,0.509,0.00246,0.947,0.721,115.618,4
spotify:track:2xlBFZ8eA8AeL1gTiW4amp,"Cabelo Raspadinho - Ao Vivo","Chiclete Na Caixa, Banana No Cacho","Chiclete Com Banana",2003,177306,33,false,iarecippo,2020-02-19T21:52:46Z,"axé,pagode baiano","Ariola",0.425,0.95,0,-6.774,0,0.111,0.338,0,0.526,0.698,173.899,4
spotify:track:3SVtoDlX7A0KkKWA0Djz2V,"Cidadão - Ao Vivo","Chiclete Na Caixa, Banana No Cacho","Chiclete Com Banana",2003,175533,24,false,iarecippo,2020-02-19T21:52:46Z,"axé,pagode baiano","Ariola",0.544,0.928,7,-7.434,1,0.0665,0.553,0.00000105,0.843,0.719,170.205,4
spotify:track:1QAV5rEVQE6SPbz0nJctKK,"Tem Que Ter Chiclete - Ao Vivo","Chiclete Na Caixa, Banana No Cacho","Chiclete Com Banana",2003,228333,27,false,iarecippo,2020-02-19T21:52:46Z,"axé,pagode baiano","Ariola",0.58,0.925,0,-8.024,0,0.0685,0.239,0,0.956,0.893,166.097,4
spotify:track:5BS5fqirPtQPQP37X0kDmB,"Lua Menina - Ao Vivo","Chiclete Na Caixa, Banana No Cacho","Chiclete Com Banana",2003,269333,28,false,iarecippo,2020-02-19T21:52:46Z,"axé,pagode baiano","Ariola",0.382,0.918,2,-7.716,1,0.0837,0.0812,0.0558,0.761,0.71,170.242,4
spotify:track:1cfIZz2c1IdRvylisp4oOv,"Quero Chiclete - Ao Vivo","Chiclete Na Caixa, Banana No Cacho","Chiclete Com Banana",2003,211066,35,false,iarecippo,2020-02-19T21:52:46Z,"axé,pagode baiano","Ariola",0.482,0.887,9,-6.757,1,0.104,0.175,0.00011,0.957,0.732,168.184,4
spotify:track:5EWlLpz98txi7UG0pQQLvQ,"Amor Perfeito - Ao Vivo","Chiclete Na Caixa, Banana No Cacho","Chiclete Com Banana",2003,219666,50,false,iarecippo,2020-02-19T21:52:46Z,"axé,pagode baiano","Ariola",0.479,0.727,11,-9.338,1,0.048,0.549,0.000312,0.919,0.487,110.94,4
spotify:track:4oPNFa0Rb6the7KP55WCgK,"Durvalino Meu Rei - Ao Vivo","Chiclete Na Caixa, Banana No Cacho","Chiclete Com Banana",2003,187800,32,false,iarecippo,2020-02-19T21:52:46Z,"axé,pagode baiano","Ariola",0.529,0.907,4,-7.536,1,0.19,0.398,0.00000771,0.85,0.736,146.668,4
spotify:track:0ETfBmiZuhs4OfEzYr4Kvo,"Nanã Ê - Ao Vivo","Chiclete Na Caixa, Banana No Cacho","Chiclete Com Banana",2003,156760,39,false,iarecippo,2020-02-19T21:52:46Z,"axé,pagode baiano","Ariola",0.521,0.931,7,-7.791,0,0.237,0.403,0.00671,0.706,0.663,151.52,4
spotify:track:1JTH6FMCZEuKalm61nJgAa,"Menina Me Da Seu Amor - Ao Vivo","Chiclete Na Caixa, Banana No Cacho","Chiclete Com Banana",2003,242693,40,false,iarecippo,2020-02-19T21:52:46Z,"axé,pagode baiano","Ariola",0.443,0.797,7,-10.214,1,0.0344,0.394,0.0204,0.911,0.852,94.65,4
spotify:track:4xPv1DAOgd8E2xCSp3aniO,"Dê Um Grito Ai - Ao Vivo","Chiclete Na Caixa, Banana No Cacho","Chiclete Com Banana",2003,267106,37,false,iarecippo,2020-02-19T21:52:46Z,"axé,pagode baiano","Ariola",0.428,0.902,4,-8.617,1,0.128,0.284,0.000094,0.807,0.315,135.932,4
spotify:track:6bOdknywIQEJBmNJ4EcaLs,"Banana Real - Ao Vivo","Chiclete Na Caixa, Banana No Cacho","Chiclete Com Banana",2003,193573,25,false,iarecippo,2020-02-19T21:52:46Z,"axé,pagode baiano","Ariola",0.581,0.928,0,-7.344,1,0.06,0.491,0.0136,0.975,0.685,143.31,4
spotify:track:2G8rCc999HBALtDjaNZaRk,"Selva Branca - Ao Vivo","Chiclete Na Caixa, Banana No Cacho","Chiclete Com Banana",2003,302200,39,false,iarecippo,2020-02-19T21:52:46Z,"axé,pagode baiano","Ariola",0.467,0.658,7,-10.726,0,0.0355,0.537,0.17,0.956,0.532,117.976,4
spotify:track:2hvygBef2H5QZRoBAYwvSc,"Gabriel","Entre Los Dos","Y La Bamba",2019-09-20,207248,27,false,iarecippo,2020-03-03T02:37:41Z,"latin alternative,latin indie,latin folk","Tender Loving Empire",0.539,0.83,5,-7.96,1,0.0765,0.00311,0.0608,0.567,0.645,116.117,4
spotify:track:4WwstqolWpfzFlfWkijyCL,"Entre Los Dos","Entre Los Dos","Y La Bamba",2019-09-20,215791,24,false,iarecippo,2020-03-03T02:37:41Z,"latin alternative,latin indie,latin folk","Tender Loving Empire",0.609,0.404,5,-9.093,1,0.0526,0.944,0.0109,0.322,0.621,117.958,4
spotify:track:0jiiIJ7mkDYLIMrnUuBlXd,"Rios Sueltos","Entre Los Dos","Y La Bamba",2019-09-20,249983,9,false,iarecippo,2020-03-03T02:37:41Z,"latin alternative,latin indie,latin folk","Tender Loving Empire",0.575,0.766,2,-8.762,1,0.0553,0.0309,0.0229,0.314,0.626,94.993,4
spotify:track:6TxvRK5JWf64Y8HvoIStaH,"Octavio","Entre Los Dos","Y La Bamba",2019-09-20,117049,9,false,iarecippo,2020-03-03T02:37:41Z,"latin alternative,latin indie,latin folk","Tender Loving Empire",0.354,0.322,2,-11.716,0,0.0783,0.843,0.0000445,0.214,0.11,179.893,3
spotify:track:3WJQjhxSdqT2jmPNspONcJ,"Soñadora","Entre Los Dos","Y La Bamba",2019-09-20,273000,15,false,iarecippo,2020-03-03T02:37:41Z,"latin alternative,latin indie,latin folk","Tender Loving Empire",0.5,0.894,5,-5.777,1,0.0607,0.00672,0.152,0.26,0.571,102.932,4
spotify:track:6X1PzcHsqtzhY7C9BDVPu6,"Las Platicas","Entre Los Dos","Y La Bamba",2019-09-20,170497,11,false,iarecippo,2020-03-03T02:37:41Z,"latin alternative,latin indie,latin folk","Tender Loving Empire",0.603,0.92,2,-5.927,0,0.0508,0.0101,0.0198,0.194,0.65,96.723,4
spotify:track:3BvrDVZyQRFFRHT87LOBWj,"Los Gritos","Entre Los Dos","Y La Bamba",2019-09-20,235555,12,false,iarecippo,2020-03-03T02:37:41Z,"latin alternative,latin indie,latin folk","Tender Loving Empire",0.399,0.808,4,-8.273,1,0.0432,0.000215,0.739,0.0553,0.821,84.986,4
spotify:track:6b5P51m8xx2XA6U7sdNZ5E,"Alone Again","After Hours","The Weeknd",2020-03-20,250053,69,true,iarecippo,2020-03-24T01:11:22Z,"","Republic Records",0.405,0.653,4,-7.953,0,0.0423,0.0329,0.109,0.172,0.0622,136.066,4
spotify:track:2K9Ovn1o2bTGqbsABGC6m3,"Too Late","After Hours","The Weeknd",2020-03-20,239973,70,true,iarecippo,2020-03-24T01:11:22Z,"","Republic Records",0.637,0.863,4,-5.221,0,0.131,0.0524,0.0000546,0.685,0.226,120.077,4
spotify:track:6kWxIqQDsKFYCJGbU4AjCX,"Hardest To Love","After Hours","The Weeknd",2020-03-20,211400,69,true,iarecippo,2020-03-24T01:11:22Z,"","Republic Records",0.392,0.608,7,-7.847,0,0.0713,0.0909,0.0000883,0.125,0.111,81.898,4
spotify:track:4BGZF4oLbTL0pWm7C18pbv,"Scared To Live","After Hours","The Weeknd",2020-03-20,191306,66,true,iarecippo,2020-03-24T01:11:22Z,"","Republic Records",0.488,0.498,0,-8.24,1,0.0479,0.131,0,0.0929,0.198,87.419,4
spotify:track:3WlbeuhfRSqU7ylK2Ui5U7,"Snowchild","After Hours","The Weeknd",2020-03-20,247186,65,true,iarecippo,2020-03-24T01:11:22Z,"","Republic Records",0.551,0.612,0,-7.475,1,0.139,0.161,0.0000613,0.121,0.244,148.073,4
spotify:track:1sOW4PuG5X3Ie3EXUhAopJ,"Escape From LA","After Hours","The Weeknd",2020-03-20,355960,68,true,iarecippo,2020-03-24T01:11:22Z,"","Republic Records",0.372,0.525,5,-8.996,0,0.0592,0.0457,0.00313,0.199,0.171,144.95,4
spotify:track:6bnF93Rx87YqUBLSgjiMU8,"Heartless","After Hours","The Weeknd",2020-03-20,198266,82,true,iarecippo,2020-03-24T01:11:22Z,"","Republic Records",0.537,0.746,10,-5.507,0,0.15,0.0236,0.000001,0.156,0.252,170.083,4
spotify:track:3orEOtd8CPL8GFlpRpKuoE,"Faith","After Hours","The Weeknd",2020-03-20,283226,73,true,iarecippo,2020-03-24T01:11:22Z,"","Republic Records",0.37,0.603,0,-7.268,0,0.0735,0.612,0.0439,0.147,0.125,175.962,4
spotify:track:0VjIjW4GlUZAMYd2vXMi3b,"Blinding Lights","After Hours","The Weeknd",2020-03-20,200040,93,false,iarecippo,2020-03-24T01:11:22Z,"","Republic Records",0.513,0.73,1,-5.94,1,0.0598,0.00143,0.0000954,0.0897,0.334,171.001,4
spotify:track:7szuecWAPwGoV1e5vGu8tl,"In Your Eyes","After Hours","The Weeknd",2020-03-20,237520,80,true,iarecippo,2020-03-24T01:11:22Z,"","Republic Records",0.667,0.719,7,-5.371,0,0.0346,0.0028,0.0000792,0.0736,0.718,100.019,4
spotify:track:5QO79kh1waicV47BqGRL3g,"Save Your Tears","After Hours","The Weeknd",2020-03-20,215626,90,true,iarecippo,2020-03-24T01:11:22Z,"","Republic Records",0.679,0.825,0,-5.487,1,0.0309,0.0212,0.0000121,0.543,0.644,118.049,4
spotify:track:40U8d12pC5UHqmHwXjHjjl,"Repeat After Me (Interlude)","After Hours","The Weeknd",2020-03-20,195813,65,true,iarecippo,2020-03-24T01:11:22Z,"","Republic Records",0.555,0.62,0,-7.918,1,0.0314,0.0315,0.000225,0.0917,0.139,95.035,4
spotify:track:2p8IUWQDrpjuFltbdgLOag,"After Hours","After Hours","The Weeknd",2020-03-20,361026,86,false,iarecippo,2020-03-24T01:11:22Z,"","Republic Records",0.658,0.572,5,-6.099,0,0.0308,0.0811,0.0061,0.121,0.144,108.968,4
spotify:track:2BcnxwxBuar5wjCaLqm5N3,"Until I Bleed Out","After Hours","The Weeknd",2020-03-20,190173,65,true,iarecippo,2020-03-24T01:11:22Z,"","Republic Records",0.293,0.394,0,-9.887,0,0.036,0.429,0.0000293,0.093,0.149,117.185,3
spotify:track:672brKdpDs7BY0bhMw8RfJ,"Never Known Love","Again and Again","Thieves Like Us",2015-08-19,211360,29,false,iarecippo,2020-03-24T14:26:06Z,"new rave","Mantasy Femory",0.528,0.888,10,-5.704,1,0.105,0.448,0.112,0.0844,0.385,87.471,4
spotify:track:5P1fYDdi6Am5uakWVmiaIH,"Shyness","Again and Again","Thieves Like Us",2015-08-19,222120,35,false,iarecippo,2020-03-24T14:26:06Z,"new rave","Mantasy Femory",0.547,0.626,7,-6.852,0,0.0399,0.00494,0.000285,0.197,0.366,101.95,4
spotify:track:2zEth3kaEqCrYXpnCTUXAt,"Mercy","Again and Again","Thieves Like Us",2015-08-19,283000,12,true,iarecippo,2020-03-24T14:26:06Z,"new rave","Mantasy Femory",0.677,0.342,2,-7.931,1,0.0385,0.187,0.000412,0.0827,0.411,69.991,4
spotify:track:1bExqSmHglL9lkvRX38ZpB,"One Night With You","Again and Again","Thieves Like Us",2015-08-19,251146,22,false,iarecippo,2020-03-24T14:26:06Z,"new rave","Mantasy Femory",0.597,0.642,5,-8.408,0,0.031,0.0365,0.423,0.159,0.593,120,4
spotify:track:4O6g0xLeMTzTLja3KH9Z2Q,"Silence","Again and Again","Thieves Like Us",2015-08-19,225253,12,false,iarecippo,2020-03-24T14:26:06Z,"new rave","Mantasy Femory",0.671,0.513,11,-7.869,1,0.042,0.212,0.0613,0.283,0.404,93.002,4
spotify:track:7tnJEAxJrKq5jUbX3VDYaO,"Lover Lover","Again and Again","Thieves Like Us",2015-08-19,181080,17,false,iarecippo,2020-03-24T14:26:06Z,"new rave","Mantasy Femory",0.577,0.732,0,-5.249,1,0.025,0.0138,0.00371,0.0889,0.269,98.003,4
spotify:track:7HEfLcUyFNcN0301LMRJZT,"Love Saves","Again and Again","Thieves Like Us",2015-08-19,242386,13,false,iarecippo,2020-03-24T14:26:06Z,"new rave","Mantasy Femory",0.665,0.521,7,-9.577,1,0.0423,0.0116,0.574,0.167,0.415,102.997,4
spotify:track:4yjUEhk6jDam3ZsVBSqSia,"The Walk","Again and Again","Thieves Like Us",2015-08-19,212053,11,false,iarecippo,2020-03-24T14:26:06Z,"new rave","Mantasy Femory",0.631,0.602,2,-7.383,0,0.0345,0.00247,0.00154,0.0467,0.649,126.935,4
spotify:track:3wIRBI5gcYF4QnnrOhTpOx,"So Clear","Again and Again","Thieves Like Us",2015-08-19,444253,15,false,iarecippo,2020-03-24T14:26:06Z,"new rave","Mantasy Femory",0.582,0.621,9,-9.192,0,0.0398,0.224,0.0269,0.0981,0.492,99.041,4
spotify:track:623UzzgPxaw5szI4laj2Aj,"Forget Me Not","Again and Again","Thieves Like Us",2015-08-19,209813,22,false,iarecippo,2020-03-24T14:26:06Z,"new rave","Mantasy Femory",0.765,0.88,5,-8.276,0,0.0338,0.131,0.756,0.0967,0.711,116.999,4
spotify:track:14ClwA9ECo0aBmtGISTNiA,"Program of the First Part","Play Music","Thieves Like Us",2008-10-24,359245,16,false,iarecippo,2020-03-24T15:47:57Z,"new rave","Fantasy Memory",0.681,0.486,0,-12.32,0,0.214,0.305,0.823,0.135,0.313,185.815,4
spotify:track:0o3CsSLmUfPxaOocqM7JdV,"Drugs In My Body","Play Music","Thieves Like Us",2008-10-24,206562,41,false,iarecippo,2020-03-24T15:47:57Z,"new rave","Fantasy Memory",0.69,0.675,0,-7.653,1,0.0348,0.00298,0.824,0.337,0.653,116.831,4
spotify:track:2qcVTLdLYcbcWnyGq2YOVF,"Fass","Play Music","Thieves Like Us",2008-10-24,226696,17,false,iarecippo,2020-03-24T15:47:57Z,"new rave","Fantasy Memory",0.809,0.503,9,-12.95,0,0.0504,0.0265,0.768,0.16,0.835,131.483,4
spotify:track:23G7gW9xMVubUgE4uBFJSw,"An Easy Tonight","Play Music","Thieves Like Us",2008-10-24,295253,14,false,iarecippo,2020-03-24T15:47:57Z,"new rave","Fantasy Memory",0.68,0.454,2,-10.618,0,0.0382,0.0143,0.00894,0.144,0.101,75.993,4
spotify:track:5IfZhlglhXoNJtMwSu6Jlb,"Lady","Play Music","Thieves Like Us",2008-10-24,248327,10,false,iarecippo,2020-03-24T15:47:57Z,"new rave","Fantasy Memory",0.641,0.907,0,-10.03,1,0.11,0.0689,0.778,0.138,0.484,165.93,4
spotify:track:4Ys7eF00YNuyZtKiPAM08y,"Program of the Second Part","Play Music","Thieves Like Us",2008-10-24,113093,8,false,iarecippo,2020-03-24T15:47:57Z,"new rave","Fantasy Memory",0.356,0.289,0,-11.355,1,0.0471,0.879,0.93,0.104,0.125,125.76,3
spotify:track:5XYcCzcAIoNlprLXP5w0py,"Your Heart Feels","Play Music","Thieves Like Us",2008-10-24,260911,25,false,iarecippo,2020-03-24T15:47:57Z,"new rave","Fantasy Memory",0.52,0.51,9,-13.36,1,0.0479,0.589,0.719,0.115,0.295,150.048,4
spotify:track:3Xm08FXgcu78iEt4WJcEgr,"Miss You","Play Music","Thieves Like Us",2008-10-24,280416,19,false,iarecippo,2020-03-24T15:47:57Z,"new rave","Fantasy Memory",0.857,0.404,6,-10.925,1,0.125,0.0217,0.295,0.0783,0.401,109.589,4
spotify:track:2iqQNz57K8SO7RLl3wwqII,"Desire","Play Music","Thieves Like Us",2008-10-24,215406,14,false,iarecippo,2020-03-24T15:47:57Z,"new rave","Fantasy Memory",0.564,0.781,7,-8.511,1,0.131,0.316,0.763,0.28,0.496,170.553,4
spotify:track:16C9rADHJNoStRRLWwtDbl,"Headlong Into Night","Play Music","Thieves Like Us",2008-10-24,336274,16,false,iarecippo,2020-03-24T15:47:57Z,"new rave","Fantasy Memory",0.667,0.662,4,-8.888,0,0.0298,0.000726,0.386,0.101,0.617,109.99,4
spotify:track:64AVjh9RE3Z4zVeVOXeCUc,"Sugar & Song","Play Music","Thieves Like Us",2008-10-24,186111,11,false,iarecippo,2020-03-24T15:47:57Z,"new rave","Fantasy Memory",0.689,0.528,6,-11.05,1,0.148,0.258,0.937,0.137,0.499,128.003,4
spotify:track:07FOCFJhMmCVQDyWX1d3gR,"Algorhythm","3.15.20","Childish Gambino",2020-03-22,212106,5,false,iarecippo,2020-03-24T18:46:58Z,"","Wolf+Rothstein/RCA Records",0.715,0.649,2,-11.294,1,0.109,0.036,0.0199,0.0795,0.478,100.077,4
spotify:track:2Aq78kKI9yuloJQkcbhQbU,"Time (feat. Ariana Grande)","3.15.20","Childish Gambino;Ariana Grande",2020-03-22,367293,0,false,iarecippo,2020-03-24T18:46:58Z,"pop","Wolf+Rothstein/RCA Records",0.621,0.538,10,-9.307,1,0.0401,0.0117,0.0189,0.583,0.311,85.977,4
spotify:track:011ZwIM48eD8ee2UBpG8nK,"12.38 (feat. 21 Savage, Ink & Kadhja Bonet)","3.15.20","Childish Gambino;21 Savage;Ink;Kadhja Bonet",2020-03-22,392186,0,true,iarecippo,2020-03-24T18:46:58Z,"","Wolf+Rothstein/RCA Records",0.691,0.524,5,-9.718,1,0.16,0.197,0.0000429,0.488,0.41,164.047,4
spotify:track:5X4R93Qcw54yp9Utwy7Mlr,"19.10","3.15.20","Childish Gambino",2020-03-22,308546,0,false,iarecippo,2020-03-24T18:46:58Z,"","Wolf+Rothstein/RCA Records",0.715,0.597,0,-8.939,1,0.0749,0.012,0.00273,0.0925,0.186,114.98,4
spotify:track:3IB89bAf5k60jLUFoWAmn1,"24.19","3.15.20","Childish Gambino",2020-03-22,479186,0,false,iarecippo,2020-03-24T18:46:58Z,"","Wolf+Rothstein/RCA Records",0.538,0.463,0,-13.573,1,0.038,0.0946,0.000304,0.114,0.207,149.927,4
spotify:track:5UxxCtrLtSqOVRBQQn4ZJ3,"32.22","3.15.20","Childish Gambino",2020-03-22,192733,0,false,iarecippo,2020-03-24T18:46:58Z,"","Wolf+Rothstein/RCA Records",0.708,0.636,11,-10.655,1,0.299,0.605,0.42,0.115,0.487,108.035,3
spotify:track:4vS4FB3HXgOSmICeqEY0Gh,"35.31","3.15.20","Childish Gambino",2020-03-22,236506,0,true,iarecippo,2020-03-24T18:46:58Z,"","Wolf+Rothstein/RCA Records",0.798,0.559,5,-10.868,1,0.0592,0.286,0,0.349,0.604,102.018,4
spotify:track:2VMzIZtoTgnKydwx6cRPq7,"39.28","3.15.20","Childish Gambino",2020-03-22,179360,0,false,iarecippo,2020-03-24T18:46:58Z,"","Wolf+Rothstein/RCA Records",0.44,0.106,2,-13.786,0,0.271,0.808,0,0.285,0.175,93.921,4
spotify:track:5CTzapBNGovLrqPas4cy7J,"42.26","3.15.20","Childish Gambino",2020-03-22,321386,0,false,iarecippo,2020-03-24T18:46:58Z,"","Wolf+Rothstein/RCA Records",0.576,0.486,7,-9.727,1,0.154,0.456,0.134,0.0676,0.178,165.816,4
spotify:track:7l8qR2ndOxgE9hbfQf6gxA,"47.48","3.15.20","Childish Gambino",2020-03-22,360933,0,false,iarecippo,2020-03-24T18:46:58Z,"","Wolf+Rothstein/RCA Records",0.681,0.597,4,-12.623,0,0.0637,0.378,0.582,0.125,0.486,148.018,4
spotify:track:2alJKJoqOOEPVU1Do3eIjJ,"53.49","3.15.20","Childish Gambino",2020-03-22,235280,0,false,iarecippo,2020-03-24T18:46:58Z,"","Wolf+Rothstein/RCA Records",0.518,0.952,6,-5.274,0,0.198,0.0287,0,0.381,0.622,171.905,4
spotify:track:6zrJLhslleCHby0wbUnvVy,"Future Nostalgia","Future Nostalgia","Dua Lipa",2020-03-27,184881,59,false,iarecippo,2020-03-27T03:39:11Z,"pop","Warner Records",0.875,0.813,7,-4.502,1,0.0579,0.00618,0,0.321,0.859,114.993,4
spotify:track:3PfIrDoz19wz7qK7tYeu62,"Don't Start Now","Future Nostalgia","Dua Lipa",2020-03-27,183290,86,false,iarecippo,2020-03-27T03:39:11Z,"pop","Warner Records",0.793,0.793,11,-4.521,0,0.083,0.0123,0,0.0951,0.679,123.95,4
spotify:track:2nMOodYNHBAQ3Kc1QNimZU,"Cool","Future Nostalgia","Dua Lipa",2020-03-27,209583,62,false,iarecippo,2020-03-27T03:39:11Z,"pop","Warner Records",0.469,0.785,5,-4.015,0,0.0664,0.133,0.00000155,0.0931,0.79,89.719,4
spotify:track:3AzjcOeAmA57TIOr9zF1ZW,"Physical","Future Nostalgia","Dua Lipa",2020-03-27,193829,80,false,iarecippo,2020-03-27T03:39:11Z,"pop","Warner Records",0.647,0.844,0,-3.756,1,0.0457,0.0137,0.000658,0.102,0.746,146.967,4
spotify:track:39LLxExYz6ewLAcYrzQQyP,"Levitating","Future Nostalgia","Dua Lipa",2020-03-27,203807,85,false,iarecippo,2020-03-27T03:39:11Z,"pop","Warner Records",0.695,0.884,6,-2.278,0,0.0753,0.0561,0,0.213,0.914,103.014,4
spotify:track:6DXZiYUbrYgrVIhfX3U9Z2,"Pretty Please","Future Nostalgia","Dua Lipa",2020-03-27,194607,70,true,iarecippo,2020-03-27T03:39:11Z,"pop","Warner Records",0.906,0.474,1,-6.124,1,0.194,0.0311,0.0000055,0.286,0.656,106.976,4
spotify:track:1nYeVF5vIBxMxfPoL0SIWg,"Hallucinate","Future Nostalgia","Dua Lipa",2020-03-27,208505,70,false,iarecippo,2020-03-27T03:39:11Z,"pop","Warner Records",0.627,0.69,10,-5.396,0,0.139,0.033,0,0.0742,0.627,122.053,4
spotify:track:4rPkN1FMzQyFNP9cLUGIIB,"Love Again","Future Nostalgia","Dua Lipa",2020-03-27,258004,83,false,iarecippo,2020-03-27T03:39:11Z,"pop","Warner Records",0.659,0.667,11,-4.668,0,0.0339,0.00173,0.0000285,0.1,0.468,115.982,4
spotify:track:017PF4Q3l4DBUiWoXk4OWT,"Break My Heart","Future Nostalgia","Dua Lipa",2020-03-27,221820,84,false,iarecippo,2020-03-27T03:39:11Z,"pop","Warner Records",0.73,0.729,4,-3.434,0,0.0884,0.167,0.00000139,0.349,0.467,113.011,4
spotify:track:6uAFJ75WDAoAPyCWJAtvks,"Good In Bed","Future Nostalgia","Dua Lipa",2020-03-27,218754,60,true,iarecippo,2020-03-27T03:39:11Z,"pop","Warner Records",0.68,0.701,5,-5.001,1,0.0917,0.138,0.000191,0.168,0.649,94.06,4
spotify:track:0vQcyuMEfRBd21ojZ62N2L,"Boys Will Be Boys","Future Nostalgia","Dua Lipa",2020-03-27,166266,58,false,iarecippo,2020-03-27T03:39:11Z,"pop","Warner Records",0.768,0.486,3,-5.954,1,0.0353,0.408,0,0.098,0.519,125.021,4
spotify:track:1424WDGyWTgvxOSxuyhA9N,"The Beginning","wyd","Inner Wave",2020-04-03,256000,0,false,iarecippo,2020-04-05T02:14:25Z,"","Inner Wave",0.519,0.687,5,-9.406,0,0.0328,0.243,0.176,0.117,0.577,84.989,4
spotify:track:52VC6Ss1V1Bt0Gv0V20pVj,"50","wyd","Inner Wave",2020-04-03,230000,0,false,iarecippo,2020-04-05T02:14:25Z,"","Inner Wave",0.641,0.552,2,-10.681,0,0.0296,0.0634,0.87,0.0781,0.598,164.035,4
spotify:track:48IhO5lqUeSWctvp29cGQk,"Cold Feet","wyd","Inner Wave",2020-04-03,209142,0,false,iarecippo,2020-04-05T02:14:25Z,"","Inner Wave",0.738,0.507,2,-13.432,0,0.0507,0.281,0.438,0.148,0.409,90.995,4
spotify:track:7wtTv3ZU7P9O7MTrDeydpI,"Estrella","wyd","Inner Wave",2020-04-03,187124,0,false,iarecippo,2020-04-05T02:14:25Z,"","Inner Wave",0.771,0.613,2,-10.618,0,0.0613,0.0128,0.865,0.197,0.377,122.009,4
spotify:track:2DgymJw5loBevveiuFqNGD,"Poligamia","wyd","Inner Wave",2020-04-03,197193,0,false,iarecippo,2020-04-05T02:14:25Z,"","Inner Wave",0.509,0.602,5,-10.055,1,0.0411,0.0229,0.345,0.263,0.707,83.911,4
spotify:track:7xZXH8A0HRrrQm2HBLt61g,"Schemin","wyd","Inner Wave",2020-04-03,128750,0,false,iarecippo,2020-04-05T02:14:25Z,"","Inner Wave",0.776,0.409,0,-10.692,1,0.0464,0.0335,0.845,0.0858,0.951,114.029,4
spotify:track:5ruzrDWcT0vuJIOMW7gMnW,"The Adults Are Talking","The New Abnormal","The Strokes",2020-04-10,309053,86,false,iarecippo,2020-04-10T21:16:31Z,"garage rock,indie rock,alternative rock","Cult Records/RCA Records",0.593,0.749,5,-5.67,1,0.0475,0.0113,0.106,0.314,0.649,164.959,4
spotify:track:2t0wwvR15fc3K1ey8OiOaN,"Selfless","The New Abnormal","The Strokes",2020-04-10,222093,82,false,iarecippo,2020-04-10T21:16:31Z,"garage rock,indie rock,alternative rock","Cult Records/RCA Records",0.538,0.679,4,-4.297,1,0.0333,0.191,0.00175,0.0889,0.0888,121.99,4
spotify:track:2mDYYGaGd9uXKkK2YhDA3i,"Brooklyn Bridge To Chorus","The New Abnormal","The Strokes",2020-04-10,235946,70,false,iarecippo,2020-04-10T21:16:31Z,"garage rock,indie rock,alternative rock","Cult Records/RCA Records",0.628,0.571,0,-3.897,1,0.0628,0.00602,0.0000921,0.0833,0.467,119.899,4
spotify:track:55N8cxpE1QDoeaaNqUnoZ2,"Bad Decisions","The New Abnormal","The Strokes",2020-04-10,293360,68,false,iarecippo,2020-04-10T21:16:31Z,"garage rock,indie rock,alternative rock","Cult Records/RCA Records",0.374,0.922,0,-3.4,1,0.056,0.0135,0.204,0.28,0.393,153.217,4
spotify:track:6IRzBP4gVoV4D2zHmocoWy,"Eternal Summer","The New Abnormal","The Strokes",2020-04-10,375320,67,false,iarecippo,2020-04-10T21:16:31Z,"garage rock,indie rock,alternative rock","Cult Records/RCA Records",0.617,0.78,7,-4.466,0,0.0376,0.0141,0.0112,0.0833,0.326,93.951,4
spotify:track:7lu6YLrlB1MU7HW8DJSuPa,"At The Door","The New Abnormal","The Strokes",2020-04-10,310373,67,false,iarecippo,2020-04-10T21:16:31Z,"garage rock,indie rock,alternative rock","Cult Records/RCA Records",0.456,0.323,10,-6.764,1,0.0318,0.858,0.00913,0.146,0.363,116.903,4
spotify:track:1aOxOpH4AkGAd8OMrKjyNY,"Why Are Sundays So Depressing","The New Abnormal","The Strokes",2020-04-10,275666,74,false,iarecippo,2020-04-10T21:16:31Z,"garage rock,indie rock,alternative rock","Cult Records/RCA Records",0.579,0.714,0,-4.455,1,0.0347,0.00258,0.0269,0.111,0.299,109.971,4
spotify:track:5ncofiedz9Ej6YkvvXMKVn,"Not The Same Anymore","The New Abnormal","The Strokes",2020-04-10,337333,66,true,iarecippo,2020-04-10T21:16:31Z,"garage rock,indie rock,alternative rock","Cult Records/RCA Records",0.353,0.613,9,-5.9,1,0.031,0.384,0.0123,0.103,0.282,177.375,4
spotify:track:1BLOVHYYlH4JUHQGcpt75R,"Ode To The Mets","The New Abnormal","The Strokes",2020-04-10,351786,79,true,iarecippo,2020-04-10T21:16:31Z,"garage rock,indie rock,alternative rock","Cult Records/RCA Records",0.426,0.617,1,-5.423,0,0.0289,0.341,0.181,0.101,0.201,92.002,4
spotify:track:3rPaugbuZuIKJpVnF3b1RK,"honey baby (SPOILED!)","TO FEEL ALIVE EP","Kali Uchis",2020-04-24,124651,54,true,iarecippo,2020-04-29T00:23:05Z,"","EMI",0.713,0.405,10,-9.886,0,0.037,0.802,0.00000103,0.0994,0.114,128.994,4
spotify:track:5exEU6LbxN4T4sY1nV5NfV,"angel","TO FEEL ALIVE EP","Kali Uchis",2020-04-24,143225,62,false,iarecippo,2020-04-29T00:23:05Z,"","EMI",0.773,0.595,9,-8.955,0,0.042,0.23,0.000489,0.101,0.64,124.028,4
spotify:track:5Dx8iEsMuNrf7aF9TMV0Xe,"i want war (BUT I NEED PEACE)","TO FEEL ALIVE EP","Kali Uchis",2020-04-24,159400,55,true,iarecippo,2020-04-29T00:23:05Z,"","EMI",0.621,0.461,0,-13.047,0,0.0735,0.715,0.00111,0.0929,0.122,88.034,4
spotify:track:2SlEYb0ZQ56Xvfx2VzSjI9,"TO FEEL ALIVE","TO FEEL ALIVE EP","Kali Uchis",2020-04-24,177067,46,true,iarecippo,2020-04-29T00:23:05Z,"","EMI",0.599,0.33,0,-10.195,1,0.0385,0.899,0,0.335,0.667,100.582,4
spotify:track:1LzC6ekUsrI94qwaixITKp,"Is This Love - Ao Vivo","Gil Baiana ao Vivo em Salvador (Ao Vivo)","Gilberto Gil;BaianaSystem",2020-04-30,253469,0,false,iarecippo,2020-05-01T17:06:56Z,"mpb,bossa nova,forró tradicional,samba,new mpb,brazilian pop,axé","Gege Produções",0.562,0.72,9,-8.82,1,0.0443,0.241,0.000995,0.898,0.554,125.265,4
spotify:track:7BZ9I7xfsWEimOqUpmODRE,"Nos Barracos da Cidade - Ao Vivo","Gil Baiana ao Vivo em Salvador (Ao Vivo)","Gilberto Gil;BaianaSystem",2020-04-30,312700,0,false,iarecippo,2020-05-01T17:06:56Z,"mpb,bossa nova,forró tradicional,samba,new mpb,brazilian pop,axé","Gege Produções",0.697,0.756,6,-7.778,0,0.0251,0.368,0.041,0.681,0.937,104.019,4
spotify:track:6Ll12D9eMng37CT5eqXSl1,"Extra - Ao Vivo","Gil Baiana ao Vivo em Salvador (Ao Vivo)","Gilberto Gil;BaianaSystem",2020-04-30,334018,0,false,iarecippo,2020-05-01T17:06:56Z,"mpb,bossa nova,forró tradicional,samba,new mpb,brazilian pop,axé","Gege Produções",0.594,0.666,0,-8.507,0,0.0313,0.188,0.000891,0.702,0.85,170.066,4
spotify:track:1H4jmMzpZZECXiV52pUjlw,"Pessoa Nefasta - Ao Vivo","Gil Baiana ao Vivo em Salvador (Ao Vivo)","Gilberto Gil;BaianaSystem",2020-04-30,277140,0,false,iarecippo,2020-05-01T17:06:56Z,"mpb,bossa nova,forró tradicional,samba,new mpb,brazilian pop,axé","Gege Produções",0.681,0.706,5,-8.329,1,0.047,0.165,0.00157,0.558,0.772,90.004,4
spotify:track:5iUu4HyvCeseFw3zAMQFtD,"Sarará Miolo - Ao Vivo","Gil Baiana ao Vivo em Salvador (Ao Vivo)","Gilberto Gil;BaianaSystem",2020-04-30,302467,0,false,iarecippo,2020-05-01T17:06:56Z,"mpb,bossa nova,forró tradicional,samba,new mpb,brazilian pop,axé","Gege Produções",0.663,0.74,0,-8.216,1,0.0346,0.462,0.0154,0.89,0.829,91.976,4
spotify:track:0IwdotkOJ2m9jkJiy8Rzox,"Emoriô / Dia da Caça - Ao Vivo","Gil Baiana ao Vivo em Salvador (Ao Vivo)","Gilberto Gil;BaianaSystem",2020-04-30,310596,0,false,iarecippo,2020-05-01T17:06:56Z,"mpb,bossa nova,forró tradicional,samba,new mpb,brazilian pop,axé","Gege Produções",0.687,0.833,5,-8.648,0,0.0324,0.578,0.0496,0.941,0.724,107.987,4
spotify:track:5p3WL6TdAUARp0tdX4k7Bl,"Água - Ao Vivo","Gil Baiana ao Vivo em Salvador (Ao Vivo)","Gilberto Gil;BaianaSystem",2020-04-30,242873,0,false,iarecippo,2020-05-01T17:06:56Z,"mpb,bossa nova,forró tradicional,samba,new mpb,brazilian pop,axé","Gege Produções",0.492,0.814,8,-8.756,1,0.0561,0.476,0.132,0.94,0.377,198.244,4
spotify:track:3yO1OjqT59JyjHaQZcCYDX,"Burning Down the House - 2005 Remaster","Speaking in Tongues (Deluxe Version)","Talking Heads",1983-05-31,241773,63,false,iarecippo,2020-05-04T12:09:59Z,"new wave,post-punk","Rhino/Warner Records",0.776,0.871,5,-11.108,0,0.0519,0.00294,0.0129,0.0598,0.57,103.249,4
spotify:track:2OsuNPRc9qt34UOatyrAlZ,"Making Flippy Floppy - 2005 Remaster","Speaking in Tongues (Deluxe Version)","Talking Heads",1983-05-31,354213,49,false,iarecippo,2020-05-04T12:09:59Z,"new wave,post-punk","Rhino/Warner Records",0.82,0.876,0,-6.784,1,0.0333,0.074,0.0578,0.124,0.942,122.967,4
spotify:track:6VyR9z26oKw6BvlwSjqvoY,"Girlfriend Is Better - 2005 Remaster","Speaking in Tongues (Deluxe Version)","Talking Heads",1983-05-31,343426,58,false,iarecippo,2020-05-04T12:09:59Z,"new wave,post-punk","Rhino/Warner Records",0.865,0.752,7,-6.493,1,0.0941,0.0892,0.000626,0.0401,0.966,118.649,4
spotify:track:4M4xrAyXs4f7IW9IgIldJz,"Slippery People - 2005 Remaster","Speaking in Tongues (Deluxe Version)","Talking Heads",1983-05-31,306320,55,false,iarecippo,2020-05-04T12:09:59Z,"new wave,post-punk","Rhino/Warner Records",0.89,0.63,11,-9.661,0,0.0726,0.00876,0.00218,0.0179,0.828,104.204,4
spotify:track:2qpdiWvU5zZd2qPXbqB8Fv,"I Get Wild / Wild Gravity - 2005 Remaster","Speaking in Tongues (Deluxe Version)","Talking Heads",1983-05-31,316680,44,false,iarecippo,2020-05-04T12:09:59Z,"new wave,post-punk","Rhino/Warner Records",0.928,0.654,7,-8.712,1,0.0695,0.0106,0.237,0.0722,0.961,126.062,4
spotify:track:43AZqEOln2jAIvuYYUBy2l,"Swamp - 2005 Remaster","Speaking in Tongues (Deluxe Version)","Talking Heads",1983-05-31,313000,50,false,iarecippo,2020-05-04T12:09:59Z,"new wave,post-punk","Rhino/Warner Records",0.898,0.579,4,-9.217,0,0.091,0.0928,0.0938,0.185,0.767,116.506,4
spotify:track:1jDit1o3MxkQxFDVNdYX9v,"Moon Rocks - 2005 Remaster","Speaking in Tongues (Deluxe Version)","Talking Heads",1983-05-31,345573,52,false,iarecippo,2020-05-04T12:09:59Z,"new wave,post-punk","Rhino/Warner Records",0.867,0.656,11,-9.019,0,0.041,0.0572,0.819,0.406,0.947,123.654,4
spotify:track:7tzxJBTk35iJREdh8LkWOm,"Pull up the Roots - 2005 Remaster","Speaking in Tongues (Deluxe Version)","Talking Heads",1983-05-31,309880,47,false,iarecippo,2020-05-04T12:09:59Z,"new wave,post-punk","Rhino/Warner Records",0.774,0.67,10,-8.11,0,0.0492,0.0653,0.528,0.101,0.82,126.234,4
spotify:track:6aBUnkXuCEQQHAlTokv9or,"This Must Be the Place (Naive Melody) - 2005 Remaster","Speaking in Tongues (Deluxe Version)","Talking Heads",1983-05-31,296146,79,false,iarecippo,2020-05-04T12:09:59Z,"new wave,post-punk","Rhino/Warner Records",0.942,0.641,7,-10.15,1,0.0333,0.331,0.179,0.028,0.966,114.443,4
spotify:track:6CtUsDcTVu2JYbZevtaiQ5,"Two Note Swivel - Unfinished Outtake","Speaking in Tongues (Deluxe Version)","Talking Heads",1983-05-31,348786,43,false,iarecippo,2020-05-04T12:09:59Z,"new wave,post-punk","Rhino/Warner Records",0.883,0.468,7,-11.893,1,0.0434,0.00735,0.525,0.111,0.799,116.123,4
spotify:track:6XlwqMbcTRFavOMgdU7ulg,"Burning Down the House - Alternate Version","Speaking in Tongues (Deluxe Version)","Talking Heads",1983-05-31,309680,42,false,iarecippo,2020-05-04T12:09:59Z,"new wave,post-punk","Rhino/Warner Records",0.849,0.765,0,-11.496,1,0.0458,0.00334,0.334,0.0663,0.473,103.007,4
spotify:track:3s2f6XU5sJ6aqEe7GgDBta,"Orchestral Intro (feat. Sinfonia ViVA)","Plastic Beach","Gorillaz;Sinfonia ViVa",2010-03-05,69386,49,false,iarecippo,2020-05-11T15:18:56Z,"tango,contemporary classical","Parlophone UK",0.107,0.376,4,-12.342,1,0.0397,0.982,0.905,0.347,0.0334,161.42,3
spotify:track:46WOptLnXUtH3LOyYvmMO1,"Welcome to the World of the Plastic Beach (feat. Snoop Dogg and Hypnotic Brass Ensemble)","Plastic Beach","Gorillaz;Hypnotic Brass Ensemble;Snoop Dogg",2010-03-05,215506,55,false,iarecippo,2020-05-11T15:18:56Z,"brass band,g-funk,west coast hip hop,gangster rap,old school hip hop,hip hop,rap","Parlophone UK",0.645,0.777,2,-7.235,1,0.0418,0.00653,0.0039,0.119,0.331,88.455,4
spotify:track:3famfyGuWw5QFcVO5Xk1uW,"White Flag (feat. Bashy, Kano and the National Orchestra for Arabic Music)","Plastic Beach","Gorillaz;Bashy;Kano;The National Orchestra for Arabic Music",2010-03-05,223466,52,false,iarecippo,2020-05-11T15:18:56Z,"grime,uk grime","Parlophone UK",0.73,0.639,0,-6.987,1,0.142,0.0725,0.000795,0.174,0.563,102.333,4
spotify:track:1foMv2HQwfQ2vntFf9HFeG,"Rhinestone Eyes","Plastic Beach","Gorillaz",2010-03-05,200173,76,false,iarecippo,2020-05-11T15:18:56Z,"","Parlophone UK",0.676,0.703,8,-5.815,0,0.0302,0.0869,0.000687,0.0463,0.852,92.761,4
spotify:track:6LUfuyLgvgqrykiTE6sJHY,"Stylo (feat. Mos Def and Bobby Womack)","Plastic Beach","Gorillaz;Bobby Womack;Mos Def",2010-03-05,270520,66,false,iarecippo,2020-05-11T15:18:56Z,"soul,classic soul,east coast hip hop,old school hip hop,hip hop","Parlophone UK",0.686,0.751,10,-5.747,0,0.0604,0.00604,0.000849,0.0979,0.851,100.222,4
spotify:track:1UJNbgfTzG1gZZTWFJdMf1,"Superfast Jellyfish (feat. Gruff Rhys and De La Soul)","Plastic Beach","Gorillaz;Gruff Rhys;De La Soul",2010-03-05,174866,62,false,iarecippo,2020-05-11T15:18:56Z,"jazz rap,east coast hip hop","Parlophone UK",0.705,0.751,7,-4.767,1,0.287,0.0598,0.00000251,0.907,0.819,80.727,4
spotify:track:3a6PN6BRB8PP3ms48s7kU1,"Empire Ants (feat. Little Dragon)","Plastic Beach","Gorillaz;Little Dragon",2010-03-05,283573,70,false,iarecippo,2020-05-11T15:18:56Z,"trip hop","Parlophone UK",0.601,0.772,0,-4.137,0,0.031,0.181,0.0543,0.0928,0.294,99.445,4
spotify:track:4EJFCpthcrP6oOUUXQZ22Z,"Glitter Freeze (feat. Mark E Smith)","Plastic Beach","Gorillaz;Mark E. Smith",2010-03-05,243253,52,false,iarecippo,2020-05-11T15:18:56Z,"alternative dance,electroclash,idm","Parlophone UK",0.259,0.73,0,-4.856,1,0.0536,0.0000557,0.767,0.166,0.156,90.392,3
spotify:track:4M88Wd7Aps5LGRWMOC7gSH,"Some Kind of Nature (feat. Lou Reed)","Plastic Beach","Gorillaz;Lou Reed",2010-03-05,179866,55,false,iarecippo,2020-05-11T15:18:56Z,"glam rock,proto-punk,art rock","Parlophone UK",0.769,0.75,10,-5.092,1,0.0304,0.115,0.0208,0.0909,0.942,97.229,4
spotify:track:0q6LuUqGLUiCPP1cbdwFs3,"On Melancholy Hill","Plastic Beach","Gorillaz",2010-03-05,233866,81,false,iarecippo,2020-05-11T15:18:56Z,"","Parlophone UK",0.689,0.739,2,-5.81,1,0.026,0.0000151,0.509,0.064,0.578,120.423,4
spotify:track:3THFKx88trZuOFlssVLJ5G,"Broken","Plastic Beach","Gorillaz",2010-03-05,197053,61,false,iarecippo,2020-05-11T15:18:56Z,"","Parlophone UK",0.493,0.918,0,-4.618,1,0.034,0.00452,0.0858,0.427,0.703,158.897,4
spotify:track:5SM5amC17V4itA5jxIICjS,"Sweepstakes (feat. Mos Def and Hypnotic Brass Ensemble)","Plastic Beach","Gorillaz;Hypnotic Brass Ensemble;Mos Def",2010-03-05,320466,50,false,iarecippo,2020-05-11T15:18:56Z,"brass band,east coast hip hop,old school hip hop,hip hop","Parlophone UK",0.724,0.803,5,-4.017,0,0.178,0.114,0,0.214,0.565,138.17,3
spotify:track:2nZ33CKRbgpJQJJQKHuGXb,"Plastic Beach (feat. Mick Jones and Paul Simonon)","Plastic Beach","Gorillaz;Mick Jones;Paul Simonon",2010-03-05,227213,67,false,iarecippo,2020-05-11T15:18:56Z,"aor","Parlophone UK",0.537,0.893,0,-5.459,1,0.0893,0.00252,0.0211,0.0636,0.499,183.78,4
spotify:track:1dvOwoHwZB9SwvRw2Gv3nz,"To Binge (feat. Little Dragon)","Plastic Beach","Gorillaz;Little Dragon",2010-03-05,235706,58,false,iarecippo,2020-05-11T15:18:56Z,"trip hop","Parlophone UK",0.576,0.511,2,-7.006,1,0.0315,0.58,0.0000389,0.261,0.957,206.473,4
spotify:track:0NDOVMOT6ah2k6HuXLrq5x,"Cloud of Unknowing (feat. Bobby Womack and Sinfonia ViVA)","Plastic Beach","Gorillaz;Bobby Womack;Sinfonia ViVa",2010-03-05,186120,50,false,iarecippo,2020-05-11T15:18:56Z,"soul,classic soul,tango,contemporary classical","Parlophone UK",0.261,0.259,7,-12.056,1,0.033,0.812,0.0378,0.744,0.064,66.743,4
spotify:track:0xSF7iHZQxaZYMAiBfobms,"Pirate Jet","Plastic Beach","Gorillaz",2010-03-05,152453,53,false,iarecippo,2020-05-11T15:18:56Z,"","Parlophone UK",0.664,0.576,10,-7.009,0,0.0368,0.0056,0.019,0.438,0.216,91.977,4
spotify:track:3y29QLWHxB1G7CfuFyZ8qe,"I'm That Guy","Cardan","Agar Agar",2016-09-28,448583,0,false,iarecippo,2020-06-02T16:53:34Z,"french indie pop","Cracki Records",0.626,0.389,5,-10.179,0,0.0413,0.174,0.683,0.102,0.372,182.092,4
spotify:track:5gusADrGCRfFSewILLmGP6,"Prettiest Virgin","Cardan","Agar Agar",2016-09-28,373992,0,false,iarecippo,2020-06-02T16:53:34Z,"french indie pop","Cracki Records",0.914,0.487,8,-8.853,1,0.05,0.224,0.638,0.0799,0.561,120.021,4
spotify:track:0NFEqhOpzS0oc8AOJQHYwR,"Cuidado, Peligro, Eclipse","Cardan","Agar Agar",2016-09-28,359990,0,false,iarecippo,2020-06-02T16:53:34Z,"french indie pop","Cracki Records",0.714,0.638,10,-9.541,0,0.0412,0.061,0.897,0.0963,0.33,118.318,4
spotify:track:31dgF5iNfLMTTEMCNT0SHK,"Symbiose","Cardan","Agar Agar",2016-09-28,305354,0,false,iarecippo,2020-06-02T16:53:34Z,"french indie pop","Cracki Records",0.702,0.651,5,-10.058,0,0.0412,0.045,0.666,0.0872,0.452,131.399,4
spotify:track:4qFHQS1x5kUjw9ohXzQAbj,"Aquarium","Cardan","Agar Agar",2016-09-28,353486,0,false,iarecippo,2020-06-02T16:53:34Z,"french indie pop","Cracki Records",0.743,0.4,2,-9.568,1,0.0345,0.042,0.254,0.134,0.506,116.288,4
spotify:track:46LX0sSwIU4GFLcj23ZfMA,"Gospel For A New Century","Heaven To A Tortured Mind","Yves Tumor",2020-04-03,198626,0,false,iarecippo,2020-06-05T01:29:13Z,"","Warp Records",0.565,0.726,0,-6.715,1,0.0548,0.00181,0.00000306,0.103,0.715,178.078,4
spotify:track:5PCJLNplgCHgGWE1Ll7qEe,"Medicine Burn","Heaven To A Tortured Mind","Yves Tumor",2020-04-03,244906,0,false,iarecippo,2020-06-05T01:29:13Z,"","Warp Records",0.428,0.862,1,-6.511,1,0.0715,0.000545,0.0000231,0.254,0.551,156.077,4
spotify:track:3qDnEaYjm0QsYASCB7114n,"Identity Trade","Heaven To A Tortured Mind","Yves Tumor",2020-04-03,119866,0,false,iarecippo,2020-06-05T01:29:13Z,"","Warp Records",0.646,0.757,1,-7.455,1,0.0286,0.000673,0.0000344,0.169,0.869,103.986,4
spotify:track:1Kjw0LwdniCWran4PxJqPQ,"Kerosene!","Heaven To A Tortured Mind","Yves Tumor",2020-04-03,305506,0,false,iarecippo,2020-06-05T01:29:13Z,"","Warp Records",0.506,0.746,7,-7.385,0,0.0307,0.00183,0,0.109,0.299,130.996,4
spotify:track:0mq9yqCMnbP7OBio0mnVuq,"Hasdallen Lights","Heaven To A Tortured Mind","Yves Tumor",2020-04-03,127893,0,false,iarecippo,2020-06-05T01:29:13Z,"","Warp Records",0.574,0.77,0,-8.695,1,0.0541,0.112,0.301,0.172,0.692,82.548,4
spotify:track:5YixskhSGNwmqjUrG0DTEY,"Romanticist","Heaven To A Tortured Mind","Yves Tumor",2020-04-03,106102,0,false,iarecippo,2020-06-05T01:29:13Z,"","Warp Records",0.584,0.703,7,-7.236,0,0.0837,0.0211,0.00000164,0.535,0.65,94.01,4
spotify:track:1oE8RTvgqMEQWXo28rqu7s,"Dream Palette","Heaven To A Tortured Mind","Yves Tumor",2020-04-03,175031,0,false,iarecippo,2020-06-05T01:29:13Z,"","Warp Records",0.55,0.917,8,-5.067,1,0.057,0.000223,0.0000579,0.288,0.603,100.009,4
spotify:track:4chSRXrdadYm2ujaCyP3Cf,"Super Stars","Heaven To A Tortured Mind","Yves Tumor",2020-04-03,185560,0,false,iarecippo,2020-06-05T01:29:13Z,"","Warp Records",0.531,0.619,1,-7.285,1,0.074,0.00368,0.0000187,0.0912,0.566,149.007,4
spotify:track:3AK7UoYFpfzUduzUhqsADq,"Folie Imposée","Heaven To A Tortured Mind","Yves Tumor",2020-04-03,185533,0,false,iarecippo,2020-06-05T01:29:13Z,"","Warp Records",0.601,0.494,10,-8.958,1,0.0335,0.00506,0.547,0.105,0.123,118.012,4
spotify:track:6DJdXo8oT7kTA9mYpvpJRk,"Strawberry Privilege","Heaven To A Tortured Mind","Yves Tumor",2020-04-03,232760,0,false,iarecippo,2020-06-05T01:29:13Z,"","Warp Records",0.751,0.528,5,-10.874,0,0.0495,0.5,0.799,0.125,0.342,117.969,4
spotify:track:2Pm196WWKXzru1ZU7wI7cL,"Asteroid Blues","Heaven To A Tortured Mind","Yves Tumor",2020-04-03,122640,0,false,iarecippo,2020-06-05T01:29:13Z,"","Warp Records",0.758,0.571,5,-11.339,1,0.0481,0.00106,0.925,0.601,0.13,124.025,4
spotify:track:3u3kKwR4TgxtPxJFvVWn7F,"A Greater Love","Heaven To A Tortured Mind","Yves Tumor",2020-04-03,184746,0,false,iarecippo,2020-06-05T01:29:13Z,"","Warp Records",0.617,0.598,7,-9.204,0,0.0449,0.0214,0.0452,0.151,0.371,125.055,4
spotify:track:2zavoMfVVPJMikH57fd8yK,"Intro","Demon Days","Gorillaz",2005-05-23,67133,54,false,iarecippo,2020-06-17T03:07:10Z,"","Parlophone UK",0.259,0.651,10,-14.651,1,0.0589,0.86,0.98,0.165,0.656,134.972,4
spotify:track:7JzmCjvB6bk48JghLyrg8N,"Last Living Souls","Demon Days","Gorillaz",2005-05-23,195400,62,false,iarecippo,2020-06-17T03:07:10Z,"","Parlophone UK",0.849,0.536,9,-5.596,0,0.0582,0.0283,0.45,0.0659,0.89,137.068,4
spotify:track:0eEgMbSzOHmkOeVuNC3E0k,"Kids with Guns","Demon Days","Gorillaz;Neneh Cherry",2005-05-23,225773,71,false,iarecippo,2020-06-17T03:07:10Z,"","Parlophone UK",0.838,0.475,4,-5.505,0,0.036,0.000417,0.714,0.226,0.711,106.217,4
spotify:track:4hNPMfFHauPIbOKvdYqFt7,"O Green World","Demon Days","Gorillaz",2005-05-23,275000,68,false,iarecippo,2020-06-17T03:07:10Z,"","Parlophone UK",0.672,0.768,0,-7.718,1,0.0347,0.00201,0.905,0.136,0.858,122.583,4
spotify:track:2bfGNzdiRa1jXZRdfssSzR,"Dirty Harry (feat. Bootie Brown)","Demon Days","Gorillaz;Bootie Brown",2005-05-23,230426,78,false,iarecippo,2020-06-17T03:07:10Z,"","Parlophone UK",0.625,0.877,10,-7.176,0,0.162,0.0315,0.0811,0.672,0.865,192.296,4
spotify:track:0d28khcov6AiegSCpG5TuT,"Feel Good Inc.","Demon Days","Gorillaz;De La Soul",2005-05-23,222640,92,false,iarecippo,2020-06-17T03:07:10Z,"jazz rap,east coast hip hop","Parlophone UK",0.818,0.705,6,-6.679,1,0.177,0.00836,0.00233,0.613,0.772,138.559,4
spotify:track:0dcMqjeDpwqB2xhzMsld0p,"El Mañana","Demon Days","Gorillaz",2005-05-23,235360,70,false,iarecippo,2020-06-17T03:07:10Z,"","Parlophone UK",0.644,0.728,9,-8.396,0,0.029,0.000988,0.0279,0.473,0.607,132.488,4
spotify:track:2pw9RZWZibttZzoFhwjuy6,"Every Planet We Reach Is Dead","Demon Days","Gorillaz",2005-05-23,295266,61,false,iarecippo,2020-06-17T03:07:10Z,"","Parlophone UK",0.579,0.493,4,-7.062,0,0.0271,0.0168,0.0133,0.0752,0.367,88.172,4
spotify:track:6lrDckuosGpwEHtm1hHBcf,"November Has Come","Demon Days","Gorillaz;MF DOOM",2005-05-23,165093,70,false,iarecippo,2020-06-17T03:07:10Z,"experimental hip hop,east coast hip hop,jazz rap,alternative hip hop","Parlophone UK",0.702,0.567,7,-8.561,1,0.239,0.0815,0.0000275,0.0864,0.667,84.153,4
spotify:track:76Ug1q4l6rGwJ2ubV5wh3X,"All Alone","Demon Days","Gorillaz;Martina Topley-Bird;Roots Manuva",2005-05-23,213333,60,false,iarecippo,2020-06-17T03:07:10Z,"trip hop,downtempo","Parlophone UK",0.585,0.809,7,-7.837,1,0.125,0.00144,0.35,0.272,0.456,148.151,4
spotify:track:7hnW9af7GuGH5lyUUTa8UH,"White Light","Demon Days","Gorillaz",2005-05-23,133066,57,false,iarecippo,2020-06-17T03:07:10Z,"","Parlophone UK",0.595,0.831,11,-7.846,0,0.265,0.00135,0.822,0.34,0.407,154.845,4
spotify:track:4Hff1IjRbLGeLgFgxvHflk,"DARE (feat. Shaun Ryder & Roses Gabor)","Demon Days","Gorillaz;Shaun Ryder;Roses Gabor",2005-05-23,244999,84,false,iarecippo,2020-06-17T03:07:10Z,"","Parlophone UK",0.76,0.891,11,-5.852,0,0.0372,0.0229,0.0869,0.298,0.966,120.264,4
spotify:track:1S9tfxdFr4TqoqA14gnKj3,"Fire Coming out of the Monkey's Head","Demon Days","Gorillaz",2005-05-23,199000,59,false,iarecippo,2020-06-17T03:07:10Z,"","Parlophone UK",0.769,0.621,9,-7.874,0,0.107,0.333,0.00233,0.157,0.649,100.25,4
spotify:track:4hjGZN8poACfjWCK3Og6vY,"Don't Get Lost in Heaven","Demon Days","Gorillaz",2005-05-23,131866,57,false,iarecippo,2020-06-17T03:07:10Z,"","Parlophone UK",0.405,0.413,2,-10.384,1,0.0342,0.972,0.0005,0.156,0.4,124.982,4
spotify:track:2k6hpKTyubRVOmQR11ViY3,"Demon Days","Demon Days","Gorillaz",2005-05-23,268400,58,false,iarecippo,2020-06-17T03:07:10Z,"","Parlophone UK",0.499,0.637,2,-9.035,1,0.0401,0.0265,0.228,0.226,0.103,125.198,4
spotify:track:1ZFsgzYeQuF8IbQgmju5ap,"Feel Good","Feel Good","Polo & Pan",2020-07-03,240053,34,false,iarecippo,2020-07-04T18:04:22Z,"french indie pop,french house","Universal Music Division Virgin Records",0.643,0.752,2,-6.536,0,0.039,0.234,0.192,0.821,0.582,96.001,4
spotify:track:0aTaTaROrLwQokUSudVKIe,"Attrape-rêve","Feel Good","Polo & Pan",2020-07-03,224746,39,false,iarecippo,2020-07-04T18:04:22Z,"french indie pop,french house","Universal Music Division Virgin Records",0.769,0.641,9,-8.408,0,0.0505,0.166,0.507,0.0983,0.877,149.003,4
spotify:track:74N9cnVOhruZpoZUt4Ky5z,"Pili Pili","Feel Good","Polo & Pan",2020-07-03,250333,44,false,iarecippo,2020-07-04T18:04:22Z,"french indie pop,french house","Universal Music Division Virgin Records",0.745,0.892,5,-6.823,0,0.0349,0.306,0.939,0.115,0.257,116.003,4
spotify:track:7CIkvtqLxM5mwDaItJDVuP,"Peter Pan","Feel Good","Polo & Pan;Antonin;Vico",2020-07-03,237680,31,false,iarecippo,2020-07-04T18:04:22Z,"french indie pop,french house","Universal Music Division Virgin Records",0.709,0.327,5,-13.404,1,0.0327,0.726,0.0246,0.0851,0.438,126.057,4
spotify:track:16qYMwFuTgVKiO76SPE6ro,"Forget It","Coastal Grooves","Blood Orange",2011-08-08,236746,51,false,iarecippo,2020-07-06T04:23:38Z,"art pop","Domino Recording Co",0.681,0.703,0,-10.653,1,0.0355,0.00116,0.00341,0.334,0.962,157.925,4
spotify:track:3JmepPKzEIFMgvj5PLQFyr,"Sutphin Boulevard","Coastal Grooves","Blood Orange",2011-08-08,214040,62,false,iarecippo,2020-07-06T04:23:38Z,"art pop","Domino Recording Co",0.841,0.383,11,-10.437,0,0.0675,0.000523,0.247,0.118,0.858,99.77,4
spotify:track:13cyTwlllzMzxwoX0SySOy,"I'm Sorry We Lied","Coastal Grooves","Blood Orange",2011-08-08,240173,49,false,iarecippo,2020-07-06T04:23:38Z,"art pop","Domino Recording Co",0.676,0.744,2,-9.43,1,0.0404,0.000589,0.0222,0.0869,0.653,158.585,4
spotify:track:4W4epbCvrPEes3IzY27Nso,"Can We Go Inside Now","Coastal Grooves","Blood Orange",2011-08-08,231600,44,false,iarecippo,2020-07-06T04:23:38Z,"art pop","Domino Recording Co",0.612,0.362,1,-13.047,0,0.0311,0.373,0.00128,0.111,0.289,114.163,4
spotify:track:5L9Gr0LRkgnEJmNRlrZp07,"S'Cooled","Coastal Grooves","Blood Orange",2011-08-08,190266,50,false,iarecippo,2020-07-06T04:23:38Z,"art pop","Domino Recording Co",0.752,0.58,7,-10.13,1,0.0388,0.000529,0.415,0.161,0.627,105.233,4
spotify:track:2AcgLuJqJHLlI7QxtLzEJS,"Complete Failure","Coastal Grooves","Blood Orange",2011-08-08,215400,41,false,iarecippo,2020-07-06T04:23:38Z,"art pop","Domino Recording Co",0.691,0.475,9,-12.347,1,0.0308,0.256,0.638,0.103,0.458,119.174,4
spotify:track:4Gw0B3lqo5QG0M1vmL4L0b,"Instantly Blank (The Goodness)","Coastal Grooves","Blood Orange",2011-08-08,173200,40,false,iarecippo,2020-07-06T04:23:38Z,"art pop","Domino Recording Co",0.763,0.515,5,-9.867,0,0.0308,0.0122,0.279,0.0918,0.677,117.756,4
spotify:track:5Dqfw7Qiz6spw2xcl3rfkt,"The Complete Knock","Coastal Grooves","Blood Orange",2011-08-08,303533,61,false,iarecippo,2020-07-06T04:23:38Z,"art pop","Domino Recording Co",0.609,0.48,6,-12.218,0,0.0359,0.00138,0.41,0.138,0.75,119.455,4
spotify:track:5ZgL1x05kyGuXVHMGCnhmc,"Are You Sure You're Really Busy ?","Coastal Grooves","Blood Orange",2011-08-08,261586,45,false,iarecippo,2020-07-06T04:23:38Z,"art pop","Domino Recording Co",0.624,0.689,2,-9.097,1,0.0248,0.0789,0.295,0.218,0.331,107.733,4
spotify:track:0AIpGG5dxEgnAymhdJRSZ0,"Champagne Coast","Coastal Grooves","Blood Orange",2011-08-08,292373,83,false,iarecippo,2020-07-06T04:23:38Z,"art pop","Domino Recording Co",0.813,0.406,9,-12.626,1,0.0662,0.0203,0.392,0.0757,0.755,122.658,4
spotify:track:0vRUvWSK8Hey5k5i45De3W,"Spaceway 70","Those Who Throw Objects at the Crocodiles Will Be Asked to Retrieve Them","Bruno Pernadas",2016-09-23,439414,0,false,iarecippo,2020-07-12T16:40:56Z,"art pop","Pataca Discos",0.367,0.627,7,-7.134,0,0.033,0.53,0.165,0.109,0.497,93.853,3
spotify:track:53b4ay3zz0DpRd3QVgzaqW,"Problem Number 6","Those Who Throw Objects at the Crocodiles Will Be Asked to Retrieve Them","Bruno Pernadas",2016-09-23,262987,0,false,iarecippo,2020-07-12T16:40:56Z,"art pop","Pataca Discos",0.673,0.88,5,-9.808,1,0.0394,0.0236,0.761,0.154,0.789,99.988,3
spotify:track:5E6AoOwwAIbVqx9J6i7ccj,"Valley in the Ocean","Those Who Throw Objects at the Crocodiles Will Be Asked to Retrieve Them","Bruno Pernadas",2016-09-23,405351,0,false,iarecippo,2020-07-12T16:40:56Z,"art pop","Pataca Discos",0.457,0.272,11,-12.022,1,0.0345,0.825,0.573,0.13,0.413,200.364,3
spotify:track:5V74uKCDdFzxX7ivMTFLZ8,"Anywhere in Spacetime","Those Who Throw Objects at the Crocodiles Will Be Asked to Retrieve Them","Bruno Pernadas",2016-09-23,406082,0,false,iarecippo,2020-07-12T16:40:56Z,"art pop","Pataca Discos",0.658,0.631,7,-8.318,0,0.0286,0.171,0.209,0.133,0.509,109.015,4
spotify:track:2vixmygK3evCJrrcogK40u,"Poem (2)","Those Who Throw Objects at the Crocodiles Will Be Asked to Retrieve Them","Bruno Pernadas",2016-09-23,25320,0,false,iarecippo,2020-07-12T16:40:56Z,"art pop","Pataca Discos",0.541,0.0809,9,-22.545,0,0.445,0.896,0,0.323,0.865,119.637,3
spotify:track:6it42Tpwq6vGNHpV3GTKIP,"Because It's Hard to Develop That Capacity on Your Own","Those Who Throw Objects at the Crocodiles Will Be Asked to Retrieve Them","Bruno Pernadas",2016-09-23,124174,0,false,iarecippo,2020-07-12T16:40:56Z,"art pop","Pataca Discos",0.217,0.0444,9,-23.563,0,0.053,0.991,0.133,0.485,0.338,174.937,3
spotify:track:7t5kbG3pwnOvS2EltxEUlz,"Galaxy","Those Who Throw Objects at the Crocodiles Will Be Asked to Retrieve Them","Bruno Pernadas",2016-09-23,522487,0,false,iarecippo,2020-07-12T16:40:56Z,"art pop","Pataca Discos",0.48,0.636,0,-6.824,1,0.0303,0.408,0.621,0.131,0.405,138.192,4
spotify:track:4hN29dORpHBq0Y24mBWdQC,"Ya Ya Breathe","Those Who Throw Objects at the Crocodiles Will Be Asked to Retrieve Them","Bruno Pernadas",2016-09-23,783549,0,false,iarecippo,2020-07-12T16:40:56Z,"art pop","Pataca Discos",0.661,0.645,0,-8.541,0,0.0365,0.209,0.606,0.145,0.361,108.012,4
spotify:track:2WokcJCRQOtebPUG6w6Zd3,"Lachrymose","Those Who Throw Objects at the Crocodiles Will Be Asked to Retrieve Them","Bruno Pernadas",2016-09-23,186604,0,false,iarecippo,2020-07-12T16:40:56Z,"art pop","Pataca Discos",0.667,0.246,1,-14.794,1,0.0333,0.682,0.46,0.34,0.217,100.054,4
spotify:track:16Qizu6TeCb3se0JxgSvTQ,"Druyan & Sagan","Loto","Rufus T. Firefly",2018-06-01,232720,0,false,iarecippo,2020-07-14T14:21:51Z,"","Lago Naranja Records distributed by Altafonte",0.213,0.871,9,-7.305,1,0.113,0.00706,0.0579,0.326,0.19,93.972,4
spotify:track:26brMXPaWuYUE1uGLdyw3K,"Demogorgon","Loto","Rufus T. Firefly",2018-06-01,274746,0,false,iarecippo,2020-07-14T14:21:51Z,"","Lago Naranja Records distributed by Altafonte",0.374,0.83,9,-7.213,0,0.0491,0.129,0.0058,0.668,0.477,82.105,4
spotify:track:0zsC8w6ARL2tyNxUttRz5l,"Loto","Loto","Rufus T. Firefly",2018-06-01,273600,0,false,iarecippo,2020-07-14T14:21:51Z,"","Lago Naranja Records distributed by Altafonte",0.444,0.89,6,-6.848,0,0.0494,0.0425,0.11,0.232,0.549,124.897,4
spotify:track:2nhWLdAdoBA1GdoOfGjJQ5,"Cristal Oscuro","Loto","Rufus T. Firefly",2018-06-01,158946,0,false,iarecippo,2020-07-14T14:21:51Z,"","Lago Naranja Records distributed by Altafonte",0.62,0.794,7,-10.794,1,0.0604,0.0641,0.866,0.218,0.165,120.017,4
spotify:track:3u0jQjXrMJolZLaqrrdp9Q,"San Junipero","Loto","Rufus T. Firefly",2018-06-01,254106,0,false,iarecippo,2020-07-14T14:21:51Z,"","Lago Naranja Records distributed by Altafonte",0.546,0.914,9,-6.522,0,0.155,0.0484,0.134,0.333,0.572,120.013,4
spotify:track:5pGkO82VOOnaiSEHgfDJed,"Lucy In The Sky With Diamonds","Loto","Rufus T. Firefly",2018-06-01,293120,0,false,iarecippo,2020-07-14T14:21:51Z,"","Lago Naranja Records distributed by Altafonte",0.159,0.826,0,-6.688,1,0.061,0.0765,0.00958,0.578,0.408,178.146,4
spotify:track:3D1lC34zEhHsNamJESuJ44,"Un Breve e Insignificante Momento en la Breve e Insignificante Historia de la Humanidad","Loto","Rufus T. Firefly",2018-06-01,276373,0,false,iarecippo,2020-07-14T14:21:51Z,"","Lago Naranja Records distributed by Altafonte",0.608,0.627,11,-8.292,1,0.0302,0.305,0.731,0.0758,0.54,120.009,4
spotify:track:3x3w0PDBUwLBv2kiQRvVkh,"Final Fantasy","Loto","Rufus T. Firefly",2018-06-01,426173,0,false,iarecippo,2020-07-14T14:21:51Z,"","Lago Naranja Records distributed by Altafonte",0.367,0.658,3,-7.651,1,0.0357,0.588,0.484,0.174,0.14,79.025,4
spotify:track:2zslIm8wrYJXPPHUSoeEyi,"Movido a Vapor","Movido a Vapor","Tagore",2014-08-11,209800,14,false,iarecippo,2020-07-15T12:11:30Z,"new mpb,space rock","Cósmica",0.319,0.816,4,-5.888,1,0.0364,0.393,0,0.0964,0.961,110.044,4
spotify:track:75v2bzYZWUkcQksmPKdQKa,"Poliglota","Movido a Vapor","Tagore",2014-08-11,195419,8,false,iarecippo,2020-07-15T12:11:30Z,"new mpb,space rock","Cósmica",0.592,0.835,9,-5.851,1,0.0291,0.364,0.000476,0.126,0.846,142.049,3
spotify:track:7t6uOZhkpqrheIyjj6ZCH4,"Enciclopédia do Ser","Movido a Vapor","Tagore",2014-08-11,233600,5,false,iarecippo,2020-07-15T12:11:30Z,"new mpb,space rock","Cósmica",0.543,0.798,9,-5.672,1,0.0299,0.253,0,0.398,0.718,135.004,4
spotify:track:2yebiSdooJsE4b4nePDHtw,"Crença","Movido a Vapor","Tagore",2014-08-11,136599,5,false,iarecippo,2020-07-15T12:11:30Z,"new mpb,space rock","Cósmica",0.556,0.916,0,-6.372,1,0.0359,0.0515,0.0000289,0.517,0.824,102.982,4
spotify:track:40FhgDJ2xWSAAhc9zItK8m,"Tarde Londrina","Movido a Vapor","Tagore",2014-08-11,161704,4,false,iarecippo,2020-07-15T12:11:30Z,"new mpb,space rock","Cósmica",0.383,0.656,2,-7.494,1,0.0289,0.473,0,0.0949,0.589,109.988,4
spotify:track:6kThkbpC86uLeEVaRnys2O,"Vagabundo Iluminado","Movido a Vapor","Tagore",2014-08-11,204299,7,false,iarecippo,2020-07-15T12:11:30Z,"new mpb,space rock","Cósmica",0.616,0.891,7,-6.375,1,0.0328,0.314,0,0.442,0.95,95.03,4
spotify:track:0q0rcD1JFLSnteTzGwyUEY,"Ilhas Cayman","Movido a Vapor","Tagore",2014-08-11,158998,4,false,iarecippo,2020-07-15T12:11:30Z,"new mpb,space rock","Cósmica",0.609,0.709,2,-7.884,1,0.0273,0.348,0.0000017,0.0959,0.853,126.151,4
spotify:track:4p2H4dhEDo6NnL2rSzpgi2,"Todos os Olhos","Movido a Vapor","Tagore",2014-08-11,222299,4,false,iarecippo,2020-07-15T12:11:30Z,"new mpb,space rock","Cósmica",0.659,0.646,5,-7.099,1,0.0385,0.4,0.0000054,0.191,0.914,127.053,4
spotify:track:7ArWLnB9iUVN3lXK4qGf0c,"Portobelo","Movido a Vapor","Tagore",2014-08-11,133397,4,false,iarecippo,2020-07-15T12:11:30Z,"new mpb,space rock","Cósmica",0.598,0.826,9,-5.694,1,0.0292,0.299,0,0.211,0.966,127.966,4
spotify:track:4gWqusIogcGlEmhXl4fGBr,"Calvário","Movido a Vapor","Tagore",2014-08-11,132701,7,false,iarecippo,2020-07-15T12:11:30Z,"new mpb,space rock","Cósmica",0.631,0.606,4,-10.127,0,0.0286,0.258,0.759,0.285,0.481,101.031,4
spotify:track:366v6Ylu0OzSXhwmZFxWCU,"Morena Tropicana","Movido a Vapor","Tagore",2014-08-11,186695,15,false,iarecippo,2020-07-15T12:11:30Z,"new mpb,space rock","Cósmica",0.657,0.605,11,-7.394,0,0.0387,0.444,0.00000165,0.158,0.778,122.024,4
spotify:track:2xrmlbQteWwqYRU9wCuZjz,"Lamento em Sol","Movido a Vapor","Tagore",2014-08-11,195090,4,false,iarecippo,2020-07-15T12:11:30Z,"new mpb,space rock","Cósmica",0.63,0.549,2,-7.174,1,0.0274,0.276,0.00000426,0.1,0.751,99.995,4
spotify:track:3FcOAKW3FFg2pAQm9tFXJr,"Breeze","Nice Guys Love You (Vol. 2)","Jermango Dreaming;Nice Guys",2020-07-17,233907,28,false,iarecippo,2020-07-17T22:46:17Z,"surf rock","Nice Guys",0.708,0.802,9,-4.489,0,0.03,0.00376,0.24,0.11,0.741,117.021,4
spotify:track:6UHmrBwUol13c4BAxKSMua,"E, Otkad Mi Se Nisi Javila","Nice Guys Love You (Vol. 2)","Hector Gachan;Nice Guys",2020-07-17,209406,26,false,iarecippo,2020-07-17T22:46:17Z,"bedroom pop,surf rock","Nice Guys",0.656,0.32,9,-14,0,0.0291,0.378,0.0058,0.0837,0.43,100.037,4
spotify:track:2PJkMx2j1ZTchHnLhPJANQ,"Over Here","Nice Guys Love You (Vol. 2)","Mostly Sonny;Nice Guys",2020-07-17,285000,10,false,iarecippo,2020-07-17T22:46:17Z,"surf rock","Nice Guys",0.638,0.473,7,-13.058,1,0.0382,0.19,0.424,0.374,0.453,129.955,4
spotify:track:2jmQV2vUyAEHHkUCmOQkiJ,"Golden Reservoir","Nice Guys Love You (Vol. 2)","Who Boy;Nice Guys",2020-07-17,256695,10,true,iarecippo,2020-07-17T22:46:17Z,"surf rock","Nice Guys",0.731,0.53,0,-8.412,1,0.0332,0.253,0.565,0.0938,0.962,115.011,4
spotify:track:5HpzraHTLhshxjPR5b1Yyb,"You","Nice Guys Love You (Vol. 2)","Saeyers;Nice Guys",2020-07-17,216624,10,false,iarecippo,2020-07-17T22:46:17Z,"dream pop,surf rock","Nice Guys",0.383,0.564,0,-7.918,1,0.0304,0.104,0.244,0.0883,0.288,187.099,4
spotify:track:0S15lnD3cF2bYAROlbwKfV,"The Clouds Cleared the Way","Nice Guys Love You (Vol. 2)","Shane Tyler;Nice Guys",2020-07-17,244000,17,false,iarecippo,2020-07-17T22:46:17Z,"dream pop,surf rock","Nice Guys",0.786,0.659,6,-8.929,0,0.0525,0.236,0.88,0.312,0.823,118.032,4
spotify:track:3VHiBRGIfSvLCqWRiejzLG,"Voodoo on Gold","Nice Guys Love You (Vol. 2)","Dumbo Gets Mad;Nice Guys",2020-07-17,196911,8,false,iarecippo,2020-07-17T22:46:17Z,"neo-psychedelic,psychedelic rock,surf rock","Nice Guys",0.461,0.678,6,-4.984,1,0.0299,0.0711,0.805,0.261,0.499,146.15,4
spotify:track:5y7FXLPAjUvqIaNe3YIe9G,"Little League","Nice Guys Love You (Vol. 2)","Huron John;Nice Guys",2020-07-17,174341,8,false,iarecippo,2020-07-17T22:46:17Z,"bedroom pop,surf rock","Nice Guys",0.677,0.577,4,-9.409,1,0.0816,0.602,0.222,0.127,0.755,167.993,4
spotify:track:4rbn5cEu0AZaR8KnTu7umB,"Some Kind of Confidence","Nice Guys Love You (Vol. 2)","Dad Bod;Nice Guys",2020-07-17,169270,8,false,iarecippo,2020-07-17T22:46:17Z,"surf rock","Nice Guys",0.631,0.587,7,-7.981,1,0.0356,0.351,0.358,0.237,0.178,125.071,4
spotify:track:0qNXML5MDvkgaqjm3TMVpf,"Leave This World","Nice Guys Love You (Vol. 2)","Kip Nelson;Nice Guys",2020-07-17,217595,8,false,iarecippo,2020-07-17T22:46:17Z,"surf rock","Nice Guys",0.75,0.336,9,-7.539,0,0.0541,0.236,0.0175,0.0775,0.0608,125.064,4
spotify:track:1J2VZ5PQHxWrTw2yySzr8u,"Guai","Nice Guys Love You (Vol. 2)","The Quincey;Nice Guys",2020-07-17,222000,7,false,iarecippo,2020-07-17T22:46:17Z,"surf rock,neo-psychedelic","Nice Guys",0.58,0.715,7,-7.302,1,0.0291,0.543,0.00991,0.181,0.882,125.232,4
spotify:track:3l6YI205J8dlZXoJVklGoK,"Lewis","Nice Guys Love You (Vol. 2)","Teal Moss;Nice Guys",2020-07-17,255278,7,true,iarecippo,2020-07-17T22:46:17Z,"lo-fi indie,surf rock","Nice Guys",0.654,0.437,7,-12.08,1,0.0272,0.733,0.795,0.153,0.452,86.051,4
spotify:track:7HKIYpQDtB8vgzKVRgH2FX,"Light Headed Overview","Nice Guys Love You (Vol. 2)","FIG;Nice Guys",2020-07-17,161982,10,false,iarecippo,2020-07-17T22:46:17Z,"bedroom pop,surf rock","Nice Guys",0.818,0.22,10,-16.837,1,0.0562,0.915,0.122,0.107,0.274,130.049,4
spotify:track:4pME1sauhvWutqFai3QrXu,"Happily Depressed","Nice Guys Love You (Vol. 2)","Lzr;Nice Guys",2020-07-17,151782,8,false,iarecippo,2020-07-17T22:46:17Z,"surf rock","Nice Guys",0.86,0.351,2,-13.139,1,0.0774,0.106,0.0765,0.102,0.371,114.002,4
spotify:track:4I11uWNff4FPHxbtvDPosM,"Personal","Nice Guys Love You (Vol. 2)","Blue Material;Nice Guys",2020-07-17,285856,9,false,iarecippo,2020-07-17T22:46:17Z,"surf rock","Nice Guys",0.66,0.855,9,-7.086,0,0.0382,0.0114,0.507,0.225,0.681,120.897,4
spotify:track:5F2Kmi1PIKXEq1WsN7MYu1,"Lemurian Promenade","Nice Guys Love You (Vol. 2)","Shane Tyler;Nice Guys",2020-07-17,237500,7,false,iarecippo,2020-07-17T22:46:17Z,"dream pop,surf rock","Nice Guys",0.593,0.526,7,-9.355,1,0.0978,0.0241,0.631,0.104,0.547,197.919,4
spotify:track:27DcLhUMNYAVeQz1Bm0flJ,"La-Dee-Da","Nice Guys Love You (Vol. 2)","Jermango Dreaming;Nice Guys",2020-07-17,158308,6,false,iarecippo,2020-07-17T22:46:17Z,"surf rock","Nice Guys",0.762,0.735,9,-6.738,0,0.0498,0.137,0.00000113,0.054,0.441,129.992,4
spotify:track:3XQTxTOLpRNGBUQGW6HPvI,"Pessimistic","Nice Guys Love You (Vol. 2)","Hollis Howard;STEPHAN;Nice Guys",2020-07-17,241904,9,true,iarecippo,2020-07-17T22:46:17Z,"bedroom pop,surf rock","Nice Guys",0.738,0.442,7,-10.142,0,0.092,0.646,0.0212,0.112,0.121,126.055,4
spotify:track:4tb7AeGPylfa2HuD196bOH,"Music in the Village","Nice Guys Love You (Vol. 2)","RMZ;Nice Guys",2020-07-17,316363,6,true,iarecippo,2020-07-17T22:46:17Z,"surf rock","Nice Guys",0.818,0.313,5,-10.768,0,0.399,0.455,0.000257,0.205,0.238,77.011,4
spotify:track:3EgqumGyPZc2GTIDLO0jnh,"The Other Side","Nice Guys Love You (Vol. 2)","A.C. Freazy;Nice Guys",2020-07-17,265965,6,false,iarecippo,2020-07-17T22:46:17Z,"surf rock","Nice Guys",0.825,0.302,2,-14.875,0,0.0456,0.398,0.0867,0.103,0.666,133.784,4
spotify:track:579MaMIh4MRpNFbTXMFYTi,"Disorder","Nice Guys Love You (Vol. 2)","Freak Slug;Nice Guys",2020-07-17,245131,18,false,iarecippo,2020-07-17T22:46:17Z,"lo-fi indie,dream pop,bedroom pop,surf rock","Nice Guys",0.704,0.357,6,-12.541,0,0.0313,0.122,0.0409,0.112,0.196,119.952,4
spotify:track:7clpVI56ZwfQvoqZaYvwQ2,"Antoine","Nice Guys Love You (Vol. 2)","Andy Burns;Nice Guys",2020-07-17,179000,4,false,iarecippo,2020-07-17T22:46:17Z,"surf rock","Nice Guys",0.801,0.486,8,-11.43,1,0.0461,0.725,0.476,0.104,0.921,115.75,4
spotify:track:70wgSSAs18BnXbmIiNFwa0,"Make It Out","Nice Guys Love You (Vol. 2)","Jaguar Sun;Nice Guys",2020-07-17,244949,13,false,iarecippo,2020-07-17T22:46:17Z,"dream pop,surf rock","Nice Guys",0.64,0.611,2,-10.778,1,0.0356,0.202,0.829,0.115,0.505,160.015,4
spotify:track:2au26kqvJjXdQ4Yy5sF5cU,"Right Hand Blue","Nice Guys Love You (Vol. 2)","Stanley;Ryan Gebhardt",2020-07-17,201857,5,false,iarecippo,2020-07-17T22:46:17Z,"","Nice Guys",0.507,0.461,9,-7.65,0,0.0301,0.387,0.0000274,0.123,0.357,140.108,4
spotify:track:76Rf7JEqmT7690TKlSVNyv,"Feels Right","Nice Guys Love You (Vol. 2)","Rezar;Nice Guys;Savira",2020-07-17,225500,5,false,iarecippo,2020-07-17T22:46:17Z,"surf rock","Nice Guys",0.732,0.392,0,-10.897,1,0.0302,0.432,0.32,0.122,0.562,120.07,4
spotify:track:2kDTQCwY5Dt9UFg4qQxlEy,"Dark Gloomy Cell","Nice Guys Love You (Vol. 2)","Danny Lito;Nice Guys",2020-07-17,201606,5,false,iarecippo,2020-07-17T22:46:17Z,"surf rock","Nice Guys",0.702,0.413,0,-7.35,1,0.0297,0.946,0.21,0.114,0.149,99.986,4
spotify:track:3vNyckVMy4jABTT9OVV605,"Ghost Discus","Nice Guys Love You (Vol. 2)","Andy Burns;Nice Guys",2020-07-17,265957,4,false,iarecippo,2020-07-17T22:46:17Z,"surf rock","Nice Guys",0.578,0.741,11,-3.931,1,0.0297,0.131,0.255,0.0638,0.711,115.335,4
spotify:track:0ONK0zB6lR3LVXSWNDnB88,"Late","Nice Guys Love You (Vol. 2)","Jaguar Sun;Nice Guys",2020-07-17,283946,5,false,iarecippo,2020-07-17T22:46:17Z,"dream pop,surf rock","Nice Guys",0.431,0.46,0,-13.426,1,0.102,0.0141,0.324,0.245,0.236,79.991,4
spotify:track:5sjz4WKVW0Jhf4tPAw37WG,"Austria","Nice Guys Love You (Vol. 2)","Lzr;Nice Guys",2020-07-17,210274,5,false,iarecippo,2020-07-17T22:46:17Z,"surf rock","Nice Guys",0.786,0.663,10,-5.412,0,0.0519,0.00716,0.874,0.0785,0.249,120.016,4
spotify:track:4Ob4lBBJuDqQ62ewrbqIQ0,"La Fat Fur","Myths 001","Connan Mockasin;Devonté Hynes",2015-11-29,150611,0,false,iarecippo,2020-07-23T16:52:34Z,"","Mexican Summer",0.771,0.696,10,-9.229,1,0.0637,0.0109,0.862,0.0934,0.956,149.999,4
spotify:track:68ivEISjQ6pxNdeXULwdll,"Feelin' Lovely","Myths 001","Connan Mockasin;Devonté Hynes",2015-11-29,231467,0,false,iarecippo,2020-07-23T16:52:34Z,"","Mexican Summer",0.723,0.757,2,-6.455,0,0.0589,0.348,0.0000132,0.0949,0.704,89.969,4
spotify:track:42XLnktoG4G9adqJhylMQq,"Big Distant Crush","Myths 001","Connan Mockasin;Devonté Hynes",2015-11-29,293152,0,false,iarecippo,2020-07-23T16:52:34Z,"","Mexican Summer",0.386,0.291,9,-8.74,0,0.0323,0.927,0.141,0.0977,0.096,120.911,4
spotify:track:2wbtHZqSmhKpxrqcfZIh2a,"A Cycle (feat. Odile)","Men I Trust","Men I Trust;Odile",2014-05-28,240000,33,false,iarecippo,2020-08-26T00:23:09Z,"bedroom pop,indie pop,dream pop,música adventista","Indie",0.834,0.35,7,-8.924,0,0.0698,0.133,0.636,0.103,0.178,142.038,4
spotify:track:7BaZ7WlAdhOaGjIUYWsUWy,"Dazed (feat. Gabrielle & Geoffroy)","Men I Trust","Men I Trust;Geoffroy;Gabrielle",2014-05-28,232000,46,false,iarecippo,2020-08-26T00:23:09Z,"bedroom pop,indie pop,dream pop","Indie",0.837,0.331,6,-11.14,0,0.0731,0.121,0.0601,0.126,0.85,120.009,4
spotify:track:3o5RYmMtwJHYHU0NnZF4uS,"Stay True (feat. Helena)","Men I Trust","Men I Trust;Helena",2014-05-28,305684,39,false,iarecippo,2020-08-26T00:23:09Z,"bedroom pop,indie pop,dream pop","Indie",0.917,0.325,9,-12.099,0,0.0515,0.455,0.298,0.112,0.419,95.001,4
spotify:track:08cMODBUeCYMOH5X7gBD4i,"A Prayer (feat. Odile)","Men I Trust","Men I Trust;Odile",2014-05-28,259907,23,false,iarecippo,2020-08-26T00:23:09Z,"bedroom pop,indie pop,dream pop,música adventista","Indie",0.729,0.191,3,-16.792,1,0.0963,0.602,0.00789,0.0774,0.276,178.005,4
spotify:track:0jGRuL0o2JrAJ5gKrByd1W,"Opus","Men I Trust","Men I Trust",2014-05-28,186352,22,false,iarecippo,2020-08-26T00:23:09Z,"bedroom pop,indie pop,dream pop","Indie",0.8,0.519,9,-11.062,0,0.0632,0.0371,0.676,0.0968,0.849,127.514,3
spotify:track:2A2eIWxGG9gasHXO1GEeY4,"System (feat. Gabrielle & Marie-Renée)","Men I Trust","Men I Trust;Gabrielle;Marie-Renée",2014-05-28,236250,30,false,iarecippo,2020-08-26T00:23:09Z,"bedroom pop,indie pop,dream pop","Indie",0.729,0.226,0,-14.081,0,0.0873,0.285,0.348,0.0889,0.277,159.998,3
spotify:track:1Ls8KCGK2qGxPnhICwqAbc,"Endless Strive (feat. Thomas)","Men I Trust","Men I Trust;Thomas",2014-05-28,220165,25,false,iarecippo,2020-08-26T00:23:09Z,"bedroom pop,indie pop,dream pop","Indie",0.792,0.562,1,-9.669,0,0.0631,0.0943,0.152,0.0596,0.173,121.007,4
spotify:track:5hJr0KevwM84rfkkoXQTD4,"Nasty Ostinato Ad Nauseam Snap Bass Caron","Men I Trust","Men I Trust",2014-05-28,109565,18,false,iarecippo,2020-08-26T00:23:09Z,"bedroom pop,indie pop,dream pop","Indie",0.73,0.79,5,-12.949,0,0.0649,0.302,0.909,0.115,0.817,92,4
spotify:track:422Wuyjjb2nSE2PrkK0Mzt,"Extatic Memoirs (feat. James)","Men I Trust","Men I Trust;James",2014-05-28,193040,21,false,iarecippo,2020-08-26T00:23:09Z,"bedroom pop,indie pop,dream pop,gospel","Indie",0.676,0.515,1,-8.564,1,0.158,0.146,0.0432,0.109,0.932,139.616,4
spotify:track:7szmkrQbZcvyYFzCe1Mv7w,"Introit (feat. Odile)","Men I Trust","Men I Trust;Odile",2014-05-28,188000,18,false,iarecippo,2020-08-26T00:23:09Z,"bedroom pop,indie pop,dream pop,música adventista","Indie",0.11,0.16,7,-17.407,0,0.0387,0.906,0.142,0.11,0.0454,174.104,3
spotify:track:6PklYrpMp4NbpVKtV4qz5g,"The Room","The Room","Fenster",2018-09-14,296905,9,false,iarecippo,2020-09-25T03:55:17Z,"","Altin Village & Mine",0.459,0.536,0,-10.862,1,0.0348,0.387,0.906,0.1,0.401,118.313,4
spotify:track:5D7VIj68zy69TwKmjEAEiw,"HBW","The Room","Fenster",2018-09-14,274233,21,false,iarecippo,2020-09-25T03:55:17Z,"","Altin Village & Mine",0.571,0.391,5,-11.326,1,0.0309,0.128,0.937,0.104,0.175,141.37,4
spotify:track:7GpwLm3MdujfHbBOq0Sbnc,"Rythm A","The Room","Fenster",2018-09-14,243345,6,false,iarecippo,2020-09-25T03:55:17Z,"","Altin Village & Mine",0.306,0.499,6,-8.521,0,0.0372,0.731,0.193,0.0997,0.177,76.067,4
spotify:track:12YZ5QnbtgCKCX9CI6uZoF,"Groovin' with The Eternal Now","The Room","Fenster",2018-09-14,179933,27,false,iarecippo,2020-09-25T03:55:17Z,"","Altin Village & Mine",0.427,0.185,6,-13.986,0,0.0578,0.945,0.0681,0.108,0.314,64.967,4
spotify:track:7vnqO9fysVefVKp63H8PuV,"Don't Move!","The Room","Fenster",2018-09-14,295941,7,false,iarecippo,2020-09-25T03:55:17Z,"","Altin Village & Mine",0.626,0.467,9,-9.491,0,0.0795,0.442,0.449,0.0669,0.345,81.5,4
spotify:track:4CsKEgMWbuI4J9zVgiCTmd,"Feel Better","The Room","Fenster",2018-09-14,306716,6,false,iarecippo,2020-09-25T03:55:17Z,"","Altin Village & Mine",0.369,0.474,0,-11.131,1,0.0279,0.556,0.0841,0.126,0.269,134.585,4
spotify:track:2kcvt2Jq0p1la20ivTbY0v,"Like A River","The Room","Fenster",2018-09-14,250395,9,false,iarecippo,2020-09-25T03:55:17Z,"","Altin Village & Mine",0.736,0.217,2,-14.989,1,0.0402,0.652,0.698,0.121,0.197,114.035,4
spotify:track:4frli5RK4C0Aq3uUHrwQxE,"Just The Rain","The Room","Fenster",2018-09-14,205178,4,false,iarecippo,2020-09-25T03:55:17Z,"","Altin Village & Mine",0.451,0.493,11,-9.946,0,0.0273,0.658,0.906,0.156,0.393,102.836,4
spotify:track:1cxACcN5Fj85vfR3uEwcFq,"HAHA lol","The Room","Fenster",2018-09-14,251147,5,false,iarecippo,2020-09-25T03:55:17Z,"","Altin Village & Mine",0.402,0.592,1,-8.786,0,0.0313,0.807,0.613,0.2,0.296,114.497,4
spotify:track:1Ad6Tywo8tLpAwRN32YiPD,"Two Doors","The Room","Fenster",2018-09-14,364308,5,false,iarecippo,2020-09-25T03:55:17Z,"","Altin Village & Mine",0.327,0.39,9,-12.286,0,0.0317,0.707,0.39,0.123,0.15,97.033,4
spotify:track:6zP0N4moIKjEBFvztP88DR,"Intro","Ungodly Hour","Chloe x Halle",2020-06-12,28066,8,false,iarecippo,2020-09-25T03:55:40Z,"r&b","Parkwood Entertainment/Columbia",0.439,0.0731,4,-16.892,0,0.0263,0.923,0.0451,0.366,0.611,103.017,3
spotify:track:0qU3XhIH9xczYPUWV6OopS,"Forgive Me","Ungodly Hour","Chloe x Halle",2020-06-12,157866,53,true,iarecippo,2020-09-25T03:55:40Z,"r&b","Parkwood Entertainment/Columbia",0.707,0.651,4,-3.156,0,0.0669,0.0406,0.00000595,0.449,0.562,137.017,4
spotify:track:1AYn4YyxEF0SR3fGr6x7KN,"Baby Girl","Ungodly Hour","Chloe x Halle",2020-06-12,212373,40,false,iarecippo,2020-09-25T03:55:40Z,"r&b","Parkwood Entertainment/Columbia",0.684,0.473,1,-6.434,1,0.0427,0.00449,0.000552,0.337,0.299,81.004,4
spotify:track:2mE9iW3E4iteXrrWneOYsT,"Do It","Ungodly Hour","Chloe x Halle",2020-06-12,176786,43,false,iarecippo,2020-09-25T03:55:40Z,"r&b","Parkwood Entertainment/Columbia",0.701,0.668,5,-7.287,0,0.0516,0.0916,0.00000209,0.111,0.553,82.978,4
spotify:track:5GXuUITCCWAG4h8ABnQ8ve,"Tipsy","Ungodly Hour","Chloe x Halle",2020-06-12,152880,46,true,iarecippo,2020-09-25T03:55:40Z,"r&b","Parkwood Entertainment/Columbia",0.817,0.608,9,-5.445,1,0.0518,0.0315,0.000585,0.0598,0.667,136.959,4
spotify:track:0JLcFGzhW8cs2H6AwQFSzC,"Ungodly Hour","Ungodly Hour","Chloe x Halle",2020-06-12,255893,45,false,iarecippo,2020-09-25T03:55:40Z,"r&b","Parkwood Entertainment/Columbia",0.704,0.679,2,-6.499,1,0.317,0.143,0.0000114,0.0693,0.164,105.014,4
spotify:track:31iu7QBaScWz35mRDeFmI1,"Busy Boy","Ungodly Hour","Chloe x Halle",2020-06-12,189613,39,false,iarecippo,2020-09-25T03:55:40Z,"r&b","Parkwood Entertainment/Columbia",0.772,0.655,7,-6.213,1,0.0453,0.0334,0.000699,0.116,0.353,90.003,4
spotify:track:69YtbnALqh0dhXeyJe1WO0,"Overwhelmed","Ungodly Hour","Chloe x Halle",2020-06-12,52266,38,false,iarecippo,2020-09-25T03:55:40Z,"r&b","Parkwood Entertainment/Columbia",0.41,0.215,4,-12.778,0,0.0533,0.898,0,0.164,0.609,83.498,4
spotify:track:7zzFMgUlCC0ZUQGXkf6t1B,"Lonely","Ungodly Hour","Chloe x Halle",2020-06-12,195426,39,false,iarecippo,2020-09-25T03:55:40Z,"r&b","Parkwood Entertainment/Columbia",0.819,0.388,9,-6.396,1,0.0812,0.159,0.0906,0.109,0.241,94.984,4
spotify:track:1osZ4ByxDPk5JbUqnyBJ1v,"Don't Make It Harder On Me","Ungodly Hour","Chloe x Halle",2020-06-12,215066,41,false,iarecippo,2020-09-25T03:55:40Z,"r&b","Parkwood Entertainment/Columbia",0.522,0.754,10,-6.007,1,0.0775,0.107,0.000724,0.199,0.545,164.009,4
spotify:track:1C6ABWzxA5DBUpbTxNyTyB,"ROYL","Ungodly Hour","Chloe x Halle",2020-06-12,204826,39,false,iarecippo,2020-09-25T03:55:40Z,"r&b","Parkwood Entertainment/Columbia",0.663,0.689,5,-5.585,1,0.0295,0.348,0.0000109,0.157,0.59,149.96,4
spotify:track:0EtcGmf2mVZbHWq2ZGP3t7,"Spotlight","What's Your Pleasure?","Jessie Ware",2020-06-26,331933,53,false,iarecippo,2020-10-11T15:35:00Z,"","EMI",0.632,0.762,11,-8.555,0,0.0423,0.0358,0.501,0.119,0.164,115.021,4
spotify:track:2ZcwbSYqc8RfPGMMXTIdb0,"What’s Your Pleasure?","What's Your Pleasure?","Jessie Ware",2020-06-26,278026,57,false,iarecippo,2020-10-11T15:35:00Z,"","EMI",0.672,0.796,11,-8.465,0,0.0392,0.0187,0.734,0.154,0.604,115.001,4
spotify:track:55pv69Q4Iwbf2zvrRhE0A2,"Ooh La La","What's Your Pleasure?","Jessie Ware",2020-06-26,228213,47,false,iarecippo,2020-10-11T15:35:00Z,"","EMI",0.807,0.672,2,-7.364,0,0.0518,0.0404,0.0364,0.123,0.788,119.964,4
spotify:track:7KXYD0NGzDgZ3J0fQ72SGZ,"Soul Control","What's Your Pleasure?","Jessie Ware",2020-06-26,239280,49,false,iarecippo,2020-10-11T15:35:00Z,"","EMI",0.892,0.693,3,-8.872,0,0.0434,0.078,0.000861,0.0608,0.938,124.016,4
spotify:track:6rlQYRWG6ZN5X89LA0zBE7,"Save A Kiss","What's Your Pleasure?","Jessie Ware",2020-06-26,242266,51,false,iarecippo,2020-10-11T15:35:00Z,"","EMI",0.662,0.778,9,-9.82,0,0.0633,0.0591,0.0562,0.137,0.568,119.995,4
spotify:track:1TZpVXWfeFsnoTz6idYnkW,"Adore You","What's Your Pleasure?","Jessie Ware",2020-06-26,226373,45,false,iarecippo,2020-10-11T15:35:00Z,"","EMI",0.669,0.667,10,-11.039,0,0.039,0.297,0.196,0.105,0.194,106.99,4
spotify:track:2gxHL3jWAPMcXO7glNsMw7,"In Your Eyes","What's Your Pleasure?","Jessie Ware",2020-06-26,298453,42,false,iarecippo,2020-10-11T15:35:00Z,"","EMI",0.57,0.698,11,-7.965,0,0.0463,0.192,0.0333,0.11,0.843,83.024,4
spotify:track:25dvZoiLBhDrjbTxrTXPRn,"Step Into My Life","What's Your Pleasure?","Jessie Ware",2020-06-26,217133,42,false,iarecippo,2020-10-11T15:35:00Z,"","EMI",0.731,0.762,7,-7.677,0,0.0646,0.0629,0.00375,0.166,0.679,108.964,4
spotify:track:6TOtXc4baTpVCQE7rwbgLR,"Read My Lips","What's Your Pleasure?","Jessie Ware",2020-06-26,243533,42,false,iarecippo,2020-10-11T15:35:00Z,"","EMI",0.923,0.501,5,-9.59,0,0.0752,0.0186,0.0536,0.0993,0.749,120.006,4
spotify:track:5CZ53WFltsPPyLmx34QJwh,"Mirage (Don’t Stop)","What's Your Pleasure?","Jessie Ware",2020-06-26,287253,42,false,iarecippo,2020-10-11T15:35:00Z,"","EMI",0.791,0.669,11,-7.72,0,0.103,0.113,0.000949,0.108,0.598,113.001,4
spotify:track:4PXinTcjZIaky3sDwBUXIc,"The Kill","What's Your Pleasure?","Jessie Ware",2020-06-26,277693,44,false,iarecippo,2020-10-11T15:35:00Z,"","EMI",0.607,0.698,7,-9.357,0,0.0324,0.319,0.52,0.107,0.322,101.012,4
spotify:track:1yELCmfuqESOtVx27fwVfB,"Remember Where You Are","What's Your Pleasure?","Jessie Ware",2020-06-26,334546,49,false,iarecippo,2020-10-11T15:35:00Z,"","EMI",0.514,0.775,7,-8.37,1,0.0743,0.337,0.00641,0.213,0.489,86.003,4
spotify:track:24xbQqjrFlEA2pCeAFGz57,"You Know Better","Worried About You","Post Animal",2020-10-16,203283,0,false,iarecippo,2020-10-22T15:18:54Z,"neo-psychedelic,psychedelic rock","Post Animal",0.69,0.487,4,-7.623,0,0.0271,0.354,0.434,0.117,0.343,117.015,4
spotify:track:5eUaV2niuJFPaYGoOxyuzl,"3 Degrees","Worried About You","Post Animal",2020-10-16,229565,0,false,iarecippo,2020-10-22T15:18:54Z,"neo-psychedelic,psychedelic rock","Post Animal",0.567,0.654,10,-7.866,0,0.0323,0.13,0.252,0.137,0.77,125.023,1
spotify:track:1gQLwPn3aFtoLM9hG3CCSO,"Caving In","Worried About You","Post Animal",2020-10-16,254285,0,false,iarecippo,2020-10-22T15:18:54Z,"neo-psychedelic,psychedelic rock","Post Animal",0.411,0.437,5,-9.323,1,0.0262,0.685,0.909,0.106,0.308,70.976,4
spotify:track:1bvPlrTtIpj7CSXRaJpALg,"Strange Timez (feat. Robert Smith)","Song Machine, Season One: Strange Timez (Deluxe)","Gorillaz;Robert Smith",2020-10-23,227440,47,false,iarecippo,2020-10-24T15:52:07Z,"","Parlophone UK",0.562,0.919,9,-5.697,0,0.0441,0.415,0.035,0.111,0.645,130.978,4
spotify:track:3oP3Tfn86FRmxAGsV0TqCp,"The Valley of The Pagans (feat. Beck)","Song Machine, Season One: Strange Timez (Deluxe)","Gorillaz;Beck",2020-10-23,180973,59,true,iarecippo,2020-10-24T15:52:07Z,"anti-folk","Parlophone UK",0.75,0.856,2,-5.802,1,0.0457,0.0778,0.0000365,0.117,0.94,130.034,4
spotify:track:5jDIIpm38XbdvvSt4oilcI,"The Lost Chord (feat. Leee John)","Song Machine, Season One: Strange Timez (Deluxe)","Gorillaz;Leee John",2020-10-23,243546,53,false,iarecippo,2020-10-24T15:52:07Z,"","Parlophone UK",0.241,0.76,6,-7.783,0,0.0481,0.469,0.112,0.667,0.424,82.971,4
spotify:track:4hURm1oP1rE1KZ4zd7mRay,"Pac-Man (feat. ScHoolboy Q)","Song Machine, Season One: Strange Timez (Deluxe)","Gorillaz;ScHoolboy Q",2020-10-23,192880,60,true,iarecippo,2020-10-24T15:52:07Z,"","Parlophone UK",0.762,0.809,7,-5.454,0,0.0961,0.273,0.0000399,0.333,0.731,96.042,4
spotify:track:5zGElc4Fk95ONl7YihpLFN,"Chalk Tablet Towers (feat. St Vincent)","Song Machine, Season One: Strange Timez (Deluxe)","Gorillaz;St. Vincent",2020-10-23,182666,49,false,iarecippo,2020-10-24T15:52:07Z,"art pop","Parlophone UK",0.69,0.933,9,-5.447,0,0.0432,0.0259,0.00181,0.0571,0.896,133.008,4
spotify:track:6XyFC44z3MyVMd5ZrctiWL,"The Pink Phantom (feat. Elton John and 6LACK)","Song Machine, Season One: Strange Timez (Deluxe)","Gorillaz;Elton John;6LACK",2020-10-23,253053,53,false,iarecippo,2020-10-24T15:52:07Z,"","Parlophone UK",0.485,0.484,0,-8.156,1,0.0348,0.498,0.000325,0.0607,0.493,64.474,4
spotify:track:25Gp0MpGdvrs4hL1u4L2TF,"Aries (feat. Peter Hook and Georgia)","Song Machine, Season One: Strange Timez (Deluxe)","Gorillaz;Peter Hook;Georgia",2020-10-23,253333,55,false,iarecippo,2020-10-24T15:52:07Z,"acid house,chicago house","Parlophone UK",0.615,0.667,2,-7.801,1,0.0345,0.0175,0.0844,0.241,0.795,120.006,4
spotify:track:5dB55Te4Ivt5VRpwQsZXMa,"Friday 13th (feat. Octavian)","Song Machine, Season One: Strange Timez (Deluxe)","Gorillaz;Octavian",2020-10-23,215007,45,true,iarecippo,2020-10-24T15:52:07Z,"grime,uk grime,afroswing","Parlophone UK",0.753,0.411,0,-10.684,1,0.0271,0.547,0.0000419,0.228,0.484,100.042,4
spotify:track:0kz637M43RY673RZoJCWBX,"Dead Butterflies (feat. Kano and Roxani Arias)","Song Machine, Season One: Strange Timez (Deluxe)","Gorillaz;Kano;Roxani Arias",2020-10-23,273626,45,true,iarecippo,2020-10-24T15:52:07Z,"grime,uk grime","Parlophone UK",0.648,0.533,0,-9.163,1,0.164,0.485,0.0204,0.358,0.288,173.963,4
spotify:track:7rhtPZkcGCWgA3kizGwXwO,"Désolé (feat. Fatoumata Diawara) - Extended Version","Song Machine, Season One: Strange Timez (Deluxe)","Gorillaz;Fatoumata Diawara",2020-10-23,333053,60,false,iarecippo,2020-10-24T15:52:07Z,"","Parlophone UK",0.73,0.688,4,-7.912,0,0.028,0.337,0.229,0.0727,0.861,136.002,4
spotify:track:5h5FY6vmtDpgXF91BUexO0,"Momentary Bliss (feat. slowthai and Slaves)","Song Machine, Season One: Strange Timez (Deluxe)","Gorillaz;slowthai;SOFT PLAY",2020-10-23,221386,57,true,iarecippo,2020-10-24T15:52:07Z,"grime,uk grime","Parlophone UK",0.642,0.806,9,-6.73,1,0.239,0.0845,0.0000224,0.64,0.712,158.059,4
spotify:track:4jNs9cJBsFTiahZAe3iuwV,"Opium (feat. EARTHGANG)","Song Machine, Season One: Strange Timez (Deluxe)","Gorillaz;EARTHGANG",2020-10-23,410733,46,false,iarecippo,2020-10-24T15:52:07Z,"","Parlophone UK",0.682,0.847,11,-8.58,1,0.0612,0.216,0.168,0.0849,0.813,120.002,4
spotify:track:5vUmlY6P9ZA3WoosABRUpp,"Simplicity (feat. Joan As Police Woman)","Song Machine, Season One: Strange Timez (Deluxe)","Gorillaz;Joan As Police Woman",2020-10-23,164400,41,false,iarecippo,2020-10-24T15:52:07Z,"","Parlophone UK",0.74,0.655,11,-11.302,0,0.052,0.569,0.492,0.0961,0.753,121.635,4
spotify:track:0Zn0jtLj2ehkIPxlCoO65O,"Severed Head (feat. Goldlink and Unknown Mortal Orchestra)","Song Machine, Season One: Strange Timez (Deluxe)","Gorillaz;GoldLink;Unknown Mortal Orchestra",2020-10-23,214200,44,true,iarecippo,2020-10-24T15:52:07Z,"neo-psychedelic","Parlophone UK",0.74,0.674,9,-10.068,0,0.0445,0.298,0.342,0.0698,0.472,120.008,4
spotify:track:4KAIfa7oABPJbKT4cUz4Tx,"With Love To An Ex (feat. Moonchild Sanelly)","Song Machine, Season One: Strange Timez (Deluxe)","Gorillaz;Moonchild Sanelly",2020-10-23,181013,48,true,iarecippo,2020-10-24T15:52:07Z,"gqom","Parlophone UK",0.514,0.493,9,-9.797,1,0.136,0.201,0.0198,0.15,0.519,76.416,4
spotify:track:1mDbaq398rKyA2g4vv5obQ,"MLS (feat. JPEGMAFIA and CHAI)","Song Machine, Season One: Strange Timez (Deluxe)","Gorillaz;JPEGMAFIA;CHAI",2020-10-23,193226,43,true,iarecippo,2020-10-24T15:52:07Z,"experimental hip hop,alternative hip hop,experimental","Parlophone UK",0.745,0.653,6,-7.511,0,0.074,0.0889,0,0.104,0.68,90.006,4
spotify:track:7oPUdVHd88LJG7A9mVGbuF,"How Far? (feat. Tony Allen and Skepta)","Song Machine, Season One: Strange Timez (Deluxe)","Gorillaz;Tony Allen;Skepta",2020-10-23,166489,41,false,iarecippo,2020-10-24T15:52:07Z,"afrobeat,grime,uk grime","Parlophone UK",0.7,0.794,2,-7.215,1,0.211,0.503,0.00000136,0.377,0.848,110.172,4
spotify:track:0M1V6N3LuejYWDTrSPBKfZ,"Simulation","Róisín Machine","Róisín Murphy",2020-10-02,509830,0,false,iarecippo,2020-11-11T18:36:26Z,"art pop,electropop","Skint Records",0.594,0.891,0,-6.098,1,0.0561,0.0493,0.261,0.119,0.156,109.489,4
spotify:track:0FZ17eEYy9cdoTP0wGQW7e,"Kingdom Of Ends","Róisín Machine","Róisín Murphy",2020-10-02,370273,0,false,iarecippo,2020-11-11T18:36:26Z,"art pop,electropop","Skint Records",0.447,0.569,8,-7.422,1,0.0291,0.00134,0.0694,0.191,0.204,122.003,4
spotify:track:0kjRETCIY4HVUYlsPXvHXA,"Something More","Róisín Machine","Róisín Murphy",2020-10-02,409041,0,false,iarecippo,2020-11-11T18:36:26Z,"art pop,electropop","Skint Records",0.718,0.538,3,-7.457,0,0.0278,0.0153,0.0301,0.333,0.299,105.006,4
spotify:track:4CV2rKglt4txd8B9620cfi,"Shellfish Mademoiselle","Róisín Machine","Róisín Murphy",2020-10-02,257517,0,false,iarecippo,2020-11-11T18:36:26Z,"art pop,electropop","Skint Records",0.743,0.726,10,-7.165,0,0.0892,0.15,0.214,0.631,0.61,122.907,4
spotify:track:02CkWazM7YqypIxYKy3iSy,"Incapable","Róisín Machine","Róisín Murphy",2020-10-02,225494,0,false,iarecippo,2020-11-11T18:36:26Z,"art pop,electropop","Skint Records",0.781,0.632,9,-7.774,0,0.101,0.0185,0.0000479,0.116,0.663,114.018,4
spotify:track:6gwwsp3Yta4K6yCr3HRwKN,"We Got Together","Róisín Machine","Róisín Murphy",2020-10-02,310924,0,false,iarecippo,2020-11-11T18:36:26Z,"art pop,electropop","Skint Records",0.63,0.908,6,-6.964,1,0.0368,0.000552,0.727,0.112,0.238,112.005,4
spotify:track:54q4IFViWddsAqU57cuDmW,"Murphy's Law","Róisín Machine","Róisín Murphy",2020-10-02,381017,0,false,iarecippo,2020-11-11T18:36:26Z,"art pop,electropop","Skint Records",0.804,0.612,1,-7.011,0,0.0383,0.0213,0.0268,0.366,0.562,113.032,4
spotify:track:5BKM3K8xd0euRT6GbP7dmw,"Game Changer","Róisín Machine","Róisín Murphy",2020-10-02,254915,0,false,iarecippo,2020-11-11T18:36:26Z,"art pop,electropop","Skint Records",0.326,0.697,9,-6.994,1,0.0644,0.493,0.0637,0.12,0.353,56.5,4
spotify:track:4qC9JGb7LOO6XgesliA27Q,"Narcissus","Róisín Machine","Róisín Murphy",2020-10-02,295438,0,false,iarecippo,2020-11-11T18:36:26Z,"art pop,electropop","Skint Records",0.774,0.618,6,-7.073,0,0.035,0.046,0.00547,0.331,0.802,120.015,4
spotify:track:50n7BlnyClJrRaAy25PJug,"Jealousy","Róisín Machine","Róisín Murphy",2020-10-02,253062,0,false,iarecippo,2020-11-11T18:36:26Z,"art pop,electropop","Skint Records",0.606,0.94,2,-4.663,1,0.0931,0.027,0.00486,0.0992,0.726,131.502,4
spotify:track:1kgcD3StDwecNUrrir3yFl,"Hasta Que Llegue la Muerte","Depresión Sonora","Depresión Sonora",2020-05-08,220462,47,false,iarecippo,2020-11-12T17:14:58Z,"post-punk","Depresión Sonora",0.729,0.906,1,-3.79,0,0.0546,0.703,0.882,0.165,0.98,169.861,4
spotify:track:0OvrW3hP9fHFlAprGt0fV0,"Mira Mis Ojos","Depresión Sonora","Depresión Sonora",2020-05-08,176129,39,false,iarecippo,2020-11-12T17:14:58Z,"post-punk","Depresión Sonora",0.695,0.778,7,-4.651,0,0.0374,0.461,0.894,0.124,0.96,123.971,4
spotify:track:1za54TuEDc3gPqjxsZXSOY,"Hay Que Abandonar Este Lugar","Depresión Sonora","Depresión Sonora",2020-05-08,180750,39,false,iarecippo,2020-11-12T17:14:58Z,"post-punk","Depresión Sonora",0.675,0.871,11,-5.646,0,0.0697,0.866,0.884,0.109,0.93,159.995,4
spotify:track:3b1lFaPgPr6XxEsqZBdWs6,"Ya No Hay Verano","Depresión Sonora","Depresión Sonora",2020-05-08,174666,53,false,iarecippo,2020-11-12T17:14:58Z,"post-punk","Depresión Sonora",0.581,0.756,6,-6.616,1,0.0555,0.683,0.918,0.117,0.977,179.828,4
spotify:track:1WWhZ3lcscBaqYTg5iX86k,"Dime Que Me Odias","Depresión Sonora","Depresión Sonora",2020-05-08,208941,39,false,iarecippo,2020-11-12T17:14:58Z,"post-punk","Depresión Sonora",0.688,0.786,10,-5.706,1,0.103,0.665,0.888,0.0591,0.962,170.055,4
spotify:track:3YF2p7XLImHilI4gOvAjzl,"la luna enamorada","Sin Miedo (del Amor y Otros Demonios) ∞","Kali Uchis",2020-11-18,110526,0,false,iarecippo,2020-11-19T13:26:29Z,"","EMI / Interscope",0.529,0.239,6,-14.054,0,0.0248,0.873,0.00896,0.098,0.442,75.293,4
spotify:track:0ytL9uW7hCZh1Wn7kOQteq,"fue mejor","Sin Miedo (del Amor y Otros Demonios) ∞","Kali Uchis;PARTYNEXTDOOR",2020-11-18,228602,0,false,iarecippo,2020-11-19T13:26:29Z,"dark r&b,r&b,trap soul","EMI / Interscope",0.684,0.35,7,-9.399,0,0.0495,0.607,0,0.426,0.263,103.951,4
spotify:track:3SCU3BX167g0Pd5QWvd4QG,"//aguardiente y limón %ᵕ‿‿ᵕ%","Sin Miedo (del Amor y Otros Demonios) ∞","Kali Uchis",2020-11-18,161539,0,false,iarecippo,2020-11-19T13:26:29Z,"","EMI / Interscope",0.785,0.477,7,-8.755,1,0.0633,0.315,0.00133,0.141,0.572,121,4
spotify:track:02Uc7usHA0spFnEqfJmNNN,"¡aquí yo mando!","Sin Miedo (del Amor y Otros Demonios) ∞","Kali Uchis;Rico Nasty",2020-11-18,141517,0,true,iarecippo,2020-11-19T13:26:29Z,"","EMI / Interscope",0.723,0.615,11,-7.949,1,0.0524,0.0323,0.00000884,0.111,0.449,157.087,4
spotify:track:2owqzsCmpkzFvFTPM9fCv9,"vaya con dios","Sin Miedo (del Amor y Otros Demonios) ∞","Kali Uchis",2020-11-18,175539,0,false,iarecippo,2020-11-19T13:26:29Z,"","EMI / Interscope",0.388,0.594,7,-8.014,1,0.0317,0.0118,0.000143,0.326,0.277,69.367,4
spotify:track:5zZFQ9yDVuPG0Zh2aeRRxE,"que te pedí//","Sin Miedo (del Amor y Otros Demonios) ∞","Kali Uchis",2020-11-18,104273,0,false,iarecippo,2020-11-19T13:26:29Z,"","EMI / Interscope",0.347,0.34,9,-10.923,0,0.0428,0.902,0.384,0.316,0.27,143.442,4
spotify:track:1Ap99oPYvI37kcFMBBTCUx,"quiero sentirme bien","Sin Miedo (del Amor y Otros Demonios) ∞","Kali Uchis",2020-11-18,222383,0,false,iarecippo,2020-11-19T13:26:29Z,"","EMI / Interscope",0.779,0.38,0,-9.753,1,0.0361,0.43,0.00307,0.368,0.684,130.016,4
spotify:track:2uhGo14x2bQdnx8YBU9NGq,"telepatía","Sin Miedo (del Amor y Otros Demonios) ∞","Kali Uchis",2020-11-18,160191,0,false,iarecippo,2020-11-19T13:26:29Z,"","EMI / Interscope",0.653,0.524,11,-9.016,0,0.0502,0.112,0,0.203,0.553,83.97,4
spotify:track:3EGAhVukm2AHkRtkUOdbW0,"de nadie","Sin Miedo (del Amor y Otros Demonios) ∞","Kali Uchis",2020-11-18,179902,0,false,iarecippo,2020-11-19T13:26:29Z,"","EMI / Interscope",0.644,0.492,7,-9.623,1,0.25,0.0747,0.000377,0.121,0.213,139.855,3
spotify:track:7vo78dgK2nJ5TdtYEYV4yo,"no eres tu(soy yo)","Sin Miedo (del Amor y Otros Demonios) ∞","Kali Uchis",2020-11-18,121145,0,false,iarecippo,2020-11-19T13:26:29Z,"","EMI / Interscope",0.831,0.474,5,-7.987,1,0.0792,0.0181,0.00271,0.0989,0.35,149.003,4
spotify:track:6tqHiBhVfWF3cNcMlBkbl0,"te pongo mal(prendelo)","Sin Miedo (del Amor y Otros Demonios) ∞","Kali Uchis;Jowell & Randy",2020-11-18,172621,0,false,iarecippo,2020-11-19T13:26:29Z,"reggaeton,urbano latino","EMI / Interscope",0.686,0.71,1,-7.884,1,0.0731,0.00299,0.000182,0.167,0.846,179.967,4
spotify:track:4eqORzQp46JwXhkOab7AKX,"la luz(Fín)","Sin Miedo (del Amor y Otros Demonios) ∞","Kali Uchis;JHAYCO",2020-11-18,180000,0,false,iarecippo,2020-11-19T13:26:29Z,"reggaeton,trap latino,urbano latino","EMI / Interscope",0.732,0.457,11,-8.215,0,0.0969,0.0851,0.0000228,0.0805,0.58,166.012,4
spotify:track:3uKkRicm0OvtCbynx02V8A,"ángel sin cielo","Sin Miedo (del Amor y Otros Demonios) ∞","Kali Uchis",2020-11-18,123459,0,false,iarecippo,2020-11-19T13:26:29Z,"","EMI / Interscope",0.443,0.178,6,-14.831,0,0.0358,0.924,0.00222,0.078,0.286,120.732,4
spotify:track:2VFTgZwiAdrADSLrUNHWt9,"Bandida (feat. Mc Mayara)","111 DELUXE","Pabllo Vittar;POCAH;Mc Mayara",2020-11-26,146543,51,false,iarecippo,2020-11-27T03:43:55Z,"brazilian pop,funk pop,tecnobrega,brazilian funk,funk carioca,brega funk","Sony Music Entertainment",0.9,0.606,1,-6.003,1,0.184,0.192,0.00000158,0.0649,0.52,134.986,4
spotify:track:6tkuCCpBNnAWjbOv2MHIgO,"Eu Vou","111 DELUXE","Pabllo Vittar",2020-11-26,145920,41,false,iarecippo,2020-11-27T03:43:55Z,"brazilian pop,funk pop,tecnobrega","Sony Music Entertainment",0.502,0.813,0,-5.844,1,0.0397,0.0134,0,0.115,0.544,176.041,4
spotify:track:6cIltBt7JkdQ9eCk97fkya,"Parabéns - veronicat e Boombeat Remix","111 DELUXE","Pabllo Vittar;veronicat;Boombeat",2020-11-26,140666,19,false,iarecippo,2020-11-27T03:43:55Z,"brazilian pop,funk pop,tecnobrega","Sony Music Entertainment",0.887,0.701,10,-5.538,0,0.0678,0.126,0,0.232,0.47,93.027,4
spotify:track:0NYHOqjtfbY7ovylIPEfM1,"Tímida - A Travestis Remix","111 DELUXE","Pabllo Vittar;A Travestis",2020-11-26,185040,21,false,iarecippo,2020-11-27T03:43:55Z,"brazilian pop,funk pop,tecnobrega,pagode baiano","Sony Music Entertainment",0.66,0.576,6,-6.565,1,0.229,0.135,0,0.0632,0.592,199.001,4
spotify:track:3FWBCEaSdi7zuzATg3e2kd,"Lovezinho - Jaloo Remix","111 DELUXE","Pabllo Vittar;Jaloo",2020-11-26,156760,22,false,iarecippo,2020-11-27T03:43:55Z,"brazilian pop,funk pop,tecnobrega,new mpb","Sony Music Entertainment",0.886,0.474,4,-6.201,1,0.0444,0.284,0,0.0821,0.725,130.084,4
spotify:track:5cmWTQNmGKrs4cCPU18hEV,"Amor de Que - Pabllo Vittar & Getúlio Abelha Remix","111 DELUXE","Pabllo Vittar;Getúlio Abelha",2020-11-26,172893,22,false,iarecippo,2020-11-27T03:43:55Z,"brazilian pop,funk pop,tecnobrega,brega","Sony Music Entertainment",0.805,0.792,11,-4.863,0,0.0387,0.214,0,0.316,0.939,132.01,4
spotify:track:73UREkV6Yof2Xx7Sdz7hK2,"Salvaje - Brabo & Tomasa del Real Remix","111 DELUXE","Pabllo Vittar;Brabo;Tomasa del Real",2020-11-26,165640,22,false,iarecippo,2020-11-27T03:43:55Z,"brazilian pop,funk pop,tecnobrega,neoperreo","Sony Music Entertainment",0.849,0.78,9,-5.073,0,0.104,0.022,0.00422,0.0907,0.333,95.01,4
spotify:track:4KRHLA2A68IuFDyK5pvmJ1,"Flash Pose - Anne Louise & Lorena Simpson Remix","111 DELUXE","Pabllo Vittar;Anne Louise;Lorena Simpson",2020-11-26,348013,34,false,iarecippo,2020-11-27T03:43:55Z,"brazilian pop,funk pop,tecnobrega,tribal house","Sony Music Entertainment",0.799,0.925,5,-6,1,0.0622,0.0011,0.04,0.0525,0.275,127.997,4
spotify:track:7eccWH0p2EE0hSPzOQ7zkX,"Clima Quente - Weber & Biu do Piseiro Remix","111 DELUXE","Pabllo Vittar;Weber;Biu do Piseiro",2020-11-26,169600,26,false,iarecippo,2020-11-27T03:43:55Z,"brazilian pop,funk pop,tecnobrega,piseiro,forró,arrocha,seresta,brega","Sony Music Entertainment",0.74,0.939,7,-4.102,1,0.0528,0.167,0.00000384,0.281,0.762,170.039,4
spotify:track:3eXQEMbMkNd9AxgGxQSGIj,"Ponte Perra - Chediak & Laysa Remix","111 DELUXE","Pabllo Vittar;Chediak;LAY",2020-11-26,169013,14,false,iarecippo,2020-11-27T03:43:55Z,"brazilian pop,funk pop,tecnobrega,brazilian hip hop","Sony Music Entertainment",0.809,0.678,10,-6.06,0,0.0573,0.0128,0.0000904,0.0933,0.0715,117.996,4
spotify:track:6JZOPRUWuoi37w55DQN4DU,"Rajadão - Alice Glass Remix","111 DELUXE","Pabllo Vittar;Alice Glass",2020-11-26,209692,24,false,iarecippo,2020-11-27T03:43:55Z,"brazilian pop,funk pop,tecnobrega,witch house,hyperpop","Sony Music Entertainment",0.399,0.883,10,-3.119,0,0.11,0.000275,0.0494,0.317,0.369,152.888,4
