Track URI,Track Name,Album Name,Artist Name(s),Release Date,Duration (ms),Popularity,Explicit,Added By,Added At,Genres,Record Label,Danceability,Energy,Key,Loudness,Mode,Speechiness,Acousticness,Instrumentalness,Liveness,Valence,Tempo,Time Signature
spotify:track:5FF6Pyuh5jW6ybKHiaiGMy,"Sherane a.k.a Master Splinter’s Daughter","good kid, m.A.A.d city (Deluxe)","Kendrick Lamar",2012-10-22,273640,53,true,iarecippo,2023-01-04T17:27:07Z,"hip hop,west coast hip hop","Aftermath",0.504,0.508,10,-11.094,0,0.518,0.486,0.0102,0.124,0.317,82.069,4
spotify:track:5h5tBFnbcVioFXiOixTn6E,"Bitch, Don’t Kill My Vibe","good kid, m.A.A.d city (Deluxe)","Kendrick Lamar",2012-10-22,310720,67,true,iarecippo,2023-01-04T17:27:07Z,"hip hop,west coast hip hop","Aftermath",0.586,0.698,1,-8.948,1,0.0943,0.0151,0,0.443,0.098,133.954,4
spotify:track:1BR5vhAlaoUiijQ28p6jlN,"Backseat Freestyle","good kid, m.A.A.d city (Deluxe)","Kendrick Lamar",2012-10-22,212653,60,true,iarecippo,2023-01-04T17:27:07Z,"hip hop,west coast hip hop","Aftermath",0.547,0.651,1,-7.601,1,0.3,0.000739,0,0.235,0.645,77.878,4
spotify:track:4F8rYEoiBjPaRgQXLVtN5a,"The Art of Peer Pressure","good kid, m.A.A.d city (Deluxe)","Kendrick Lamar",2012-10-22,324533,56,true,iarecippo,2023-01-04T17:27:07Z,"hip hop,west coast hip hop","Aftermath",0.555,0.611,10,-9.216,0,0.356,0.285,0.00106,0.273,0.409,94.939,4
spotify:track:0UtnpKaReKUg2GquaSxCyD,"Money Trees","good kid, m.A.A.d city (Deluxe)","Kendrick Lamar;Jay Rock",2012-10-22,386906,69,true,iarecippo,2023-01-04T17:27:07Z,"hip hop,west coast hip hop","Aftermath",0.716,0.531,7,-7.355,1,0.157,0.0709,0,0.22,0.335,71.972,4
spotify:track:3MLOAIJNWWS8FQpvdaiKR7,"Poetic Justice","good kid, m.A.A.d city (Deluxe)","Kendrick Lamar;Drake",2012-10-22,300160,64,true,iarecippo,2023-01-04T17:27:07Z,"hip hop,west coast hip hop,rap","Aftermath",0.778,0.569,6,-9.985,0,0.378,0.158,0,0.246,0.642,135.958,4
spotify:track:0PKJxo97zXT8oAwl2zFnPh,"good kid","good kid, m.A.A.d city (Deluxe)","Kendrick Lamar",2012-10-22,214120,56,true,iarecippo,2023-01-04T17:27:07Z,"hip hop,west coast hip hop","Aftermath",0.451,0.831,5,-8.641,0,0.308,0.0623,0,0.185,0.41,176.173,4
spotify:track:3qX1dqmDdmMvvfMVfsx4Bh,"m.A.A.d city","good kid, m.A.A.d city (Deluxe)","Kendrick Lamar;MC Eiht",2012-10-22,350120,67,true,iarecippo,2023-01-04T17:27:07Z,"hip hop,west coast hip hop,g-funk,gangster rap","Aftermath",0.487,0.729,2,-6.815,1,0.271,0.0538,0.00000409,0.44,0.217,91.066,4
spotify:track:40wUM3LFZOlUcZfxEIZrYK,"Swimming Pools (Drank) - Extended Version","good kid, m.A.A.d city (Deluxe)","Kendrick Lamar",2012-10-22,313786,62,true,iarecippo,2023-01-04T17:27:07Z,"hip hop,west coast hip hop","Aftermath",0.669,0.485,6,-7.744,0,0.417,0.123,0.0000268,0.604,0.261,74.376,4
spotify:track:1Z2FvDFZSDQ23s4BDqpWqZ,"Sing About Me, I'm Dying Of Thirst","good kid, m.A.A.d city (Deluxe)","Kendrick Lamar",2012-10-22,723573,62,true,iarecippo,2023-01-04T17:27:07Z,"hip hop,west coast hip hop","Aftermath",0.654,0.753,8,-7.556,0,0.398,0.303,0.0000825,0.13,0.371,110.699,5
spotify:track:73eGiraiU7JkIsmFyQyJAv,"Real","good kid, m.A.A.d city (Deluxe)","Kendrick Lamar;Anna Wise",2012-10-22,443413,56,true,iarecippo,2023-01-04T17:27:07Z,"hip hop,west coast hip hop,alternative r&b","Aftermath",0.652,0.458,1,-12.272,1,0.194,0.0282,0,0.664,0.174,100.049,4
spotify:track:0O6cYePgIBlMQ0pAFate3q,"Compton","good kid, m.A.A.d city (Deluxe)","Kendrick Lamar;Dr. Dre",2012-10-22,248093,53,true,iarecippo,2023-01-04T17:27:07Z,"hip hop,west coast hip hop,old school hip hop,g-funk,gangster rap,rap","Aftermath",0.341,0.907,1,-4.425,0,0.419,0.0815,0,0.383,0.224,170.757,4
spotify:track:5jHilrZDaP1vJMZfdN1He3,"The Recipe - Bonus Track","good kid, m.A.A.d city (Deluxe)","Kendrick Lamar;Dr. Dre",2012-10-22,352853,66,true,iarecippo,2023-01-04T17:27:07Z,"hip hop,west coast hip hop,old school hip hop,g-funk,gangster rap,rap","Aftermath",0.764,0.782,1,-6.975,0,0.0725,0.000589,0,0.35,0.504,131,4
spotify:track:6P6HGbOoWUynE2U7yLwLnY,"Black Boy Fly - Bonus Track","good kid, m.A.A.d city (Deluxe)","Kendrick Lamar",2012-10-22,279146,51,true,iarecippo,2023-01-04T17:27:07Z,"hip hop,west coast hip hop","Aftermath",0.593,0.731,1,-5.21,1,0.15,0.108,0.00000152,0.103,0.61,160.085,4
spotify:track:0NfYAsKygCYwPA2BgTZ1qg,"Now Or Never - Bonus Track","good kid, m.A.A.d city (Deluxe)","Kendrick Lamar;Mary J. Blige",2012-10-22,256213,66,false,iarecippo,2023-01-04T17:27:07Z,"hip hop,west coast hip hop,r&b","Aftermath",0.535,0.707,7,-5.879,0,0.21,0.264,0,0.305,0.784,100.534,4
spotify:track:4wshBvO4qMrxJnPlfkeUWi,"Bitch, Don’t Kill My Vibe - Remix","good kid, m.A.A.d city (Deluxe)","Kendrick Lamar;JAŸ-Z",2012-10-22,278586,50,true,iarecippo,2023-01-04T17:27:07Z,"hip hop,west coast hip hop,east coast hip hop,rap","Aftermath",0.633,0.787,1,-5.766,1,0.241,0.0508,0,0.204,0.146,133.62,4
spotify:track:1IjxCFAyR1ysajk10iHsKh,"Bitch, Don’t Kill My Vibe - International Remix / Explicit Version","good kid, m.A.A.d city (Deluxe)","Kendrick Lamar;Emeli Sandé",2012-10-22,305813,45,true,iarecippo,2023-01-04T17:27:07Z,"hip hop,west coast hip hop","Aftermath",0.67,0.812,1,-6.608,1,0.0815,0.0109,0,0.503,0.0871,134.057,4
spotify:track:363Eyb4RYLJcoh7j63FJ7H,"Boy's a Liar","Take me home","PinkPantheress",2022-12-16,131253,44,false,iarecippo,2023-01-12T01:23:10Z,"bedroom pop","Warner Records",0.656,0.838,5,-8.407,1,0.041,0.25,0.00281,0.207,0.74,132.981,4
spotify:track:0jcXC7CdTexy7FIe2W7QX9,"Do You Miss Me?","Take me home","PinkPantheress",2022-12-16,128853,45,false,iarecippo,2023-01-12T01:23:10Z,"bedroom pop","Warner Records",0.647,0.871,11,-7.144,0,0.0936,0.0976,0.000534,0.173,0.643,129.928,4
spotify:track:26AmP3ukYC4Zs9lSGlh55I,"Take Me Home","Take me home","PinkPantheress",2022-12-16,200653,72,false,iarecippo,2023-01-12T01:23:10Z,"bedroom pop","Warner Records",0.573,0.66,11,-8.304,0,0.0609,0.173,0.149,0.111,0.461,172.072,4
spotify:track:31WbGScScWTN1Yz2zOld4A,"Mirror","Don't Go Tellin' Your Momma","Topaz Jones;Leven Kali",2021-04-23,130427,26,true,iarecippo,2023-01-24T18:17:19Z,"","New Funk Academy / Black Canopy",0.563,0.878,4,-6.45,0,0.378,0.226,0,0.37,0.606,74.738,4
spotify:track:1FebKR89nhi5r5vmPX5T1n,"D. I. A. L.","Don't Go Tellin' Your Momma","Topaz Jones",2021-04-23,227664,37,false,iarecippo,2023-01-24T18:17:19Z,"","New Funk Academy / Black Canopy",0.69,0.628,8,-5.359,1,0.201,0.637,0,0.632,0.58,159.947,4
spotify:track:7xJNsiIe4iaqzMXd17xd8Y,"Herringbone","Don't Go Tellin' Your Momma","Topaz Jones",2021-04-23,164943,25,false,iarecippo,2023-01-24T18:17:19Z,"","New Funk Academy / Black Canopy",0.667,0.844,1,-5.415,1,0.238,0.0337,0,0.102,0.519,107.888,4
spotify:track:2nAEYxNIEC5vh1HrLUbH7L,"Black Tame","Don't Go Tellin' Your Momma","Topaz Jones",2021-04-23,252373,50,false,iarecippo,2023-01-24T18:17:19Z,"","New Funk Academy / Black Canopy",0.627,0.81,11,-4.971,1,0.284,0.314,0,0.546,0.637,100.136,4
spotify:track:02db6BBXTy5CSGkYRnw5M0,"Baba 70s","Don't Go Tellin' Your Momma","Topaz Jones",2021-04-23,194238,28,false,iarecippo,2023-01-24T18:17:19Z,"","New Funk Academy / Black Canopy",0.586,0.8,10,-5.602,0,0.338,0.0659,0,0.114,0.847,80.447,4
spotify:track:0fEOgoj7Zys48o7BviBySo,"Amphetamines","Don't Go Tellin' Your Momma","Topaz Jones;anaiis",2021-04-23,166871,25,false,iarecippo,2023-01-24T18:17:19Z,"","New Funk Academy / Black Canopy",0.68,0.763,10,-5.692,0,0.121,0.265,0,0.602,0.882,117.086,4
spotify:track:4iwNkIogm9lswuoNOqsrw1,"Sourbelts","Don't Go Tellin' Your Momma","Topaz Jones",2021-04-23,161009,22,false,iarecippo,2023-01-24T18:17:19Z,"","New Funk Academy / Black Canopy",0.58,0.532,11,-7.024,0,0.308,0.405,0,0.139,0.622,124.912,4
spotify:track:79mAkqGFw40QFE9DzD6CNW,"D. O. A.","Don't Go Tellin' Your Momma","Topaz Jones",2021-04-23,94967,17,false,iarecippo,2023-01-24T18:17:19Z,"","New Funk Academy / Black Canopy",0.596,0.611,5,-6.388,0,0.36,0.618,0.00000522,0.76,0.617,97.04,4
spotify:track:0cSSZgxucrZ1snzjyrypaS,"Who?","Don't Go Tellin' Your Momma","Topaz Jones;Maxo;Phonte",2021-04-23,211513,23,true,iarecippo,2023-01-24T18:17:19Z,"free jazz,neo soul","New Funk Academy / Black Canopy",0.447,0.887,8,-5.405,1,0.363,0.346,0,0.66,0.642,168.017,4
spotify:track:6fjw8VgTasAQUdPuEHP2aZ,"Gold","Don't Go Tellin' Your Momma","Topaz Jones;Floyd Fuji",2021-04-23,263192,22,false,iarecippo,2023-01-24T18:17:19Z,"","New Funk Academy / Black Canopy",0.423,0.801,5,-5.496,0,0.372,0.129,0.00000263,0.172,0.394,83.829,4
spotify:track:1jvSdEgp9gk9dWfwI1zdBu,"Rich","Don't Go Tellin' Your Momma","Topaz Jones",2021-04-23,153809,24,true,iarecippo,2023-01-24T18:17:19Z,"","New Funk Academy / Black Canopy",0.726,0.804,2,-4.779,0,0.226,0.412,0,0.242,0.523,100.49,4
spotify:track:07pEbfPpD6FvyWr6BsQrAG,"Blue","Don't Go Tellin' Your Momma","Topaz Jones;Gabriel Garzón-Montano",2021-04-23,145411,18,false,iarecippo,2023-01-24T18:17:19Z,"","New Funk Academy / Black Canopy",0.336,0.78,8,-6.869,1,0.323,0.478,0,0.259,0.344,171.789,4
spotify:track:46MNKlc5whMFLlapfPYF6h,"Buggin'","Don't Go Tellin' Your Momma","Topaz Jones",2021-04-23,191315,17,true,iarecippo,2023-01-24T18:17:19Z,"","New Funk Academy / Black Canopy",0.701,0.678,10,-5.191,0,0.402,0.489,0,0.27,0.764,88.667,4
spotify:track:4WsxIXGDtFr0LW1UYyifTM,"Nem Um Pouquinho - Carlos do Complexo, LARINHX Remix","T3 4M0 L4 F0R4 RMX","DUDA BEAT;Trevo;Carlos do Complexo;LARINHX",2023-02-02,132610,0,false,iarecippo,2023-02-03T14:33:49Z,"new mpb,brazilian pop,mpb","Duda Beat",0.474,0.797,1,-4.238,1,0.182,0.471,0.00175,0.0839,0.591,169.979,4
spotify:track:3Ji24A6QR7vzI0JOs1nfuu,"Decisão de Te Amar - Zebu Remix","T3 4M0 L4 F0R4 RMX","DUDA BEAT;Zebu",2023-02-02,170274,0,false,iarecippo,2023-02-03T14:33:49Z,"new mpb,brazilian pop,mpb,zouk","Duda Beat",0.721,0.835,0,-4.78,1,0.0398,0.407,0,0.278,0.89,131.969,4
spotify:track:5w9jKNG8LKqnHzhXNiL4o9,"Mais Ninguém - Deekapz Remix","T3 4M0 L4 F0R4 RMX","DUDA BEAT;Deekapz",2023-02-02,226834,0,false,iarecippo,2023-02-03T14:33:49Z,"new mpb,brazilian pop,mpb","Duda Beat",0.706,0.752,10,-9.169,0,0.0552,0.0581,0.00655,0.29,0.372,111.981,4
spotify:track:3yf7GkeL6OEKtfqcJYCk1L,"Tocar Você - Millos Kaiser, Gabto Remix","T3 4M0 L4 F0R4 RMX","DUDA BEAT;Millos Kaiser;Gabto",2023-02-02,279827,0,false,iarecippo,2023-02-03T14:33:49Z,"new mpb,brazilian pop,mpb","Duda Beat",0.66,0.836,7,-5.661,1,0.0375,0.00783,0.779,0.0581,0.566,115.998,4
spotify:track:04iRF4q6wJ8fiww4yqmBQi,"GAME - Chediak Remix","T3 4M0 L4 F0R4 RMX","DUDA BEAT;Chediak",2023-02-02,168006,0,false,iarecippo,2023-02-03T14:33:49Z,"new mpb,brazilian pop,mpb","Duda Beat",0.696,0.9,11,-4.746,0,0.0421,0.0267,0,0.296,0.819,131.004,4
spotify:track:00dLF8aSmCYZNvf8Eoik9K,"50 Meninas - Pep Starling Remix","T3 4M0 L4 F0R4 RMX","DUDA BEAT;Pep Starling",2023-02-02,227026,0,false,iarecippo,2023-02-03T14:33:49Z,"new mpb,brazilian pop,mpb,brazilian funk,funk pop","Duda Beat",0.713,0.864,3,-6.857,0,0.0574,0.153,0.0662,0.146,0.447,132.985,4
spotify:track:26i2o8Q0x3pGF4KXinZ0x6,"Melô de ilusão - Pupillo Remix","T3 4M0 L4 F0R4 RMX","DUDA BEAT;Pupillo",2023-02-02,230944,0,false,iarecippo,2023-02-03T14:33:49Z,"new mpb,brazilian pop,mpb,forró,forró tradicional","Duda Beat",0.669,0.858,11,-6.631,0,0.0425,0.00852,0.0034,0.319,0.32,117.976,4
spotify:track:6HAHAGFk7T1K1elKb4VP83,"Meu Coração - VHOOR Remix","T3 4M0 L4 F0R4 RMX","DUDA BEAT;VHOOR",2023-02-02,151197,0,false,iarecippo,2023-02-03T14:33:49Z,"new mpb,brazilian pop,mpb,miami bass","Duda Beat",0.502,0.518,3,-8.75,0,0.0358,0.589,0.0176,0.113,0.12,140.005,4
spotify:track:4Xqo0EVkj8ti4EHdoWtPTF,"Tu e Eu - Ruxell Remix","T3 4M0 L4 F0R4 RMX","DUDA BEAT;Cila do Coco;Ruxell",2023-02-02,159375,0,false,iarecippo,2023-02-03T14:33:49Z,"new mpb,brazilian pop,mpb,forró tradicional,brega funk,funk bruxaria,funk pop","Duda Beat",0.811,0.803,0,-3.748,0,0.0448,0.0889,0.335,0.469,0.662,128.056,4
spotify:track:6Uhy3uy5d7AlO3SVseXtLl,"Meu Pisêro - Teto Preto Remix Explicit","T3 4M0 L4 F0R4 RMX","DUDA BEAT;Teto Preto",2023-02-02,231052,0,true,iarecippo,2023-02-03T14:33:49Z,"new mpb,brazilian pop,mpb","Duda Beat",0.592,0.896,11,-4.844,0,0.06,0.279,0.0000133,0.128,0.343,91.972,4
spotify:track:4BhzRElDsF4mfSGyuw5vO2,"Meu Pisêro - Maffalda Remix","T3 4M0 L4 F0R4 RMX","DUDA BEAT;Maffalda",2023-02-02,231360,0,false,iarecippo,2023-02-03T14:33:49Z,"new mpb,brazilian pop,mpb","Duda Beat",0.379,0.844,11,-5.493,0,0.0955,0.0228,0.00775,0.507,0.0786,174.804,4
spotify:track:4J3I4jpAtNjsclcs99jzeF,"Cracker Island (feat. Thundercat)","Cracker Island","Gorillaz;Thundercat",2023-02-24,213750,69,false,iarecippo,2023-02-24T11:20:59Z,"","Parlophone UK",0.741,0.913,2,-3.34,0,0.0465,0.00343,0.103,0.325,0.643,120.012,4
spotify:track:36MGfjOTOwx1udRX5dDnoJ,"Oil (feat. Stevie Nicks)","Cracker Island","Gorillaz;Stevie Nicks",2023-02-24,230141,64,false,iarecippo,2023-02-24T11:20:59Z,"","Parlophone UK",0.633,0.946,5,-3.706,1,0.0639,0.000272,0.000073,0.216,0.356,127.022,4
spotify:track:1Wld681KIdy5ZosdDb5bfz,"The Tired Influencer","Cracker Island","Gorillaz",2023-02-24,211031,52,false,iarecippo,2023-02-24T11:20:59Z,"","Parlophone UK",0.683,0.818,7,-5.7,1,0.0423,0.00199,0.0408,0.0913,0.655,133.985,4
spotify:track:0ZGWe02EtMpw40QAzOVZD1,"Silent Running (feat. Adeleye Omotayo)","Cracker Island","Gorillaz;Adeleye Omotayo",2023-02-24,266338,66,false,iarecippo,2023-02-24T11:20:59Z,"nu disco","Parlophone UK",0.659,0.901,8,-3.549,1,0.0359,0.0614,0.0000917,0.182,0.776,106.997,4
spotify:track:60SvhHtwefT0e2G7i7kOH3,"New Gold (feat. Tame Impala and Bootie Brown)","Cracker Island","Gorillaz;Tame Impala;Bootie Brown",2023-02-24,215149,79,true,iarecippo,2023-02-24T11:20:59Z,"neo-psychedelic,indie","Parlophone UK",0.695,0.923,1,-3.93,0,0.0522,0.0425,0.0469,0.116,0.551,108.014,3
spotify:track:3FwCEB2BNFzWQ9rn4goCXZ,"Baby Queen","Cracker Island","Gorillaz",2023-02-24,220105,61,false,iarecippo,2023-02-24T11:20:59Z,"","Parlophone UK",0.533,0.855,0,-4.747,1,0.0388,0.00186,0.375,0.0567,0.464,75.011,4
spotify:track:0rnGYYBw32ALUIiuEgwv2c,"Tarantula","Cracker Island","Gorillaz",2023-02-24,211549,54,false,iarecippo,2023-02-24T11:20:59Z,"","Parlophone UK",0.688,0.915,0,-3.221,1,0.07,0.0109,0.001,0.0841,0.79,124.971,4
spotify:track:38UYeBLfvpnDSG9GznZdnL,"Tormenta (feat. Bad Bunny)","Cracker Island","Gorillaz;Bad Bunny",2023-02-24,193463,79,true,iarecippo,2023-02-24T11:20:59Z,"reggaeton,trap latino,latin,urbano latino","Parlophone UK",0.644,0.771,0,-6.475,1,0.0509,0.464,0.00162,0.382,0.316,94.997,4
spotify:track:67BbnzIuXFd5knDLwB3mkN,"Skinny Ape","Cracker Island","Gorillaz",2023-02-24,281258,53,false,iarecippo,2023-02-24T11:20:59Z,"","Parlophone UK",0.466,0.868,7,-3.442,1,0.136,0.017,0.00673,0.129,0.578,179.928,4
spotify:track:0gclZ31Oo7rysAQDg7HguD,"Possession Island (feat. Beck)","Cracker Island","Gorillaz;Beck",2023-02-24,206410,50,false,iarecippo,2023-02-24T11:20:59Z,"anti-folk","Parlophone UK",0.48,0.49,0,-4.989,1,0.0302,0.931,0.00218,0.116,0.189,121.479,3
spotify:track:5KIYVXGdws1ZhZYNJHo0st,"The Modern Age - Rough Trade Version","The Singles - Volume 01","The Strokes",2023-02-24,192853,43,false,iarecippo,2023-02-24T18:31:04Z,"garage rock,indie rock,alternative rock","Legacy Recordings",0.493,0.787,2,-7.712,1,0.0334,0.0224,0.00227,0.253,0.88,160.12,4
spotify:track:0V40nmTfhHj1PznhO0dDho,"Last Nite - Rough Trade Version - The Modern Age B-Side","The Singles - Volume 01","The Strokes",2023-02-24,198549,44,false,iarecippo,2023-02-24T18:31:04Z,"garage rock,indie rock,alternative rock","Legacy Recordings",0.399,0.745,0,-7.497,1,0.0329,0.0438,0,0.112,0.514,207.923,4
spotify:track:0ILknNMr0j0cCFKv6rcG12,"Hard To Explain","The Singles - Volume 01","The Strokes",2023-02-24,224411,46,false,iarecippo,2023-02-24T18:31:04Z,"garage rock,indie rock,alternative rock","Legacy Recordings",0.407,0.686,7,-6.266,1,0.0558,0.00042,0.837,0.0764,0.662,82.495,4
spotify:track:1aO0sdeJmK4XQM5Ft7TkTg,"New York City Cops (Hard to Explain B-Side)","The Singles - Volume 01","The Strokes",2023-02-24,209505,42,true,iarecippo,2023-02-24T18:31:04Z,"garage rock,indie rock,alternative rock","Legacy Recordings",0.52,0.842,0,-7.664,1,0.0352,0.0633,0.0000449,0.384,0.512,107.958,4
spotify:track:3mU9Pjls8PszKKmrwhTG78,"When It Started (Last Nite B-Side)","The Singles - Volume 01","The Strokes",2023-02-24,175200,48,false,iarecippo,2023-02-24T18:31:04Z,"garage rock,indie rock,alternative rock","Legacy Recordings",0.721,0.654,0,-8.107,1,0.0329,0.268,0.00392,0.15,0.903,131.961,4
spotify:track:30RnpgACKEC9LTWEe0ShTl,"Someday","The Singles - Volume 01","The Strokes",2023-02-24,183487,44,false,iarecippo,2023-02-24T18:31:04Z,"garage rock,indie rock,alternative rock","Legacy Recordings",0.542,0.53,9,-7.468,1,0.0302,0.00362,0,0.361,0.65,105.981,4
spotify:track:4Nv3DAqf83IReHmClSH00V,"Alone, Together - Home Recording - Someday B-Side","The Singles - Volume 01","The Strokes",2023-02-24,197137,40,false,iarecippo,2023-02-24T18:31:04Z,"garage rock,indie rock,alternative rock","Legacy Recordings",0.501,0.643,9,-7.511,0,0.0268,0.0445,0.209,0.311,0.637,143.324,4
spotify:track:6IjI1wt0hzuAf1dZTd6Ju8,"Is This It - Home Recording - Someday B-Side","The Singles - Volume 01","The Strokes",2023-02-24,72664,44,false,iarecippo,2023-02-24T18:31:04Z,"garage rock,indie rock,alternative rock","Legacy Recordings",0.348,0.388,4,-7.232,1,0.0635,0.189,0,0.192,0.91,209.063,4
spotify:track:2b4lQrOhcM7Sw49e0qG1nV,"12:51","The Singles - Volume 01","The Strokes",2023-02-24,146841,41,true,iarecippo,2023-02-24T18:31:04Z,"garage rock,indie rock,alternative rock","Legacy Recordings",0.452,0.863,4,-3.864,1,0.0387,0.321,0.796,0.331,0.58,145.008,4
spotify:track:1N69jb6aVka6678wLZzB4i,"The Way It Is - Home Recording - 12:51 B-Side","The Singles - Volume 01","The Strokes",2023-02-24,76985,38,false,iarecippo,2023-02-24T18:31:04Z,"garage rock,indie rock,alternative rock","Legacy Recordings",0.661,0.994,4,-6.081,1,0.127,0.153,0.783,0.0822,0.161,133.984,4
spotify:track:1Sl4OsD0F6Iy91YBDQyOzl,"Reptilia","The Singles - Volume 01","The Strokes",2023-02-24,215324,43,false,iarecippo,2023-02-24T18:31:04Z,"garage rock,indie rock,alternative rock","Legacy Recordings",0.491,0.645,9,-5.114,1,0.0329,0.000643,0.693,0.105,0.756,158.035,4
spotify:track:5hNW46qZA7BcZ2qf6lbhNm,"Modern Girls & Old Fashion Men - Reptilia B-Side","The Singles - Volume 01","The Strokes;Regina Spektor",2023-02-24,218417,61,false,iarecippo,2023-02-24T18:31:04Z,"garage rock,indie rock,alternative rock,anti-folk","Legacy Recordings",0.507,0.602,9,-4.222,1,0.029,0.0212,0.561,0.0541,0.325,110.897,4
spotify:track:5aAOtPhYRXlBE5H3mboB8v,"The End Has No End","The Singles - Volume 01","The Strokes",2023-02-24,180048,40,false,iarecippo,2023-02-24T18:31:04Z,"garage rock,indie rock,alternative rock","Legacy Recordings",0.527,0.644,1,-3.727,1,0.0355,0.000588,0.843,0.32,0.573,136.007,4
spotify:track:2NpASZ796KewPmSDMHDhPN,"Clampdown - The End Has No End B-Side / Live at Alexandra Palace, London, UK - Dec. 5, 2003","The Singles - Volume 01","The Strokes",2023-02-24,249480,40,false,iarecippo,2023-02-24T18:31:04Z,"garage rock,indie rock,alternative rock","Legacy Recordings",0.267,0.417,2,-5.744,1,0.0725,0.389,0.593,0.468,0.492,148.304,4
spotify:track:2hcDYqyw8L7zJaZ6n8dzIZ,"Juicebox","The Singles - Volume 01","The Strokes",2023-02-24,194183,39,false,iarecippo,2023-02-24T18:31:04Z,"garage rock,indie rock,alternative rock","Legacy Recordings",0.453,0.984,2,-2.376,0,0.125,0.00136,0.00584,0.0844,0.574,155.035,4
spotify:track:6s9oj6aPupVSA1CSaaVZZL,"Hawaii - Juicebox B-Side","The Singles - Volume 01","The Strokes",2023-02-24,232562,52,false,iarecippo,2023-02-24T18:31:04Z,"garage rock,indie rock,alternative rock","Legacy Recordings",0.301,0.87,9,-5.942,1,0.047,0.0000717,0.601,0.272,0.175,170.003,4
spotify:track:3gTqF4Y2IzGuHbAcbjlv69,"Heart In a Cage","The Singles - Volume 01","The Strokes",2023-02-24,206428,39,true,iarecippo,2023-02-24T18:31:04Z,"garage rock,indie rock,alternative rock","Legacy Recordings",0.425,0.856,8,-5.135,1,0.0394,0.00000291,0.833,0.377,0.125,140.058,4
spotify:track:1L0C3xvOtzHSOSZ5T59n0L,"I'll Try Anything Once (""You Only Live Once"" demo) - Heart In a Cage B-Side","The Singles - Volume 01","The Strokes",2023-02-24,194651,62,false,iarecippo,2023-02-24T18:31:04Z,"garage rock,indie rock,alternative rock","Legacy Recordings",0.468,0.264,0,-9.958,1,0.0503,0.985,0.0109,0.172,0.324,119.422,4
spotify:track:0j2ETZsGM21Q3wKpVNBVJN,"You Only Live Once","The Singles - Volume 01","The Strokes",2023-02-24,186304,43,false,iarecippo,2023-02-24T18:31:04Z,"garage rock,indie rock,alternative rock","Legacy Recordings",0.63,0.907,11,-2.42,1,0.0326,0.0243,0.599,0.118,0.968,120.526,4
spotify:track:2sXWm9aau5alAxKifepUpA,"Mercy Mercy Me (The Ecology) - You Only Live Once B-Side","The Singles - Volume 01","The Strokes",2023-02-24,157920,47,false,iarecippo,2023-02-24T18:31:04Z,"garage rock,indie rock,alternative rock","Legacy Recordings",0.449,0.875,10,-5.347,0,0.062,0.0000069,0.145,0.0664,0.804,91.956,4
spotify:track:12EVI3dn8117XFKTfcFfiu,"Moon of Tonight","Family","Canned Dream",2023-02-15,65336,1,false,iarecippo,2023-02-25T13:31:38Z,"chinese indie,chinese rock,krautrock","兵馬司唱片/Indie Works",0.467,0.219,10,-18.166,1,0.151,0.512,0.0125,0.29,0.327,89.23,3
spotify:track:7oTzKoIxAhPDFSchjW7dhA,"My Sister","Family","Canned Dream",2023-02-15,284354,1,false,iarecippo,2023-02-25T13:31:38Z,"chinese indie,chinese rock,krautrock","兵馬司唱片/Indie Works",0.591,0.816,7,-8.666,1,0.0402,0.0656,0.00233,0.323,0.783,139.993,4
spotify:track:344dTKtAXQCTdxVRStAO7G,"Grandma's Funeral","Family","Canned Dream",2023-02-15,267797,3,false,iarecippo,2023-02-25T13:31:38Z,"chinese indie,chinese rock,krautrock","兵馬司唱片/Indie Works",0.659,0.715,4,-7.103,1,0.0484,0.133,0.0273,0.108,0.515,114.017,4
spotify:track:1qs2pcXcJHzwqb30sSpmSJ,"Daddy","Family","Canned Dream",2023-02-15,445031,2,false,iarecippo,2023-02-25T13:31:38Z,"chinese indie,chinese rock,krautrock","兵馬司唱片/Indie Works",0.332,0.696,6,-8.977,0,0.12,0.0466,0.0203,0.344,0.373,136.914,4
spotify:track:3J32l365fZZchlRJWfyVUD,"Mom's Self Pity","Family","Canned Dream",2023-02-15,159299,1,false,iarecippo,2023-02-25T13:31:38Z,"chinese indie,chinese rock,krautrock","兵馬司唱片/Indie Works",0.758,0.222,5,-16.937,1,0.0417,0.782,0.939,0.105,0.46,120.026,4
spotify:track:1JRKFzyI5AnpxWhDkkE73J,"Savior","Family","Canned Dream",2023-02-15,259483,1,false,iarecippo,2023-02-25T13:31:38Z,"chinese indie,chinese rock,krautrock","兵馬司唱片/Indie Works",0.398,0.54,5,-8.747,1,0.0383,0.186,0.00807,0.0935,0.457,115.942,4
spotify:track:1BmiejoQCW9SUvr84jhNOG,"Heart","Family","Canned Dream",2023-02-15,444177,0,false,iarecippo,2023-02-25T13:31:38Z,"chinese indie,chinese rock,krautrock","兵馬司唱片/Indie Works",0.348,0.568,9,-8.793,1,0.0347,0.055,0.86,0.111,0.68,140.005,4
spotify:track:3ElFsf8LeCLQIyrHnGKKub,"Grandpa's Spaceship","Family","Canned Dream",2023-02-15,243000,1,false,iarecippo,2023-02-25T13:31:38Z,"chinese indie,chinese rock,krautrock","兵馬司唱片/Indie Works",0.101,0.317,0,-17.24,1,0.0347,0.833,0.95,0.0902,0.037,73.893,4
spotify:track:40xfJg6ZZXr3jRJkxJJZ0O,"in My Garden...","Red Moon In Venus","Kali Uchis",2023-03-03,25225,18,false,iarecippo,2023-03-03T13:29:35Z,"","Geffen Records",0.399,0.041,0,-18.56,0,0.0432,0.815,0,0.0988,0,115.337,1
spotify:track:35SbrfbaSpGUBX7e5BPega,"I Wish you Roses","Red Moon In Venus","Kali Uchis",2023-03-03,219954,72,false,iarecippo,2023-03-03T13:29:35Z,"","Geffen Records",0.469,0.648,10,-8.306,0,0.0522,0.174,0.000905,0.179,0.279,71.032,4
spotify:track:6V91Cctseyb8yz67YQMDw3,"Worth the Wait (feat. Omar Apollo)","Red Moon In Venus","Kali Uchis;Omar Apollo",2023-03-03,150699,56,false,iarecippo,2023-03-03T13:29:35Z,"bedroom pop","Geffen Records",0.635,0.542,0,-11.08,1,0.127,0.737,0,0.548,0.204,77.959,4
spotify:track:128I36bDgYHU9l2QcgEGcd,"Love Between...","Red Moon In Venus","Kali Uchis",2023-03-03,155083,63,false,iarecippo,2023-03-03T13:29:35Z,"","Geffen Records",0.582,0.404,2,-11.327,0,0.0413,0.83,0.00308,0.101,0.465,130.919,4
spotify:track:6TRjT37UyRUVrGg3gTlIqb,"All Mine","Red Moon In Venus","Kali Uchis",2023-03-03,209063,60,false,iarecippo,2023-03-03T13:29:35Z,"","Geffen Records",0.618,0.471,10,-8.863,0,0.0332,0.418,0.000113,0.145,0.502,94.313,4
spotify:track:1dvqHhLNccePPBHq11TW7v,"Fantasy (feat. Don Toliver)","Red Moon In Venus","Kali Uchis;Don Toliver",2023-03-03,178274,72,false,iarecippo,2023-03-03T13:29:35Z,"","Geffen Records",0.625,0.684,6,-6.146,1,0.0496,0.132,0.000334,0.137,0.133,104.023,4
spotify:track:2VxQqF52M7IPkiLd4XmTNi,"Como Te Quiero Yo","Red Moon In Venus","Kali Uchis",2023-03-03,134860,56,true,iarecippo,2023-03-03T13:29:35Z,"","Geffen Records",0.531,0.428,0,-8.635,1,0.0288,0.633,0.00000439,0.32,0.339,88.799,4
spotify:track:4ipzXe2jmoeN7zm2VMb4eX,"Hasta Cuando","Red Moon In Venus","Kali Uchis",2023-03-03,129448,67,true,iarecippo,2023-03-03T13:29:35Z,"","Geffen Records",0.649,0.65,10,-8.269,0,0.135,0.13,0,0.102,0.377,90.999,4
spotify:track:0wzCQjc8JRa39ej1TFkAFt,"Endlessly","Red Moon In Venus","Kali Uchis",2023-03-03,155406,61,false,iarecippo,2023-03-03T13:29:35Z,"","Geffen Records",0.63,0.735,5,-5.454,1,0.062,0.0316,0.0000062,0.07,0.647,82.033,4
spotify:track:5lrG8pjDvOJA8MdZB4YcfY,"Moral Conscience","Red Moon In Venus","Kali Uchis",2023-03-03,212967,64,false,iarecippo,2023-03-03T13:29:35Z,"","Geffen Records",0.404,0.547,6,-6.039,0,0.0336,0.0203,0.0000527,0.35,0.122,141.703,4
spotify:track:7oeUBKNIiiYjoasR9pTiu4,"Not Too Late (interlude)","Red Moon In Venus","Kali Uchis",2023-03-03,155468,54,true,iarecippo,2023-03-03T13:29:35Z,"","Geffen Records",0.407,0.419,6,-12.382,0,0.199,0.298,0,0.149,0.475,73.806,4
spotify:track:0PfurdlOZRYJ6pkrvHOkUh,"Blue","Red Moon In Venus","Kali Uchis",2023-03-03,192611,58,false,iarecippo,2023-03-03T13:29:35Z,"","Geffen Records",0.701,0.569,11,-5.946,0,0.0519,0.523,0.000126,0.236,0.574,94.043,4
spotify:track:0vQffWKfl0JyRqtdoZINEM,"Deserve Me (with Summer Walker)","Red Moon In Venus","Kali Uchis;Summer Walker",2023-03-03,265888,59,true,iarecippo,2023-03-03T13:29:35Z,"r&b","Geffen Records",0.636,0.642,8,-6.885,0,0.0335,0.0652,0.0000114,0.139,0.389,111.029,4
spotify:track:0JmnkIqdlnUzPaf8sqBRs3,"Moonlight","Red Moon In Venus","Kali Uchis",2023-03-03,187723,83,false,iarecippo,2023-03-03T13:29:35Z,"","Geffen Records",0.642,0.706,7,-6.832,0,0.0507,0.518,0,0.243,0.86,136.854,4
spotify:track:7xS1vBqvD0Otk09SCpZd8y,"Happy Now","Red Moon In Venus","Kali Uchis",2023-03-03,229844,55,false,iarecippo,2023-03-03T13:29:35Z,"","Geffen Records",0.471,0.609,6,-7.058,0,0.084,0.448,0.00000314,0.725,0.653,125.03,4
spotify:track:7HX1VOiPj1oMlgZ3OQ92B6,"Intro - Live","Live At SoFi Stadium","The Weeknd",2023-03-03,95813,45,false,iarecippo,2023-03-03T19:31:32Z,"","The Weeknd/Lyric",0.164,0.426,7,-8.864,1,0.0447,0.00000738,0.793,0.527,0.0568,111.454,3
spotify:track:2evYKtXNAdn60ANNEdjH7V,"Alone Again - Live","Live At SoFi Stadium","The Weeknd",2023-03-03,167253,49,true,iarecippo,2023-03-03T19:31:32Z,"","The Weeknd/Lyric",0.312,0.532,4,-6.144,0,0.0344,0.319,0,0.806,0.185,81.093,4
spotify:track:2h3ZotklPN6aD7OuHz7bFZ,"Gasoline - Live","Live At SoFi Stadium","The Weeknd",2023-03-03,195635,48,false,iarecippo,2023-03-03T19:31:32Z,"","The Weeknd/Lyric",0.654,0.831,10,-7.726,0,0.0398,0.00232,0.0151,0.5,0.176,123.985,4
spotify:track:7skxtd9x0d05fjz4D7w3t2,"Sacrifice - Live","Live At SoFi Stadium","The Weeknd",2023-03-03,263240,50,true,iarecippo,2023-03-03T19:31:32Z,"","The Weeknd/Lyric",0.685,0.944,6,-8.265,0,0.0875,0.0156,0.0456,0.434,0.235,123.966,4
spotify:track:72SxWvaYsDgix2N3sjCjT1,"How Do I Make You Love Me? - Live","Live At SoFi Stadium","The Weeknd",2023-03-03,209040,49,false,iarecippo,2023-03-03T19:31:32Z,"","The Weeknd/Lyric",0.676,0.843,5,-8.204,1,0.144,0.0793,0.00012,0.355,0.438,123.988,4
spotify:track:47vfGRaXEGzcM2vI7JC2OO,"Can't Feel My Face - Live","Live At SoFi Stadium","The Weeknd",2023-03-03,183888,48,false,iarecippo,2023-03-03T19:31:32Z,"","The Weeknd/Lyric",0.622,0.847,9,-7.003,0,0.0778,0.0112,0.00104,0.0916,0.649,121.124,4
spotify:track:02YlAvsmptN8LisZqrWBIb,"Take My Breath - Live","Live At SoFi Stadium","The Weeknd",2023-03-03,235966,49,false,iarecippo,2023-03-03T19:31:32Z,"","The Weeknd/Lyric",0.588,0.792,0,-7.066,0,0.0419,0.000573,0.00572,0.907,0.301,124.032,4
spotify:track:45ypYpAdgoneWcBT0Wba3p,"Hurricane - Live","Live At SoFi Stadium","The Weeknd",2023-03-03,127527,49,false,iarecippo,2023-03-03T19:31:32Z,"","The Weeknd/Lyric",0.217,0.389,2,-8.932,0,0.039,0.0485,0.0233,0.507,0.129,78.958,4
spotify:track:6N8W7Dbcsg9tRDxn0wjFkR,"The Hills - Live","Live At SoFi Stadium","The Weeknd",2023-03-03,185361,52,true,iarecippo,2023-03-03T19:31:32Z,"","The Weeknd/Lyric",0.492,0.8,0,-5.998,0,0.0404,0.000826,0.00352,0.972,0.0748,113.031,4
spotify:track:3kdEGx81MR9ftxRbF3Zf84,"Often - Live","Live At SoFi Stadium","The Weeknd",2023-03-03,148878,53,true,iarecippo,2023-03-03T19:31:32Z,"","The Weeknd/Lyric",0.451,0.74,8,-8.596,0,0.0531,0.000425,0.000538,0.595,0.299,142.067,4
spotify:track:03H6iCycyxfB2mZzIOEeKJ,"Crew Love - Live","Live At SoFi Stadium","The Weeknd",2023-03-03,113460,49,true,iarecippo,2023-03-03T19:31:32Z,"","The Weeknd/Lyric",0.292,0.586,11,-8.579,0,0.0684,0.0408,0,0.533,0.13,159.924,3
spotify:track:4ZYGm4xWPhsZVijqtpWn4C,"Starboy - Live","Live At SoFi Stadium","The Weeknd",2023-03-03,245818,52,true,iarecippo,2023-03-03T19:31:32Z,"","The Weeknd/Lyric",0.454,0.859,7,-8.249,1,0.0787,0.0152,0.00377,0.518,0.0726,129.483,5
spotify:track:0WrIAsGJOei2FGeakvpTDU,"Heartless - Live","Live At SoFi Stadium","The Weeknd",2023-03-03,124255,49,true,iarecippo,2023-03-03T19:31:32Z,"","The Weeknd/Lyric",0.578,0.725,10,-7.198,0,0.0885,0.0169,0,0.404,0.173,169.825,4
spotify:track:431r2Qg4I2qFIKdSFCJN4s,"Low Life - Live","Live At SoFi Stadium","The Weeknd",2023-03-03,107256,49,true,iarecippo,2023-03-03T19:31:32Z,"","The Weeknd/Lyric",0.463,0.683,0,-8.344,0,0.0404,0.306,0.0000355,0.712,0.442,80.01,4
spotify:track:6tB01QHgH9YuVA8TomAzni,"Or Nah - Live","Live At SoFi Stadium","The Weeknd;Ty Dolla $ign",2023-03-03,101450,50,true,iarecippo,2023-03-03T19:31:32Z,"trap soul","The Weeknd/Lyric",0.538,0.639,8,-8.445,0,0.101,0.373,0,0.248,0.156,135.966,4
spotify:track:2YI8oiiImLkZvVgP33xrjD,"Kiss Land - Live","Live At SoFi Stadium","The Weeknd",2023-03-03,110315,48,true,iarecippo,2023-03-03T19:31:32Z,"","The Weeknd/Lyric",0.277,0.636,7,-7.499,0,0.0646,0.0225,0,0.838,0.195,76.263,4
spotify:track:6knNhL3mIaackJvtjmUrfN,"Party Monster - Live","Live At SoFi Stadium","The Weeknd",2023-03-03,189883,51,true,iarecippo,2023-03-03T19:31:32Z,"","The Weeknd/Lyric",0.457,0.629,1,-7.035,1,0.0379,0.0555,0.0000114,0.71,0.169,78.899,4
spotify:track:5RlqhZfTao31aQUO2QjpkG,"Faith - Live","Live At SoFi Stadium","The Weeknd",2023-03-03,185016,49,true,iarecippo,2023-03-03T19:31:32Z,"","The Weeknd/Lyric",0.365,0.569,0,-8.715,0,0.0554,0.034,0,0.534,0.124,175.797,4
spotify:track:7HK0ZDEsW0lGKKIVYvni2z,"After Hours - Live","Live At SoFi Stadium","The Weeknd",2023-03-03,267912,55,false,iarecippo,2023-03-03T19:31:32Z,"","The Weeknd/Lyric",0.655,0.501,5,-7.808,0,0.0295,0.0102,0.0000251,0.155,0.0789,109.039,4
spotify:track:6XZ8C5etRn0kiS1wwuW0SO,"Out of Time - Live","Live At SoFi Stadium","The Weeknd",2023-03-03,200934,49,false,iarecippo,2023-03-03T19:31:32Z,"","The Weeknd/Lyric",0.643,0.645,11,-9.105,0,0.0637,0.132,0,0.562,0.675,93.074,4
spotify:track:3RSmW13mK3HbkeuHSA4o4E,"I Feel It Coming - Live","Live At SoFi Stadium","The Weeknd",2023-03-03,234114,48,false,iarecippo,2023-03-03T19:31:32Z,"","The Weeknd/Lyric",0.456,0.912,11,-7.259,0,0.388,0.0779,0.00000201,0.622,0.355,95.984,4
spotify:track:4oGnKXq6cIXoE7gfEbh5Ax,"Die For You - Live","Live At SoFi Stadium","The Weeknd",2023-03-03,193394,49,true,iarecippo,2023-03-03T19:31:32Z,"","The Weeknd/Lyric",0.582,0.662,5,-7.259,0,0.0912,0.0697,0,0.841,0.464,139.014,4
spotify:track:1um00PH48BzDbULgyQyRUA,"Is There Someone Else? - Live","Live At SoFi Stadium","The Weeknd",2023-03-03,237904,50,false,iarecippo,2023-03-03T19:31:32Z,"","The Weeknd/Lyric",0.608,0.609,9,-9.861,0,0.0423,0.0275,0.000184,0.624,0.523,138.906,4
spotify:track:1occCbgg7oAWF7lMCEAk2T,"I Was Never There - Live","Live At SoFi Stadium","The Weeknd",2023-03-03,137149,53,false,iarecippo,2023-03-03T19:31:32Z,"","The Weeknd/Lyric",0.599,0.55,9,-7.905,0,0.0263,0.0036,0.0105,0.216,0.295,112.002,4
spotify:track:0naqCl6Bckx9qO6gtyoXLm,"Wicked Games - Live","Live At SoFi Stadium","The Weeknd",2023-03-03,143082,53,true,iarecippo,2023-03-03T19:31:32Z,"","The Weeknd/Lyric",0.367,0.417,9,-9.992,0,0.0369,0.898,0.00279,0.486,0.33,112.031,4
spotify:track:10OyIs6KCOmDO19J5wWFPx,"Call Out My Name - Live","Live At SoFi Stadium","The Weeknd",2023-03-03,242899,61,false,iarecippo,2023-03-03T19:31:32Z,"","The Weeknd/Lyric",0.263,0.57,2,-6.824,0,0.0417,0.0151,0.00000536,0.927,0.119,93.345,4
spotify:track:3Tz5B0wTyLdz4jE8LgYA3J,"The Morning - Live","Live At SoFi Stadium","The Weeknd",2023-03-03,199802,48,true,iarecippo,2023-03-03T19:31:32Z,"","The Weeknd/Lyric",0.546,0.576,9,-7.643,1,0.0902,0.0812,0,0.757,0.256,130.074,4
spotify:track:52RgkUwQNKjh3iHhxV3rfZ,"Save Your Tears - Live","Live At SoFi Stadium","The Weeknd",2023-03-03,178187,49,true,iarecippo,2023-03-03T19:31:32Z,"","The Weeknd/Lyric",0.573,0.768,0,-5.906,1,0.0333,0.00327,0.019,0.344,0.155,120.991,4
spotify:track:0ijIG2j6oRSMDk5Zp91xXt,"Less Than Zero - Live","Live At SoFi Stadium","The Weeknd",2023-03-03,244479,49,true,iarecippo,2023-03-03T19:31:32Z,"","The Weeknd/Lyric",0.566,0.821,0,-5.789,1,0.036,0.00405,0.00134,0.792,0.424,142.933,4
spotify:track:5OGxg1400HmCYVRHuccZWw,"Blinding Lights - Live","Live At SoFi Stadium","The Weeknd",2023-03-03,253365,50,true,iarecippo,2023-03-03T19:31:32Z,"","The Weeknd/Lyric",0.411,0.876,10,-5.493,1,0.0578,0.00117,0.00158,0.73,0.102,170.978,4
spotify:track:73H5bn2SKYkMHBPvWGZDcu,"Outro - Live","Live At SoFi Stadium","The Weeknd",2023-03-03,199781,42,true,iarecippo,2023-03-03T19:31:32Z,"","The Weeknd/Lyric",0.192,0.628,5,-10.63,0,0.0505,0.0000123,0.983,0.944,0.329,81.193,4
spotify:track:0xUeLKG6g1vGXSlHDsLKAf,"The Garden","V","Unknown Mortal Orchestra",2023-03-17,380880,38,false,iarecippo,2023-03-18T04:02:06Z,"neo-psychedelic","Jagjaguwar",0.433,0.737,1,-4.869,1,0.0611,0.179,0.00988,0.0916,0.262,77.984,4
spotify:track:1LFaiknfJkpWsPPNjNVKIW,"Guilty Pleasures","V","Unknown Mortal Orchestra",2023-03-17,208720,33,false,iarecippo,2023-03-18T04:02:06Z,"neo-psychedelic","Jagjaguwar",0.78,0.549,10,-5.487,1,0.0429,0.521,0.685,0.114,0.515,145.035,3
spotify:track:7FpD6W73sZuEEp4dNRCwy9,"Meshuggah","V","Unknown Mortal Orchestra",2023-03-17,277986,40,false,iarecippo,2023-03-18T04:02:06Z,"neo-psychedelic","Jagjaguwar",0.758,0.563,6,-7.502,1,0.0582,0.242,0.339,0.323,0.393,122.539,4
spotify:track:4Kga4UsecRjySf9xj2gQ0I,"The Widow","V","Unknown Mortal Orchestra",2023-03-17,310973,30,false,iarecippo,2023-03-18T04:02:06Z,"neo-psychedelic","Jagjaguwar",0.83,0.561,1,-4.687,1,0.0439,0.596,0.919,0.0919,0.382,89.77,4
spotify:track:4kgXwktpr7IqnhPo84v6ul,"In The Rear View","V","Unknown Mortal Orchestra",2023-03-17,244746,31,false,iarecippo,2023-03-18T04:02:06Z,"neo-psychedelic","Jagjaguwar",0.725,0.594,1,-9.622,1,0.0616,0.89,0.881,0.119,0.314,82.983,4
spotify:track:0M2hckQzSt0AZFytuTC2Hp,"That Life","V","Unknown Mortal Orchestra",2023-03-17,215866,56,false,iarecippo,2023-03-18T04:02:06Z,"neo-psychedelic","Jagjaguwar",0.926,0.63,3,-5.245,1,0.0475,0.0724,0.00618,0.107,0.928,123.334,4
spotify:track:3VZrMjHeYvUrFGKeG7B62D,"Layla","V","Unknown Mortal Orchestra",2023-03-17,250013,42,false,iarecippo,2023-03-18T04:02:06Z,"neo-psychedelic","Jagjaguwar",0.806,0.741,8,-8.166,0,0.0576,0.346,0.0326,0.11,0.632,126.988,4
spotify:track:2HHAVa6LIF4xGChgZNElpE,"Shin Ramyun","V","Unknown Mortal Orchestra",2023-03-17,289666,31,false,iarecippo,2023-03-18T04:02:06Z,"neo-psychedelic","Jagjaguwar",0.7,0.532,6,-11.15,1,0.0501,0.579,0.904,0.0966,0.438,140.017,4
spotify:track:7kdSrL0tJ5JMpL4GbvuKDy,"Weekend Run","V","Unknown Mortal Orchestra",2023-03-17,287520,40,false,iarecippo,2023-03-18T04:02:06Z,"neo-psychedelic","Jagjaguwar",0.813,0.704,6,-5.518,0,0.0366,0.357,0.373,0.108,0.875,124.115,4
spotify:track:6SW2xr82FISqZtcAjE4Rl9,"The Beach","V","Unknown Mortal Orchestra",2023-03-17,197826,32,false,iarecippo,2023-03-18T04:02:06Z,"neo-psychedelic","Jagjaguwar",0.768,0.377,11,-10.553,0,0.103,0.776,0.881,0.0853,0.499,119.742,3
spotify:track:2AojQfi1k8pgwyg1Ii0Ly8,"Nadja","V","Unknown Mortal Orchestra",2023-03-17,246720,44,false,iarecippo,2023-03-18T04:02:06Z,"neo-psychedelic","Jagjaguwar",0.834,0.362,10,-7.851,0,0.0505,0.851,0.567,0.105,0.598,79.988,4
spotify:track:4daybsVF8kYbFhyjjcSOg0,"Keaukaha","V","Unknown Mortal Orchestra",2023-03-17,134133,40,false,iarecippo,2023-03-18T04:02:06Z,"neo-psychedelic","Jagjaguwar",0.275,0.0997,10,-24.904,0,0.0441,0.944,0.88,0.1,0.0476,154.873,3
spotify:track:0lsAmBdyQqJz2adVowutMq,"I Killed Captain Cook","V","Unknown Mortal Orchestra",2023-03-17,208760,28,false,iarecippo,2023-03-18T04:02:06Z,"neo-psychedelic","Jagjaguwar",0.699,0.258,6,-14.314,1,0.0573,0.925,0.00901,0.107,0.266,138.815,4
spotify:track:43FJKuRmiFls5gn19ydPa5,"Drag","V","Unknown Mortal Orchestra",2023-03-17,356520,28,false,iarecippo,2023-03-18T04:02:06Z,"neo-psychedelic","Jagjaguwar",0.922,0.538,6,-8.625,1,0.0451,0.027,0.817,0.0898,0.739,99.924,4
spotify:track:596pY5JqwSgSqM8cA4A0rg,"God Is a Circle","Praise A Lord Who Chews But Which Does Not Consume; (Or Simply, Hot Between Worlds)","Yves Tumor",2023-03-17,212706,44,false,iarecippo,2023-03-19T19:41:44Z,"","Warp Records",0.562,0.895,11,-5.007,0,0.0343,0.000241,0.368,0.535,0.452,109.598,4
spotify:track:3d5z2JmzB2W97ERw1Q09f0,"Lovely Sewer","Praise A Lord Who Chews But Which Does Not Consume; (Or Simply, Hot Between Worlds)","Yves Tumor",2023-03-17,195333,50,false,iarecippo,2023-03-19T19:41:44Z,"","Warp Records",0.592,0.727,11,-6.457,0,0.0291,0.00179,0.00089,0.184,0.432,137.959,4
spotify:track:0KtYUlIhPf0fLpmJRT73yM,"Meteora Blues","Praise A Lord Who Chews But Which Does Not Consume; (Or Simply, Hot Between Worlds)","Yves Tumor",2023-03-17,227706,38,false,iarecippo,2023-03-19T19:41:44Z,"","Warp Records",0.378,0.604,7,-7.384,1,0.0359,0.00106,0.0000193,0.101,0.0767,177.995,4
spotify:track:4Lv32NSVbqOOjw6CCLGgEc,"Interlude","Praise A Lord Who Chews But Which Does Not Consume; (Or Simply, Hot Between Worlds)","Yves Tumor",2023-03-17,52106,30,false,iarecippo,2023-03-19T19:41:44Z,"","Warp Records",0.19,0.0576,7,-31.008,1,0.061,0.996,0.969,0.12,0.0394,77.262,1
spotify:track:4oWHRC1mCSSJhNv3YoUlBc,"Parody","Praise A Lord Who Chews But Which Does Not Consume; (Or Simply, Hot Between Worlds)","Yves Tumor",2023-03-17,186493,36,false,iarecippo,2023-03-19T19:41:44Z,"","Warp Records",0.351,0.545,7,-8.163,1,0.0313,0.00133,0.155,0.173,0.127,171.723,4
spotify:track:6jCaLfO4BcwoLDpMKgSFkp,"Heaven Surrounds Us Like a Hood","Praise A Lord Who Chews But Which Does Not Consume; (Or Simply, Hot Between Worlds)","Yves Tumor",2023-03-17,246400,41,false,iarecippo,2023-03-19T19:41:44Z,"","Warp Records",0.315,0.554,11,-7.626,0,0.0401,0.00628,0.0256,0.0953,0.115,130.061,4
spotify:track:6wsmCMlFGX4jOko2I3bUtb,"Operator","Praise A Lord Who Chews But Which Does Not Consume; (Or Simply, Hot Between Worlds)","Yves Tumor",2023-03-17,196026,35,false,iarecippo,2023-03-19T19:41:44Z,"","Warp Records",0.553,0.956,7,-4.117,1,0.0574,0.000212,0.000128,0.669,0.583,145.033,4
spotify:track:6Py8cFkHK9rBY8RRHYpuQC,"In Spite of War","Praise A Lord Who Chews But Which Does Not Consume; (Or Simply, Hot Between Worlds)","Yves Tumor",2023-03-17,151840,35,false,iarecippo,2023-03-19T19:41:44Z,"","Warp Records",0.541,0.823,4,-6.355,0,0.0329,0.000231,0.00014,0.396,0.267,141.076,4
spotify:track:20Co6wsSQkqMtZaQxtjz8a,"Echolalia","Praise A Lord Who Chews But Which Does Not Consume; (Or Simply, Hot Between Worlds)","Yves Tumor",2023-03-17,180146,44,false,iarecippo,2023-03-19T19:41:44Z,"","Warp Records",0.747,0.824,0,-6.783,0,0.0536,0.044,0.817,0.19,0.745,130,4
spotify:track:1ddJPebD74sac45SLvdmWp,"Fear Evil Like Fire","Praise A Lord Who Chews But Which Does Not Consume; (Or Simply, Hot Between Worlds)","Yves Tumor",2023-03-17,210840,40,false,iarecippo,2023-03-19T19:41:44Z,"","Warp Records",0.691,0.602,1,-7.673,0,0.0376,0.041,0.00135,0.243,0.342,82.995,4
spotify:track:2FoT6FoaIdh8hvePaIXYXr,"Purified By the Fire","Praise A Lord Who Chews But Which Does Not Consume; (Or Simply, Hot Between Worlds)","Yves Tumor",2023-03-17,193373,33,false,iarecippo,2023-03-19T19:41:44Z,"","Warp Records",0.247,0.731,11,-6.287,1,0.0774,0.000454,0.902,0.266,0.443,71.848,4
spotify:track:2BpnrXMYUyXIuBBmEKX52U,"Ebony Eye","Praise A Lord Who Chews But Which Does Not Consume; (Or Simply, Hot Between Worlds)","Yves Tumor",2023-03-17,196853,39,false,iarecippo,2023-03-19T19:41:44Z,"","Warp Records",0.384,0.626,11,-6.561,1,0.0374,0.000165,0.00208,0.172,0.501,168.509,4
spotify:track:3FsqOTQT3d7c296eStnEnl,"Lean Beef Patty","SCARING THE HOES","JPEGMAFIA;Danny Brown",2023-03-24,107586,51,true,iarecippo,2023-03-30T19:45:17Z,"experimental hip hop,alternative hip hop,experimental","2023 PEGGY under exclusive license to AWAL Recordings America, Inc.",0.497,0.967,2,-1.424,1,0.427,0.149,0,0.335,0.753,157.203,4
spotify:track:0LLKhrm54tp36K2MbgBfAA,"Steppa Pig","SCARING THE HOES","JPEGMAFIA;Danny Brown",2023-03-24,207786,47,true,iarecippo,2023-03-30T19:45:17Z,"experimental hip hop,alternative hip hop,experimental","2023 PEGGY under exclusive license to AWAL Recordings America, Inc.",0.693,0.953,5,-0.416,0,0.302,0.234,0,0.129,0.774,74.439,4
spotify:track:1waqS2zPI3Z1zTvJOa2hVC,"SCARING THE HOES","SCARING THE HOES","JPEGMAFIA;Danny Brown",2023-03-24,142825,47,true,iarecippo,2023-03-30T19:45:17Z,"experimental hip hop,alternative hip hop,experimental","2023 PEGGY under exclusive license to AWAL Recordings America, Inc.",0.558,0.991,0,-1.471,1,0.109,0.242,0.00000547,0.378,0.656,133.196,4
spotify:track:73pz1RTwUBpKO286c9zhzT,"Garbage Pale Kids","SCARING THE HOES","JPEGMAFIA;Danny Brown",2023-03-24,168022,49,true,iarecippo,2023-03-30T19:45:17Z,"experimental hip hop,alternative hip hop,experimental","2023 PEGGY under exclusive license to AWAL Recordings America, Inc.",0.624,0.955,1,0.742,1,0.35,0.118,0,0.129,0.764,78.676,4
spotify:track:4pfhCrRk6P2tMU2D0Mb2z5,"Fentanyl Tester","SCARING THE HOES","JPEGMAFIA;Danny Brown",2023-03-24,157642,49,true,iarecippo,2023-03-30T19:45:17Z,"experimental hip hop,alternative hip hop,experimental","2023 PEGGY under exclusive license to AWAL Recordings America, Inc.",0.729,0.95,0,-1.729,1,0.363,0.304,0,0.864,0.798,158.866,4
spotify:track:5IZpEuLMO5lEmN1Rr008p8,"Burfict!","SCARING THE HOES","JPEGMAFIA;Danny Brown",2023-03-24,141089,49,true,iarecippo,2023-03-30T19:45:17Z,"experimental hip hop,alternative hip hop,experimental","2023 PEGGY under exclusive license to AWAL Recordings America, Inc.",0.652,0.946,1,-0.669,0,0.369,0.114,0,0.289,0.84,138.353,4
spotify:track:2eZuFG3KSALN1BowCuSB1A,"Shut Yo Bitch Ass Up / Muddy Waters","SCARING THE HOES","JPEGMAFIA;Danny Brown",2023-03-24,174454,45,true,iarecippo,2023-03-30T19:45:17Z,"experimental hip hop,alternative hip hop,experimental","2023 PEGGY under exclusive license to AWAL Recordings America, Inc.",0.451,0.97,10,-1.285,0,0.441,0.00762,0,0.356,0.715,89.401,4
spotify:track:6kRjMNfcKqzZIM46JiIEgZ,"Orange Juice Jones","SCARING THE HOES","JPEGMAFIA;Danny Brown",2023-03-24,141589,44,true,iarecippo,2023-03-30T19:45:17Z,"experimental hip hop,alternative hip hop,experimental","2023 PEGGY under exclusive license to AWAL Recordings America, Inc.",0.576,0.926,6,-0.651,1,0.403,0.358,0,0.627,0.852,150.714,4
spotify:track:0VA5FzFlysCcSG1IdOkhUb,"Kingdom Hearts Key (ft. redveil)","SCARING THE HOES","JPEGMAFIA;Danny Brown;redveil",2023-03-24,205320,54,true,iarecippo,2023-03-30T19:45:17Z,"experimental hip hop,alternative hip hop,experimental","2023 PEGGY under exclusive license to AWAL Recordings America, Inc.",0.371,0.933,6,-1.631,1,0.227,0.0739,0,0.264,0.437,133.484,4
spotify:track:7y2EELtWhCaDU9A0vOYVHv,"God Loves You","SCARING THE HOES","JPEGMAFIA;Danny Brown",2023-03-24,148626,49,true,iarecippo,2023-03-30T19:45:17Z,"experimental hip hop,alternative hip hop,experimental","2023 PEGGY under exclusive license to AWAL Recordings America, Inc.",0.41,0.972,1,0.499,1,0.478,0.0102,0,0.761,0.71,125.126,4
spotify:track:7JsFf2NOZ6F8gQzKtMytsJ,"Run The Jewels","SCARING THE HOES","JPEGMAFIA;Danny Brown",2023-03-24,64813,41,true,iarecippo,2023-03-30T19:45:17Z,"experimental hip hop,alternative hip hop,experimental","2023 PEGGY under exclusive license to AWAL Recordings America, Inc.",0.326,0.942,10,-0.569,0,0.388,0.0075,0,0.249,0.733,144.74,4
spotify:track:3nYRRPC3un32wq7bbHDitX,"Jack Harlow Combo Meal","SCARING THE HOES","JPEGMAFIA;Danny Brown",2023-03-24,138305,43,true,iarecippo,2023-03-30T19:45:17Z,"experimental hip hop,alternative hip hop,experimental","2023 PEGGY under exclusive license to AWAL Recordings America, Inc.",0.578,0.956,10,-1.544,0,0.331,0.129,0,0.113,0.555,137.053,4
spotify:track:4vL0V5MjU3Y1syYtajWW4f,"HOE (Heaven on Earth)","SCARING THE HOES","JPEGMAFIA;Danny Brown",2023-03-24,204266,43,true,iarecippo,2023-03-30T19:45:17Z,"experimental hip hop,alternative hip hop,experimental","2023 PEGGY under exclusive license to AWAL Recordings America, Inc.",0.457,0.857,11,-1.902,1,0.308,0.377,0,0.297,0.591,100.31,3
spotify:track:6XITRM4V1hVSQXw62diAoj,"Where Ya Get Ya Coke From?","SCARING THE HOES","JPEGMAFIA;Danny Brown",2023-03-24,178386,40,true,iarecippo,2023-03-30T19:45:17Z,"experimental hip hop,alternative hip hop,experimental","2023 PEGGY under exclusive license to AWAL Recordings America, Inc.",0.605,0.963,2,-0.284,1,0.451,0.128,0,0.221,0.704,98.962,4
spotify:track:5XUuMp2i5ojqcDOSusChqL,"Ocho Rios","NEVER ENOUGH","Daniel Caesar",2023-04-07,153171,66,false,iarecippo,2023-04-19T10:50:22Z,"","Republic Records",0.578,0.522,2,-7.327,1,0.0396,0.0369,0.0033,0.0939,0.21,127.846,4
spotify:track:0b83L1ToHRiwlpmUAjiCHc,"Valentina","NEVER ENOUGH","Daniel Caesar",2023-04-07,154531,73,false,iarecippo,2023-04-19T10:50:22Z,"","Republic Records",0.754,0.311,0,-5.385,0,0.0388,0.622,0.336,0.116,0.37,92.01,4
spotify:track:4t9R5rbtovdvya28uMODDz,"Toronto 2014 (with Mustafa)","NEVER ENOUGH","Daniel Caesar;Mustafa",2023-04-07,277518,78,false,iarecippo,2023-04-19T10:50:22Z,"","Republic Records",0.679,0.335,0,-10.837,1,0.0574,0.891,0.0071,0.149,0.374,135.002,4
spotify:track:3ym8ajVmKm6Fybgov3WBI5,"Let Me Go","NEVER ENOUGH","Daniel Caesar",2023-04-07,216524,76,false,iarecippo,2023-04-19T10:50:22Z,"","Republic Records",0.591,0.473,7,-8.122,0,0.0708,0.694,0.00334,0.108,0.451,152.88,4
spotify:track:4deAN7JXhdHHifxOp0TTjU,"Do You Like Me?","NEVER ENOUGH","Daniel Caesar",2023-04-07,227520,71,true,iarecippo,2023-04-19T10:50:22Z,"","Republic Records",0.718,0.398,11,-6.774,1,0.0396,0.498,0.0352,0.129,0.373,76.976,4
spotify:track:2LlOeW5rVcvl3QcPNPcDus,"Always","NEVER ENOUGH","Daniel Caesar",2023-04-07,225312,87,true,iarecippo,2023-04-19T10:50:22Z,"","Republic Records",0.578,0.436,2,-8.202,1,0.0461,0.666,0.0000019,0.106,0.199,135.86,4
spotify:track:3g3GjHuxntUfUd4t23rGTZ,"Cool","NEVER ENOUGH","Daniel Caesar",2023-04-07,244189,67,true,iarecippo,2023-04-19T10:50:22Z,"","Republic Records",0.426,0.139,7,-10.916,1,0.0301,0.915,0.00242,0.107,0.222,61.04,4
spotify:track:4YsnwsPURRSvprBHBY1BCd,"Disillusioned (with serpentwithfeet)","NEVER ENOUGH","Daniel Caesar;serpentwithfeet",2023-04-07,241232,82,true,iarecippo,2023-04-19T10:50:22Z,"","Republic Records",0.792,0.548,9,-3.899,1,0.0366,0.0754,0.0000102,0.0581,0.619,97,4
spotify:track:3fHwrZ7pLD4cykAj3n9Lc1,"Buyer's Remorse (feat. Omar Apollo)","NEVER ENOUGH","Daniel Caesar;Omar Apollo",2023-04-07,152170,66,false,iarecippo,2023-04-19T10:50:22Z,"bedroom pop","Republic Records",0.559,0.22,5,-11.006,0,0.0527,0.938,0.0000965,0.177,0.164,113.621,4
spotify:track:7mKfycH5WrhcN2hfe5g2xa,"Shot My Baby","NEVER ENOUGH","Daniel Caesar",2023-04-07,268221,58,true,iarecippo,2023-04-19T10:50:22Z,"","Republic Records",0.495,0.65,8,-6.786,0,0.0397,0.0035,0.00891,0.195,0.184,84.956,4
spotify:track:2d0dCpzPN76EhB4yv3S6ng,"Pain Is Inevitable","NEVER ENOUGH","Daniel Caesar",2023-04-07,295174,65,true,iarecippo,2023-04-19T10:50:22Z,"","Republic Records",0.372,0.364,7,-10.783,1,0.0526,0.81,0.00201,0.358,0.13,99.733,4
spotify:track:4s3RSUwPDxCeWaLEiNOPq3,"Homiesexual (with Ty Dolla $ign)","NEVER ENOUGH","Daniel Caesar;Ty Dolla $ign",2023-04-07,230379,65,true,iarecippo,2023-04-19T10:50:22Z,"trap soul","Republic Records",0.633,0.472,8,-10.783,0,0.0406,0.0907,0.00000217,0.1,0.298,99.9,4
spotify:track:0Y8F9OzVKj0kpyXqbTr4ZE,"Vince Van Gogh","NEVER ENOUGH","Daniel Caesar",2023-04-07,164257,59,true,iarecippo,2023-04-19T10:50:22Z,"","Republic Records",0.591,0.655,1,-4.599,1,0.0499,0.0182,0.00139,0.118,0.429,113.806,4
spotify:track:736PP5LTtREkDgktNmX3Gu,"Superpowers","NEVER ENOUGH","Daniel Caesar",2023-04-07,174512,88,false,iarecippo,2023-04-19T10:50:22Z,"","Republic Records",0.459,0.433,7,-8.983,1,0.0367,0.614,0.0285,0.19,0.0482,106.626,5
spotify:track:0gmviE2bUkRUlEaQer08Ie,"Unstoppable","NEVER ENOUGH","Daniel Caesar",2023-04-07,247805,59,true,iarecippo,2023-04-19T10:50:22Z,"","Republic Records",0.597,0.66,1,-5.911,1,0.127,0.675,0.0158,0.303,0.544,77.626,4
spotify:track:7reiPmW6alZnVnMMa355S2,"Momo","Bedroom","bdrmm",2020-07-03,215073,0,false,iarecippo,2023-04-28T08:52:39Z,"shoegaze,lo-fi indie,dream pop,post-punk","Sonic Cathedral",0.529,0.757,7,-7.328,1,0.0283,0.072,0.824,0.428,0.162,139.989,4
spotify:track:696z3r1EqxYB53EUM4xbH6,"Push / Pull","Bedroom","bdrmm",2020-07-03,290935,0,false,iarecippo,2023-04-28T08:52:39Z,"shoegaze,lo-fi indie,dream pop,post-punk","Sonic Cathedral",0.576,0.875,9,-6.23,0,0.0354,0.00157,0.915,0.0805,0.515,120.021,4
spotify:track:17j8RpXtHCRUZmKExDimjI,"A Reason to Celebrate","Bedroom","bdrmm",2020-07-03,224669,0,false,iarecippo,2023-04-28T08:52:39Z,"shoegaze,lo-fi indie,dream pop,post-punk","Sonic Cathedral",0.321,0.856,2,-6.195,1,0.0375,0.000144,0.00169,0.162,0.401,167.984,4
spotify:track:1KVmkJwGJqHWQkb1xg1zkg,"Gush","Bedroom","bdrmm",2020-07-03,226467,0,true,iarecippo,2023-04-28T08:52:39Z,"shoegaze,lo-fi indie,dream pop,post-punk","Sonic Cathedral",0.574,0.564,9,-6.453,1,0.0307,0.0133,0.737,0.1,0.749,147.974,4
spotify:track:6OIsq9HutnCINDPQqmAjbz,"Happy","Bedroom","bdrmm",2020-07-03,226594,0,false,iarecippo,2023-04-28T08:52:39Z,"shoegaze,lo-fi indie,dream pop,post-punk","Sonic Cathedral",0.51,0.805,6,-6.475,1,0.039,0.0128,0.912,0.254,0.792,171.957,4
spotify:track:4RWqqBN1thfpEh7QEqqh0G,"(The Silence)","Bedroom","bdrmm",2020-07-03,163653,0,false,iarecippo,2023-04-28T08:52:39Z,"shoegaze,lo-fi indie,dream pop,post-punk","Sonic Cathedral",0,0.357,8,-17.226,1,0,0.75,0.958,0.123,0,0,0
spotify:track:72EFzabccWltx9jtnZdVHo,"(Un)Happy","Bedroom","bdrmm",2020-07-03,203457,0,false,iarecippo,2023-04-28T08:52:39Z,"shoegaze,lo-fi indie,dream pop,post-punk","Sonic Cathedral",0.579,0.683,10,-8.056,0,0.0277,0.773,0.845,0.0966,0.15,122.969,4
spotify:track:7jPjkFhA1KryLzA5x6sKDA,"If....","Bedroom","bdrmm",2020-07-03,291629,0,false,iarecippo,2023-04-28T08:52:39Z,"shoegaze,lo-fi indie,dream pop,post-punk","Sonic Cathedral",0.527,0.555,2,-6.611,1,0.0315,0.0101,0.545,0.0933,0.144,131.033,4
spotify:track:75JLhfKMpoif1EUWWaMbd9,"Is That What You Wanted to Hear?","Bedroom","bdrmm",2020-07-03,317660,0,false,iarecippo,2023-04-28T08:52:39Z,"shoegaze,lo-fi indie,dream pop,post-punk","Sonic Cathedral",0.468,0.706,11,-8.183,0,0.0303,0.184,0.708,0.0636,0.18,148.97,4
spotify:track:00FEppPrTgKSSWjiarAuzc,"Forget the Credits","Bedroom","bdrmm",2020-07-03,344203,0,false,iarecippo,2023-04-28T08:52:39Z,"shoegaze,lo-fi indie,dream pop,post-punk","Sonic Cathedral",0.522,0.31,4,-10.863,1,0.0271,0.648,0.74,0.0824,0.252,76.014,4
spotify:track:1XaHF28nrXBbyitGIGSdna,"That! Feels Good!","That! Feels Good!","Jessie Ware",2023-04-28,262266,40,false,iarecippo,2023-04-28T13:27:35Z,"","EMI",0.705,0.89,6,-4.789,1,0.165,0.0849,0.000329,0.175,0.863,115.022,4
spotify:track:7axM6HbfUTu3dXEIWOYcH1,"Free Yourself","That! Feels Good!","Jessie Ware",2023-04-28,234080,57,false,iarecippo,2023-04-28T13:27:35Z,"","EMI",0.692,0.913,0,-4.51,0,0.0497,0.00283,0.00000649,0.124,0.724,119.001,4
spotify:track:5EAbUR2kkfDOCWEcWcb7YG,"Pearls","That! Feels Good!","Jessie Ware",2023-04-28,243106,51,false,iarecippo,2023-04-28T13:27:35Z,"","EMI",0.636,0.839,9,-5.043,0,0.115,0.0178,0.00246,0.208,0.716,122.948,4
spotify:track:40bgBzGrYBURVjiQ4itEkh,"Hello Love","That! Feels Good!","Jessie Ware",2023-04-28,282666,44,false,iarecippo,2023-04-28T13:27:35Z,"","EMI",0.48,0.743,5,-4.322,1,0.0473,0.111,0,0.113,0.674,91.028,4
spotify:track:7pMJ455NDmDtnAxSRniJt2,"Begin Again","That! Feels Good!","Jessie Ware",2023-04-28,324333,46,false,iarecippo,2023-04-28T13:27:35Z,"","EMI",0.465,0.916,9,-4.746,0,0.143,0.113,0,0.0373,0.453,109.962,4
spotify:track:1pqL3INds2lA06buKnP2pL,"Beautiful People","That! Feels Good!","Jessie Ware",2023-04-28,215666,41,false,iarecippo,2023-04-28T13:27:35Z,"","EMI",0.724,0.899,0,-4.703,1,0.119,0.0224,0.0000127,0.195,0.765,125.03,4
spotify:track:2WMlWvN0y7xoOEtftxdHvz,"Freak Me Now","That! Feels Good!","Jessie Ware",2023-04-28,208280,43,false,iarecippo,2023-04-28T13:27:35Z,"","EMI",0.708,0.865,5,-5.503,0,0.0402,0.049,0.744,0.41,0.769,122.024,4
spotify:track:7dtZtWOLsZiKoJ8Tt9vZXq,"Shake The Bottle","That! Feels Good!","Jessie Ware",2023-04-28,203880,37,false,iarecippo,2023-04-28T13:27:35Z,"","EMI",0.809,0.813,9,-5.323,1,0.063,0.196,0,0.0966,0.968,130,4
spotify:track:3cWjHfVXXKX7cNeClR1T6a,"Lightning","That! Feels Good!","Jessie Ware",2023-04-28,190226,36,false,iarecippo,2023-04-28T13:27:35Z,"","EMI",0.509,0.658,5,-6.976,1,0.111,0.0324,0.00000523,0.106,0.45,161.703,4
spotify:track:3W5qhLgcyeudivORDL3mFe,"These Lips","That! Feels Good!","Jessie Ware",2023-04-28,261986,39,false,iarecippo,2023-04-28T13:27:35Z,"","EMI",0.667,0.755,0,-6.566,0,0.0605,0.0344,0.000988,0.336,0.551,119.993,4
spotify:track:3l7Qdlbi2EWYvVOyj8RDKe,"In Ha Mood","Like..?","Ice Spice",2023-01-20,129360,29,true,iarecippo,2023-05-03T00:12:54Z,"","10K Projects/Capitol Records",0.767,0.722,0,-6.586,1,0.31,0.678,0.000011,0.231,0.52,141.075,4
spotify:track:5srVvRaKkYnzTCxgEQmHcg,"Princess Diana (with Nicki Minaj)","Like..?","Ice Spice;Nicki Minaj",2023-01-20,172125,41,true,iarecippo,2023-05-03T00:12:54Z,"","10K Projects/Capitol Records",0.898,0.689,9,-5.092,1,0.171,0.165,0,0.0957,0.772,147.964,4
spotify:track:2g5q0UpOOFMNOcHGaMG4b0,"Gangsta Boo (with Lil Tjay)","Like..?","Ice Spice;Lil Tjay",2023-01-20,159370,55,true,iarecippo,2023-05-03T00:12:54Z,"brooklyn drill,melodic rap","10K Projects/Capitol Records",0.873,0.578,1,-7.397,1,0.272,0.139,0,0.0953,0.765,147.074,4
spotify:track:614PNsaI816SVsGQm4omXJ,"Actin A Smoochie","Like..?","Ice Spice",2023-01-20,133714,43,true,iarecippo,2023-05-03T00:12:54Z,"","10K Projects/Capitol Records",0.529,0.822,10,-4.305,0,0.424,0.715,0,0.106,0.731,139.815,4
spotify:track:3ylgJvzFdjbcXNcxj9mXku,"Bikini Bottom","Like..?","Ice Spice",2023-01-20,106666,35,true,iarecippo,2023-05-03T00:12:54Z,"","10K Projects/Capitol Records",0.737,0.653,8,-5.463,1,0.205,0.162,0.00000165,0.0803,0.603,161.888,5
spotify:track:3cbbb7H5k6yXNndjZ0AJuV,"Munch (Feelin’ U)","Like..?","Ice Spice",2023-01-20,104160,38,true,iarecippo,2023-05-03T00:12:54Z,"","10K Projects/Capitol Records",0.662,0.603,11,-5.595,0,0.364,0.348,0,0.085,0.599,133.629,3
spotify:track:2maEFaoAyNjQVv14Hm4esN,"HEAT","SATURATION","BROCKHAMPTON",2017-06-09,272378,47,true,iarecippo,2023-05-03T13:53:50Z,"","QUESTION EVERYTHING, INC. / EMPIRE",0.691,0.74,8,-5.884,1,0.298,0.0887,0,0.149,0.41,78.025,4
spotify:track:7HRv1sYuwgoea1m0JRvChV,"GOLD","SATURATION","BROCKHAMPTON",2017-06-09,266000,57,true,iarecippo,2023-05-03T13:53:50Z,"","QUESTION EVERYTHING, INC. / EMPIRE",0.808,0.647,11,-6.947,0,0.166,0.0716,0.000466,0.205,0.29,110.036,4
spotify:track:1xfFPJdRjgDAaMcDgbXwyh,"STAR","SATURATION","BROCKHAMPTON",2017-06-09,161000,50,true,iarecippo,2023-05-03T13:53:50Z,"","QUESTION EVERYTHING, INC. / EMPIRE",0.776,0.388,0,-9.143,1,0.282,0.147,0,0.394,0.294,75.01,4
spotify:track:1H3GqbebLfBjqY8rW9oVyq,"BOYS","SATURATION","BROCKHAMPTON",2017-06-09,278125,41,true,iarecippo,2023-05-03T13:53:50Z,"","QUESTION EVERYTHING, INC. / EMPIRE",0.801,0.519,6,-9.262,0,0.304,0.251,0.00000759,0.103,0.852,145.02,4
spotify:track:3Xvu5uFWbyHd0qixrvIxxE,"2PAC","SATURATION","BROCKHAMPTON",2017-06-09,62375,37,true,iarecippo,2023-05-03T13:53:50Z,"","QUESTION EVERYTHING, INC. / EMPIRE",0.709,0.505,3,-8.627,1,0.212,0.503,0.000422,0.179,0.71,77.947,3
spotify:track:5GR2ZJL0bRGvDHD5GfUVdE,"SKIT 1","SATURATION","BROCKHAMPTON",2017-06-09,19130,2,true,iarecippo,2023-05-03T13:53:50Z,"","QUESTION EVERYTHING, INC. / EMPIRE",0.385,0.564,11,-21.781,0,0.171,0.881,0.819,0.416,0.359,128.593,3
spotify:track:4m2lVqfPeSTD3azgBJHowK,"FAKE","SATURATION","BROCKHAMPTON",2017-06-09,275500,44,true,iarecippo,2023-05-03T13:53:50Z,"","QUESTION EVERYTHING, INC. / EMPIRE",0.7,0.435,7,-9.769,1,0.0526,0.00829,0.00012,0.0925,0.645,125.894,4
spotify:track:68nnMoLj2Oamzlisy3Mg4e,"BANK","SATURATION","BROCKHAMPTON",2017-06-09,195750,39,true,iarecippo,2023-05-03T13:53:50Z,"","QUESTION EVERYTHING, INC. / EMPIRE",0.638,0.66,2,-10.762,1,0.301,0.0888,0,0.375,0.409,80.038,4
spotify:track:6t7gHCcVCMMxQwFJgJvoP5,"SKIT 2","SATURATION","BROCKHAMPTON",2017-06-09,15500,2,true,iarecippo,2023-05-03T13:53:50Z,"","QUESTION EVERYTHING, INC. / EMPIRE",0.313,0.406,6,-24.618,1,0.208,0.874,0.0595,0.216,0.179,156.037,3
spotify:track:0oLQRGhq7ltPDF6ThfqQdc,"TRIP","SATURATION","BROCKHAMPTON",2017-06-09,202691,40,true,iarecippo,2023-05-03T13:53:50Z,"","QUESTION EVERYTHING, INC. / EMPIRE",0.775,0.308,6,-12.652,1,0.0905,0.215,0.0000143,0.104,0.633,75.954,4
spotify:track:5Jp0avXwxgYt75sjxQJxWw,"SWIM","SATURATION","BROCKHAMPTON",2017-06-09,213375,45,true,iarecippo,2023-05-03T13:53:50Z,"","QUESTION EVERYTHING, INC. / EMPIRE",0.659,0.493,4,-9.161,1,0.0357,0.147,0.00000346,0.114,0.497,92.989,4
spotify:track:6ntPF24RtHotzc3FhcFMH7,"BUMP","SATURATION","BROCKHAMPTON",2017-06-09,158108,40,true,iarecippo,2023-05-03T13:53:50Z,"","QUESTION EVERYTHING, INC. / EMPIRE",0.625,0.699,7,-10.665,1,0.478,0.059,0,0.231,0.381,147.956,4
spotify:track:0yvxop3XdQyWStwvuYP4dw,"CASH","SATURATION","BROCKHAMPTON",2017-06-09,195200,39,true,iarecippo,2023-05-03T13:53:50Z,"","QUESTION EVERYTHING, INC. / EMPIRE",0.611,0.795,0,-8.59,0,0.0485,0.184,0.0313,0.321,0.396,75.015,4
spotify:track:48Xt0Xy89L8gcwGyVqj3ug,"SKIT 3","SATURATION","BROCKHAMPTON",2017-06-09,39000,30,true,iarecippo,2023-05-03T13:53:50Z,"","QUESTION EVERYTHING, INC. / EMPIRE",0.662,0.195,7,-25.97,1,0.166,0.77,0.000143,0.215,0.833,115.422,5
spotify:track:7ttVZD2510CE1pXJPJp0OQ,"MILK","SATURATION","BROCKHAMPTON",2017-06-09,295000,42,true,iarecippo,2023-05-03T13:53:50Z,"","QUESTION EVERYTHING, INC. / EMPIRE",0.594,0.454,5,-8.757,1,0.0473,0.0392,0.000954,0.32,0.28,75.012,4
spotify:track:5bknBRjKJZ643DAN2w8Yoy,"FACE","SATURATION","BROCKHAMPTON",2017-06-09,259000,60,true,iarecippo,2023-05-03T13:53:50Z,"","QUESTION EVERYTHING, INC. / EMPIRE",0.945,0.702,11,-5.016,0,0.12,0.591,0.000538,0.0788,0.678,119.887,4
spotify:track:1cuYCAodLWgzhwE2KFZ8rC,"WASTE","SATURATION","BROCKHAMPTON",2017-06-09,154406,58,true,iarecippo,2023-05-03T13:53:50Z,"","QUESTION EVERYTHING, INC. / EMPIRE",0.416,0.412,9,-11.262,1,0.0361,0.511,0.000423,0.241,0.409,116.84,3
spotify:track:5aPrFctv3WJZyJ99Ld7leT,"Give Life Back to Music","Random Access Memories (10th Anniversary Edition)","Daft Punk",2023-05-12,274407,46,false,iarecippo,2023-05-12T14:52:54Z,"french house,electronic,electro","Columbia/Legacy",0.788,0.616,9,-10.671,0,0.0337,0.00292,0.548,0.0952,0.696,119.038,4
spotify:track:3wOQ7foaNccbOM5kbtqwkx,"The Game of Love","Random Access Memories (10th Anniversary Edition)","Daft Punk",2023-05-12,322147,42,false,iarecippo,2023-05-12T14:52:54Z,"french house,electronic,electro","Columbia/Legacy",0.712,0.5,9,-11.948,0,0.0338,0.825,0.315,0.106,0.68,90.038,4
spotify:track:2eXJRM1lQJ591AStNA26Yx,"Giorgio by Moroder","Random Access Memories (10th Anniversary Edition)","Daft Punk",2023-05-12,544694,45,false,iarecippo,2023-05-12T14:52:54Z,"french house,electronic,electro","Columbia/Legacy",0.735,0.682,9,-10.42,0,0.0502,0.0689,0.531,0.381,0.408,113.203,4
spotify:track:3LWZv4XgPP958j9a3gTYuq,"Within","Random Access Memories (10th Anniversary Edition)","Daft Punk",2023-05-12,228401,41,false,iarecippo,2023-05-12T14:52:54Z,"french house,electronic,electro","Columbia/Legacy",0.702,0.298,10,-14.12,0,0.0315,0.895,0.473,0.103,0.0634,110.116,4
spotify:track:0f8GgsD1lDtRBAS5GEDKgg,"Instant Crush (feat. Julian Casablancas)","Random Access Memories (10th Anniversary Edition)","Daft Punk;Julian Casablancas",2023-05-12,337547,57,false,iarecippo,2023-05-12T14:52:54Z,"french house,electronic,electro","Columbia/Legacy",0.775,0.585,10,-9.516,0,0.027,0.0422,0.61,0.077,0.526,109.942,4
spotify:track:5VnKPeawtH2h8fmqAvBDqY,"Lose Yourself to Dance (feat. Pharrell Williams)","Random Access Memories (10th Anniversary Edition)","Daft Punk;Pharrell Williams",2023-05-12,353867,46,false,iarecippo,2023-05-12T14:52:54Z,"french house,electronic,electro","Columbia/Legacy",0.832,0.659,10,-7.828,0,0.0568,0.0852,0.00113,0.0753,0.675,100.163,4
spotify:track:3hFObHqnsUQ2PCA2UpVFu8,"Touch (feat. Paul Williams)","Random Access Memories (10th Anniversary Edition)","Daft Punk;Paul Williams",2023-05-12,499014,47,false,iarecippo,2023-05-12T14:52:54Z,"french house,electronic,electro","Columbia/Legacy",0.291,0.412,6,-12.659,0,0.0457,0.475,0.0832,0.079,0.119,90.526,4
spotify:track:2olIQt0rL0hOHau1SJ4xf2,"Get Lucky (feat. Pharrell Williams and Nile Rodgers)","Random Access Memories (10th Anniversary Edition)","Daft Punk;Pharrell Williams;Nile Rodgers",2023-05-12,369614,55,false,iarecippo,2023-05-12T14:52:54Z,"french house,electronic,electro","Columbia/Legacy",0.81,0.793,6,-9.404,0,0.0403,0.0378,0.00000177,0.072,0.863,116.05,4
spotify:track:3UB3z6fgDJw1A122BKc4sP,"Beyond","Random Access Memories (10th Anniversary Edition)","Daft Punk",2023-05-12,290214,39,false,iarecippo,2023-05-12T14:52:54Z,"french house,electronic,electro","Columbia/Legacy",0.625,0.648,8,-11.33,0,0.0343,0.367,0.491,0.368,0.785,104.025,4
spotify:track:3mEWSc9vWFXGvpgEEvxuX7,"Motherboard","Random Access Memories (10th Anniversary Edition)","Daft Punk",2023-05-12,341694,39,false,iarecippo,2023-05-12T14:52:54Z,"french house,electronic,electro","Columbia/Legacy",0.548,0.707,4,-14.902,0,0.0352,0.512,0.926,0.105,0.283,103.012,4
spotify:track:5gYw8hl2Xp4aGLndo5cXWh,"Fragments of Time (feat. Todd Edwards)","Random Access Memories (10th Anniversary Edition)","Daft Punk;Todd Edwards",2023-05-12,279747,42,false,iarecippo,2023-05-12T14:52:54Z,"french house,electronic,electro,uk garage","Columbia/Legacy",0.807,0.51,0,-9.729,1,0.0433,0.0413,0.115,0.104,0.961,130.118,4
spotify:track:1OQP3Wil7orelGkRCFU1cQ,"Doin' it Right (feat. Panda Bear)","Random Access Memories (10th Anniversary Edition)","Daft Punk;Panda Bear",2023-05-12,251317,44,false,iarecippo,2023-05-12T14:52:54Z,"french house,electronic,electro,neo-psychedelic","Columbia/Legacy",0.804,0.451,6,-8.207,1,0.0948,0.388,0.0000208,0.0924,0.19,178.05,4
spotify:track:5pHSnKStU4XLB6y03b1c1W,"Contact","Random Access Memories (10th Anniversary Edition)","Daft Punk",2023-05-12,381521,39,false,iarecippo,2023-05-12T14:52:54Z,"french house,electronic,electro","Columbia/Legacy",0.415,0.757,11,-8.423,0,0.0496,0.00271,0.732,0.0695,0.086,123.933,4
spotify:track:1kOPoZDgQean1ecxJT0GIT,"Horizon Ouverture","Random Access Memories (10th Anniversary Edition)","Daft Punk",2023-05-12,127693,40,false,iarecippo,2023-05-12T14:52:54Z,"french house,electronic,electro","Columbia/Legacy",0.146,0.135,4,-17.494,0,0.0367,0.94,0.845,0.172,0.0392,84.855,3
spotify:track:6iZRqJjpbOVEv4mFTpqg1d,"Horizon (Japan CD)","Random Access Memories (10th Anniversary Edition)","Daft Punk",2023-05-12,262560,53,false,iarecippo,2023-05-12T14:52:54Z,"french house,electronic,electro","Columbia/Legacy",0.551,0.274,4,-15.865,0,0.0282,0.0289,0.925,0.112,0.129,110.181,4
spotify:track:6QxktTtoOGxB8vrD7LQjm5,"GLBTM (Studio Outtakes)","Random Access Memories (10th Anniversary Edition)","Daft Punk",2023-05-12,381666,42,false,iarecippo,2023-05-12T14:52:54Z,"french house,electronic,electro","Columbia/Legacy",0.764,0.558,9,-10.856,0,0.0342,0.00325,0.815,0.0677,0.349,119.004,4
spotify:track:4r4fX4NZIqVIhGyDvERp0l,"Infinity Repeating (2013 Demo) [feat. Julian Casablancas+The Voidz]","Random Access Memories (10th Anniversary Edition)","Daft Punk;Julian Casablancas;The Voidz",2023-05-12,239213,62,false,iarecippo,2023-05-12T14:52:54Z,"french house,electronic,electro","Columbia/Legacy",0.636,0.634,1,-10.532,1,0.0531,0.111,0.635,0.609,0.189,110.039,4
spotify:track:4v1pwKLYGnW6RMLzdp3x4k,"GL (Early Take) [feat. Pharrell Williams and Nile Rodgers]","Random Access Memories (10th Anniversary Edition)","Daft Punk;Pharrell Williams;Nile Rodgers",2023-05-12,32893,40,false,iarecippo,2023-05-12T14:52:54Z,"french house,electronic,electro","Columbia/Legacy",0.704,0.664,6,-12.664,0,0.0605,0.328,0.76,0.075,0.371,116.069,4
spotify:track:1iAsoOFV16Ax6OFKMq8sld,"Prime (2012 Unfinished)","Random Access Memories (10th Anniversary Edition)","Daft Punk",2023-05-12,286400,45,false,iarecippo,2023-05-12T14:52:54Z,"french house,electronic,electro","Columbia/Legacy",0.485,0.75,9,-10.847,0,0.0348,0.273,0.946,0.672,0.431,117.013,4
spotify:track:3PgYTZHsdWp4C21bQ8zxvM,"LYTD (Vocoder Tests) [feat. Pharrell Williams]","Random Access Memories (10th Anniversary Edition)","Daft Punk;Pharrell Williams",2023-05-12,128440,49,false,iarecippo,2023-05-12T14:52:54Z,"french house,electronic,electro","Columbia/Legacy",0.827,0.473,10,-9.411,0,0.0541,0.218,0.000121,0.106,0.719,100.017,4
spotify:track:6JiQWzHFGbnW9aY3yUHO4b,"The Writing of Fragments of Time (feat. Todd Edwards)","Random Access Memories (10th Anniversary Edition)","Daft Punk;Todd Edwards",2023-05-12,497146,35,false,iarecippo,2023-05-12T14:52:54Z,"french house,electronic,electro,uk garage","Columbia/Legacy",0.916,0.406,0,-12.322,1,0.227,0.0227,0.0000293,0.33,0.611,130.026,4
spotify:track:7oMbGRDGVDIb6ZeVcq7LfW,"Touch (2021 Epilogue) [feat. Paul Williams]","Random Access Memories (10th Anniversary Edition)","Daft Punk;Paul Williams",2023-05-12,179960,46,false,iarecippo,2023-05-12T14:52:54Z,"french house,electronic,electro","Columbia/Legacy",0.341,0.362,6,-13.173,0,0.0296,0.0586,0.854,0.273,0.088,90.229,4
spotify:track:1YdKiPqNZCZ2bgwy1kPKvo,"CASINO","BOY ANONYMOUS","Paris Texas",2021-05-14,141649,42,true,iarecippo,2023-05-15T12:59:25Z,"alternative hip hop,experimental hip hop,rap rock","Paris Texas LLC",0.603,0.64,9,-9.739,1,0.0684,0.126,0.00000464,0.124,0.277,139.998,4
spotify:track:77bvhrf6eY9V7eDku7TYs3,"PACK 4 DA LOW","BOY ANONYMOUS","Paris Texas",2021-05-14,126278,33,true,iarecippo,2023-05-15T12:59:25Z,"alternative hip hop,experimental hip hop,rap rock","Paris Texas LLC",0.69,0.55,9,-8.078,1,0.38,0.0292,0,0.339,0.573,119.947,4
spotify:track:7u0EBklGxXaxenzzMV5qJH,"BETTER DAYS","BOY ANONYMOUS","Paris Texas",2021-05-14,119333,38,true,iarecippo,2023-05-15T12:59:25Z,"alternative hip hop,experimental hip hop,rap rock","Paris Texas LLC",0.787,0.531,8,-10.786,1,0.0689,0.148,0.00209,0.202,0.784,180.04,4
spotify:track:2edufAQPCzOCKUmXetke66,"SITUATIONS","BOY ANONYMOUS","Paris Texas",2021-05-14,238710,35,true,iarecippo,2023-05-15T12:59:25Z,"alternative hip hop,experimental hip hop,rap rock","Paris Texas LLC",0.904,0.317,0,-8.899,1,0.0604,0.00799,0.000887,0.145,0.208,129.999,4
spotify:track:6ZukeQ77VlO08NSNqnbeky,"AREA CODE","BOY ANONYMOUS","Paris Texas",2021-05-14,159157,36,false,iarecippo,2023-05-15T12:59:25Z,"alternative hip hop,experimental hip hop,rap rock","Paris Texas LLC",0.653,0.486,11,-10.183,0,0.0287,0.271,0.0093,0.0917,0.443,105.01,4
spotify:track:5gCad4aaWDphuNYRcsxWeU,"A QUICK DEATH","BOY ANONYMOUS","Paris Texas",2021-05-14,124884,37,false,iarecippo,2023-05-15T12:59:25Z,"alternative hip hop,experimental hip hop,rap rock","Paris Texas LLC",0.812,0.83,11,-8.245,0,0.0678,0.0253,0.000938,0.111,0.595,111.026,4
spotify:track:1j6zEnDOTIRJhBhknrd86m,"HEAVY METAL","BOY ANONYMOUS","Paris Texas",2021-05-14,159652,51,true,iarecippo,2023-05-15T12:59:25Z,"alternative hip hop,experimental hip hop,rap rock","Paris Texas LLC",0.738,0.499,1,-9.915,1,0.309,0.722,0,0.227,0.477,115.407,4
spotify:track:5HxZVwYpdu1SgUvl411nZ6,"FORCE OF HABIT","BOY ANONYMOUS","Paris Texas",2021-05-14,244000,54,true,iarecippo,2023-05-15T12:59:25Z,"alternative hip hop,experimental hip hop,rap rock","Paris Texas LLC",0.662,0.444,10,-10.417,0,0.0362,0.0245,0.000323,0.0947,0.477,94.985,4
spotify:track:6KXVQ7dLo9UE0BFdGOixuQ,"Heavy Games II (feat. Jeff Bhasker)","Chris Black Changed My Life","Portugal. The Man;Jeff Bhasker",2023-06-23,63299,29,true,iarecippo,2023-06-23T13:34:40Z,"melodic techno","Atlantic Records",0.776,0.269,7,-6.76,1,0.04,0.8,0,0.287,0.492,92.966,4
spotify:track:4USnWN7PzU3LT04l2qwXpo,"Grim Generation","Chris Black Changed My Life","Portugal. The Man",2023-06-23,200656,38,false,iarecippo,2023-06-23T13:34:40Z,"","Atlantic Records",0.635,0.843,7,-3.683,1,0.0488,0.00656,0.366,0.746,0.467,124.016,4
spotify:track:6jW0scPonEHW9zjPspVHrn,"Thunderdome [W.T.A.] (feat. Black Thought & Natalia Lafourcade)","Chris Black Changed My Life","Portugal. The Man;Black Thought;Natalia Lafourcade",2023-06-23,174727,33,false,iarecippo,2023-06-23T13:34:40Z,"east coast hip hop,latin folk,bolero,latin indie,latin alternative,latin folklore","Atlantic Records",0.67,0.774,9,-4.191,0,0.0442,0.0428,0.00000737,0.297,0.822,133.99,4
spotify:track:2Fa9ea7JFK1gyYFs9sFrtM,"Dummy","Chris Black Changed My Life","Portugal. The Man",2023-06-23,145093,61,false,iarecippo,2023-06-23T13:34:40Z,"","Atlantic Records",0.747,0.649,11,-5.807,0,0.0419,0.0139,0.00333,0.115,0.774,91.05,4
spotify:track:2PKbC4uFUY1tcBABpGZ8GQ,"Summer of Luv (feat. Unknown Mortal Orchestra)","Chris Black Changed My Life","Portugal. The Man;Unknown Mortal Orchestra",2023-06-23,159241,58,false,iarecippo,2023-06-23T13:34:40Z,"neo-psychedelic","Atlantic Records",0.633,0.856,7,-4.66,0,0.0583,0.143,0.00865,0.594,0.892,76.006,4
spotify:track:0PkQq9rmSLyqfxDCriCTM7,"Ghost Town","Chris Black Changed My Life","Portugal. The Man",2023-06-23,199183,37,false,iarecippo,2023-06-23T13:34:40Z,"","Atlantic Records",0.701,0.932,5,-2.848,1,0.0326,0.201,0.00000888,0.687,0.793,112.965,4
spotify:track:3RwVBePsIDYXResnTTTMMs,"Time’s a Fantasy (feat. Jeff Bhasker)","Chris Black Changed My Life","Portugal. The Man;Jeff Bhasker",2023-06-23,182482,26,false,iarecippo,2023-06-23T13:34:40Z,"melodic techno","Atlantic Records",0.491,0.284,3,-9.45,1,0.0283,0.811,0.0000148,0.366,0.0814,124.145,4
spotify:track:3ifzdumwkhACYAnaYNzYZy,"Doubt","Chris Black Changed My Life","Portugal. The Man",2023-06-23,182281,35,false,iarecippo,2023-06-23T13:34:40Z,"","Atlantic Records",0.485,0.726,0,-3.531,0,0.0304,0.051,0.000709,0.207,0.373,128.013,4
spotify:track:5sZUG9b9QXD0sRDNy1z2vh,"Plastic Island","Chris Black Changed My Life","Portugal. The Man",2023-06-23,183386,39,false,iarecippo,2023-06-23T13:34:40Z,"","Atlantic Records",0.673,0.623,7,-6.241,1,0.0266,0.0992,0.509,0.111,0.615,96.01,4
spotify:track:1OurIzHCFC23MZwaqA7vtl,"Champ (feat. Edgar Winter)","Chris Black Changed My Life","Portugal. The Man;Edgar Winter",2023-06-23,229747,36,false,iarecippo,2023-06-23T13:34:40Z,"blues rock,classic rock","Atlantic Records",0.476,0.64,0,-5.227,1,0.0336,0.0263,0.084,0.114,0.558,158.946,4
spotify:track:6bb0cjkeG55hXl7pkRu5mn,"Anxiety:Clarity (feat. Paul Williams)","Chris Black Changed My Life","Portugal. The Man;Paul Williams",2023-06-23,344631,28,true,iarecippo,2023-06-23T13:34:40Z,"","Atlantic Records",0.513,0.459,4,-8.555,0,0.034,0.412,0.148,0.108,0.183,146.59,4
spotify:track:5wgSnJHveXpFRxNLUkOhEu,"All My Love","Fountain Baby","Amaarae",2023-06-09,43160,40,false,iarecippo,2023-07-02T14:41:42Z,"alté,afrobeats,afro r&b","Golden Angel/ Interscope Records",0.323,0.194,5,-14.569,0,0.0311,0.818,0.964,0.445,0.0382,76.144,4
spotify:track:23uUytja1B1mUOOIoygf6u,"Angels in Tibet","Fountain Baby","Amaarae",2023-06-09,142613,68,true,iarecippo,2023-07-02T14:41:42Z,"alté,afrobeats,afro r&b","Golden Angel/ Interscope Records",0.798,0.664,5,-6.043,0,0.102,0.282,0.294,0.135,0.555,140.038,4
spotify:track:0uiHiwJzQvWLTETzEZRxFG,"Co-Star","Fountain Baby","Amaarae",2023-06-09,166533,52,true,iarecippo,2023-07-02T14:41:42Z,"alté,afrobeats,afro r&b","Golden Angel/ Interscope Records",0.765,0.805,7,-8.564,1,0.0731,0.0873,0.0108,0.0975,0.197,131.025,4
spotify:track:6KS5iyM4uDuJ6oAacMSXha,"Princess Going Digital","Fountain Baby","Amaarae",2023-06-09,189440,65,true,iarecippo,2023-07-02T14:41:42Z,"alté,afrobeats,afro r&b","Golden Angel/ Interscope Records",0.498,0.729,10,-6.583,0,0.039,0.0251,0.0227,0.233,0.372,130.125,5
spotify:track:0qNH2olGC2AUMMptYsdrK5,"Big Steppa","Fountain Baby","Amaarae",2023-06-09,176720,47,false,iarecippo,2023-07-02T14:41:42Z,"alté,afrobeats,afro r&b","Golden Angel/ Interscope Records",0.777,0.501,0,-7.749,0,0.0461,0.548,0.0000724,0.117,0.812,103.941,4
spotify:track:6gQrm0rwg6hok8IxzysD8m,"Reckless & Sweet","Fountain Baby","Amaarae",2023-06-09,159680,61,false,iarecippo,2023-07-02T14:41:42Z,"alté,afrobeats,afro r&b","Golden Angel/ Interscope Records",0.809,0.549,5,-8.291,0,0.0508,0.416,0.146,0.0744,0.405,97.993,4
spotify:track:7dEXXV4xk5OpEdswCWC3GX,"Wasted Eyes","Fountain Baby","Amaarae",2023-06-09,148573,53,true,iarecippo,2023-07-02T14:41:42Z,"alté,afrobeats,afro r&b","Golden Angel/ Interscope Records",0.704,0.602,11,-7.185,0,0.0918,0.456,0.0264,0.138,0.597,180.057,4
spotify:track:6kCmpwaWFOODvxBVyFz1Ql,"Counterfeit","Fountain Baby","Amaarae",2023-06-09,156373,48,true,iarecippo,2023-07-02T14:41:42Z,"alté,afrobeats,afro r&b","Golden Angel/ Interscope Records",0.709,0.872,2,-5.778,1,0.0437,0.0647,0.426,0.053,0.877,90.019,4
spotify:track:6MFmhJxdoxfqLJMuuMzfg9,"Disguise","Fountain Baby","Amaarae",2023-06-09,169906,45,true,iarecippo,2023-07-02T14:41:42Z,"alté,afrobeats,afro r&b","Golden Angel/ Interscope Records",0.682,0.59,6,-7.677,0,0.0323,0.441,0.412,0.185,0.483,129.02,4
spotify:track:4GDsIoGuRxBVR0zPbxodIO,"Sex, Violence, Suicide","Fountain Baby","Amaarae",2023-06-09,253160,38,true,iarecippo,2023-07-02T14:41:42Z,"alté,afrobeats,afro r&b","Golden Angel/ Interscope Records",0.371,0.621,1,-5.519,0,0.0615,0.363,0.055,0.385,0.358,154.14,4
spotify:track:3prtPGzdSOvl5CGCrkN34h,"Sociopathic Dance Queen","Fountain Baby","Amaarae",2023-06-09,139733,53,true,iarecippo,2023-07-02T14:41:42Z,"alté,afrobeats,afro r&b","Golden Angel/ Interscope Records",0.848,0.58,4,-8.434,0,0.0637,0.0533,0.535,0.0796,0.962,140.042,4
spotify:track:0xIy8FcIz088Ec4dxslUtm,"Aquamarie Luvs Ecstasy","Fountain Baby","Amaarae",2023-06-09,278733,44,true,iarecippo,2023-07-02T14:41:42Z,"alté,afrobeats,afro r&b","Golden Angel/ Interscope Records",0.568,0.461,1,-10.24,0,0.0422,0.765,0.297,0.101,0.236,95.04,4
spotify:track:4iokZFTx4hmvHsY1cExFgn,"Water From Wine","Fountain Baby","Amaarae",2023-06-09,156493,49,true,iarecippo,2023-07-02T14:41:42Z,"alté,afrobeats,afro r&b","Golden Angel/ Interscope Records",0.828,0.56,1,-7.742,0,0.105,0.0332,0.298,0.112,0.487,97.031,4
spotify:track:68hSEF4xKfksoiuzwNSfZn,"Come Home To God","Fountain Baby","Amaarae",2023-06-09,199640,38,true,iarecippo,2023-07-02T14:41:42Z,"alté,afrobeats,afro r&b","Golden Angel/ Interscope Records",0.515,0.589,0,-7.731,1,0.0376,0.339,0.0777,0.383,0.426,152,4
spotify:track:3sCR5eGOXTV0L2UiWWcrNE,"serafina flames","K.","Flowervillain",2023-06-17,240000,23,false,iarecippo,2023-07-09T20:27:23Z,"","Swimming Bird Records",0.382,0.573,1,-5.489,0,0.193,0.806,0,0.116,0.263,207.291,4
spotify:track:1oKYpMQcs6kSpDQ1Jf6xUF,"king of diamonds","K.","Flowervillain",2023-06-17,180779,13,false,iarecippo,2023-07-09T20:27:23Z,"","Swimming Bird Records",0.581,0.803,7,-6.63,0,0.27,0.868,0,0.161,0.544,77.362,4
spotify:track:4nE9h4l9IvSIpyY273Hxz6,"bloodshed aquariums","K.","Flowervillain",2023-06-17,296470,10,false,iarecippo,2023-07-09T20:27:23Z,"","Swimming Bird Records",0.728,0.62,11,-7.317,0,0.0836,0.723,0,0.246,0.804,136.008,4
spotify:track:3mhqxvT6qxEwszMDfHeiKn,"perfect shade","K.","Flowervillain",2023-06-17,374025,13,false,iarecippo,2023-07-09T20:27:23Z,"","Swimming Bird Records",0.659,0.714,11,-8.166,0,0.0752,0.671,0,0.149,0.828,153.905,4
spotify:track:368h6Vn1bzQxdY9mtMPGsm,"in the field","K.","Flowervillain",2023-06-17,63396,6,false,iarecippo,2023-07-09T20:27:23Z,"","Swimming Bird Records",0.675,0.567,5,-13.231,1,0.152,0.713,0,0.2,0.775,106.265,4
spotify:track:4Z2E8tcHa8IqlhoTgmKj67,"heavy","K.","Flowervillain",2023-06-17,196923,12,false,iarecippo,2023-07-09T20:27:23Z,"","Swimming Bird Records",0.759,0.576,4,-8.38,0,0.0521,0.447,0,0.246,0.596,117.022,4
spotify:track:16VhSXII7y4lwCbyIeSLBw,"reverie","K.","Flowervillain",2023-06-17,242608,11,false,iarecippo,2023-07-09T20:27:23Z,"","Swimming Bird Records",0.495,0.503,9,-8.842,0,0.217,0.676,0.000645,0.554,0.345,183.87,4
spotify:track:1MMnxMeoOQLN8HcQMxv2AD,"MADRUGADA MALDITA","O AMOR, O PERDÃO E A TECNOLOGIA IRÃO NOS LEVAR PARA OUTRO PLANETA","FBC;Pedro Senna;Ugo Ludovico",2023-07-28,237818,40,false,iarecippo,2023-07-28T13:37:32Z,"brazilian hip hop,miami bass,boom bap,brazilian trap","DO PADRIM",0.91,0.618,9,-7.832,0,0.0548,0.107,0.000395,0.117,0.711,110.041,4
spotify:track:1hSMw66wX8X6yNhLdCasAA,"ESTANTE DE LIVROS","O AMOR, O PERDÃO E A TECNOLOGIA IRÃO NOS LEVAR PARA OUTRO PLANETA","FBC;Don L;Pedro Senna;Ugo Ludovico",2023-07-28,237818,48,false,iarecippo,2023-07-28T13:37:32Z,"brazilian hip hop,miami bass,boom bap,brazilian trap","DO PADRIM",0.866,0.729,9,-8.974,0,0.0613,0.238,0.0584,0.0578,0.695,110.044,4
spotify:track:6ptSto28yPKJizAVLbT5Jw,"QUÍMICO AMOR","O AMOR, O PERDÃO E A TECNOLOGIA IRÃO NOS LEVAR PARA OUTRO PLANETA","FBC;Pedro Senna;Ugo Ludovico",2023-07-28,250680,40,true,iarecippo,2023-07-28T13:37:32Z,"brazilian hip hop,miami bass,boom bap,brazilian trap","DO PADRIM",0.908,0.469,9,-8.184,0,0.0667,0.0234,0.00318,0.0639,0.963,124.992,4
spotify:track:2ISXT1lu8p0Fl0us3pUYM0,"O QUE TE FAZ IR PRA OUTRO PLANETA?","O AMOR, O PERDÃO E A TECNOLOGIA IRÃO NOS LEVAR PARA OUTRO PLANETA","FBC;Pedro Senna;Ugo Ludovico",2023-07-28,201868,32,false,iarecippo,2023-07-28T13:37:32Z,"brazilian hip hop,miami bass,boom bap,brazilian trap","DO PADRIM",0.852,0.414,0,-10.17,0,0.0486,0.0842,0.00256,0.118,0.669,107.038,4
spotify:track:4KsG3f3gR7md6OCtOlQEv4,"LIMITE COMUM","O AMOR, O PERDÃO E A TECNOLOGIA IRÃO NOS LEVAR PARA OUTRO PLANETA","FBC;Pepito",2023-07-28,42913,30,false,iarecippo,2023-07-28T13:37:32Z,"brazilian hip hop,miami bass,boom bap,brazilian trap","DO PADRIM",0.533,0.281,10,-17.869,0,0.942,0.637,0.000611,0.539,0.357,184.324,4
spotify:track:7gAJ8A4d1b8NjOxIf16SIG,"DILEMA DAS REDES","O AMOR, O PERDÃO E A TECNOLOGIA IRÃO NOS LEVAR PARA OUTRO PLANETA","FBC;Nill;Pedro Senna;Ugo Ludovico",2023-07-28,218709,33,false,iarecippo,2023-07-28T13:37:32Z,"brazilian hip hop,miami bass,boom bap,brazilian trap","DO PADRIM",0.885,0.378,0,-8.7,1,0.0671,0.0181,0.131,0.226,0.643,124.01,4
spotify:track:2UGAXXO6rxhGIWEROH996S,"ANTISSOCIAL","O AMOR, O PERDÃO E A TECNOLOGIA IRÃO NOS LEVAR PARA OUTRO PLANETA","FBC;Abbot;Pepito",2023-07-28,239999,37,false,iarecippo,2023-07-28T13:37:32Z,"brazilian hip hop,miami bass,boom bap,brazilian trap,trap,trap funk","DO PADRIM",0.809,0.535,4,-8.961,0,0.0537,0.194,0.00547,0.108,0.852,119.996,4
spotify:track:4oCQG8T5PIMinYGeiH5Pwq,"NÃO ME LIGUE NUNCA MAIS","O AMOR, O PERDÃO E A TECNOLOGIA IRÃO NOS LEVAR PARA OUTRO PLANETA","FBC;Abbot;Pepito",2023-07-28,264202,36,false,iarecippo,2023-07-28T13:37:32Z,"brazilian hip hop,miami bass,boom bap,brazilian trap,trap,trap funk","DO PADRIM",0.867,0.424,2,-8.173,0,0.0547,0.12,0.00262,0.0584,0.922,117.057,4
spotify:track:6JDxnRUT33b1UyNdS4HjVO,"CHERRY","O AMOR, O PERDÃO E A TECNOLOGIA IRÃO NOS LEVAR PARA OUTRO PLANETA","FBC;Abbot;Pedro Senna;Ugo Ludovico",2023-07-28,175170,36,true,iarecippo,2023-07-28T13:37:32Z,"brazilian hip hop,miami bass,boom bap,brazilian trap,trap,trap funk","DO PADRIM",0.751,0.716,6,-8.206,0,0.0488,0.251,0.000776,0.221,0.529,121.996,4
spotify:track:69Su005Fqr902rscS11LH4,"A NOITE NO MEU QUARTO","O AMOR, O PERDÃO E A TECNOLOGIA IRÃO NOS LEVAR PARA OUTRO PLANETA","FBC;Abbot;Pepito",2023-07-28,384864,33,false,iarecippo,2023-07-28T13:37:32Z,"brazilian hip hop,miami bass,boom bap,brazilian trap,trap,trap funk","DO PADRIM",0.853,0.273,0,-7.132,0,0.0336,0.607,0.129,0.083,0.324,110.949,4
spotify:track:4LCnLgJLPBwXCR5UlSi5NX,"ATMOSFERA","O AMOR, O PERDÃO E A TECNOLOGIA IRÃO NOS LEVAR PARA OUTRO PLANETA","FBC;Pedro Senna;Ugo Ludovico",2023-07-28,284878,31,false,iarecippo,2023-07-28T13:37:32Z,"brazilian hip hop,miami bass,boom bap,brazilian trap","DO PADRIM",0.857,0.44,9,-10.575,0,0.0795,0.179,0.0395,0.0434,0.712,123.012,4
spotify:track:643uiedhcEM2nluTiSP4GA,"AHAM","O AMOR, O PERDÃO E A TECNOLOGIA IRÃO NOS LEVAR PARA OUTRO PLANETA","FBC;Pedro Senna;Ugo Ludovico",2023-07-28,180645,30,false,iarecippo,2023-07-28T13:37:32Z,"brazilian hip hop,miami bass,boom bap,brazilian trap","DO PADRIM",0.693,0.673,2,-8.286,0,0.0749,0.166,0.197,0.0892,0.691,93.008,4
spotify:track:7uA8M8ePOD2MaZbjOVo5Pt,"QUAL A CHANCE?","O AMOR, O PERDÃO E A TECNOLOGIA IRÃO NOS LEVAR PARA OUTRO PLANETA","FBC;Pedro Senna;Ugo Ludovico",2023-07-28,186666,37,false,iarecippo,2023-07-28T13:37:32Z,"brazilian hip hop,miami bass,boom bap,brazilian trap","DO PADRIM",0.83,0.465,5,-8.395,0,0.0487,0.195,0,0.0929,0.736,125.98,4
spotify:track:1jV31LG4Wc76ymjnuzMSmb,"O NOSSO GRANDE PAPEL","O AMOR, O PERDÃO E A TECNOLOGIA IRÃO NOS LEVAR PARA OUTRO PLANETA","FBC;Pepito",2023-07-28,55063,26,false,iarecippo,2023-07-28T13:37:32Z,"brazilian hip hop,miami bass,boom bap,brazilian trap","DO PADRIM",0.664,0.465,11,-17.201,0,0.875,0.455,0.0381,0.388,0.638,60.476,3
spotify:track:1q8rYP2ukryXiqaVYGljUH,"DESCULPA","O AMOR, O PERDÃO E A TECNOLOGIA IRÃO NOS LEVAR PARA OUTRO PLANETA","FBC;Pedro Senna;Ugo Ludovico",2023-07-28,213818,30,false,iarecippo,2023-07-28T13:37:32Z,"brazilian hip hop,miami bass,boom bap,brazilian trap","DO PADRIM",0.898,0.492,11,-8.102,0,0.0472,0.0543,0.0000692,0.101,0.705,109.999,4
spotify:track:06qUr4CXtG4k3gUurF4tu6,"Sugar - Live at RBC Echo Beach","Live at RBC Echo Beach","Men I Trust",2023-08-11,184939,28,false,iarecippo,2023-08-13T11:56:09Z,"bedroom pop,indie pop,dream pop","Dead Oceans",0.697,0.595,9,-9.398,0,0.0271,0.694,0.141,0.319,0.952,113.972,4
spotify:track:43GekMyE9gFirltKjGce4r,"All Night - Live at RBC Echo Beach","Live at RBC Echo Beach","Men I Trust",2023-08-11,256573,27,false,iarecippo,2023-08-13T11:56:09Z,"bedroom pop,indie pop,dream pop","Dead Oceans",0.632,0.42,10,-12.591,0,0.0539,0.851,0.0826,0.697,0.549,74.549,4
spotify:track:43KYiyFzOjuO7RiO8nue1Y,"Seven - Live at RBC Echo Beach","Live at RBC Echo Beach","Men I Trust",2023-08-11,248370,24,false,iarecippo,2023-08-13T11:56:09Z,"bedroom pop,indie pop,dream pop","Dead Oceans",0.563,0.481,1,-9.829,0,0.0322,0.441,0.21,0.944,0.726,102.405,4
spotify:track:546DYMoIeq9bpz2ZQdDB6a,"Show Me How - Live at RBC Echo Beach","Live at RBC Echo Beach","Men I Trust",2023-08-11,213120,32,false,iarecippo,2023-08-13T11:56:09Z,"bedroom pop,indie pop,dream pop","Dead Oceans",0.489,0.448,9,-12.122,0,0.0497,0.751,0.653,0.199,0.5,170.675,4
spotify:track:0JTNv1ZaaEOpIxFSwgLS3k,"Say Can You Hear - Live at RBC Echo Beach","Live at RBC Echo Beach","Men I Trust",2023-08-11,214425,23,false,iarecippo,2023-08-13T11:56:09Z,"bedroom pop,indie pop,dream pop","Dead Oceans",0.511,0.593,7,-10.042,0,0.039,0.623,0.659,0.726,0.448,154.372,4
spotify:track:4M79cLY4GkP14mwuytdzHj,"Dern Kala - Live at RBC Echo Beach","Live at RBC Echo Beach","Khruangbin",2023-08-11,214172,26,false,iarecippo,2023-08-13T11:56:09Z,"neo-psychedelic","Dead Oceans",0.498,0.92,2,-7.85,1,0.0429,0.000389,0.83,0.968,0.616,94.151,4
spotify:track:6ufkIVKAu1iqEI1gP3ORIX,"Lady and Man - Live at RBC Echo Beach","Live at RBC Echo Beach","Khruangbin",2023-08-11,439707,26,false,iarecippo,2023-08-13T11:56:09Z,"neo-psychedelic","Dead Oceans",0.437,0.893,2,-7.847,1,0.0373,0.000408,0.888,0.621,0.819,107.203,4
spotify:track:6V2pX0XS7HVlN4KT7FAtlK,"Evan Finds the Third Room - Live at RBC Echo Beach","Live at RBC Echo Beach","Khruangbin",2023-08-11,325295,25,false,iarecippo,2023-08-13T11:56:09Z,"neo-psychedelic","Dead Oceans",0.644,0.965,5,-8.45,0,0.0564,0.00472,0.857,0.945,0.366,107.168,4
spotify:track:1A0KLIF0uXnUJp5WE1OelO,"White Gloves - Live at RBC Echo Beach","Live at RBC Echo Beach","Khruangbin",2023-08-11,198665,29,false,iarecippo,2023-08-13T11:56:09Z,"neo-psychedelic","Dead Oceans",0.539,0.495,5,-11.58,1,0.027,0.22,0.893,0.885,0.645,94.523,4
spotify:track:2Pg4E1DwkzDYpTx2kF7BS4,"AMEIANOITE - Clementaum Remix","AFTER","Pabllo Vittar;Gloria Groove;Siamese;Clementaum",2023-07-27,267654,41,false,iarecippo,2023-08-24T12:18:45Z,"brazilian pop,funk pop,tecnobrega,pagode,brazilian funk,ballroom vogue,tribal house","Sony Music Entertainment",0.724,0.78,2,-4.97,1,0.0413,0.0127,0.000249,0.0632,0.161,132.006,4
spotify:track:7oIW4mt7JZeqEUyZiKR6s3,"Descontrolada - Cyberkills Remix","AFTER","Pabllo Vittar;Mc Carol;Jup do Bairro;CyberKills",2023-07-27,247037,52,true,iarecippo,2023-08-24T12:18:45Z,"brazilian pop,funk pop,tecnobrega,brega funk,brazilian funk,funk bruxaria","Sony Music Entertainment",0.651,0.819,1,-4.26,1,0.19,0.00146,0.00014,0.175,0.415,129.957,4
spotify:track:3TRIwk9p4ACUJwTxs8SqWQ,"Calma Amiga (feat. Anitta) - Dj RaMeMes (O DESTRUIDOR DO FUNK) & DJ Tonias Extended Mix","AFTER","Pabllo Vittar;Anitta;DJ RaMeMes (O DESTRUIDOR DO FUNK);DJ Tonias",2023-07-27,179995,43,true,iarecippo,2023-08-24T12:18:45Z,"brazilian pop,funk pop,tecnobrega,brazilian funk,funk carioca,funk bruxaria,miami bass","Sony Music Entertainment",0.751,0.911,1,-4.072,1,0.068,0.000517,0.4,0.384,0.263,129.976,4
spotify:track:2okI0omjueFu0GzrLUs7fY,"Balinha de Coração (feat. Anitta & Mc Naninha) - PZZS Remix","AFTER","Pabllo Vittar;Anitta;Mc Naninha;PZZS",2023-07-27,205465,41,true,iarecippo,2023-08-24T12:18:45Z,"brazilian pop,funk pop,tecnobrega,brazilian funk,funk carioca,brega funk,brega,funk bruxaria","Sony Music Entertainment",0.762,0.831,1,-3.515,1,0.0847,0.0849,0.026,0.157,0.73,159.996,4
spotify:track:5k3uhcRdKDWFhu1L4rvJSW,"Kaosdeado - Mílian Dolla Remix","AFTER","Pabllo Vittar;MÍLIAN DOLLA",2023-07-27,278520,35,false,iarecippo,2023-08-24T12:18:45Z,"brazilian pop,funk pop,tecnobrega,tribal house","Sony Music Entertainment",0.623,0.912,11,-5.242,0,0.171,0.00883,0.00776,0.16,0.416,180.058,4
spotify:track:7CzUp49fXwsYP4CgQNfDSh,"Derretida - Brunoso Remix","AFTER","Pabllo Vittar;Irmãs de Pau;Brunoso",2023-07-27,173265,50,true,iarecippo,2023-08-24T12:18:45Z,"brazilian pop,funk pop,tecnobrega,ballroom vogue","Sony Music Entertainment",0.664,0.887,4,-4.087,0,0.103,0.085,0,0.325,0.564,131.916,4
spotify:track:7hPSlGAChIcqAbBXFgbcdq,"Penetra - Pedro Sampaio Remix","AFTER","Pabllo Vittar;O Kannalha;PEDRO SAMPAIO",2023-07-27,150824,48,false,iarecippo,2023-08-24T12:18:45Z,"brazilian pop,funk pop,tecnobrega,pagode baiano,pagode,axé,brazilian funk,funk carioca,brega funk","Sony Music Entertainment",0.827,0.888,6,-3.848,1,0.0772,0.059,0.00000608,0.141,0.674,120.039,4
spotify:track:5l0sTb9daBTdVhDNrWs7FG,"Apetitosa - S4TAN Remix","AFTER","Pabllo Vittar;MC Tchelinho;Frimes;S4TAN",2023-07-27,222463,37,true,iarecippo,2023-08-24T12:18:45Z,"brazilian pop,funk pop,tecnobrega,brega funk,brazilian funk,ballroom vogue","Sony Music Entertainment",0.775,0.801,1,-5.065,1,0.0579,0.034,0.0643,0.0545,0.196,134.995,4
spotify:track:1EBbhJah41dAGdlB7vG2Yt,"Culpa do Cupido - EPX & Delcu Remix","AFTER","Pabllo Vittar;EPX;Delcu",2023-07-27,216994,33,true,iarecippo,2023-08-24T12:18:45Z,"brazilian pop,funk pop,tecnobrega","Sony Music Entertainment",0.572,0.948,6,-3.624,0,0.0537,0.0163,0.000416,0.332,0.318,164.993,4
spotify:track:0OglCVZmal9RN57WnbbfvE,"After - Filipe Guerra Remix","AFTER","Pabllo Vittar;Filipe Guerra",2023-07-27,268797,43,false,iarecippo,2023-08-24T12:18:45Z,"brazilian pop,funk pop,tecnobrega,tribal house","Sony Music Entertainment",0.674,0.956,6,-3.216,1,0.0362,0.000682,0.258,0.0452,0.359,129.983,4
spotify:track:6cXEOMbwkXicYqLj2vygWW,"Soluços","Só Morto/ Burning Night - EP","Jards Macalé",1970-01-01,170853,39,false,iarecippo,2023-09-02T03:00:48Z,"mpb","Som Livre",0.4,0.618,10,-8.291,1,0.0538,0.472,0.00635,0.333,0.222,117.346,4
spotify:track:0scL0NB3lvFKr0OtQmEV2d,"O Crime","Só Morto/ Burning Night - EP","Jards Macalé",1970-01-01,221533,22,false,iarecippo,2023-09-02T03:00:48Z,"mpb","Som Livre",0.54,0.238,8,-14.74,0,0.101,0.961,0.153,0.133,0.337,134.85,4
spotify:track:5hNDgBULcrZ84VMaqpWWJN,"Só Morto/ Burning Night","Só Morto/ Burning Night - EP","Jards Macalé",1970-01-01,277720,25,false,iarecippo,2023-09-02T03:00:48Z,"mpb","Som Livre",0.469,0.646,2,-9.047,1,0.0495,0.567,0.0203,0.109,0.468,90.843,4
spotify:track:5BSlEUfLQLWlA7aZPeoEAa,"Sem Essa","Só Morto/ Burning Night - EP","Jards Macalé",1970-01-01,193160,34,false,iarecippo,2023-09-02T03:00:48Z,"mpb","Som Livre",0.532,0.0572,0,-17.59,0,0.0414,0.982,0.00133,0.0952,0.258,137.509,4
spotify:track:34sOdxWu9FljH84UXdRwu1,"all-american bitch","GUTS","Olivia Rodrigo",2023-09-08,165833,79,true,iarecippo,2023-09-08T13:50:43Z,"","Olivia Rodrigo PS",0.421,0.695,6,-4.346,1,0.0428,0.218,0.00000297,0.155,0.45,156.344,4
spotify:track:3IX0yuEVvDbnqUwMBB3ouC,"bad idea right?","GUTS","Olivia Rodrigo",2023-09-08,184783,82,true,iarecippo,2023-09-08T13:50:43Z,"","Olivia Rodrigo PS",0.631,0.881,9,-3.545,1,0.0995,0.00177,0.0000045,0.0639,0.808,129.981,4
spotify:track:1kuGVB7EU95pJObxwvfwKS,"vampire","GUTS","Olivia Rodrigo",2023-09-08,219724,88,true,iarecippo,2023-09-08T13:50:43Z,"","Olivia Rodrigo PS",0.484,0.53,5,-5.821,1,0.0538,0.154,0,0.263,0.323,136.848,4
spotify:track:6QT6j7rKt7Vk3IuV2AUO9W,"lacy","GUTS","Olivia Rodrigo",2023-09-08,177212,83,false,iarecippo,2023-09-08T13:50:43Z,"","Olivia Rodrigo PS",0.395,0.367,3,-7.653,1,0.0324,0.815,0,0.11,0.426,77.968,4
spotify:track:5sp71CUt0jXRNqHblPGp7b,"ballad of a homeschooled girl","GUTS","Olivia Rodrigo",2023-09-08,203369,76,false,iarecippo,2023-09-08T13:50:43Z,"","Olivia Rodrigo PS",0.351,0.884,1,-3.452,1,0.074,0.0623,0,0.335,0.408,120.166,4
spotify:track:5CscrLqFBgPfZR8fGtikov,"making the bed","GUTS","Olivia Rodrigo",2023-09-08,198866,79,false,iarecippo,2023-09-08T13:50:43Z,"","Olivia Rodrigo PS",0.55,0.409,7,-7.718,1,0.0316,0.386,0,0.122,0.252,133.099,4
spotify:track:53dtP2iUMvaF28JZcHnFuU,"logical","GUTS","Olivia Rodrigo",2023-09-08,231907,76,false,iarecippo,2023-09-08T13:50:43Z,"","Olivia Rodrigo PS",0.48,0.24,7,-8.146,1,0.0323,0.844,0,0.099,0.152,80.686,4
spotify:track:2gyxAWHebV7xPYVxqoi86f,"get him back!","GUTS","Olivia Rodrigo",2023-09-08,211141,80,true,iarecippo,2023-09-08T13:50:43Z,"","Olivia Rodrigo PS",0.553,0.847,5,-5.736,1,0.187,0.0143,0,0.561,0.733,162.024,4
spotify:track:26QLJMK8G0M06sk7h7Fkse,"love is embarrassing","GUTS","Olivia Rodrigo",2023-09-08,154516,78,true,iarecippo,2023-09-08T13:50:43Z,"","Olivia Rodrigo PS",0.517,0.821,9,-3.504,1,0.105,0.00341,0,0.148,0.617,160.052,4
spotify:track:3Nl5OkkmS5DaBZvuYofpAt,"the grudge","GUTS","Olivia Rodrigo",2023-09-08,189386,79,true,iarecippo,2023-09-08T13:50:43Z,"","Olivia Rodrigo PS",0.511,0.313,10,-9.32,1,0.0846,0.905,0,0.0832,0.331,126.962,4
spotify:track:6W9l02gRsXVxzIuQC1oc1X,"pretty isn’t pretty","GUTS","Olivia Rodrigo",2023-09-08,199422,81,true,iarecippo,2023-09-08T13:50:43Z,"","Olivia Rodrigo PS",0.559,0.845,2,-4.394,1,0.0501,0.00243,0.00000146,0.0726,0.566,123.941,4
spotify:track:7fesNTgTEMEH0ye8MOgEDY,"teenage dream","GUTS","Olivia Rodrigo",2023-09-08,222358,76,false,iarecippo,2023-09-08T13:50:43Z,"","Olivia Rodrigo PS",0.426,0.218,0,-11.705,1,0.0341,0.835,0,0.108,0.116,135.205,4
spotify:track:0sHSFzglnJ1b9mILzQ7ifJ,"Us Against The World","Volcano","Jungle",2023-08-11,207777,55,false,iarecippo,2023-09-11T19:13:05Z,"","Caiola Records",0.656,0.792,2,-5.42,1,0.0468,0.0326,0.00462,0.654,0.691,122.003,4
spotify:track:5RELMV0mFHuC9IX6It5F3c,"Holding On","Volcano","Jungle",2023-08-11,196241,56,false,iarecippo,2023-09-11T19:13:05Z,"","Caiola Records",0.662,0.777,4,-5.698,0,0.0468,0.0043,0.000859,0.543,0.574,134.49,4
spotify:track:1Ad2HcIX9zBqoWRvxtpYGf,"Candle Flame","Volcano","Jungle;Erick the Architect",2023-08-11,174020,73,false,iarecippo,2023-09-11T19:13:05Z,"","Caiola Records",0.673,0.72,9,-7.318,0,0.039,0.143,0.0000182,0.913,0.588,123.032,4
spotify:track:59rkTkputMqoxunf9IRzOc,"Dominoes","Volcano","Jungle",2023-08-11,177520,66,false,iarecippo,2023-09-11T19:13:05Z,"","Caiola Records",0.689,0.952,2,-5.249,0,0.114,0.113,0.78,0.298,0.415,107.978,4
spotify:track:7j3zZ2jAjzFD60UjhldhHo,"I've Been In Love","Volcano","Jungle;Channel Tres",2023-08-11,169472,73,true,iarecippo,2023-09-11T19:13:05Z,"hip house","Caiola Records",0.679,0.506,9,-9.497,0,0.0671,0.421,0.00216,0.434,0.588,114.967,4
spotify:track:19kHhX6f6EfLU7rcO3RqjO,"Back On 74","Volcano","Jungle",2023-08-11,209482,83,false,iarecippo,2023-09-11T19:13:05Z,"","Caiola Records",0.62,0.761,10,-7.282,0,0.175,0.207,0.000147,0.269,0.194,146.003,4
spotify:track:32PKkiwexuMNEDqfH1p3IH,"You Ain't No Celebrity","Volcano","Jungle;Roots Manuva",2023-08-11,153508,53,false,iarecippo,2023-09-11T19:13:05Z,"trip hop","Caiola Records",0.81,0.551,2,-7.312,1,0.0677,0.0724,0.000405,0.35,0.463,104.045,4
spotify:track:2oZJ4OZOP7DHMdSrpx4fwq,"Coming Back","Volcano","Jungle",2023-08-11,201984,52,false,iarecippo,2023-09-11T19:13:05Z,"","Caiola Records",0.699,0.889,11,-6.076,1,0.11,0.0149,0.122,0.112,0.856,117.843,4
spotify:track:5yXf2ZVlBdgIGxbSKb6VFW,"Don't Play","Volcano","Jungle;Mood Talk",2023-08-11,226280,58,false,iarecippo,2023-09-11T19:13:05Z,"","Caiola Records",0.673,0.617,10,-5.996,1,0.275,0.193,0,0.36,0.702,120.103,4
spotify:track:1j7ll1vNFLdgU7XUagyFV0,"Every Night","Volcano","Jungle",2023-08-11,185191,55,false,iarecippo,2023-09-11T19:13:05Z,"","Caiola Records",0.623,0.876,0,-6.838,1,0.0727,0.00941,0.0538,0.101,0.63,110.972,4
spotify:track:7snltzeGB2v44Qb6Qvh9Um,"Problemz","Volcano","Jungle",2023-08-11,184086,69,false,iarecippo,2023-09-11T19:13:05Z,"","Caiola Records",0.66,0.718,4,-4.555,0,0.0344,0.0836,0.00485,0.571,0.419,110.013,4
spotify:track:6J4JyWGym75LACyBWqipKv,"Good At Breaking Hearts","Volcano","Jungle;JNR WILLIAMS;Loaded Honey",2023-08-11,213706,59,false,iarecippo,2023-09-11T19:13:05Z,"retro soul","Caiola Records",0.617,0.518,2,-7.844,1,0.0341,0.566,0.00406,0.673,0.139,112.18,4
spotify:track:4yk9sAWpraADzST2Uh6VPm,"Palm Trees","Volcano","Jungle",2023-08-11,199461,60,false,iarecippo,2023-09-11T19:13:05Z,"","Caiola Records",0.611,0.671,8,-7.99,1,0.0351,0.0718,0.0000256,0.347,0.538,117.982,4
spotify:track:5C9anXz5T3PY3A5YkH66cn,"Pretty Little Thing","Volcano","Jungle;Bas",2023-08-11,181599,53,true,iarecippo,2023-09-11T19:13:05Z,"","Caiola Records",0.722,0.417,2,-7.707,1,0.103,0.661,0.0268,0.1,0.28,81.895,4
spotify:track:3zyqRrnqS1dSu7e6lImeSx,"ALL DIE LIEBEN MENSCHEN","ULTRAKUNST","Brutalismus 3000",2023-04-07,138107,32,false,iarecippo,2023-09-13T14:19:58Z,"techno,hard techno,tekno,gabber,acid techno","W/ LIVE FROM EARTH",0.667,0.894,5,-4.857,1,0.13,0.000197,0.258,0.377,0.282,140.005,4
spotify:track:1HPeb3fkVpLZxLKrDz56jA,"GR3Y","ULTRAKUNST","Brutalismus 3000",2023-04-07,265159,37,false,iarecippo,2023-09-13T14:19:58Z,"techno,hard techno,tekno,gabber,acid techno","W/ LIVE FROM EARTH",0.517,0.929,11,-5.299,0,0.0378,0.00000474,0.747,0.0939,0.76,145.007,4
spotify:track:1idXnslznCNW7EF8Huzp5B,"CRY B3B3","ULTRAKUNST","Brutalismus 3000",2023-04-07,261186,35,false,iarecippo,2023-09-13T14:19:58Z,"techno,hard techno,tekno,gabber,acid techno","W/ LIVE FROM EARTH",0.68,0.924,9,-5.042,1,0.0567,0.00012,0.801,0.0757,0.871,144.98,4
spotify:track:0w9V14Pcpqm0pZ5gNtN3Ja,"SAFE SPACE","ULTRAKUNST","Brutalismus 3000",2023-04-07,206480,36,false,iarecippo,2023-09-13T14:19:58Z,"techno,hard techno,tekno,gabber,acid techno","W/ LIVE FROM EARTH",0.651,0.641,8,-4.609,1,0.107,0.0000432,0.885,0.0806,0.576,149.992,4
spotify:track:6oS9S7Rx4C1oGbhJDfPBEo,"PONTIAC PARISIENNE (SKIT)","ULTRAKUNST","Brutalismus 3000",2023-04-07,191042,28,false,iarecippo,2023-09-13T14:19:58Z,"techno,hard techno,tekno,gabber,acid techno","W/ LIVE FROM EARTH",0.46,0.694,2,-7.213,1,0.199,0.0285,0.00992,0.684,0.418,172.986,3
spotify:track:25xqUhCDGyJejMANoigvrI,"JE N'EXISTE PAS","ULTRAKUNST","Brutalismus 3000",2023-04-07,280226,53,false,iarecippo,2023-09-13T14:19:58Z,"techno,hard techno,tekno,gabber,acid techno","W/ LIVE FROM EARTH",0.731,0.886,2,-5.264,1,0.0663,0.00566,0.87,0.147,0.731,155.004,4
spotify:track:2quJCirmxL0onIdjhmX5ml,"DIE LIEBE KOMMT NICHT AUS BERLIN","ULTRAKUNST","Brutalismus 3000",2023-04-07,206626,58,false,iarecippo,2023-09-13T14:19:58Z,"techno,hard techno,tekno,gabber,acid techno","W/ LIVE FROM EARTH",0.552,0.882,6,-5.292,1,0.0403,0.0000501,0.787,0.0484,0.484,165.009,4
spotify:track:6cHBdpIKpR2HVUyUOKL2pq,"NUR MEIN KÖRPER UND DIE ANGST","ULTRAKUNST","Brutalismus 3000",2023-04-07,207493,46,false,iarecippo,2023-09-13T14:19:58Z,"techno,hard techno,tekno,gabber,acid techno","W/ LIVE FROM EARTH",0.588,0.699,11,-5.59,0,0.049,0.000582,0.897,0.33,0.339,170.028,4
spotify:track:0YRvO4dDbju8GCbbNStdg0,"IS U CHEMICAL?","ULTRAKUNST","Brutalismus 3000",2023-04-07,276840,45,false,iarecippo,2023-09-13T14:19:58Z,"techno,hard techno,tekno,gabber,acid techno","W/ LIVE FROM EARTH",0.658,0.729,1,-4.619,0,0.0727,0.0000114,0.824,0.657,0.486,74.992,4
spotify:track:3zoeRCcou8ouokidKGYZTE,"SUKA SUKA","ULTRAKUNST","Brutalismus 3000",2023-04-07,129320,40,false,iarecippo,2023-09-13T14:19:58Z,"techno,hard techno,tekno,gabber,acid techno","W/ LIVE FROM EARTH",0.646,0.946,7,-4.452,1,0.0412,0.0000214,0.861,0.489,0.334,129.998,4
spotify:track:3jjGSjODLv7yy4gYVlMA2H,"GEWALT GEWALT","ULTRAKUNST","Brutalismus 3000",2023-04-07,243760,45,false,iarecippo,2023-09-13T14:19:58Z,"techno,hard techno,tekno,gabber,acid techno","W/ LIVE FROM EARTH",0.59,0.845,7,-5.777,1,0.035,0.000915,0.915,0.246,0.873,145.003,4
spotify:track:7DlZH8EiVDgQXNoj3dnyZC,"Paint The Town Red","Scarlet","Doja Cat",2023-09-22,230466,63,true,iarecippo,2023-09-22T10:44:19Z,"","Kemosabe Records/RCA Records",0.864,0.556,2,-7.683,0,0.194,0.255,0.00000385,0.112,0.726,99.974,4
spotify:track:6vb4kCEIM7zrwuHlxFbfeB,"Demons","Scarlet","Doja Cat",2023-09-22,195575,63,true,iarecippo,2023-09-22T10:44:19Z,"","Kemosabe Records/RCA Records",0.831,0.362,1,-6.085,1,0.229,0.000156,0.0162,0.168,0.313,139.941,4
spotify:track:5MqauQV2PhcEFfhKtBOTua,"Wet Vagina","Scarlet","Doja Cat",2023-09-22,192238,61,true,iarecippo,2023-09-22T10:44:19Z,"","Kemosabe Records/RCA Records",0.804,0.656,6,-5.723,0,0.0896,0.0207,0.0000186,0.107,0.192,150.014,4
spotify:track:6DOphQTeNmy1gk3um8sPYC,"Fuck The Girls (FTG)","Scarlet","Doja Cat",2023-09-22,152877,52,true,iarecippo,2023-09-22T10:44:19Z,"","Kemosabe Records/RCA Records",0.764,0.72,7,-6.494,1,0.273,0.196,0.0000346,0.111,0.643,91.337,4
spotify:track:18EGw1StZNDftpUcX8PM74,"Ouchies","Scarlet","Doja Cat",2023-09-22,122186,52,true,iarecippo,2023-09-22T10:44:19Z,"","Kemosabe Records/RCA Records",0.854,0.808,1,-5.958,1,0.139,0.0194,0.00000241,0.108,0.794,110.203,4
spotify:track:3zLwDjumhvIFFwAAZaDNPL,"97","Scarlet","Doja Cat",2023-09-22,177667,51,true,iarecippo,2023-09-22T10:44:19Z,"","Kemosabe Records/RCA Records",0.564,0.796,5,-2.652,0,0.351,0.184,0,0.147,0.864,153.586,4
spotify:track:15sNe8FD178zMsVz6ug0AS,"Gun","Scarlet","Doja Cat",2023-09-22,176835,57,true,iarecippo,2023-09-22T10:44:19Z,"","Kemosabe Records/RCA Records",0.885,0.576,10,-7.17,0,0.238,0.0695,0.000235,0.0993,0.805,76.004,4
spotify:track:032UZ3KVrzII6AE9Abnj7z,"Go Off","Scarlet","Doja Cat",2023-09-22,197488,56,true,iarecippo,2023-09-22T10:44:19Z,"","Kemosabe Records/RCA Records",0.933,0.533,5,-8,0,0.0585,0.027,0.00416,0.118,0.552,140.991,4
spotify:track:4rjQxlKAIXbEqHzjrnYZ7x,"Shutcho","Scarlet","Doja Cat",2023-09-22,187408,58,true,iarecippo,2023-09-22T10:44:19Z,"","Kemosabe Records/RCA Records",0.763,0.441,1,-9.043,1,0.11,0.0343,0,0.132,0.409,145.926,4
spotify:track:7dJYggqjKo71KI9sLzqCs8,"Agora Hills","Scarlet","Doja Cat",2023-09-22,265360,78,true,iarecippo,2023-09-22T10:44:19Z,"","Kemosabe Records/RCA Records",0.75,0.674,8,-6.128,0,0.097,0.228,0.0000891,0.122,0.392,123.026,4
spotify:track:5ZyQqAgrPr0cVm0VfM69Np,"Can't Wait","Scarlet","Doja Cat",2023-09-22,235361,55,true,iarecippo,2023-09-22T10:44:19Z,"","Kemosabe Records/RCA Records",0.472,0.79,6,-4.337,0,0.322,0.286,0.00000345,0.0636,0.815,77.908,4
spotify:track:18dR6VljfkTb47HJOQ9chv,"Often","Scarlet","Doja Cat",2023-09-22,198102,49,true,iarecippo,2023-09-22T10:44:19Z,"","Kemosabe Records/RCA Records",0.509,0.638,9,-5.516,1,0.475,0.554,0.108,0.11,0.593,171.817,4
spotify:track:4NW3t9GA7CyBisyoROefUs,"Love Life","Scarlet","Doja Cat",2023-09-22,236960,50,true,iarecippo,2023-09-22T10:44:19Z,"","Kemosabe Records/RCA Records",0.597,0.622,1,-9.593,1,0.343,0.616,0.00299,0.121,0.649,82.361,4
spotify:track:3qefkziLSTq2l5H1bRoea8,"Skull And Bones","Scarlet","Doja Cat",2023-09-22,248438,52,true,iarecippo,2023-09-22T10:44:19Z,"","Kemosabe Records/RCA Records",0.632,0.706,11,-6.127,0,0.0987,0.106,0.0000509,0.143,0.501,85,4
spotify:track:56uOalQCSny79UjPrefkHy,"Attention","Scarlet","Doja Cat",2023-09-22,275512,53,true,iarecippo,2023-09-22T10:44:19Z,"","Kemosabe Records/RCA Records",0.758,0.587,2,-6.932,1,0.244,0.13,0.0173,0.109,0.395,87.997,4
spotify:track:3yeVb5di44wD6CZ2sJromR,"Balut","Scarlet","Doja Cat",2023-09-22,205454,48,true,iarecippo,2023-09-22T10:44:19Z,"","Kemosabe Records/RCA Records",0.778,0.626,0,-4.329,1,0.161,0.183,0.127,0.177,0.377,148.022,4
spotify:track:1qimDZEBflJE25RXkF24Yg,"WYM Freestyle","Scarlet","Doja Cat",2023-09-22,124096,57,true,iarecippo,2023-09-22T10:44:19Z,"","Kemosabe Records/RCA Records",0.895,0.486,1,-5.937,1,0.273,0.00449,0.00733,0.119,0.375,144.064,4
spotify:track:7cUihigSCkkgKDLIeWiBLR,"Ordinary Pleasure - Live at The Fillmore Miami","Live at The Fillmore Miami","Toro y Moi",2023-09-22,196985,19,false,iarecippo,2023-09-22T19:57:29Z,"chillwave","Dead Oceans/ Night Time Stories",0.799,0.672,9,-11.284,0,0.047,0.163,0.0933,0.871,0.712,115.055,4
spotify:track:1hXST93RiUZ2bd68FrEB8G,"Girl Like You - Live at The Fillmore Miami","Live at The Fillmore Miami","Toro y Moi",2023-09-22,236150,16,false,iarecippo,2023-09-22T19:57:29Z,"chillwave","Dead Oceans/ Night Time Stories",0.668,0.622,10,-9.75,0,0.0449,0.208,0.00273,0.813,0.619,169.982,4
spotify:track:3QNEahJyJM3FgR8HvtbNap,"The Loop - Live at The Fillmore Miami","Live at The Fillmore Miami","Toro y Moi",2023-09-22,225218,14,false,iarecippo,2023-09-22T19:57:29Z,"chillwave","Dead Oceans/ Night Time Stories",0.556,0.493,5,-11.124,0,0.0333,0.113,0.0711,0.694,0.828,174.069,4
spotify:track:5B7NTd5cszNubDZvMNcgZG,"Déjà Vu - Live at The Fillmore Miami","Live at The Fillmore Miami","Toro y Moi",2023-09-22,185486,12,false,iarecippo,2023-09-22T19:57:29Z,"chillwave","Dead Oceans/ Night Time Stories",0.683,0.439,2,-11.808,1,0.0365,0.279,0.333,0.692,0.65,112.977,4
spotify:track:334r8WBb6R45aMziW03T2o,"Millennium - Live at The Fillmore Miami","Live at The Fillmore Miami","Toro y Moi",2023-09-22,192406,12,false,iarecippo,2023-09-22T19:57:29Z,"chillwave","Dead Oceans/ Night Time Stories",0.786,0.434,11,-10.387,0,0.0336,0.326,0.0688,0.917,0.8,98.956,4
spotify:track:1EsMftboBMfExBEen5Bg8T,"First Class - Live at The Fillmore Miami","Live at The Fillmore Miami","Khruangbin",2023-09-22,326107,19,false,iarecippo,2023-09-22T19:57:29Z,"neo-psychedelic","Dead Oceans/ Night Time Stories",0.558,0.645,7,-10.7,1,0.0293,0.000262,0.93,0.949,0.391,85.835,4
spotify:track:5kVbEVqA7mxAIttAwzq6eg,"August 12 - Live at The Fillmore Miami","Live at The Fillmore Miami","Khruangbin",2023-09-22,303622,22,false,iarecippo,2023-09-22T19:57:29Z,"neo-psychedelic","Dead Oceans/ Night Time Stories",0.367,0.744,6,-7.244,0,0.0294,0.00471,0.867,0.915,0.731,87.112,4
spotify:track:0bMFZfcFDYlEVHgegrYBOY,"August 10 - Live at The Fillmore Miami","Live at The Fillmore Miami","Khruangbin",2023-09-22,571938,26,false,iarecippo,2023-09-22T19:57:29Z,"neo-psychedelic","Dead Oceans/ Night Time Stories",0.355,0.743,9,-8.86,1,0.042,0.00224,0.792,0.883,0.633,82.798,4
spotify:track:0WzCuVJWPXIXJ83v88BXVS,"Maria También - Live at The Fillmore Miami","Live at The Fillmore Miami","Khruangbin",2023-09-22,296282,25,false,iarecippo,2023-09-22T19:57:29Z,"neo-psychedelic","Dead Oceans/ Night Time Stories",0.371,0.946,6,-8.3,0,0.0591,0.000556,0.883,0.893,0.529,108.556,4
spotify:track:0pvp14nDtb1DnEgRrmcBpY,"Try Me","falling or flying","Jorja Smith",2023-09-29,213933,49,false,iarecippo,2023-09-29T11:53:40Z,"uk r&b","FAMM",0.701,0.575,6,-6.941,0,0.0751,0.119,0.00133,0.135,0.634,105.093,4
spotify:track:5krKShHoHc1bBZfZGI0hXh,"She Feels","falling or flying","Jorja Smith",2023-09-29,192386,41,true,iarecippo,2023-09-29T11:53:40Z,"uk r&b","FAMM",0.67,0.808,5,-7.049,0,0.102,0.00542,0.000886,0.223,0.596,100.099,4
spotify:track:5l98YzTS2wpzuKJipFXVmR,"Little Things","falling or flying","Jorja Smith",2023-09-29,204600,59,false,iarecippo,2023-09-29T11:53:40Z,"uk r&b","FAMM",0.843,0.78,6,-7.182,0,0.212,0.0836,0.00086,0.0819,0.652,134.962,4
spotify:track:3xK74wTOrQApVmzWiBHkZu,"Flights skit","falling or flying","Jorja Smith",2023-09-29,17987,2,false,iarecippo,2023-09-29T11:53:40Z,"uk r&b","FAMM",0.345,0.727,10,-13.513,0,0.517,0.814,0,0.949,0.245,72.831,3
spotify:track:13eNzMdXHUinoWsxcRXTCW,"Feelings (feat. J Hus)","falling or flying","Jorja Smith;J Hus",2023-09-29,237852,58,false,iarecippo,2023-09-29T11:53:40Z,"uk r&b,afroswing,grime,uk grime","FAMM",0.773,0.685,5,-7.529,0,0.309,0.064,0.00000685,0.113,0.576,95.043,4
spotify:track:4CNZbr3dSioXNk5bJE46XQ,"Falling or flying","falling or flying","Jorja Smith",2023-09-29,204920,48,false,iarecippo,2023-09-29T11:53:40Z,"uk r&b","FAMM",0.62,0.356,0,-8.619,1,0.0975,0.403,0.00014,0.121,0.375,79.62,4
spotify:track:4tQ3eY36dfKWDiAQqX9w0u,"GO GO GO","falling or flying","Jorja Smith",2023-09-29,145893,40,false,iarecippo,2023-09-29T11:53:40Z,"uk r&b","FAMM",0.644,0.708,2,-5.481,0,0.0503,0.0475,0.00000275,0.099,0.854,160.045,4
spotify:track:73zDIHFRM1Uw0wvH4ck35c,"Try and fit in","falling or flying","Jorja Smith",2023-09-29,116240,36,false,iarecippo,2023-09-29T11:53:40Z,"uk r&b","FAMM",0.536,0.24,11,-13.553,1,0.152,0.848,0.00276,0.1,0.145,68.579,4
spotify:track:02DTkcgh0BpYrEYPO05Zex,"Greatest Gift (feat. Lila Iké)","falling or flying","Jorja Smith;Lila Iké",2023-09-29,192800,53,false,iarecippo,2023-09-29T11:53:40Z,"uk r&b,reggae,lovers rock,dancehall","FAMM",0.633,0.535,7,-6.577,0,0.189,0.0878,0.0000134,0.0999,0.718,170.013,4
spotify:track:7BwnU39GlAArxm3JmQWcRp,"Broken is the man","falling or flying","Jorja Smith",2023-09-29,132213,51,true,iarecippo,2023-09-29T11:53:40Z,"uk r&b","FAMM",0.571,0.534,7,-9.821,1,0.221,0.229,0.0000362,0.0943,0.362,67.959,4
spotify:track:7DLF9Dz9rx3LEIqXIE5ebP,"Make sense","falling or flying","Jorja Smith",2023-09-29,141346,43,false,iarecippo,2023-09-29T11:53:40Z,"uk r&b","FAMM",0.522,0.469,6,-6.643,0,0.0761,0.612,0.00000416,0.136,0.587,102.66,4
spotify:track:4vJoEiVoMzNLAwPdPhL3VC,"Too many times","falling or flying","Jorja Smith",2023-09-29,158453,38,false,iarecippo,2023-09-29T11:53:40Z,"uk r&b","FAMM",0.483,0.333,7,-10.409,0,0.0348,0.833,0.0000739,0.139,0.433,131.713,4
spotify:track:2DEUiGcDxB4QpImgydZmTi,"Lately","falling or flying","Jorja Smith",2023-09-29,127680,56,false,iarecippo,2023-09-29T11:53:40Z,"uk r&b","FAMM",0.772,0.512,7,-7.734,1,0.0673,0.412,0.00000116,0.269,0.621,122.972,4
spotify:track:0MfO1YpEAj1HhuBDRIlC4j,"BT69 JJY","falling or flying","Jorja Smith",2023-09-29,25968,1,false,iarecippo,2023-09-29T11:53:40Z,"uk r&b","FAMM",0.355,0.49,1,-21.211,1,0.265,0.516,0.774,0.401,0.067,88.789,3
spotify:track:7uRIdAhzWjQPSIgkZaMn73,"Backwards","falling or flying","Jorja Smith",2023-09-29,224098,53,false,iarecippo,2023-09-29T11:53:40Z,"uk r&b","FAMM",0.536,0.463,1,-8.894,1,0.0302,0.513,0.00016,0.154,0.22,140.083,4
spotify:track:4ia44V8FHR5GtRukYPQVOh,"What if my heart beats faster?","falling or flying","Jorja Smith",2023-09-29,292040,39,false,iarecippo,2023-09-29T11:53:40Z,"uk r&b","FAMM",0.476,0.366,6,-8.959,0,0.0473,0.375,0.00394,0.102,0.177,130.831,4
spotify:track:4ZnkygoWLzcGbQYCm3lkae,"Rush","Something To Give Each Other","Troye Sivan",2023-10-13,156391,82,true,iarecippo,2023-10-17T23:19:47Z,"","EMI Recorded Music Australia Pty Ltd",0.728,0.841,10,-7.682,0,0.0567,0.00242,0.0000909,0.106,0.402,125.991,4
spotify:track:0sYM4OmgrRYaHq6DV7obq1,"What's The Time Where You Are?","Something To Give Each Other","Troye Sivan",2023-10-13,203669,62,true,iarecippo,2023-10-17T23:19:47Z,"","EMI Recorded Music Australia Pty Ltd",0.722,0.815,7,-6.677,1,0.0655,0.0265,0.00000271,0.167,0.341,111.93,4
spotify:track:5Eh1nj7IjV9lwpcKAkidyY,"One Of Your Girls","Something To Give Each Other","Troye Sivan",2023-10-13,181481,77,false,iarecippo,2023-10-17T23:19:47Z,"","EMI Recorded Music Australia Pty Ltd",0.635,0.648,11,-7.78,0,0.0548,0.101,0.00426,0.198,0.8,93,4
spotify:track:7lhAowB1rRlp1UfVkHqpD2,"In My Room","Something To Give Each Other","Troye Sivan;Guitarricadelafuente",2023-10-13,193262,60,true,iarecippo,2023-10-17T23:19:47Z,"","EMI Recorded Music Australia Pty Ltd",0.708,0.557,3,-7.361,0,0.0454,0.0389,0.000127,0.391,0.621,110.969,4
spotify:track:6r8Xk7Fldj4GR4r0fVBH42,"Still Got It","Something To Give Each Other","Troye Sivan",2023-10-13,208551,52,true,iarecippo,2023-10-17T23:19:47Z,"","EMI Recorded Music Australia Pty Ltd",0.233,0.333,5,-10.569,1,0.0304,0.698,0.00337,0.2,0.188,88.901,4
spotify:track:6fNyEK8kTquBSUTHbqbfaK,"Can't Go Back, Baby","Something To Give Each Other","Troye Sivan",2023-10-13,201854,53,false,iarecippo,2023-10-17T23:19:47Z,"","EMI Recorded Music Australia Pty Ltd",0.53,0.428,0,-11.664,0,0.0589,0.787,0.000794,0.128,0.355,139.941,4
spotify:track:31MNHKE86sEXzIglbGQ6mu,"Got Me Started","Something To Give Each Other","Troye Sivan",2023-10-13,198448,73,true,iarecippo,2023-10-17T23:19:47Z,"","EMI Recorded Music Australia Pty Ltd",0.773,0.679,7,-6.51,0,0.0315,0.219,0.00263,0.297,0.544,127.002,4
spotify:track:0Brx9I3vh7Po30gxsTtLz5,"Silly","Something To Give Each Other","Troye Sivan",2023-10-13,218530,55,true,iarecippo,2023-10-17T23:19:47Z,"","EMI Recorded Music Australia Pty Ltd",0.77,0.845,0,-8.544,1,0.051,0.0769,0.0231,0.112,0.429,119.015,4
spotify:track:0GMZYC6lcrpnwjDiEtDO8i,"Honey","Something To Give Each Other","Troye Sivan",2023-10-13,206878,57,true,iarecippo,2023-10-17T23:19:47Z,"","EMI Recorded Music Australia Pty Ltd",0.63,0.761,1,-5.696,1,0.0637,0.0331,0,0.187,0.314,118.981,4
spotify:track:6P7b7UciZ4Q4sbujF4QcrO,"How To Stay With You","Something To Give Each Other","Troye Sivan",2023-10-13,196231,52,true,iarecippo,2023-10-17T23:19:47Z,"","EMI Recorded Music Australia Pty Ltd",0.715,0.577,1,-8.288,0,0.0473,0.0946,0.000144,0.0467,0.787,90.002,4
spotify:track:1acFURk099S4OWgpWywh2x,"Electric Fish","Me Chama de Gato que Eu Sou Sua","Ana Frango Elétrico",2023-10-20,253258,0,false,iarecippo,2023-11-01T14:05:43Z,"new mpb,mpb","Think Records",0.769,0.706,6,-6.889,1,0.0513,0.0523,0.000532,0.109,0.867,124.045,4
spotify:track:5vWo4yZ0n6EN0MFbpEZ7rc,"Dela","Me Chama de Gato que Eu Sou Sua","Ana Frango Elétrico",2023-10-20,231711,0,false,iarecippo,2023-11-01T14:05:43Z,"new mpb,mpb","Think Records",0.714,0.776,10,-7.535,0,0.0455,0.248,0.0667,0.0658,0.933,115.093,4
spotify:track:63Rjo31CWIbyWQCNgTwncT,"Nuvem Vermelha","Me Chama de Gato que Eu Sou Sua","Ana Frango Elétrico",2023-10-20,186111,0,false,iarecippo,2023-11-01T14:05:43Z,"new mpb,mpb","Think Records",0.553,0.502,5,-9.955,1,0.0494,0.296,0.00403,0.072,0.329,89.007,4
spotify:track:6EIFQp9YuU6wB2gImA5Htf,"Coisa Maluca","Me Chama de Gato que Eu Sou Sua","Ana Frango Elétrico",2023-10-20,93302,0,false,iarecippo,2023-11-01T14:05:43Z,"new mpb,mpb","Think Records",0.833,0.483,0,-7.346,1,0.0445,0.116,0,0.122,0.918,121.954,4
spotify:track:19jTcDUyZBLk3JBbWFA4h9,"Boy of Stranger Things","Me Chama de Gato que Eu Sou Sua","Ana Frango Elétrico",2023-10-20,180350,0,false,iarecippo,2023-11-01T14:05:43Z,"new mpb,mpb","Think Records",0.739,0.634,6,-5.483,1,0.0508,0.0236,0.0000146,0.132,0.645,101.861,4
spotify:track:43Dz2FfgjjrAdRQc2YIpHE,"Camelo Azul","Me Chama de Gato que Eu Sou Sua","Ana Frango Elétrico",2023-10-20,233845,0,false,iarecippo,2023-11-01T14:05:43Z,"new mpb,mpb","Think Records",0.324,0.305,7,-13.692,1,0.0383,0.586,0.00474,0.126,0.155,115.973,4
spotify:track:5aTdRVfRVWwAWO6LO9vE1C,"Insista Em Mim","Me Chama de Gato que Eu Sou Sua","Ana Frango Elétrico",2023-10-20,213077,0,false,iarecippo,2023-11-01T14:05:43Z,"new mpb,mpb","Think Records",0.626,0.578,4,-6.485,0,0.0396,0.0908,0.00000522,0.287,0.574,133.988,4
spotify:track:60sHAPZo7lyyNhFPcKDOio,"Let's Go To Before Again","Me Chama de Gato que Eu Sou Sua","Ana Frango Elétrico",2023-10-20,151893,0,false,iarecippo,2023-11-01T14:05:43Z,"new mpb,mpb","Think Records",0.635,0.565,11,-7.965,0,0.116,0.0165,0.759,0.0951,0.969,172.555,4
spotify:track:4SrfCuYKk1lq8VatinAaw0,"Debaixo Do Pano","Me Chama de Gato que Eu Sou Sua","Ana Frango Elétrico",2023-10-20,162245,0,false,iarecippo,2023-11-01T14:05:43Z,"new mpb,mpb","Think Records",0.75,0.694,11,-6.576,0,0.204,0.0876,0,0.271,0.475,106.975,4
spotify:track:6T81lNYf3Ky0abz4U3hQda,"Dr. Sabe Tudo","Me Chama de Gato que Eu Sou Sua","Ana Frango Elétrico",2023-10-20,184147,0,false,iarecippo,2023-11-01T14:05:43Z,"new mpb,mpb","Think Records",0.721,0.735,0,-5.838,0,0.04,0.202,0.00113,0.0982,0.828,124.042,4
spotify:track:1ljtQrsf55VCwjqXjro7Po,"Another life (feat. Rema)","Heaven knows","PinkPantheress;Rema",2023-11-10,172173,62,false,iarecippo,2023-11-15T19:23:37Z,"bedroom pop,afrobeats,afrobeat,afropop,afropiano","Warner Records",0.607,0.874,0,-4.535,0,0.0504,0.0396,0.118,0.102,0.536,156.975,4
spotify:track:3ozo6hdOQAJKY1KZExV6UJ,"True romance","Heaven knows","PinkPantheress",2023-11-10,136573,64,false,iarecippo,2023-11-15T19:23:37Z,"bedroom pop","Warner Records",0.534,0.963,11,-5.001,0,0.121,0.0505,0.00293,0.864,0.348,160.06,4
spotify:track:3DrkYwyu8QqZQ05r2gGqHi,"Mosquito","Heaven knows","PinkPantheress",2023-11-10,147027,66,false,iarecippo,2023-11-15T19:23:37Z,"bedroom pop","Warner Records",0.71,0.899,11,-4.032,0,0.118,0.0857,0.112,0.189,0.555,162.927,4
spotify:track:6SjxVgMjH3b3AI4wVviZfi,"The aisle","Heaven knows","PinkPantheress",2023-11-10,165773,65,false,iarecippo,2023-11-15T19:23:37Z,"bedroom pop","Warner Records",0.761,0.8,11,-7.464,1,0.0992,0.0808,0.0762,0.0742,0.792,134.001,4
spotify:track:1jLVSavLHTeEixX6CIxqQR,"Nice to meet you (feat. Central Cee)","Heaven knows","PinkPantheress;Central Cee",2023-11-10,162413,62,false,iarecippo,2023-11-15T19:23:37Z,"bedroom pop,uk drill,drill,uk grime","Warner Records",0.707,0.771,10,-6.596,0,0.052,0.027,0.000366,0.0584,0.528,148.303,4
spotify:track:3tPH2C0umk9pjLBMmz0D9M,"Bury me (feat. Kelela)","Heaven knows","PinkPantheress;Kelela",2023-11-10,124613,56,false,iarecippo,2023-11-15T19:23:37Z,"bedroom pop,alternative r&b","Warner Records",0.781,0.506,4,-7.609,1,0.21,0.236,0,0.212,0.528,77.419,4
spotify:track:5rs8M4TwPZEOMXxw3XAo0n,"Internet baby (interlude)","Heaven knows","PinkPantheress",2023-11-10,131773,57,false,iarecippo,2023-11-15T19:23:37Z,"bedroom pop","Warner Records",0.631,0.71,1,-7.787,1,0.0476,0.0735,0.0107,0.149,0.401,165.067,4
spotify:track:5hjhaH0vwtpftiLtF3veZp,"Ophelia","Heaven knows","PinkPantheress",2023-11-10,155093,60,false,iarecippo,2023-11-15T19:23:37Z,"bedroom pop","Warner Records",0.656,0.801,1,-8.432,0,0.0681,0.859,0.00466,0.0972,0.393,87.961,4
spotify:track:2bBh5UwbVLkA3WB44iXBye,"Feel complete","Heaven knows","PinkPantheress",2023-11-10,163120,64,false,iarecippo,2023-11-15T19:23:37Z,"bedroom pop","Warner Records",0.671,0.786,11,-6.173,1,0.0423,0.317,0.0612,0.102,0.316,98.813,4
spotify:track:0LsfA3w3zQh2fcN4XeHmSK,"Blue","Heaven knows","PinkPantheress",2023-11-10,181280,62,false,iarecippo,2023-11-15T19:23:37Z,"bedroom pop","Warner Records",0.769,0.699,11,-6.279,1,0.138,0.708,0.0000157,0.0869,0.381,124.635,4
spotify:track:6MNSwUUjWSDUhuCZaTezAn,"Feelings","Heaven knows","PinkPantheress",2023-11-10,160426,56,false,iarecippo,2023-11-15T19:23:37Z,"bedroom pop","Warner Records",0.763,0.645,11,-5.935,1,0.0439,0.227,0.00158,0.29,0.471,117.002,4
spotify:track:52qxHBgcQGVV2JrMwPhYJl,"Capable of love","Heaven knows","PinkPantheress",2023-11-10,223680,66,false,iarecippo,2023-11-15T19:23:37Z,"bedroom pop","Warner Records",0.59,0.584,7,-7.965,1,0.031,0.515,0.00658,0.0918,0.274,140.005,4
spotify:track:5CCr8msaN3MhgqBoa9yWhH,"Boy's a liar Pt. 2","Heaven knows","PinkPantheress;Ice Spice",2023-11-10,131013,76,true,iarecippo,2023-11-15T19:23:37Z,"bedroom pop","Warner Records",0.696,0.809,5,-8.254,1,0.05,0.252,0.000128,0.248,0.857,132.962,4
spotify:track:48ibrWCIcj85y3dBzLIATp,"Eight","Lucha","Y La Bamba",2023-04-28,227437,21,false,iarecippo,2023-11-15T23:34:20Z,"latin alternative,latin indie,latin folk","Tender Loving Empire",0.315,0.347,5,-12.836,1,0.0467,0.968,0.194,0.857,0.257,95.738,3
spotify:track:1GXm4Dv2NiM8QLui2l4Wls,"Dibujos De Mi Alma","Lucha","Y La Bamba",2023-04-28,252574,35,false,iarecippo,2023-11-15T23:34:20Z,"latin alternative,latin indie,latin folk","Tender Loving Empire",0.634,0.496,10,-11.297,0,0.0424,0.779,0.487,0.185,0.737,148.718,4
spotify:track:3oqJPE9MRj0CAj8atdCGE5,"La Lluvi De Guadalajara","Lucha","Y La Bamba",2023-04-28,112528,17,false,iarecippo,2023-11-15T23:34:20Z,"latin alternative,latin indie,latin folk","Tender Loving Empire",0.266,0.454,10,-17.986,1,0.0555,0.919,0.779,0.423,0.138,101.587,4
spotify:track:45zrZUWz5XrAKk50u2N6Kl,"Collapse","Lucha","Y La Bamba",2023-04-28,241791,27,false,iarecippo,2023-11-15T23:34:20Z,"latin alternative,latin indie,latin folk","Tender Loving Empire",0.533,0.712,6,-6.661,1,0.034,0.0161,0.475,0.393,0.687,163.718,4
spotify:track:2fNG9dcvpEcZTBrPWMZXMo,"Hues (feat. Devendra Banhart)","Lucha","Y La Bamba;Devendra Banhart",2023-04-28,252691,37,false,iarecippo,2023-11-15T23:34:20Z,"latin alternative,latin indie,latin folk","Tender Loving Empire",0.543,0.492,2,-9.567,1,0.0391,0.882,0.106,0.134,0.261,88.432,4
spotify:track:5pU82TRphKp8dTyIICg9zv,"Nunca","Lucha","Y La Bamba",2023-04-28,262184,40,false,iarecippo,2023-11-15T23:34:20Z,"latin alternative,latin indie,latin folk","Tender Loving Empire",0.64,0.535,3,-8.681,0,0.0424,0.579,0.164,0.246,0.749,130.842,4
spotify:track:3cDEC9eN2wwezJJXe2nqdf,"Ceniza","Lucha","Y La Bamba",2023-04-28,253685,23,false,iarecippo,2023-11-15T23:34:20Z,"latin alternative,latin indie,latin folk","Tender Loving Empire",0.429,0.49,9,-8.473,1,0.0373,0.449,0.0551,0.125,0.641,104.097,4
spotify:track:3PeaRg5Gcs5tIhqWnFqWNU,"Damned","Lucha","Y La Bamba",2023-04-28,277326,19,false,iarecippo,2023-11-15T23:34:20Z,"latin alternative,latin indie,latin folk","Tender Loving Empire",0.661,0.518,0,-9.597,0,0.0408,0.211,0.122,0.123,0.583,112.248,4
spotify:track:4Kv4NZyQuQFpRhnBc2A3Dh,"Mas Manos","Lucha","Y La Bamba",2023-04-28,256778,22,false,iarecippo,2023-11-15T23:34:20Z,"latin alternative,latin indie,latin folk","Tender Loving Empire",0.702,0.554,6,-7.654,0,0.041,0.784,0.165,0.0938,0.621,122.358,4
spotify:track:2tIkcpr9R3lJSozZZhX36o,"Walk Along","Lucha","Y La Bamba",2023-04-28,255946,17,false,iarecippo,2023-11-15T23:34:20Z,"latin alternative,latin indie,latin folk","Tender Loving Empire",0.643,0.734,5,-8.849,0,0.144,0.743,0.888,0.297,0.682,111.774,4
spotify:track:3KbOflJ5JqHWtmco4PiO3h,"The Grants","Did you know that there's a tunnel under Ocean Blvd","Lana Del Rey",2023-03-24,295201,60,false,iarecippo,2023-12-07T13:59:25Z,"","Polydor Records",0.366,0.156,7,-12.394,1,0.0352,0.874,0.00038,0.371,0.131,121.457,4
spotify:track:0HEzuLLojblUOaUSdmJ9gl,"Did you know that there's a tunnel under Ocean Blvd","Did you know that there's a tunnel under Ocean Blvd","Lana Del Rey",2023-03-24,285050,72,true,iarecippo,2023-12-07T13:59:25Z,"","Polydor Records",0.441,0.326,0,-9.381,1,0.0299,0.751,0.0168,0.12,0.0526,119.999,4
spotify:track:6x8g6DxglrzCSwKhv2Q1ee,"Sweet","Did you know that there's a tunnel under Ocean Blvd","Lana Del Rey",2023-03-24,215295,65,true,iarecippo,2023-12-07T13:59:25Z,"","Polydor Records",0.305,0.241,0,-12.236,1,0.0283,0.959,0.00185,0.158,0.0688,136.262,3
spotify:track:5nW4z3pfZgJAJ2QTCz9AIE,"A&W","Did you know that there's a tunnel under Ocean Blvd","Lana Del Rey",2023-03-24,433916,69,true,iarecippo,2023-12-07T13:59:25Z,"","Polydor Records",0.429,0.239,10,-14.696,1,0.11,0.632,0.389,0.116,0.137,157.112,4
spotify:track:3MlEryrxCKZkcfX18ZLX96,"Candy Necklace (feat. Jon Batiste)","Did you know that there's a tunnel under Ocean Blvd","Lana Del Rey;Jon Batiste",2023-03-24,314520,61,false,iarecippo,2023-12-07T13:59:25Z,"","Polydor Records",0.391,0.14,11,-16.479,0,0.0356,0.87,0.00432,0.0917,0.0937,60.127,4
spotify:track:2JFVBojvTHpSZLoyowuZys,"Jon Batiste Interlude","Did you know that there's a tunnel under Ocean Blvd","Lana Del Rey",2023-03-24,213435,53,false,iarecippo,2023-12-07T13:59:25Z,"","Polydor Records",0.23,0.31,9,-11.677,1,0.0362,0.984,0.604,0.0685,0.069,168.003,3
spotify:track:4VL310GGX3b2ixL3sV0Je8,"Kintsugi","Did you know that there's a tunnel under Ocean Blvd","Lana Del Rey",2023-03-24,378951,59,false,iarecippo,2023-12-07T13:59:25Z,"","Polydor Records",0.419,0.0904,9,-16.158,1,0.0419,0.984,0.0048,0.243,0.173,101.112,4
spotify:track:1BUckPDAi8NYfLN7EiQcQA,"Fingertips","Did you know that there's a tunnel under Ocean Blvd","Lana Del Rey",2023-03-24,348256,58,true,iarecippo,2023-12-07T13:59:25Z,"","Polydor Records",0.416,0.185,5,-13.627,1,0.0378,0.92,0.000875,0.155,0.0985,104.474,5
spotify:track:0Oqxt6JixieLHbwMfnJGWO,"Paris, Texas (feat. SYML)","Did you know that there's a tunnel under Ocean Blvd","Lana Del Rey;SYML",2023-03-24,206722,75,false,iarecippo,2023-12-07T13:59:25Z,"","Polydor Records",0.287,0.102,0,-17.529,0,0.0334,0.985,0.0559,0.109,0.198,170.253,3
spotify:track:55LnC7VuUvayQ3fW0CvDL6,"Grandfather please stand on the shoulders of my father while he's deep-sea fishing (feat. RIOPY)","Did you know that there's a tunnel under Ocean Blvd","Lana Del Rey;RIOPY",2023-03-24,240287,58,false,iarecippo,2023-12-07T13:59:25Z,"neoclassical","Polydor Records",0.372,0.218,8,-10.367,1,0.0302,0.935,0.0338,0.296,0.0803,79.81,4
spotify:track:4qG7hWhljsqqENL5PaLA2z,"Let The Light In (feat. Father John Misty)","Did you know that there's a tunnel under Ocean Blvd","Lana Del Rey;Father John Misty",2023-03-24,278126,81,false,iarecippo,2023-12-07T13:59:25Z,"","Polydor Records",0.335,0.44,9,-9.748,1,0.0275,0.385,0.00251,0.115,0.198,132.449,4
spotify:track:1o82DwNisONAd2mu1RcGE6,"Margaret (feat. Bleachers)","Did you know that there's a tunnel under Ocean Blvd","Lana Del Rey;Bleachers",2023-03-24,339890,83,false,iarecippo,2023-12-07T13:59:25Z,"","Polydor Records",0.34,0.245,9,-13.352,1,0.0319,0.969,0.0992,0.0633,0.192,103.777,4
spotify:track:4Cg9XRHLP3s5ZiQaIdL4zW,"Fishtail","Did you know that there's a tunnel under Ocean Blvd","Lana Del Rey",2023-03-24,242548,65,false,iarecippo,2023-12-07T13:59:25Z,"","Polydor Records",0.545,0.225,3,-15.297,1,0.0376,0.948,0.000087,0.26,0.0666,89.01,4
spotify:track:2Rlso2ZNV0PaWwUYeeBYxx,"Peppers (feat. Tommy Genesis)","Did you know that there's a tunnel under Ocean Blvd","Lana Del Rey;Tommy Genesis",2023-03-24,248928,69,true,iarecippo,2023-12-07T13:59:25Z,"","Polydor Records",0.478,0.526,4,-11.762,0,0.152,0.618,0.15,0.11,0.369,156.838,4
spotify:track:79wgotDiVZml9PiTtNtYBA,"Taco Truck x VB","Did you know that there's a tunnel under Ocean Blvd","Lana Del Rey",2023-03-24,353277,63,true,iarecippo,2023-12-07T13:59:25Z,"","Polydor Records",0.381,0.373,9,-12.206,0,0.0598,0.594,0.145,0.111,0.0397,157.911,4
spotify:track:4tLh6ilwgHAWnkui4hAR3p,"Out of Mind","Is the Is Are","DIIV",2016-02-05,188050,38,false,iarecippo,2023-12-13T22:05:40Z,"shoegaze,dream pop","Captured Tracks",0.478,0.955,11,-5.342,0,0.0542,0.000445,0.892,0.0541,0.545,154.899,4
spotify:track:3cp8xX1N5jewfKU2oY2Y08,"Under the Sun","Is the Is Are","DIIV",2016-02-05,226999,39,false,iarecippo,2023-12-13T22:05:40Z,"shoegaze,dream pop","Captured Tracks",0.552,0.851,2,-6.229,1,0.033,0.0014,0.782,0.131,0.941,154.96,4
spotify:track:6pwSQnER1gRW3IhdZH0dqu,"Bent (Roi's Song)","Is the Is Are","DIIV",2016-02-05,340366,29,false,iarecippo,2023-12-13T22:05:40Z,"shoegaze,dream pop","Captured Tracks",0.558,0.855,2,-5.243,1,0.0343,0.00339,0.934,0.175,0.574,130.011,4
spotify:track:1gbvCuQHPTgU7sgWCbqtVV,"Dopamine","Is the Is Are","DIIV",2016-02-05,235565,32,false,iarecippo,2023-12-13T22:05:40Z,"shoegaze,dream pop","Captured Tracks",0.453,0.969,11,-4.223,0,0.0389,0.000191,0.894,0.101,0.731,152.954,4
spotify:track:6F2URDpFHBkiKEoTHqABwY,"Blue Boredom","Is the Is Are","DIIV;Sky Ferreira",2016-02-05,153299,18,false,iarecippo,2023-12-13T22:05:40Z,"shoegaze,dream pop","Captured Tracks",0.459,0.878,0,-8.781,1,0.0509,0.00823,0.825,0.226,0.637,160.027,4
spotify:track:3PmvHzfVROXz5LGC9r3bwK,"Valentine","Is the Is Are","DIIV",2016-02-05,197889,27,false,iarecippo,2023-12-13T22:05:40Z,"shoegaze,dream pop","Captured Tracks",0.549,0.842,2,-6.909,1,0.03,0.0434,0.959,0.0952,0.672,185.933,4
spotify:track:5mtRLF4Wjhe4Pyi1WCugWV,"Yr Not Far","Is the Is Are","DIIV",2016-02-05,199229,22,false,iarecippo,2023-12-13T22:05:40Z,"shoegaze,dream pop","Captured Tracks",0.524,0.91,10,-6.163,1,0.0303,0.00521,0.817,0.102,0.681,160.048,4
spotify:track:6kvMpEyqrGBNhZ4Ztb8TPo,"Take Your Time","Is the Is Are","DIIV",2016-02-05,298348,24,false,iarecippo,2023-12-13T22:05:40Z,"shoegaze,dream pop","Captured Tracks",0.559,0.769,9,-5.853,0,0.0274,0.0132,0.913,0.286,0.359,134.968,4
spotify:track:0liDG9Gr68NGCulNsWF11f,"Is the Is Are","Is the Is Are","DIIV",2016-02-05,188588,17,false,iarecippo,2023-12-13T22:05:40Z,"shoegaze,dream pop","Captured Tracks",0.385,0.917,9,-5.681,1,0.0806,0.121,0.995,0.0502,0.237,167.916,4
spotify:track:2VnsY35pj4xRTkWPSfhh2X,"Mire (Grant's Song)","Is the Is Are","DIIV",2016-02-05,334832,17,false,iarecippo,2023-12-13T22:05:40Z,"shoegaze,dream pop","Captured Tracks",0.443,0.884,7,-6.855,0,0.0406,0.00622,0.907,0.0864,0.125,119.926,4
spotify:track:43Vi6pBNOOcnjn65DEedOS,"Incarnate Devil","Is the Is Are","DIIV",2016-02-05,282591,16,false,iarecippo,2023-12-13T22:05:40Z,"shoegaze,dream pop","Captured Tracks",0.408,0.88,2,-3.932,1,0.0375,0.000813,0.925,0.327,0.206,160.049,4
spotify:track:2syuah1CEcCGeFQWKfHzTd,"(Fuck)","Is the Is Are","DIIV",2016-02-05,16545,0,false,iarecippo,2023-12-13T22:05:40Z,"shoegaze,dream pop","Captured Tracks",0.425,0.545,2,-7.478,1,0.0439,0.00000411,0.942,0.0601,0,134.845,3
spotify:track:4hhMQ3Z9fPQjGaIhcss3eL,"Healthy Moon","Is the Is Are","DIIV",2016-02-05,251629,30,false,iarecippo,2023-12-13T22:05:40Z,"shoegaze,dream pop","Captured Tracks",0.582,0.755,10,-7.037,1,0.0381,0.0888,0.65,0.0933,0.438,135.007,4
spotify:track:2lBwhbStw612PzQUTXwopo,"Loose Ends","Is the Is Are","DIIV",2016-02-05,192548,20,false,iarecippo,2023-12-13T22:05:40Z,"shoegaze,dream pop","Captured Tracks",0.431,0.955,2,-4.867,1,0.0567,0.0187,0.834,0.0982,0.706,156.954,4
spotify:track:5zUpDssYzmfXvSkFtpC56y,"(Napa)","Is the Is Are","DIIV",2016-02-05,104096,12,false,iarecippo,2023-12-13T22:05:40Z,"shoegaze,dream pop","Captured Tracks",0.6,0.705,9,-13.867,0,0.0378,0.174,0.758,0.0374,0.368,125.035,4
spotify:track:5r2ZpqoWElT6viaRKl3tlf,"Dust","Is the Is Are","DIIV",2016-02-05,274077,17,false,iarecippo,2023-12-13T22:05:40Z,"shoegaze,dream pop","Captured Tracks",0.424,0.973,11,-3.775,0,0.0585,0.00451,0.869,0.0712,0.346,153.002,4
spotify:track:6ahDuB5tAOP6WZmuosfgq0,"Waste of Breath","Is the Is Are","DIIV",2016-02-05,322632,15,false,iarecippo,2023-12-13T22:05:40Z,"shoegaze,dream pop","Captured Tracks",0.625,0.535,9,-7.215,1,0.0225,0.398,0.863,0.123,0.629,89.892,4
