Track URI,Track Name,Album Name,Artist Name(s),Release Date,Duration (ms),Popularity,Explicit,Added By,Added At,Genres,Record Label,Danceability,Energy,Key,Loudness,Mode,Speechiness,Acousticness,Instrumentalness,Liveness,Valence,Tempo,Time Signature
spotify:track:2vShWCwor4cclOZiOjSsMx,"Vem pro Baile","BAILE","FBC;VHOOR",2021-11-12,199921,42,false,iarecippo,2021-12-29T04:02:58Z,"brazilian hip hop,miami bass,boom bap,brazilian trap","UFFÉ",0.776,0.815,11,-7.124,0,0.254,0.0168,0,0.555,0.528,124.996,4
spotify:track:57UNZkviEJUXijCiWJ4bnN,"Quando o DJ Toca","BAILE","FBC;VHOOR;UANA",2021-11-12,182599,51,false,iarecippo,2021-12-29T04:02:58Z,"brazilian hip hop,miami bass,boom bap,brazilian trap,new mpb","UFFÉ",0.908,0.632,7,-8.263,1,0.0482,0.0631,0,0.0821,0.595,130.005,4
spotify:track:24OfVcMZO1BhHseqwAZb0K,"Rap da UFFÉ","BAILE","FBC;VHOOR",2021-11-12,127511,40,false,iarecippo,2021-12-29T04:02:58Z,"brazilian hip hop,miami bass,boom bap,brazilian trap","UFFÉ",0.787,0.803,6,-6.934,0,0.0427,0.00174,0,0.15,0.311,130.035,4
spotify:track:0ggn60fzhHiAb5UoNKGgZK,"Melô do Vacilão","BAILE","FBC;VHOOR;Djair Voz Cristalina;Ferb",2021-11-12,197721,38,false,iarecippo,2021-12-29T04:02:58Z,"brazilian hip hop,miami bass,boom bap,brazilian trap","UFFÉ",0.732,0.739,11,-6.961,0,0.238,0.0162,0,0.115,0.696,136.132,4
spotify:track:6a5JCYemYOR4lta1mzaetS,"Se Tá Solteira","BAILE","FBC;VHOOR;Mac Júlia",2021-11-12,115859,50,true,iarecippo,2021-12-29T04:02:58Z,"brazilian hip hop,miami bass,boom bap,brazilian trap,brazilian funk","UFFÉ",0.862,0.671,0,-9.168,0,0.167,0.00399,0.00000699,0.0954,0.406,130.031,4
spotify:track:5jeoc9lwmLjqHEbLrXXSdo,"Eu Sou o Crime","BAILE","FBC;VHOOR",2021-11-12,144199,37,true,iarecippo,2021-12-29T04:02:58Z,"brazilian hip hop,miami bass,boom bap,brazilian trap","UFFÉ",0.813,0.826,7,-7.215,1,0.117,0.0157,0,0.635,0.453,146.003,4
spotify:track:546KHf7B5TeIifYB1gVZ9E,"Delírios","BAILE","FBC;VHOOR;Djair Voz Cristalina",2021-11-12,162523,67,false,iarecippo,2021-12-29T04:02:58Z,"brazilian hip hop,miami bass,boom bap,brazilian trap","UFFÉ",0.876,0.737,8,-8.085,0,0.22,0.0715,0.00000272,0.104,0.821,130.012,4
spotify:track:5u3vBJzLvgJRQXqUFzr2cW,"Não dá pra Explicar","BAILE","FBC;VHOOR;Mariana Cavanellas",2021-11-12,194644,46,false,iarecippo,2021-12-29T04:02:58Z,"brazilian hip hop,miami bass,boom bap,brazilian trap","UFFÉ",0.869,0.725,0,-8.428,1,0.0522,0.0357,0.000026,0.111,0.171,129.981,4
spotify:track:087o4bsmI7ueNsGtLfZHZ4,"Polícia Covarde","BAILE","FBC;VHOOR",2021-11-12,150751,40,false,iarecippo,2021-12-29T04:02:58Z,"brazilian hip hop,miami bass,boom bap,brazilian trap","UFFÉ",0.855,0.704,0,-8.037,1,0.0542,0.0121,0.0000263,0.156,0.432,129.977,4
spotify:track:5TUsJAEbbBcBWoca7HQguT,"De Kenner","BAILE","FBC;VHOOR",2021-11-12,152209,48,true,iarecippo,2021-12-29T04:02:58Z,"brazilian hip hop,miami bass,boom bap,brazilian trap","UFFÉ",0.954,0.742,6,-5.229,1,0.0926,0.0196,0,0.101,0.909,128.977,4
spotify:track:71h3L4e8j3bwMpjfjteAYE,"Dawn FM","Dawn FM (Alternate World)","The Weeknd",2022-01-07,96240,0,false,iarecippo,2022-01-13T18:05:34Z,"","XO / Republic Records",0.28,0.478,9,-8.755,0,0.037,0.674,0.0000585,0.483,0.0807,111.65,4
spotify:track:13WW1ZalDNFmKt4R8XhsGi,"Gasoline","Dawn FM (Alternate World)","The Weeknd",2022-01-07,212165,0,false,iarecippo,2022-01-13T18:05:34Z,"","XO / Republic Records",0.728,0.741,6,-7.075,0,0.0473,0.000582,0.00206,0.33,0.31,123.006,4
spotify:track:7uGX8wm0pIenP3XVEhOYQ0,"How Do I Make You Love Me?","Dawn FM (Alternate World)","The Weeknd",2022-01-07,214214,0,false,iarecippo,2022-01-13T18:05:34Z,"","XO / Republic Records",0.805,0.498,7,-7.927,0,0.0737,0.0203,0.0000237,0.085,0.636,121.006,4
spotify:track:1dyMD7bkPNIrwbHXjdLAls,"Take My Breath","Dawn FM (Alternate World)","The Weeknd",2022-01-07,339023,0,false,iarecippo,2022-01-13T18:05:34Z,"","XO / Republic Records",0.698,0.769,8,-7.154,1,0.0368,0.0128,0.00166,0.238,0.354,121.02,4
spotify:track:3r7OYSMC4p5YTyjCplXOaQ,"Sacrifice","Dawn FM (Alternate World)","The Weeknd",2022-01-07,188918,0,true,iarecippo,2022-01-13T18:05:34Z,"","XO / Republic Records",0.735,0.795,11,-6.523,0,0.113,0.0296,0.0000318,0.0678,0.905,122,4
spotify:track:5pzEL5TSvnT36z8fnMuyJL,"Out of Time","Dawn FM (Alternate World)","The Weeknd",2022-01-07,214190,0,false,iarecippo,2022-01-13T18:05:34Z,"","XO / Republic Records",0.617,0.762,0,-4.467,0,0.0469,0.232,0,0.291,0.823,92.971,4
spotify:track:3WTrHzV21MrJxepM6rNeIA,"Here We Go… Again (feat. Tyler, the Creator)","Dawn FM (Alternate World)","The Weeknd;Tyler, The Creator",2022-01-07,209777,0,true,iarecippo,2022-01-13T18:05:34Z,"","XO / Republic Records",0.469,0.623,1,-4.432,1,0.0302,0.345,0,0.588,0.198,134.943,4
spotify:track:78kBfiOIowbBQ96iQGQCl8,"Best Friends","Dawn FM (Alternate World)","The Weeknd",2022-01-07,163504,0,false,iarecippo,2022-01-13T18:05:34Z,"","XO / Republic Records",0.737,0.564,4,-7.045,0,0.105,0.436,0,0.351,0.528,90,4
spotify:track:5rXdRfS0EPQ5zleZ34Rs8k,"Is There Someone Else?","Dawn FM (Alternate World)","The Weeknd",2022-01-07,199111,0,false,iarecippo,2022-01-13T18:05:34Z,"","XO / Republic Records",0.702,0.586,9,-7.83,0,0.0313,0.0388,0.0000727,0.156,0.608,134.951,4
spotify:track:2EAdtcUXbHANMnL2isrTvD,"Starry Eyes","Dawn FM (Alternate World)","The Weeknd",2022-01-07,148000,0,false,iarecippo,2022-01-13T18:05:34Z,"","XO / Republic Records",0.309,0.418,9,-8.622,0,0.031,0.465,0.0000758,0.295,0.146,134.23,4
spotify:track:65ujNJp722zl8uEdYGAZrQ,"Every Angel is Terrifying","Dawn FM (Alternate World)","The Weeknd",2022-01-07,167255,0,false,iarecippo,2022-01-13T18:05:34Z,"","XO / Republic Records",0.447,0.959,0,-5.59,1,0.348,0.109,0.0000275,0.0498,0.46,118.167,4
spotify:track:3LAJkm4BFdM6Qx5vhmLxsN,"Don’t Break My Heart","Dawn FM (Alternate World)","The Weeknd",2022-01-07,205469,0,false,iarecippo,2022-01-13T18:05:34Z,"","XO / Republic Records",0.767,0.618,10,-7.163,1,0.032,0.31,0,0.179,0.243,121.959,4
spotify:track:7DSMkUbG7RfbHIqNi9nmVh,"I Heard You’re Married (feat. Lil Wayne)","Dawn FM (Alternate World)","The Weeknd;Lil Wayne",2022-01-07,263641,0,true,iarecippo,2022-01-13T18:05:34Z,"rap,hip hop","XO / Republic Records",0.736,0.848,9,-5.494,0,0.171,0.103,0,0.299,0.784,109.946,4
spotify:track:262jRlviTjqcM2dzMxPxOy,"Less Than Zero","Dawn FM (Alternate World)","The Weeknd",2022-01-07,211814,0,false,iarecippo,2022-01-13T18:05:34Z,"","XO / Republic Records",0.535,0.791,0,-5.55,1,0.0327,0.00096,0.000155,0.0788,0.5,142.981,4
spotify:track:4nSzpc6A8koEEJBTE33cdK,"Phantom Regret by Jim","Dawn FM (Alternate World)","The Weeknd",2022-01-07,179580,0,false,iarecippo,2022-01-13T18:05:34Z,"","XO / Republic Records",0.394,0.519,9,-11.042,0,0.0465,0.75,0.195,0.129,0.241,110.113,4
spotify:track:2OAfIt4rf4GFIceIUB8U6L,"Take My Breath (Remix) (feat. Agents of Time)","Dawn FM (Alternate World)","The Weeknd;Agents Of Time",2022-01-07,368661,0,false,iarecippo,2022-01-13T18:05:34Z,"melodic techno,melodic house,techno","XO / Republic Records",0.649,0.835,10,-8.611,0,0.0464,0.0402,0.575,0.112,0.457,124.999,4
spotify:track:7aAsStiuC4Zw8vIbvRWtq7,"Sacrifice (Remix) (feat. Swedish House Mafia)","Dawn FM (Alternate World)","The Weeknd;Swedish House Mafia",2022-01-07,238032,0,true,iarecippo,2022-01-13T18:05:34Z,"edm","XO / Republic Records",0.774,0.742,6,-7.391,0,0.0784,0.0312,0.0000503,0.0907,0.677,122.028,4
spotify:track:3PHx91cSFc4vNVP7TpICVt,"Moth To A Flame (with The Weeknd)","Dawn FM (Alternate World)","Swedish House Mafia;The Weeknd",2022-01-07,234000,0,false,iarecippo,2022-01-13T18:05:34Z,"edm","XO / Republic Records",0.542,0.659,8,-7.289,1,0.0389,0.00279,0,0.105,0.109,120.122,4
spotify:track:15TXFTdwGEEL4jH9erTRnK,"ride the dragon","CAPRISONGS","FKA twigs",2022-01-14,188773,53,true,iarecippo,2022-01-15T17:24:02Z,"art pop,alternative r&b","Atlantic Records",0.773,0.366,8,-11.327,1,0.112,0.354,0.00302,0.0707,0.509,147.948,4
spotify:track:6kZsTttxl7h4BLGSRWQnTp,"honda (feat. pa salieu)","CAPRISONGS","FKA twigs;Pa Salieu",2022-01-14,201520,51,true,iarecippo,2022-01-15T17:24:02Z,"art pop,alternative r&b,afroswing,grime,uk grime","Atlantic Records",0.81,0.697,9,-6.179,0,0.399,0.534,0.0127,0.0751,0.435,110.996,4
spotify:track:6EeuY84I1Q3UJvpPN6iSzw,"meta angel","CAPRISONGS","FKA twigs",2022-01-14,259466,51,true,iarecippo,2022-01-15T17:24:02Z,"art pop,alternative r&b","Atlantic Records",0.568,0.369,8,-8.758,1,0.127,0.81,0.0000177,0.168,0.243,134.789,4
spotify:track:1GsSM1Fju5J1Fsu51jEsTg,"tears in the club (feat. the weeknd)","CAPRISONGS","FKA twigs;The Weeknd",2022-01-14,196760,56,true,iarecippo,2022-01-15T17:24:02Z,"art pop,alternative r&b","Atlantic Records",0.616,0.717,8,-6.178,1,0.11,0.194,0.0000981,0.0731,0.72,167.99,4
spotify:track:5dEJc0rHuTVxtl1xljDbRv,"oh my love","CAPRISONGS","FKA twigs",2022-01-14,225653,62,true,iarecippo,2022-01-15T17:24:02Z,"art pop,alternative r&b","Atlantic Records",0.907,0.592,8,-6.44,0,0.0858,0.532,0,0.289,0.545,108.052,4
spotify:track:51DyRlPy8pLq98H2f2g3pa,"pamplemousse","CAPRISONGS","FKA twigs",2022-01-14,98146,47,false,iarecippo,2022-01-15T17:24:02Z,"art pop,alternative r&b","Atlantic Records",0.826,0.87,0,-6.173,1,0.46,0.691,0.0000963,0.85,0.96,150.07,4
spotify:track:1xLQL0HgtfPnT3UpZr4mWC,"caprisongs interlude (feat. solo)","CAPRISONGS","FKA twigs;Solo",2022-01-14,25733,5,false,iarecippo,2022-01-15T17:24:02Z,"art pop,alternative r&b","Atlantic Records",0.428,0.482,11,-14.767,1,0.426,0.639,0.00621,0.182,0.237,114.359,3
spotify:track:4c9ygoZeMOjvu3uoLpIsl6,"lightbeamers","CAPRISONGS","FKA twigs",2022-01-14,211880,46,false,iarecippo,2022-01-15T17:24:02Z,"art pop,alternative r&b","Atlantic Records",0.742,0.44,8,-8.045,0,0.0609,0.465,0.00134,0.0924,0.307,129.894,3
spotify:track:4EgGFRir6rg8sUSZewSrSg,"which way (feat. dystopia)","CAPRISONGS","FKA twigs;Dystopia",2022-01-14,122146,44,false,iarecippo,2022-01-15T17:24:02Z,"art pop,alternative r&b,riot grrrl,queercore","Atlantic Records",0.699,0.556,9,-8.075,1,0.27,0.203,0.00000682,0.336,0.263,88.504,4
spotify:track:3xqtvSfofDvSMVwwSbuvKi,"careless (feat. daniel caesar)","CAPRISONGS","FKA twigs;Daniel Caesar",2022-01-14,216760,49,false,iarecippo,2022-01-15T17:24:02Z,"art pop,alternative r&b","Atlantic Records",0.706,0.395,11,-6.952,0,0.0588,0.724,0.0000216,0.203,0.26,118.128,4
spotify:track:6rjnUkLj645A70RfJnCnPI,"minds of men","CAPRISONGS","FKA twigs",2022-01-14,204533,43,false,iarecippo,2022-01-15T17:24:02Z,"art pop,alternative r&b","Atlantic Records",0.627,0.519,11,-9.349,0,0.289,0.798,0.00183,0.102,0.183,130.789,4
spotify:track:2lMKT1E1BmYcRYSmglviRb,"track girl interlude","CAPRISONGS","FKA twigs",2022-01-14,102866,37,false,iarecippo,2022-01-15T17:24:02Z,"art pop,alternative r&b","Atlantic Records",0.482,0.343,2,-13.387,1,0.156,0.95,0,0.309,0.411,114.704,3
spotify:track:1utTJXz5WzG0tONsJYKywl,"darjeeling (feat jorja smith & unknown t)","CAPRISONGS","FKA twigs;Jorja Smith;Unknown T",2022-01-14,183666,47,false,iarecippo,2022-01-15T17:24:02Z,"art pop,alternative r&b,uk r&b,uk drill,drill,grime,uk grime,afroswing","Atlantic Records",0.5,0.481,1,-9.943,1,0.506,0.211,0,0.078,0.516,193.885,4
spotify:track:7smsrHWCFPoXKkuVfCTqvm,"christi interlude","CAPRISONGS","FKA twigs",2022-01-14,64026,35,false,iarecippo,2022-01-15T17:24:02Z,"art pop,alternative r&b","Atlantic Records",0.557,0.291,11,-13.64,1,0.36,0.842,0.00178,0.495,0.382,120.216,4
spotify:track:6gkqX8E8lPuDIGqH5Fjm5J,"thank you song","CAPRISONGS","FKA twigs",2022-01-14,208800,42,false,iarecippo,2022-01-15T17:24:02Z,"art pop,alternative r&b","Atlantic Records",0.417,0.332,0,-8.657,0,0.041,0.71,0.0000196,0.126,0.316,132.987,4
spotify:track:5fNZNFYSnAeIQXc3Bsd0QK,"Flip Me Upside Down","Fix Yourself, Not the World","The Wombats",2022-01-14,193720,0,true,iarecippo,2022-01-19T15:39:14Z,"indie","The Wombats",0.481,0.824,1,-5.539,1,0.0639,0.00608,0,0.0653,0.511,171.91,4
spotify:track:3kgUL6z42w6qC6Tp5FrZrU,"This Car Drives All by Itself","Fix Yourself, Not the World","The Wombats",2022-01-14,285186,0,false,iarecippo,2022-01-19T15:39:14Z,"indie","The Wombats",0.606,0.949,5,-5.216,1,0.0534,0.000257,0.00253,0.311,0.245,129.307,4
spotify:track:3LQDkH5zNQ4x0UUsmH4zkj,"If You Ever Leave, I'm Coming with You","Fix Yourself, Not the World","The Wombats",2022-01-14,169213,0,false,iarecippo,2022-01-19T15:39:14Z,"indie","The Wombats",0.514,0.875,9,-5.472,0,0.075,0.000247,0.0000114,0.505,0.591,152.005,4
spotify:track:7tWT6Ye2xizFRpIU5P2iu3,"Ready for the High","Fix Yourself, Not the World","The Wombats",2022-01-14,245320,0,false,iarecippo,2022-01-19T15:39:14Z,"indie","The Wombats",0.503,0.77,11,-7.003,0,0.0429,0.0001,0.000743,0.325,0.762,150.107,4
spotify:track:6bdUYF2BSpMJ1eSVb9wbAn,"Method to the Madness","Fix Yourself, Not the World","The Wombats",2022-01-14,273671,0,true,iarecippo,2022-01-19T15:39:14Z,"indie","The Wombats",0.418,0.57,0,-8.531,1,0.12,0.0144,0.0138,0.14,0.428,120.038,4
spotify:track:3ZZMRQGkQFgAAj3OejwUTL,"People Don't Change People, Time Does","Fix Yourself, Not the World","The Wombats",2022-01-14,181386,0,false,iarecippo,2022-01-19T15:39:14Z,"indie","The Wombats",0.61,0.872,9,-5.714,0,0.0344,0.000655,0.000277,0.327,0.803,130.079,4
spotify:track:6O94vSYs7gDfIV2sutYfVo,"Everything I Love Is Going to Die","Fix Yourself, Not the World","The Wombats",2022-01-14,200160,0,false,iarecippo,2022-01-19T15:39:14Z,"indie","The Wombats",0.639,0.764,11,-4.794,1,0.0285,0.00126,0.00000117,0.29,0.877,105.033,4
spotify:track:2Hlt62S4wiistQnO3O382V,"Work Is Easy, Life Is Hard","Fix Yourself, Not the World","The Wombats",2022-01-14,196600,0,false,iarecippo,2022-01-19T15:39:14Z,"indie","The Wombats",0.502,0.891,4,-7.382,0,0.0548,0.0000271,0.00786,0.0987,0.747,109.986,4
spotify:track:0V4QWXVlGMTuGHe0CJeO3Y,"Wildfire","Fix Yourself, Not the World","The Wombats",2022-01-14,209933,0,false,iarecippo,2022-01-19T15:39:14Z,"indie","The Wombats",0.537,0.726,0,-6.353,1,0.0381,0.000905,0.0013,0.126,0.892,95.996,4
spotify:track:4AEx5k6y40OMGpjlqzWQWj,"Don't Poke the Bear","Fix Yourself, Not the World","The Wombats",2022-01-14,187480,0,false,iarecippo,2022-01-19T15:39:14Z,"indie","The Wombats",0.481,0.768,7,-5.817,1,0.0425,0.000182,0.000685,0.15,0.454,140.028,4
spotify:track:5nKpoWKLLQXceVbefTJOio,"Worry","Fix Yourself, Not the World","The Wombats",2022-01-14,190986,0,false,iarecippo,2022-01-19T15:39:14Z,"indie","The Wombats",0.672,0.757,2,-5.025,1,0.0489,0.0018,0.000811,0.0808,0.9,139.984,4
spotify:track:5k5WgaGc79eyvNVNrii5Wa,"Fix Yourself, Then the World (Reach Beyond Your Fingers)","Fix Yourself, Not the World","The Wombats",2022-01-14,103066,0,false,iarecippo,2022-01-19T15:39:14Z,"indie","The Wombats",0.264,0.331,0,-9.518,1,0.0425,0.163,0.595,0.353,0.0388,106.682,3
spotify:track:1CWkb6uHs2tZnSOtR1mi6z,"amor amor","Trava Línguas","Linn da Quebrada",2021-07-16,144837,0,false,iarecippo,2022-01-22T15:21:36Z,"brazilian pop,new mpb,ballroom vogue","Linn da Quebrada",0.543,0.63,5,-8.236,0,0.319,0.674,0.00000596,0.293,0.565,203.688,4
spotify:track:6kQA1WzWswBfx9rTjC7M3N,"cobra rasteira","Trava Línguas","Linn da Quebrada",2021-07-16,181557,0,false,iarecippo,2022-01-22T15:21:36Z,"brazilian pop,new mpb,ballroom vogue","Linn da Quebrada",0.734,0.777,11,-6.194,0,0.0412,0.144,0.00000405,0.304,0.371,113.032,4
spotify:track:344VMZslWZrTMBjwk7sBH6,"I míssil","Trava Línguas","Linn da Quebrada;BADSISTA",2021-07-16,312117,0,false,iarecippo,2022-01-22T15:21:36Z,"brazilian pop,new mpb,ballroom vogue,kuduro","Linn da Quebrada",0.737,0.617,2,-6.864,1,0.0484,0.11,0.000643,0.128,0.85,117.988,4
spotify:track:28CheZFrkYyeJUP02gfzt1,"dispara","Trava Línguas","Linn da Quebrada;Luísa Nascim",2021-07-16,214197,0,false,iarecippo,2022-01-22T15:21:36Z,"brazilian pop,new mpb,ballroom vogue","Linn da Quebrada",0.585,0.715,7,-6.841,0,0.305,0.332,0.000108,0.0864,0.646,121.305,5
spotify:track:2ag8xyS2fHx2Y27MVu1Nrk,"medrosa - ode à Stella do Patrocínio","Trava Línguas","Linn da Quebrada",2021-07-16,133617,0,false,iarecippo,2022-01-22T15:21:36Z,"brazilian pop,new mpb,ballroom vogue","Linn da Quebrada",0.464,0.31,9,-11.257,1,0.0279,0.913,0.000568,0.12,0.347,77.416,4
spotify:track:2YjbRNLXewpRk5FXM0xqop,"onde","Trava Línguas","Linn da Quebrada",2021-07-16,220317,0,false,iarecippo,2022-01-22T15:21:36Z,"brazilian pop,new mpb,ballroom vogue","Linn da Quebrada",0.671,0.773,8,-6.121,1,0.187,0.109,0.00161,0.117,0.719,169.953,4
spotify:track:46D13WjTPaTwGMkLrPEhug,"pense & dance","Trava Línguas","Linn da Quebrada",2021-07-16,286617,0,false,iarecippo,2022-01-22T15:21:36Z,"brazilian pop,new mpb,ballroom vogue","Linn da Quebrada",0.783,0.764,1,-7.754,1,0.132,0.265,0.000125,0.124,0.439,130.972,4
spotify:track:79MPey8BlbWAM5xV5GOUSF,"mate & morra","Trava Línguas","Linn da Quebrada;BADSISTA",2021-07-16,216237,0,true,iarecippo,2022-01-22T15:21:36Z,"brazilian pop,new mpb,ballroom vogue,kuduro","Linn da Quebrada",0.832,0.676,1,-5.834,1,0.11,0.0212,0.000203,0.0888,0.371,127.998,4
spotify:track:4Rfdm6jtBeEcXAI1dSZKL6,"eu matei o Júnior","Trava Línguas","Linn da Quebrada;Ventura Profana",2021-07-16,217257,0,false,iarecippo,2022-01-22T15:21:36Z,"brazilian pop,new mpb,ballroom vogue","Linn da Quebrada",0.636,0.787,0,-5.46,0,0.0611,0.279,0,0.0971,0.542,140.007,4
spotify:track:75MtyxCW4EhkpZUq8CwJ04,"tudo","Trava Línguas","Linn da Quebrada",2021-07-16,185637,0,false,iarecippo,2022-01-22T15:21:36Z,"brazilian pop,new mpb,ballroom vogue","Linn da Quebrada",0.509,0.2,4,-12.151,1,0.0373,0.939,0.00367,0.0909,0.199,99.93,3
spotify:track:4xUDDrNNLaFKzjfM3JLyZm,"quem soul eu","Trava Línguas","Linn da Quebrada;BADSISTA",2021-07-16,224397,0,false,iarecippo,2022-01-22T15:21:36Z,"brazilian pop,new mpb,ballroom vogue,kuduro","Linn da Quebrada",0.601,0.73,5,-6.947,1,0.0584,0.168,0.00000827,0.151,0.312,112.034,4
spotify:track:3xLif937bg3cCIgzGxs9TA,"Dragon Slayer","Time Skiffs","Animal Collective",2022-02-04,236294,26,false,iarecippo,2022-02-09T18:42:08Z,"neo-psychedelic,indie rock","Domino Recording Co",0.494,0.637,11,-8.654,1,0.0343,0.0408,0.00201,0.167,0.592,147.037,4
spotify:track:4tpKBhp9FEC98Mwga9OJw8,"Car Keys","Time Skiffs","Animal Collective",2022-02-04,276023,23,false,iarecippo,2022-02-09T18:42:08Z,"neo-psychedelic,indie rock","Domino Recording Co",0.414,0.518,1,-10.042,0,0.032,0.000513,0.00476,0.0786,0.269,145.917,3
spotify:track:0VDJzLBQw9SABBURyQjDvW,"Prester John","Time Skiffs","Animal Collective",2022-02-04,389102,31,false,iarecippo,2022-02-09T18:42:08Z,"neo-psychedelic,indie rock","Domino Recording Co",0.559,0.51,10,-12.236,0,0.0382,0.157,0.0757,0.325,0.507,149.057,4
spotify:track:4l80EAKjqQ9y68eclkXHSj,"Strung with Everything","Time Skiffs","Animal Collective",2022-02-04,416117,23,false,iarecippo,2022-02-09T18:42:08Z,"neo-psychedelic,indie rock","Domino Recording Co",0.547,0.691,0,-8.332,1,0.0387,0.0631,0.000165,0.166,0.212,111.018,4
spotify:track:44bWRenkhlYcqoJn3ARHUC,"Walker","Time Skiffs","Animal Collective",2022-02-04,227295,21,false,iarecippo,2022-02-09T18:42:08Z,"neo-psychedelic,indie rock","Domino Recording Co",0.579,0.507,3,-11.303,0,0.0328,0.124,0.0003,0.325,0.371,92.978,4
spotify:track:1qFudtsBIsNMBumicKCVYm,"Cherokee","Time Skiffs","Animal Collective",2022-02-04,470299,21,false,iarecippo,2022-02-09T18:42:08Z,"neo-psychedelic,indie rock","Domino Recording Co",0.457,0.55,5,-9.836,1,0.0277,0.0863,0.00166,0.094,0.159,93.956,4
spotify:track:4oT1pndvgOwHjRWJ2jIJZl,"Passer-by","Time Skiffs","Animal Collective",2022-02-04,258601,17,false,iarecippo,2022-02-09T18:42:08Z,"neo-psychedelic,indie rock","Domino Recording Co",0.537,0.598,6,-9.876,1,0.0311,0.334,0.396,0.386,0.516,113.922,3
spotify:track:1f3i1CdCgBVdkJB2Siz9bk,"We Go Back","Time Skiffs","Animal Collective",2022-02-04,203264,19,false,iarecippo,2022-02-09T18:42:08Z,"neo-psychedelic,indie rock","Domino Recording Co",0.419,0.599,2,-9.977,0,0.0497,0.178,0.0376,0.117,0.255,146.806,5
spotify:track:7CKJp9xqS6tUaGjfTThJCX,"Royal and Desire","Time Skiffs","Animal Collective",2022-02-04,346552,24,false,iarecippo,2022-02-09T18:42:08Z,"neo-psychedelic,indie rock","Domino Recording Co",0.161,0.473,5,-11.467,1,0.0344,0.695,0.173,0.0891,0.158,86.75,5
spotify:track:2jEp4kHbLDatuXAlt2wurj,"Call Me Anytime","Get A Good Look","Sports",2022-02-11,264229,28,false,iarecippo,2022-02-11T22:52:53Z,"","Sports",0.777,0.571,8,-5.827,0,0.0927,0.137,0.767,0.0858,0.622,109.983,4
spotify:track:2LSRLcrbpykc0R3yV4lct3,"The Look","Get A Good Look","Sports",2022-02-11,236495,46,false,iarecippo,2022-02-11T22:52:53Z,"","Sports",0.818,0.868,10,-4.863,0,0.0755,0.0712,0.836,0.0615,0.92,117.008,4
spotify:track:41HyMiZSBLGlfopnDE7Ppc,"Baby Baby","Get A Good Look","Sports",2022-02-11,182601,69,false,iarecippo,2022-02-11T22:52:53Z,"","Sports",0.762,0.672,11,-5.358,1,0.0346,0.111,0.807,0.0461,0.841,76.496,4
spotify:track:0sUG34JWUW8jxxK7mii7iv,"Never Know","Get A Good Look","Sports",2022-02-11,209581,36,false,iarecippo,2022-02-11T22:52:53Z,"","Sports",0.53,0.86,0,-5.179,0,0.177,0.46,0.513,0.309,0.729,173.716,4
spotify:track:2iHgCCdIcdyNKh6Rd3BBCB,"Tell You Something","Get A Good Look","Sports",2022-02-11,199827,56,false,iarecippo,2022-02-11T22:52:53Z,"","Sports",0.836,0.745,10,-5.356,0,0.0411,0.212,0.011,0.0803,0.656,113.991,4
spotify:track:3Hg4K3BFemIa2Cs4ZaiDS0,"Don't Get Me Started","Get A Good Look","Sports",2022-02-11,212767,28,false,iarecippo,2022-02-11T22:52:53Z,"","Sports",0.743,0.603,11,-4.908,0,0.0354,0.333,0.541,0.11,0.703,114.425,4
spotify:track:11cksjOcpLv8T84eAYGxPS,"Intermission","Get A Good Look","Sports",2022-02-11,45838,20,false,iarecippo,2022-02-11T22:52:53Z,"","Sports",0.397,0.559,10,-15.15,0,0.143,0.966,0.902,0.106,0.109,108.727,1
spotify:track:1zk4PpktHQq3Wh2TIOE6zF,"Ordinary Man","Get A Good Look","Sports",2022-02-11,248573,29,false,iarecippo,2022-02-11T22:52:53Z,"","Sports",0.755,0.702,4,-6.621,1,0.0896,0.0178,0.692,0.103,0.595,102.018,4
spotify:track:5aUr93JZkt8DRPAJmflawe,"Can't Be What You Think","Get A Good Look","Sports",2022-02-11,199727,31,false,iarecippo,2022-02-11T22:52:53Z,"","Sports",0.738,0.635,5,-5.443,0,0.0566,0.258,0.793,0.128,0.761,176.005,4
spotify:track:3Whr4pkZKKxLtzq8EuZWIO,"Everybody Wants To Be A Frog","Get A Good Look","Sports",2022-02-11,206592,23,false,iarecippo,2022-02-11T22:52:53Z,"","Sports",0.787,0.701,6,-6.104,0,0.0282,0.0701,0.782,0.112,0.586,101.005,4
spotify:track:41zj2nKSw6Q6gBDmy0cLro,"Damn I'm Tired","Get A Good Look","Sports",2022-02-11,225732,34,false,iarecippo,2022-02-11T22:52:53Z,"","Sports",0.541,0.73,2,-5.223,1,0.0301,0.0697,0.0736,0.117,0.5,106.01,4
spotify:track:4gDde3x6dRI2iCmjXIps3U,"It Gets Hard To Be Alone","Get A Good Look","Sports",2022-02-11,194835,23,false,iarecippo,2022-02-11T22:52:53Z,"","Sports",0.428,0.642,2,-5.901,1,0.0328,0.577,0.536,0.409,0.59,168.076,4
spotify:track:0n74qdRV4WcfN2q0Z6HQrq,"Get A Good Look","Get A Good Look","Sports",2022-02-11,252199,28,false,iarecippo,2022-02-11T22:52:53Z,"","Sports",0.441,0.691,4,-5.722,1,0.0273,0.00647,0.629,0.0984,0.414,155.897,4
spotify:track:6CKsbTf8sdbVrouTPRmecU,"Once Twice Melody","Once Twice Melody","Beach House",2021-12-08,284906,0,false,iarecippo,2022-02-14T19:22:26Z,"dream pop","Bella Union",0.355,0.735,7,-11.028,0,0.0345,0.382,0.861,0.135,0.426,168.246,4
spotify:track:76qVmPxwonlOGtSpTDbkul,"Superstar","Once Twice Melody","Beach House",2021-12-08,368666,0,false,iarecippo,2022-02-14T19:22:26Z,"dream pop","Bella Union",0.496,0.9,3,-6.149,1,0.0381,0.0489,0.88,0.147,0.378,117.956,4
spotify:track:66fNAXdMyrtp91vXjZcj7q,"Pink Funeral","Once Twice Melody","Beach House",2021-12-08,296226,0,false,iarecippo,2022-02-14T19:22:26Z,"dream pop","Bella Union",0.423,0.758,7,-7.693,1,0.0316,0.0102,0.0135,0.242,0.0702,125.2,4
spotify:track:1IrC20FbDhbwAqjl3ZcCNa,"Through Me","Once Twice Melody","Beach House",2021-12-08,348746,0,false,iarecippo,2022-02-14T19:22:26Z,"dream pop","Bella Union",0.484,0.722,7,-8.678,1,0.031,0.145,0.779,0.114,0.139,135.021,4
spotify:track:1Kl9O2DebcVy5yU5vo2GVp,"Runaway","Once Twice Melody","Beach House",2021-12-08,263160,0,false,iarecippo,2022-02-14T19:22:26Z,"dream pop","Bella Union",0.466,0.863,4,-8.795,0,0.0323,0.525,0.781,0.0615,0.416,90.029,4
spotify:track:5VdtbQ413XOJqgyxvSwmui,"ESP","Once Twice Melody","Beach House",2021-12-08,228653,0,false,iarecippo,2022-02-14T19:22:26Z,"dream pop","Bella Union",0.229,0.57,9,-6.394,0,0.0323,0.57,0.679,0.12,0.17,135.126,4
spotify:track:4hv2QgIi9X2sCCw4LsjPBb,"New Romance","Once Twice Melody","Beach House",2021-12-08,252733,0,false,iarecippo,2022-02-14T19:22:26Z,"dream pop","Bella Union",0.399,0.825,7,-5.716,0,0.0335,0.0465,0.00184,0.193,0.158,82.51,4
spotify:track:3QcSXM7cxDq64VzB904jqK,"Over and Over","Once Twice Melody","Beach House",2021-12-08,431400,0,false,iarecippo,2022-02-14T19:22:26Z,"dream pop","Bella Union",0.332,0.738,7,-9.138,1,0.0313,0.534,0.964,0.0764,0.0922,174.19,4
spotify:track:5lE4QCcdMDB6zw7BdjTN4W,"Life and Death","Small World","Metronomy",2022-02-18,180853,25,false,iarecippo,2022-02-18T10:52:08Z,"new rave,alternative dance","Because Music Ltd.",0.789,0.285,0,-12.167,1,0.0568,0.491,0.057,0.125,0.52,129.266,4
spotify:track:5fDVGTBnAnB8K0Kcn3Lmf6,"Things will be fine","Small World","Metronomy",2022-02-18,210266,48,false,iarecippo,2022-02-18T10:52:08Z,"new rave,alternative dance","Because Music Ltd.",0.716,0.713,0,-9.392,1,0.0304,0.438,0.265,0.101,0.916,144.964,4
spotify:track:4ia6ACdtbVvoBgfixtaXFP,"It's good to be back","Small World","Metronomy",2022-02-18,233040,37,false,iarecippo,2022-02-18T10:52:08Z,"new rave,alternative dance","Because Music Ltd.",0.706,0.728,2,-8.749,1,0.0363,0.0666,0.0378,0.0946,0.921,118.996,4
spotify:track:73yYzvKQM3cXUKyWO5Ynwr,"Loneliness on the run","Small World","Metronomy",2022-02-18,219333,39,false,iarecippo,2022-02-18T10:52:08Z,"new rave,alternative dance","Because Music Ltd.",0.655,0.537,7,-10.176,1,0.0478,0.264,0.451,0.102,0.562,180.016,4
spotify:track:4AtIhiUFAKl50d9Ul78RLR,"Love Factory","Small World","Metronomy",2022-02-18,303960,39,false,iarecippo,2022-02-18T10:52:08Z,"new rave,alternative dance","Because Music Ltd.",0.676,0.688,2,-8.456,1,0.0285,0.529,0.354,0.145,0.925,119.99,4
spotify:track:7iPFS4kB3Wei4aVglQ8ayC,"I lost my mind","Small World","Metronomy",2022-02-18,305213,26,false,iarecippo,2022-02-18T10:52:08Z,"new rave,alternative dance","Because Music Ltd.",0.671,0.595,9,-9.751,0,0.0264,0.668,0.631,0.133,0.473,136.009,4
spotify:track:6JJ3UK1YfxO26iEiMWUHHj,"Right on time","Small World","Metronomy",2022-02-18,224133,53,false,iarecippo,2022-02-18T10:52:08Z,"new rave,alternative dance","Because Music Ltd.",0.85,0.559,0,-9.652,1,0.0343,0.188,0.0365,0.0976,0.946,118.011,4
spotify:track:6eKt37hsddMUisZhtklhu3,"Hold me tonight (feat. Porridge Radio)","Small World","Metronomy;Porridge Radio",2022-02-18,211000,37,false,iarecippo,2022-02-18T10:52:08Z,"new rave,alternative dance,lo-fi indie","Because Music Ltd.",0.626,0.647,11,-7.639,1,0.276,0.617,0.00238,0.0954,0.524,172.003,4
spotify:track:6jH7syu4BDAdAsfZiusI4y,"I have seen enough","Small World","Metronomy",2022-02-18,212706,25,false,iarecippo,2022-02-18T10:52:08Z,"new rave,alternative dance","Because Music Ltd.",0.824,0.292,5,-10.156,1,0.0408,0.443,0.678,0.113,0.562,84.005,4
spotify:track:7jp8CiE1BEeVGNMfY0K78r,"Vraiment","Petite Amie","Petite Amie",2021-10-01,202999,0,false,iarecippo,2022-02-24T15:37:29Z,"mexican indie,latin indie,french indie pop","Park The Van",0.665,0.365,10,-12.612,1,0.0326,0.00598,0.888,0.36,0.449,172.006,4
spotify:track:6g2IDBSz7qp6T3eKCHYlCG,"El Delirio","Petite Amie","Petite Amie",2021-10-01,314999,0,false,iarecippo,2022-02-24T15:37:29Z,"mexican indie,latin indie,french indie pop","Park The Van",0.574,0.59,0,-11.092,1,0.0392,0.0977,0.554,0.116,0.186,153.093,4
spotify:track:3IecX2VuBO0DrFawmmzeBw,"Refugio","Petite Amie","Petite Amie",2021-10-01,222162,0,false,iarecippo,2022-02-24T15:37:29Z,"mexican indie,latin indie,french indie pop","Park The Van",0.566,0.693,7,-10.37,1,0.0308,0.014,0.179,0.305,0.653,146.961,4
spotify:track:3ACO1KEw9UqlHQOvJ2DeHs,"C'est Pas Moi","Petite Amie","Petite Amie",2021-10-01,206093,0,false,iarecippo,2022-02-24T15:37:29Z,"mexican indie,latin indie,french indie pop","Park The Van",0.613,0.415,4,-11.724,1,0.0298,0.0763,0.697,0.123,0.267,73.503,3
spotify:track:0b97UljqY1wwCAmYmNwEyi,"Desastre","Petite Amie","Petite Amie",2021-10-01,192530,0,false,iarecippo,2022-02-24T15:37:29Z,"mexican indie,latin indie,french indie pop","Park The Van",0.601,0.491,7,-13.161,1,0.0374,0.597,0.501,0.122,0.498,81.977,4
spotify:track:3MgfeTv1GCt00nPPFGVqS4,"Interludio","Petite Amie","Petite Amie",2021-10-01,159506,0,false,iarecippo,2022-02-24T15:37:29Z,"mexican indie,latin indie,french indie pop","Park The Van",0.791,0.411,10,-12.282,0,0.0583,0.1,0.838,0.0883,0.296,115.009,4
spotify:track:5rlMlmeYSoGJOs5SeYgCES,"Elektro","Petite Amie","Petite Amie",2021-10-01,205500,0,false,iarecippo,2022-02-24T15:37:29Z,"mexican indie,latin indie,french indie pop","Park The Van",0.577,0.517,7,-11.693,0,0.0271,0.0595,0.895,0.378,0.679,100,4
spotify:track:3snr2TC9RCJr8GF60DflLu,"Sumérgete","Petite Amie","Petite Amie",2021-10-01,202791,0,false,iarecippo,2022-02-24T15:37:29Z,"mexican indie,latin indie,french indie pop","Park The Van",0.466,0.543,0,-10.415,1,0.0272,0.121,0.85,0.458,0.185,79.975,4
spotify:track:79aB6XuqXn9vVXXFDEuda0,"Post Punk","Petite Amie","Petite Amie",2021-10-01,71666,0,false,iarecippo,2022-02-24T15:37:29Z,"mexican indie,latin indie,french indie pop","Park The Van",0.505,0.357,11,-12.682,0,0.0272,0.000231,0.955,0.0818,0.425,137.954,4
spotify:track:5rjlDdc8RL3RA5T1UVJ7C0,"Reviens","Petite Amie","Petite Amie",2021-10-01,188798,0,false,iarecippo,2022-02-24T15:37:29Z,"mexican indie,latin indie,french indie pop","Park The Van",0.599,0.538,1,-11.128,0,0.027,0.00927,0.0803,0.186,0.79,138.06,4
spotify:track:123UeWJztoJyAxznBSR0bh,"Adiós","Petite Amie","Petite Amie",2021-10-01,204263,0,false,iarecippo,2022-02-24T15:37:29Z,"mexican indie,latin indie,french indie pop","Park The Van",0.527,0.216,8,-18.016,1,0.0317,0.583,0.00969,0.218,0.339,85.987,4
spotify:track:5cuwIuGhMvdxuGgakdV2l1,"Goggles","Post Animal Perform the Most Curious Water Activities","Post Animal",2015-12-03,324000,0,false,iarecippo,2022-03-16T18:16:31Z,"neo-psychedelic,psychedelic rock","Post Animal",0.23,0.62,9,-7.039,1,0.0454,0.0789,0.00193,0.486,0.143,129.856,4
spotify:track:1Sz4Udoe76e1pmCy2b0kZH,"Aral Sea","Post Animal Perform the Most Curious Water Activities","Post Animal",2015-12-03,238000,0,false,iarecippo,2022-03-16T18:16:31Z,"neo-psychedelic,psychedelic rock","Post Animal",0.426,0.789,11,-6.658,1,0.0598,0.0677,0.000139,0.112,0.485,111.931,4
spotify:track:029OWIHjZQTe5KSFn8P4iL,"Alabaster","Post Animal Perform the Most Curious Water Activities","Post Animal",2015-12-03,256000,0,false,iarecippo,2022-03-16T18:16:31Z,"neo-psychedelic,psychedelic rock","Post Animal",0.214,0.813,4,-7.227,1,0.0612,0.0676,0.000972,0.0791,0.398,167.474,4
spotify:track:7kbLjIbvf6vLMiqtvhK4MO,"Eel","Post Animal Perform the Most Curious Water Activities","Post Animal",2015-12-03,228000,0,false,iarecippo,2022-03-16T18:16:31Z,"neo-psychedelic,psychedelic rock","Post Animal",0.342,0.895,2,-5.562,1,0.0943,0.68,0.0000369,0.359,0.334,123.995,4
spotify:track:4v6E4CCDBtlsoFq0XAfPZd,"Swamp Fruit","Post Animal Perform the Most Curious Water Activities","Post Animal",2015-12-03,298000,0,false,iarecippo,2022-03-16T18:16:31Z,"neo-psychedelic,psychedelic rock","Post Animal",0.18,0.726,4,-6.133,0,0.0782,0.446,0.753,0.326,0.148,179.056,4
spotify:track:0MPt7qXVFoGWOo6ThdjbjU,"A Whale's Tale","Post Animal Perform the Most Curious Water Activities","Post Animal",2015-12-03,291000,0,false,iarecippo,2022-03-16T18:16:31Z,"neo-psychedelic,psychedelic rock","Post Animal",0.337,0.796,9,-7.023,1,0.0792,0.629,0.344,0.162,0.243,123.41,4
spotify:track:6hmPUKaLqkWgcKqs7um5ag,"Hoverin' All Night","Post Animal Perform the Most Curious Water Activities","Post Animal",2015-12-03,289000,0,false,iarecippo,2022-03-16T18:16:31Z,"neo-psychedelic,psychedelic rock","Post Animal",0.18,0.77,7,-6.299,1,0.062,0.0245,0.058,0.324,0.325,78.666,4
spotify:track:3OmKAaoiovtGcDZNsEwbHs,"20h","Encosta","Rachel Reis;Cuper;Zamba;Yan Cloud",2021-04-30,135818,0,false,iarecippo,2022-03-18T11:49:34Z,"new mpb","Rachel Reis",0.802,0.51,9,-9.82,0,0.0405,0.338,0.0585,0.124,0.867,109.998,4
spotify:track:1YB4Kt8I62LAGbYY9up1Zm,"Chanel","Encosta","Rachel Reis;Cuper;Zamba",2021-04-30,144000,0,false,iarecippo,2022-03-18T11:49:34Z,"new mpb","Rachel Reis",0.712,0.358,0,-11.605,0,0.0794,0.395,0.00122,0.0859,0.686,90.013,4
spotify:track:4DzORJJGmUzh6DgjaS9kpi,"Saudade","Encosta","Rachel Reis;Zamba;Cuper",2021-04-30,197052,0,false,iarecippo,2022-03-18T11:49:34Z,"new mpb","Rachel Reis",0.779,0.528,8,-9.893,1,0.0451,0.228,0.0385,0.114,0.412,94.994,4
spotify:track:5T63YwjdDQ5LUYtukiVSm4,"Desatei","Encosta","Rachel Reis;Cuper;Zamba",2021-04-30,163090,0,false,iarecippo,2022-03-18T11:49:34Z,"new mpb","Rachel Reis",0.872,0.5,6,-12.128,0,0.0975,0.259,0.00324,0.125,0.453,107.993,4
spotify:track:2FYGZDfsAnNsrm1gVbyKnG,"SAOKO","MOTOMAMI","ROSALÍA",2022-03-18,137533,69,true,iarecippo,2022-03-18T14:08:05Z,"latin","Columbia",0.827,0.768,0,-5.702,1,0.265,0.79,0.0000245,0.497,0.734,99.988,4
spotify:track:70AYiGbc4mWZGEqiipBBDb,"CANDY","MOTOMAMI","ROSALÍA",2022-03-18,193488,64,false,iarecippo,2022-03-18T14:08:05Z,"latin","Columbia",0.638,0.49,4,-5.726,0,0.226,0.885,0.0116,0.156,0.403,179.905,4
spotify:track:6Y46tOTRhkBamosyuWa6YX,"LA FAMA","MOTOMAMI","ROSALÍA;The Weeknd",2022-03-18,188121,79,false,iarecippo,2022-03-18T14:08:05Z,"latin","Columbia",0.766,0.295,0,-7.893,0,0.0464,0.947,0.0000444,0.119,0.805,136.016,4
spotify:track:5tmrMIajDQRBcJQPaoAGdk,"BULERÍAS","MOTOMAMI","ROSALÍA",2022-03-18,155861,55,false,iarecippo,2022-03-18T14:08:05Z,"latin","Columbia",0.774,0.458,0,-6.301,1,0.303,0.932,0.000122,0.191,0.757,127.33,3
spotify:track:6hH6QJ9ZAO0Z6m7PfvLoXW,"CHICKEN TERIYAKI","MOTOMAMI","ROSALÍA",2022-03-18,122209,61,false,iarecippo,2022-03-18T14:08:05Z,"latin","Columbia",0.788,0.4,2,-6.454,1,0.115,0.454,0.000141,0.0686,0.558,97.936,4
spotify:track:4kroNlz8BTfswE4M0i3YCh,"HENTAI","MOTOMAMI","ROSALÍA",2022-03-18,162929,57,true,iarecippo,2022-03-18T14:08:05Z,"latin","Columbia",0.583,0.297,7,-11.273,0,0.406,0.879,0,0.127,0.291,124.279,3
spotify:track:4kXxEhuatrvwrTQycA7s9B,"BIZCOCHITO","MOTOMAMI","ROSALÍA",2022-03-18,109109,69,true,iarecippo,2022-03-18T14:08:05Z,"latin","Columbia",0.93,0.774,1,-4.203,1,0.0744,0.605,0.0238,0.12,0.781,116.972,4
spotify:track:2MismgPSA3HxJUEV2pEl25,"G3 N15","MOTOMAMI","ROSALÍA",2022-03-18,252121,56,false,iarecippo,2022-03-18T14:08:05Z,"latin","Columbia",0.499,0.0688,0,-16.364,1,0.0524,0.965,0.000164,0.114,0.0998,64.987,3
spotify:track:6ygEPi8EtVkUO0Xarcgs63,"MOTOMAMI","MOTOMAMI","ROSALÍA",2022-03-18,61422,58,false,iarecippo,2022-03-18T14:08:05Z,"latin","Columbia",0.887,0.331,2,-7.669,1,0.465,0.637,0.00532,0.0958,0.686,120.022,4
spotify:track:4QlMiL1BPCBzLfn1XbSkpg,"DIABLO","MOTOMAMI","ROSALÍA",2022-03-18,165552,58,false,iarecippo,2022-03-18T14:08:05Z,"latin","Columbia",0.753,0.277,0,-8.823,1,0.351,0.819,0.000165,0.0661,0.328,88.019,4
spotify:track:6lKZ5I0yW3IpUFHEKJCWlx,"DELIRIO DE GRANDEZA","MOTOMAMI","ROSALÍA",2022-03-18,155436,56,false,iarecippo,2022-03-18T14:08:05Z,"latin","Columbia",0.647,0.239,1,-10.51,1,0.0331,0.874,0.0000496,0.372,0.298,101.609,4
spotify:track:3BQPPsoxlhuSIEPlNRHHZt,"CUUUUuuuuuute","MOTOMAMI","ROSALÍA",2022-03-18,150701,58,false,iarecippo,2022-03-18T14:08:05Z,"latin","Columbia",0.558,0.487,1,-9.01,1,0.353,0.113,0.00058,0.171,0.161,138.818,4
spotify:track:7MDfNYdpdohHjmFsYK44KU,"COMO UN G","MOTOMAMI","ROSALÍA",2022-03-18,262104,63,false,iarecippo,2022-03-18T14:08:05Z,"latin","Columbia",0.496,0.13,7,-14.396,0,0.0415,0.962,0.00000815,0.211,0.22,133.07,4
spotify:track:1V32pCGXZMgcmXd5MUMDL1,"Abcdefg","MOTOMAMI","ROSALÍA",2022-03-18,65961,48,false,iarecippo,2022-03-18T14:08:05Z,"latin","Columbia",0.717,0.164,7,-17.948,1,0.944,0.95,0,0.315,0.352,91.577,3
spotify:track:5gCNf9wMVrYuM2fvfgLTlF,"LA COMBI VERSACE","MOTOMAMI","ROSALÍA;Tokischa",2022-03-18,160296,69,false,iarecippo,2022-03-18T14:08:05Z,"latin,dembow,neoperreo","Columbia",0.835,0.495,8,-5.791,1,0.522,0.561,0.000206,0.103,0.426,90.97,4
spotify:track:15pRGUlhmCxtewBs42ui1N,"SAKURA","MOTOMAMI","ROSALÍA",2022-03-18,201667,53,false,iarecippo,2022-03-18T14:08:05Z,"latin","Columbia",0.317,0.305,5,-10.215,0,0.0644,0.936,0.00289,0.847,0.137,86.91,4
spotify:track:0ZtTYJYRPwRlJzlxKHPqEG,"De Olhos Abertos","Poder Supremo","Bruno Morais",2022-03-17,155120,1,false,iarecippo,2022-03-25T13:24:34Z,"new mpb","Sony Music Entertainment",0.488,0.621,7,-10.102,1,0.0475,0.546,0.854,0.0925,0.618,85.858,4
spotify:track:4stpHj43Qg2CreWNhHwZwp,"Para Alguém no Deserto","Poder Supremo","Bruno Morais",2022-03-17,361066,1,false,iarecippo,2022-03-25T13:24:34Z,"new mpb","Sony Music Entertainment",0.497,0.891,6,-6.63,1,0.0637,0.226,0.605,0.121,0.902,182.152,4
spotify:track:1rMiuY2yiChftbqmko81FU,"Seed","Poder Supremo","Bruno Morais",2022-03-17,271106,0,false,iarecippo,2022-03-25T13:24:34Z,"new mpb","Sony Music Entertainment",0.555,0.607,0,-9.364,1,0.0914,0.374,0.721,0.65,0.777,180.038,4
spotify:track:46a8I7LnGmYPXtvrkIB0I6,"Clarão","Poder Supremo","Bruno Morais",2022-03-17,281093,1,false,iarecippo,2022-03-25T13:24:34Z,"new mpb","Sony Music Entertainment",0.428,0.604,1,-9.885,1,0.0355,0.328,0.799,0.098,0.33,119.871,4
spotify:track:3B97u6lEfiVPakup5DhPZ4,"Rosa (Interlúdio)","Poder Supremo","Bruno Morais",2022-03-17,62920,0,false,iarecippo,2022-03-25T13:24:34Z,"new mpb","Sony Music Entertainment",0.486,0.464,2,-15.082,1,0.0522,0.733,0.236,0.202,0.06,35.572,3
spotify:track:3uqoWKumfskEVN3lO79UGn,"Divindade","Poder Supremo","Bruno Morais",2022-03-17,244360,1,false,iarecippo,2022-03-25T13:24:34Z,"new mpb","Sony Music Entertainment",0.661,0.694,2,-5.668,1,0.0462,0.365,0.604,0.0774,0.909,148.081,4
spotify:track:1GhUygb0D0qdpMcvevg8uS,"Onironauta","Poder Supremo","Bruno Morais",2022-03-17,231626,1,false,iarecippo,2022-03-25T13:24:34Z,"new mpb","Sony Music Entertainment",0.566,0.539,0,-6.563,0,0.025,0.666,0.825,0.0907,0.272,139.93,4
spotify:track:5I2Em80dpYVoIDAzgjqaOD,"Cena de Filme","Poder Supremo","Bruno Morais",2022-03-17,261786,0,false,iarecippo,2022-03-25T13:24:34Z,"new mpb","Sony Music Entertainment",0.67,0.409,0,-10.219,1,0.0266,0.742,0.192,0.142,0.285,103.688,3
spotify:track:2uI0xBN593g06SNciVP1s2,"A Louca (Interlúdio)","Poder Supremo","Bruno Morais",2022-03-17,28120,0,false,iarecippo,2022-03-25T13:24:34Z,"new mpb","Sony Music Entertainment",0.455,0.244,8,-15.617,1,0.0653,0.944,0.269,0.169,0.513,34.554,4
spotify:track:4POyZIUv0RZWHj40v2aUmw,"C'oração","Poder Supremo","Bruno Morais",2022-03-17,184000,0,false,iarecippo,2022-03-25T13:24:34Z,"new mpb","Sony Music Entertainment",0.78,0.368,4,-14.14,1,0.049,0.966,0.806,0.124,0.802,95.983,4
spotify:track:6qDIHwG5YNglzieCx19thM,"Love","Poder Supremo","Bruno Morais",2022-03-17,320893,0,false,iarecippo,2022-03-25T13:24:34Z,"new mpb","Sony Music Entertainment",0.592,0.814,6,-8.495,0,0.0612,0.223,0.907,0.268,0.373,110.962,4
spotify:track:3v13hgfWiIZdArljUYgQWF,"Faca","Poder Supremo","Bruno Morais",2022-03-17,169413,0,false,iarecippo,2022-03-25T13:24:34Z,"new mpb","Sony Music Entertainment",0.563,0.894,4,-6.636,0,0.0382,0.154,0.0863,0.698,0.93,99.99,4
spotify:track:0uCPbqTNPkRnmdFvn6gqSf,"Cores","Poder Supremo","Bruno Morais",2022-03-17,264080,0,false,iarecippo,2022-03-25T13:24:34Z,"new mpb","Sony Music Entertainment",0.515,0.856,5,-6.989,1,0.0922,0.0723,0.28,0.421,0.529,79.756,4
spotify:track:7ijJeNQGgyO3NUSCpsXvjt,"Molly (Interlúdio)","Poder Supremo","Bruno Morais",2022-03-17,58173,0,false,iarecippo,2022-03-25T13:24:34Z,"new mpb","Sony Music Entertainment",0.457,0.219,7,-19.937,1,0.241,0.847,0,0.248,0.523,60.088,3
spotify:track:3o5xgUX0FemLwjasIddn1k,"Fly Away","Poder Supremo","Bruno Morais",2022-03-17,104533,0,false,iarecippo,2022-03-25T13:24:34Z,"new mpb","Sony Music Entertainment",0.54,0.314,2,-13.941,1,0.0355,0.63,0.00173,0.184,0.195,119.882,3
spotify:track:2Pnmue3wXzzUT2SyaESf3v,"Verão","Poder Supremo","Bruno Morais",2022-03-17,229266,0,false,iarecippo,2022-03-25T13:24:34Z,"new mpb","Sony Music Entertainment",0.618,0.649,11,-9.349,0,0.0472,0.541,0.953,0.645,0.638,127.062,4
spotify:track:0sDZ5lD5HOI0rr2nlhTfm6,"Supremo Poder","Poder Supremo","Bruno Morais",2022-03-17,331493,0,false,iarecippo,2022-03-25T13:24:34Z,"new mpb","Sony Music Entertainment",0.624,0.749,7,-7.733,1,0.0385,0.547,0.653,0.466,0.81,97.989,4
spotify:track:694vvR5o19xHPhhJ5QdLN7,"NO HALO","GINGER","BROCKHAMPTON",2019-08-23,259750,56,true,iarecippo,2022-03-31T00:38:13Z,"","Question Everything/RCA Records",0.643,0.573,4,-7.034,1,0.0709,0.41,0.00017,0.0695,0.47,165.192,4
spotify:track:6U0FIYXCQ3TGrk4tFpLrEA,"SUGAR","GINGER","BROCKHAMPTON",2019-08-23,204541,73,true,iarecippo,2022-03-31T00:38:13Z,"","Question Everything/RCA Records",0.453,0.538,1,-8.212,1,0.0638,0.449,0,0.19,0.516,122.973,4
spotify:track:6e7hIhOLH9zvb3zP5O5gt0,"BOY BYE","GINGER","BROCKHAMPTON",2019-08-23,142181,58,true,iarecippo,2022-03-31T00:38:13Z,"","Question Everything/RCA Records",0.869,0.747,9,-7.143,1,0.151,0.512,0,0.124,0.784,124.932,4
spotify:track:5SecO8b3bvFNBTtrTyt91o,"HEAVEN BELONGS TO YOU","GINGER","BROCKHAMPTON",2019-08-23,89615,43,true,iarecippo,2022-03-31T00:38:13Z,"","Question Everything/RCA Records",0.68,0.634,7,-8.446,1,0.36,0.0208,0.00000202,0.479,0.693,155.911,4
spotify:track:3wE9jU1zReHLMHLgAsWIYX,"ST. PERCY","GINGER","BROCKHAMPTON",2019-08-23,210770,47,true,iarecippo,2022-03-31T00:38:13Z,"","Question Everything/RCA Records",0.611,0.635,2,-7.016,1,0.31,0.367,0.00568,0.068,0.739,82.087,4
spotify:track:56IGGA6VwAbIni6KoN7VC5,"IF YOU PRAY RIGHT","GINGER","BROCKHAMPTON",2019-08-23,302354,45,true,iarecippo,2022-03-31T00:38:13Z,"","Question Everything/RCA Records",0.471,0.496,7,-9.983,1,0.199,0.399,0.00083,0.378,0.569,160.093,4
spotify:track:7HuaFNJNNgLmk1WTSigmhi,"DEARLY DEPARTED","GINGER","BROCKHAMPTON",2019-08-23,280004,43,true,iarecippo,2022-03-31T00:38:13Z,"","Question Everything/RCA Records",0.318,0.766,9,-6.302,0,0.0412,0.13,0.166,0.34,0.195,128.378,3
spotify:track:7frG49GBDHPPvxXRVLRwle,"I BEEN BORN AGAIN","GINGER","BROCKHAMPTON",2019-08-23,219720,42,true,iarecippo,2022-03-31T00:38:13Z,"","Question Everything/RCA Records",0.771,0.636,2,-5.131,1,0.229,0.318,0.00006,0.0647,0.451,79.832,4
spotify:track:1Uo7reO6I2yQ1q36ZPuNf7,"GINGER","GINGER","BROCKHAMPTON",2019-08-23,234173,53,true,iarecippo,2022-03-31T00:38:13Z,"","Question Everything/RCA Records",0.748,0.715,2,-5.137,1,0.0451,0.249,0.0369,0.164,0.226,130.087,4
spotify:track:2YaNOzEvmqOXzAsMNHjD6B,"BIG BOY","GINGER","BROCKHAMPTON",2019-08-23,235219,41,true,iarecippo,2022-03-31T00:38:13Z,"","Question Everything/RCA Records",0.682,0.547,9,-7.9,1,0.0633,0.462,0.0000913,0.167,0.114,99.975,4
spotify:track:41PCkAcfU1UiSKUDtt6tXQ,"LOVE ME FOR LIFE","GINGER","BROCKHAMPTON",2019-08-23,215005,48,true,iarecippo,2022-03-31T00:38:13Z,"","Question Everything/RCA Records",0.839,0.416,5,-7.658,1,0.0876,0.0319,0,0.166,0.567,125.969,4
spotify:track:2m4j9Z2XCxhRppNu94fMo5,"VICTOR ROBERTS","GINGER","BROCKHAMPTON",2019-08-23,263060,41,true,iarecippo,2022-03-31T00:38:13Z,"","Question Everything/RCA Records",0.516,0.529,7,-8.358,1,0.178,0.746,0.00138,0.428,0.141,150.071,4
spotify:track:1BgNyVVjxMKaSrDkdFsITj,"Up All Night","5","SAULT",2019-05-05,255545,57,false,iarecippo,2022-04-08T22:19:06Z,"","Forever Living Originals",0.773,0.633,8,-6.574,1,0.0495,0.0915,0.507,0.0873,0.475,102.747,4
spotify:track:70tAM9TN7ryjB0gPGOjS7l,"Don't Waste My Time","5","SAULT",2019-05-05,195244,47,false,iarecippo,2022-04-08T22:19:06Z,"","Forever Living Originals",0.84,0.89,7,-6.528,1,0.0354,0.0232,0.0115,0.0974,0.39,110.02,4
spotify:track:0HPriQ6JuXyYirXccQeRpp,"Foot on Necks","5","SAULT",2019-05-05,191542,38,true,iarecippo,2022-04-08T22:19:06Z,"","Forever Living Originals",0.686,0.55,1,-5.353,1,0.036,0.00134,0.0111,0.101,0.473,93.053,4
spotify:track:4zwq3QUKgMNk0NSLl7fpbP,"Why Why Why Why Why","5","SAULT",2019-05-05,238679,74,false,iarecippo,2022-04-08T22:19:06Z,"","Forever Living Originals",0.805,0.61,9,-6.638,0,0.0358,0.343,0.0618,0.112,0.687,114.77,4
spotify:track:1rTPSGVU1e4wndI03ULFbp,"Pink Sands","5","SAULT",2019-05-05,112000,32,false,iarecippo,2022-04-08T22:19:06Z,"","Forever Living Originals",0.401,0.59,4,-18.833,0,0.0504,0.408,0.992,0.475,0.18,119.966,4
spotify:track:5fzUKYfATEqxDmRWfbikAm,"Let Me Go","5","SAULT",2019-05-05,193401,55,false,iarecippo,2022-04-08T22:19:06Z,"","Forever Living Originals",0.604,0.743,7,-7.627,1,0.0354,0.0000834,0.0444,0.403,0.577,120.104,4
spotify:track:07qj9w93jk1eA2TGAd6kxj,"Masterpiece","5","SAULT",2019-05-05,344680,68,false,iarecippo,2022-04-08T22:19:06Z,"","Forever Living Originals",0.753,0.45,7,-5.198,1,0.0738,0.646,0.271,0.0925,0.82,76.493,4
spotify:track:3tlgj2xwwn4Ma0WCS6iils,"Add a Little Bit of Sault","5","SAULT",2019-05-05,18210,1,false,iarecippo,2022-04-08T22:19:06Z,"","Forever Living Originals",0.669,0.15,7,-17.837,1,0.955,0.86,0,0.116,0.389,94.277,4
spotify:track:2FRct5UvG5ByeEaaf1gnvH,"Something's in the Air","5","SAULT",2019-05-05,190374,37,false,iarecippo,2022-04-08T22:19:06Z,"","Forever Living Originals",0.809,0.664,1,-6.938,1,0.0423,0.0329,0.241,0.118,0.467,115.994,4
spotify:track:5OcTIuygwozzqnjQlp2eS4,"Think About It","5","SAULT",2019-05-05,168014,45,false,iarecippo,2022-04-08T22:19:06Z,"","Forever Living Originals",0.698,0.678,2,-9.772,1,0.0407,0.31,0.858,0.177,0.777,119.971,4
spotify:track:2Yjdfxh1AvT2dcnT18JlsE,"Wild Hundreds, Pt. 5","5","SAULT",2019-05-05,50613,29,false,iarecippo,2022-04-08T22:19:06Z,"","Forever Living Originals",0.422,0.316,10,-16.685,0,0.0331,0.794,0.899,0.116,0.103,95.561,3
spotify:track:1HnnR8wNG4X1dBV5PzkrF9,"We Are the Sun","5","SAULT",2019-05-05,236230,50,false,iarecippo,2022-04-08T22:19:06Z,"","Forever Living Originals",0.75,0.662,1,-6.866,1,0.0351,0.374,0.0246,0.0945,0.743,95.485,4
spotify:track:5ePYZ7ngBIS2Fep04e75dD,"Wild Hundreds, Pt. 55","5","SAULT",2019-05-05,88431,29,false,iarecippo,2022-04-08T22:19:06Z,"","Forever Living Originals",0.522,0.485,1,-21.753,0,0.0427,0.643,0.131,0.328,0.547,82.996,4
spotify:track:1mcfqQYSMsbDzmg9AvynoC,"B.A.B.E","5","SAULT",2019-05-05,224808,42,false,iarecippo,2022-04-08T22:19:06Z,"","Forever Living Originals",0.464,0.271,6,-9.771,0,0.0436,0.822,0.873,0.092,0.445,82.999,4
spotify:track:01SaZzWC7UgAuYBmk8tjm0,"Vista da Gávea","De Mim, Pra Você","Sango",2017-03-15,200597,0,false,iarecippo,2022-04-11T16:16:27Z,"","Sango",0.809,0.655,1,-11.067,1,0.181,0.0853,0.385,0.151,0.458,134.02,4
spotify:track:7HbKL281RFkF2AYIndjmGF,"A Chamada (Ritmo Muleke)","De Mim, Pra Você","Sango",2017-03-15,136615,0,false,iarecippo,2022-04-11T16:16:27Z,"","Sango",0.841,0.637,1,-7.953,1,0.072,0.00238,0.154,0.267,0.225,130.013,4
spotify:track:6wiXHdyIsOXJPGn7ikCwv6,"Esperado","De Mim, Pra Você","Sango",2017-03-15,184615,0,false,iarecippo,2022-04-11T16:16:27Z,"","Sango",0.582,0.752,4,-7.713,0,0.323,0.0307,0.714,0.0908,0.548,130.079,4
spotify:track:4CnVCvv9e5DHrOWXvNbJV1,"Respeita (feat. Dkvpz)","De Mim, Pra Você","Sango;Dkvpz",2017-03-15,186000,0,false,iarecippo,2022-04-11T16:16:27Z,"brazilian hip hop","Sango",0.835,0.819,1,-5.598,1,0.131,0.345,0.013,0.115,0.473,120.019,4
spotify:track:5LLqgxSiRBL7lCHphsH06N,"Amor No Morro","De Mim, Pra Você","Sango",2017-03-15,219000,0,false,iarecippo,2022-04-11T16:16:27Z,"","Sango",0.869,0.481,8,-10.026,0,0.328,0.552,0.194,0.151,0.767,129.973,4
spotify:track:52c8Ujo7KbBezCaieFVhUv,"Bem-Estar (feat. Monte Booker)","De Mim, Pra Você","Sango;monte booker",2017-03-15,144347,0,false,iarecippo,2022-04-11T16:16:27Z,"","Sango",0.896,0.75,7,-6.885,0,0.113,0.0349,0.754,0.142,0.307,138.09,4
spotify:track:2KkqvaYudEQMQXRK8c8VTs,"Então Tá (feat. Faktiss & Dzmnd)","De Mim, Pra Você","Sango;Faktiss;Dzmnd",2017-03-15,130565,0,true,iarecippo,2022-04-11T16:16:27Z,"french rap","Sango",0.876,0.566,9,-7.714,1,0.397,0.299,0.00173,0.119,0.492,130.019,4
spotify:track:05UpUTOoVV6PVjfIhjretZ,"Conte a Todos","De Mim, Pra Você","Sango",2017-03-15,192000,0,false,iarecippo,2022-04-11T16:16:27Z,"","Sango",0.869,0.843,3,-5.412,0,0.302,0.144,0.19,0.338,0.634,130.067,4
spotify:track:4lF4WtzkrQQe4f7x2nCQqJ,"Para a Luz","De Mim, Pra Você","Sango",2017-03-15,169846,0,false,iarecippo,2022-04-11T16:16:27Z,"","Sango",0.9,0.493,1,-10.559,1,0.172,0.0353,0.227,0.241,0.402,129.991,4
spotify:track:78EmSVed0VidktyCquGnJU,"Devolva","De Mim, Pra Você","Sango",2017-03-15,165517,0,false,iarecippo,2022-04-11T16:16:27Z,"","Sango",0.789,0.783,10,-7.474,0,0.181,0.369,0.0382,0.503,0.677,130.51,4
spotify:track:1x5DmaGonGDbsGYWCLJUuE,"O Moto","De Mim, Pra Você","Sango",2017-03-15,145846,0,false,iarecippo,2022-04-11T16:16:27Z,"","Sango",0.75,0.772,4,-3.257,0,0.139,0.227,0.488,0.168,0.546,129.998,4
spotify:track:6A54bMuSFNy87q6naBwTUB,"Que Nada","De Mim, Pra Você","Sango",2017-03-15,137538,0,false,iarecippo,2022-04-11T16:16:27Z,"","Sango",0.916,0.818,1,-6.966,1,0.114,0.0653,0.301,0.369,0.747,130.059,4
spotify:track:1XQ0XWtIp4LgMmdl0e6ORU,"Engenho da Rainha (feat. Carlos & Complexo)","De Mim, Pra Você","Sango;Carlos do Complexo;Complexo",2017-03-15,153070,0,false,iarecippo,2022-04-11T16:16:27Z,"","Sango",0.863,0.502,11,-9.704,0,0.118,0.00977,0.165,0.0827,0.664,127.038,4
spotify:track:122IU7KHLuoh2F7hPXAg9n,"Faz Tempo","De Mim, Pra Você","Sango",2017-03-15,233089,0,false,iarecippo,2022-04-11T16:16:27Z,"","Sango",0.644,0.882,1,-7.43,1,0.0652,0.0293,0.728,0.0419,0.396,190.958,4
spotify:track:00N2V0zFn3jI7S5qOodaXR,"Eu Te Devoro","De Mim, Pra Você","Sango",2017-03-15,324469,0,false,iarecippo,2022-04-11T16:16:27Z,"","Sango",0.71,0.55,0,-13.393,0,0.0583,0.0031,0.902,0.0963,0.376,117.578,4
spotify:track:6AWwRrNHuXQtFkNLSg20y6,"Deus É Alegria (feat. Chris MC Clenney & Marginal Men)","De Mim, Pra Você","Sango;McClenney;Marginal Men",2017-03-15,153230,0,false,iarecippo,2022-04-11T16:16:27Z,"alternative r&b,brazilian bass","Sango",0.88,0.613,1,-9.241,1,0.0996,0.393,0.916,0.0892,0.627,130.113,4
spotify:track:4JaqygglHv9rWW6B2NfgF6,"Ivory","Ivory","Omar Apollo",2022-04-08,45960,41,false,iarecippo,2022-04-13T11:54:49Z,"bedroom pop","Warner Records",0.192,0.0746,0,-17.607,1,0.0381,0.977,0.000123,0.114,0.183,195.17,4
spotify:track:3wXft3pfqMptVjxzEDi8be,"Talk","Ivory","Omar Apollo",2022-04-08,157146,43,false,iarecippo,2022-04-13T11:54:49Z,"bedroom pop","Warner Records",0.548,0.596,9,-8.514,1,0.0412,0.0127,0.455,0.351,0.427,189.957,4
spotify:track:4RLl6YFuMKbHOhg9twznvJ,"No Good Reason","Ivory","Omar Apollo",2022-04-08,108626,43,true,iarecippo,2022-04-13T11:54:49Z,"bedroom pop","Warner Records",0.73,0.591,8,-8.565,1,0.149,0.00925,0.0000027,0.0895,0.811,110.741,5
spotify:track:7jhxagwOk9y1HC5ciRfmkQ,"Invincible (feat. Daniel Caesar)","Ivory","Omar Apollo;Daniel Caesar",2022-04-08,216160,71,false,iarecippo,2022-04-13T11:54:49Z,"bedroom pop","Warner Records",0.555,0.474,6,-11.706,0,0.0668,0.224,0.00426,0.162,0.262,134.89,4
spotify:track:2QoDA4PQiLA5gZME35my0n,"Endlessly Interlude","Ivory","Omar Apollo",2022-04-08,34133,39,false,iarecippo,2022-04-13T11:54:49Z,"bedroom pop","Warner Records",0.698,0.585,4,-10.995,1,0.256,0.975,0.93,0.15,0.758,95.942,4
spotify:track:5BhK8Mho223YLPQOLfzWNP,"Killing Me","Ivory","Omar Apollo",2022-04-08,165320,59,true,iarecippo,2022-04-13T11:54:49Z,"bedroom pop","Warner Records",0.861,0.27,6,-9.515,0,0.0616,0.301,0.00288,0.124,0.608,84.004,4
spotify:track:1JNv9ICYbayNgqm8fKPLqP,"Go Away","Ivory","Omar Apollo",2022-04-08,207346,56,false,iarecippo,2022-04-13T11:54:49Z,"bedroom pop","Warner Records",0.634,0.568,5,-7.757,0,0.0354,0.0426,0.00000185,0.456,0.369,123.885,4
spotify:track:7204ajWyC38ZbcuCULCI3e,"Waiting on You","Ivory","Omar Apollo",2022-04-08,151840,46,false,iarecippo,2022-04-13T11:54:49Z,"bedroom pop","Warner Records",0.857,0.435,2,-12.156,1,0.0478,0.724,0.000911,0.0986,0.538,113.932,4
spotify:track:0G41EUi3xiwUR6iOtXAQCz,"Petrified","Ivory","Omar Apollo",2022-04-08,197453,49,false,iarecippo,2022-04-13T11:54:49Z,"bedroom pop","Warner Records",0.343,0.331,2,-9.528,1,0.035,0.313,0.000017,0.512,0.343,203.852,4
spotify:track:0j3tmysUmOvbXno7km0T2T,"Personally","Ivory","Omar Apollo",2022-04-08,211880,40,false,iarecippo,2022-04-13T11:54:49Z,"bedroom pop","Warner Records",0.507,0.323,0,-11.269,1,0.0358,0.788,0,0.128,0.473,79.377,4
spotify:track:46j76ZoimljoNL55h26U70,"En El Olvido","Ivory","Omar Apollo",2022-04-08,146786,48,false,iarecippo,2022-04-13T11:54:49Z,"bedroom pop","Warner Records",0.632,0.198,7,-9.281,1,0.041,0.809,0,0.111,0.72,171.353,3
spotify:track:7sg9kDT8H2P0wPACXnWRdN,"Tamagotchi","Ivory","Omar Apollo",2022-04-08,168920,48,true,iarecippo,2022-04-13T11:54:49Z,"bedroom pop","Warner Records",0.755,0.514,11,-6.942,0,0.173,0.083,0,0.128,0.553,133.1,4
spotify:track:34gnKaObWMQxBQE7NPnuDM,"Can't Get Over You","Ivory","Omar Apollo",2022-04-08,62040,37,false,iarecippo,2022-04-13T11:54:49Z,"bedroom pop","Warner Records",0.664,0.0939,0,-19.739,0,0.0551,0.951,0.0214,0.109,0.304,86.523,5
spotify:track:2TktkzfozZifbQhXjT6I33,"Evergreen (You Didn’t Deserve Me At All)","Ivory","Omar Apollo",2022-04-08,216680,88,false,iarecippo,2022-04-13T11:54:49Z,"bedroom pop","Warner Records",0.697,0.336,9,-10.395,1,0.0424,0.598,0.00528,0.107,0.31,82.029,3
spotify:track:0K02o2ZV5UCJbbCw67FtaY,"Bad Life (feat. Kali Uchis)","Ivory","Omar Apollo;Kali Uchis",2022-04-08,197746,60,false,iarecippo,2022-04-13T11:54:49Z,"bedroom pop","Warner Records",0.42,0.193,11,-12.121,0,0.0331,0.787,0.00107,0.11,0.174,66.964,5
spotify:track:5k9f5oNVRSBdDoGa5W9toI,"Mr. Neighbor","Ivory","Omar Apollo",2022-04-08,166426,40,true,iarecippo,2022-04-13T11:54:49Z,"bedroom pop","Warner Records",0.637,0.298,6,-11.045,1,0.0322,0.165,0.0177,0.117,0.037,120.005,4
spotify:track:3LtlQb74pLqC5KsllxIXoV,"The Medium","MAHAL","Toro y Moi;Unknown Mortal Orchestra",2022-04-29,187302,34,false,iarecippo,2022-05-01T12:14:09Z,"chillwave,neo-psychedelic","Dead Oceans",0.285,0.906,0,-5.224,1,0.225,0.00257,0.666,0.489,0.494,90.555,4
spotify:track:2DebCY3BIgzpHZLsGfiZpH,"Goes By So Fast","MAHAL","Toro y Moi",2022-04-29,221523,37,false,iarecippo,2022-05-01T12:14:09Z,"chillwave","Dead Oceans",0.443,0.733,7,-5.774,0,0.0504,0.253,0.876,0.255,0.434,115.078,3
spotify:track:0HFy9wgmuePUSfwmjqhA6Y,"Magazine","MAHAL","Toro y Moi;Salami Rose Joe Louis",2022-04-29,191525,37,false,iarecippo,2022-05-01T12:14:09Z,"chillwave,bedroom pop","Dead Oceans",0.629,0.763,7,-6.796,0,0.127,0.291,0.0000601,0.106,0.534,120.194,4
spotify:track:4Jz1Zk4OQrKPVabWjjUGEZ,"Postman","MAHAL","Toro y Moi",2022-04-29,160704,40,false,iarecippo,2022-05-01T12:14:09Z,"chillwave","Dead Oceans",0.895,0.555,9,-8.939,1,0.0904,0.265,0.262,0.491,0.496,112.092,4
spotify:track:4E8SsodyGGLgv7HPeSisw5,"The Loop","MAHAL","Toro y Moi",2022-04-29,241173,44,false,iarecippo,2022-05-01T12:14:09Z,"chillwave","Dead Oceans",0.483,0.595,0,-8.148,0,0.0647,0.284,0.0298,0.161,0.834,172.911,4
spotify:track:4PL1QUjQBMNu2Hc9hiKr80,"Last Year","MAHAL","Toro y Moi",2022-04-29,195661,39,false,iarecippo,2022-05-01T12:14:09Z,"chillwave","Dead Oceans",0.458,0.539,3,-9.011,0,0.0692,0.771,0.539,0.255,0.751,180.802,3
spotify:track:3V8IpS0YbeHRe8z9QBvjCj,"Mississippi","MAHAL","Toro y Moi",2022-04-29,116157,29,false,iarecippo,2022-05-01T12:14:09Z,"chillwave","Dead Oceans",0.615,0.559,4,-8.199,0,0.0853,0.545,0.114,0.176,0.831,130.066,4
spotify:track:4Xfztn6v6FfVfg94ZlCro9,"Clarity","MAHAL","Toro y Moi;Sofie Royer",2022-04-29,239725,28,false,iarecippo,2022-05-01T12:14:09Z,"chillwave","Dead Oceans",0.583,0.89,6,-6.669,0,0.054,0.0905,0.168,0.342,0.862,92.639,3
spotify:track:2nzaoh4A7UtkTR2ccshnD4,"Foreplay","MAHAL","Toro y Moi",2022-04-29,197290,26,false,iarecippo,2022-05-01T12:14:09Z,"chillwave","Dead Oceans",0.744,0.619,6,-9.551,0,0.0701,0.642,0.813,0.1,0.453,124.769,4
spotify:track:3j01i0Kj2yxGJQdpp1nzdy,"Déjà Vu","MAHAL","Toro y Moi",2022-04-29,162122,30,false,iarecippo,2022-05-01T12:14:09Z,"chillwave","Dead Oceans",0.641,0.507,2,-7.301,1,0.0307,0.192,0.00178,0.586,0.578,113.143,4
spotify:track:0MAabOyAin1ap5M0XjoV5t,"Way Too Hot","MAHAL","Toro y Moi",2022-04-29,166241,27,false,iarecippo,2022-05-01T12:14:09Z,"chillwave","Dead Oceans",0.492,0.68,9,-6.61,1,0.0434,0.0485,0.0106,0.337,0.712,83.1,4
spotify:track:3G1nE9ZEv4eGEM48IAIv8u,"Millennium","MAHAL","Toro y Moi;The Mattson 2",2022-04-29,181687,39,false,iarecippo,2022-05-01T12:14:09Z,"chillwave,neo-psychedelic,psychedelic rock","Dead Oceans",0.687,0.691,2,-6.743,1,0.0378,0.325,0.000153,0.12,0.831,98.055,4
spotify:track:4O6rplunXikKjQfpeFdddJ,"Days in Love","MAHAL","Toro y Moi",2022-04-29,180989,25,false,iarecippo,2022-05-01T12:14:09Z,"chillwave","Dead Oceans",0.462,0.843,0,-4.594,1,0.102,0.0513,0.000631,0.503,0.554,125.16,4
spotify:track:42tBlHWL3VfDkUM2iWcc5p,"GUMMY","SATURATION II","BROCKHAMPTON",2017-08-25,261000,55,true,iarecippo,2022-05-09T13:30:27Z,"","QUESTION EVERYTHING, INC. / EMPIRE",0.687,0.672,0,-5.975,0,0.0573,0.198,0,0.175,0.792,80.035,4
spotify:track:4sEnZad9gvLSLkyt8DW11O,"QUEER","SATURATION II","BROCKHAMPTON",2017-08-25,227648,51,true,iarecippo,2022-05-09T13:30:27Z,"","QUESTION EVERYTHING, INC. / EMPIRE",0.773,0.625,1,-7.029,0,0.176,0.149,0,0.0619,0.676,82.004,4
spotify:track:1ZuQVisBNDRm51QIN9MajR,"JELLO","SATURATION II","BROCKHAMPTON",2017-08-25,240000,46,true,iarecippo,2022-05-09T13:30:27Z,"","QUESTION EVERYTHING, INC. / EMPIRE",0.92,0.569,7,-6.628,0,0.374,0.618,0.00000728,0.206,0.641,139.953,4
spotify:track:4x3gJSZ2CeyGW9I8X7DtAs,"TEETH","SATURATION II","BROCKHAMPTON",2017-08-25,80000,41,true,iarecippo,2022-05-09T13:30:27Z,"","QUESTION EVERYTHING, INC. / EMPIRE",0.432,0.554,7,-8.046,0,0.114,0.797,0,0.0804,0.5,79.344,4
spotify:track:6MTA4AwgmjVASTXpBEwvn8,"SWAMP","SATURATION II","BROCKHAMPTON",2017-08-25,251963,48,true,iarecippo,2022-05-09T13:30:27Z,"","QUESTION EVERYTHING, INC. / EMPIRE",0.692,0.655,9,-5.758,1,0.0482,0.0224,0.0519,0.11,0.4,141.015,4
spotify:track:5Kkmnf0Xi1pv6CaT3e7czy,"SCENE","SATURATION II","BROCKHAMPTON",2017-08-25,39520,35,true,iarecippo,2022-05-09T13:30:27Z,"","QUESTION EVERYTHING, INC. / EMPIRE",0.434,0.312,5,-20.861,1,0.0567,0.936,0.00169,0.553,0.862,145.864,4
spotify:track:1CKhx6sSkUxzomXnYZqSMh,"TOKYO","SATURATION II","BROCKHAMPTON",2017-08-25,192126,53,true,iarecippo,2022-05-09T13:30:27Z,"","QUESTION EVERYTHING, INC. / EMPIRE",0.632,0.625,2,-5.781,1,0.291,0.0644,0,0.689,0.535,139.981,4
spotify:track:2WVsyRWVM6xyKkZadKu32E,"JESUS","SATURATION II","BROCKHAMPTON",2017-08-25,80000,43,true,iarecippo,2022-05-09T13:30:27Z,"","QUESTION EVERYTHING, INC. / EMPIRE",0.606,0.368,0,-9.236,0,0.0793,0.723,0,0.137,0.349,101.549,4
spotify:track:6bMLXWNukxfiUqH1D0ud1Z,"CHICK","SATURATION II","BROCKHAMPTON",2017-08-25,204382,41,true,iarecippo,2022-05-09T13:30:27Z,"","QUESTION EVERYTHING, INC. / EMPIRE",0.464,0.71,7,-5.193,1,0.26,0.353,0,0.309,0.585,150.068,4
spotify:track:7ujucw8kFBPIy9mz7DlmAq,"JUNKY","SATURATION II","BROCKHAMPTON",2017-08-25,248780,46,true,iarecippo,2022-05-09T13:30:27Z,"","QUESTION EVERYTHING, INC. / EMPIRE",0.638,0.662,1,-5.497,1,0.404,0.316,0,0.258,0.675,82.327,4
spotify:track:3zAjkGy22FCXrCqSosQYkk,"SCENE 2","SATURATION II","BROCKHAMPTON",2017-08-25,29988,8,true,iarecippo,2022-05-09T13:30:27Z,"","QUESTION EVERYTHING, INC. / EMPIRE",0.414,0.419,9,-21.062,0,0.037,0.894,0.0000488,0.514,0.96,84.007,5
spotify:track:7sJ7zlySCbRw6OjlLhVQMt,"FIGHT","SATURATION II","BROCKHAMPTON",2017-08-25,181440,43,true,iarecippo,2022-05-09T13:30:27Z,"","QUESTION EVERYTHING, INC. / EMPIRE",0.656,0.698,1,-7.322,1,0.0967,0.319,0.000022,0.252,0.165,90.008,4
spotify:track:2DgMxFMUQRPthW4ROhjen1,"SWEET","SATURATION II","BROCKHAMPTON",2017-08-25,274274,59,true,iarecippo,2022-05-09T13:30:27Z,"","QUESTION EVERYTHING, INC. / EMPIRE",0.718,0.628,10,-6.007,0,0.223,0.543,0,0.116,0.722,92.107,4
spotify:track:4zbb4mISfck5isCpFsjsr3,"GAMBA","SATURATION II","BROCKHAMPTON",2017-08-25,202228,45,true,iarecippo,2022-05-09T13:30:27Z,"","QUESTION EVERYTHING, INC. / EMPIRE",0.652,0.511,5,-8.055,1,0.0916,0.314,0.00267,0.163,0.296,95.045,4
spotify:track:6C1wn08cac9wcvJvGtuHi1,"SUNNY","SATURATION II","BROCKHAMPTON",2017-08-25,170692,42,true,iarecippo,2022-05-09T13:30:27Z,"","QUESTION EVERYTHING, INC. / EMPIRE",0.504,0.659,4,-5.111,1,0.0336,0.866,0,0.273,0.431,79.996,4
spotify:track:66dQdXAbtuPdSasezCQVZE,"SUMMER","SATURATION II","BROCKHAMPTON",2017-08-25,204939,67,true,iarecippo,2022-05-09T13:30:27Z,"","QUESTION EVERYTHING, INC. / EMPIRE",0.497,0.55,8,-6.13,1,0.0257,0.847,0.049,0.119,0.542,79.955,4
spotify:track:76365icROsgrLvYVImAnyP,"Age of Anxiety I","WE","Arcade Fire",2022-05-06,327106,48,false,iarecippo,2022-05-10T21:27:03Z,"indie rock,baroque pop","Columbia",0.355,0.41,6,-11.95,0,0.0338,0.219,0.0114,0.174,0.225,124.65,4
spotify:track:2z0nkZLzKp1IbZzdQCaD6Z,"Age of Anxiety II (Rabbit Hole)","WE","Arcade Fire",2022-05-06,401253,45,false,iarecippo,2022-05-10T21:27:03Z,"indie rock,baroque pop","Columbia",0.659,0.929,8,-8.047,1,0.0494,0.0224,0.627,0.567,0.0374,118.495,4
spotify:track:5o5p9IULyigMoSXj88xED0,"Prelude","WE","Arcade Fire",2022-05-06,30200,34,false,iarecippo,2022-05-10T21:27:03Z,"indie rock,baroque pop","Columbia",0.28,0.115,0,-37.846,0,0.0339,0.549,0.444,0.0962,0.0309,67.349,4
spotify:track:5VHRFAqgPpC14U10Zdfk2r,"End of the Empire I-III","WE","Arcade Fire",2022-05-06,323346,41,false,iarecippo,2022-05-10T21:27:03Z,"indie rock,baroque pop","Columbia",0.323,0.319,0,-9.524,1,0.0282,0.523,0.00468,0.132,0.0956,137.378,4
spotify:track:4X3hyy1ILGwdWJIUOctpQ0,"End of the Empire IV (Sagittarius A*)","WE","Arcade Fire",2022-05-06,234266,36,false,iarecippo,2022-05-10T21:27:03Z,"indie rock,baroque pop","Columbia",0.316,0.173,4,-12.025,0,0.0325,0.829,0.0000287,0.0818,0.0387,141.362,4
spotify:track:6bkqSi0jMZr6bX6MGRzdrt,"The Lightning I","WE","Arcade Fire",2022-05-06,181733,43,false,iarecippo,2022-05-10T21:27:03Z,"indie rock,baroque pop","Columbia",0.402,0.547,9,-11.036,1,0.0389,0.00866,0.00532,0.853,0.195,73.761,4
spotify:track:1tuQOu0GEvC70bCFzltK3a,"The Lightning II","WE","Arcade Fire",2022-05-06,154320,44,false,iarecippo,2022-05-10T21:27:03Z,"indie rock,baroque pop","Columbia",0.223,0.889,6,-6.207,0,0.0469,0.00317,0.00123,0.346,0.312,179.578,4
spotify:track:6xcrYjTKuONMfC1Qoc6Bdy,"Unconditional I (Lookout Kid)","WE","Arcade Fire",2022-05-06,273693,49,false,iarecippo,2022-05-10T21:27:03Z,"indie rock,baroque pop","Columbia",0.486,0.68,11,-8.911,1,0.0313,0.0222,0.000132,0.171,0.532,97.502,4
spotify:track:0C1u7POtLWpGFLCxzgToHq,"Unconditional II (Race and Religion) (feat. Peter Gabriel)","WE","Arcade Fire;Peter Gabriel",2022-05-06,260653,41,false,iarecippo,2022-05-10T21:27:03Z,"indie rock,baroque pop,art rock","Columbia",0.688,0.554,5,-11.218,0,0.0428,0.175,0.0854,0.0978,0.615,115.515,4
spotify:track:6Np3zFUJTwBiF3kX9cewUD,"WE","WE","Arcade Fire",2022-05-06,231813,36,false,iarecippo,2022-05-10T21:27:03Z,"indie rock,baroque pop","Columbia",0.423,0.136,6,-16.634,1,0.0276,0.855,0.559,0.0993,0.107,74.481,4
spotify:track:0ObZgG3q10EhK6Ti9hl7B9,"Bolt from Above","Love Gibberish","Post Animal",2022-05-13,227883,0,false,iarecippo,2022-05-13T12:55:32Z,"neo-psychedelic,psychedelic rock","Post Animal",0.571,0.735,4,-7.181,1,0.0382,0.0019,0.0129,0.0988,0.67,120.039,4
spotify:track:4fd16Dr0u342egx6WyRH3N,"Love Is Trouble","Love Gibberish","Post Animal",2022-05-13,213636,0,false,iarecippo,2022-05-13T12:55:32Z,"neo-psychedelic,psychedelic rock","Post Animal",0.413,0.651,1,-7.174,0,0.0359,0.00938,0.00227,0.179,0.437,144.966,4
spotify:track:2mOpdXJTBZUNyGJWH2433c,"No More Sports","Love Gibberish","Post Animal",2022-05-13,238663,0,false,iarecippo,2022-05-13T12:55:32Z,"neo-psychedelic,psychedelic rock","Post Animal",0.517,0.667,7,-6.082,1,0.0424,0.000929,0.00565,0.116,0.605,125.982,4
spotify:track:2ki4MomVqkRTnIrWOP9g4Y,"When You Walk Towards Me","Love Gibberish","Post Animal",2022-05-13,225549,0,false,iarecippo,2022-05-13T12:55:32Z,"neo-psychedelic,psychedelic rock","Post Animal",0.536,0.581,7,-7.356,1,0.0338,0.00595,0.000012,0.192,0.312,93.081,4
spotify:track:2weEBFfINOq4sxSzULauSf,"Megaphone","Love Gibberish","Post Animal",2022-05-13,160812,0,false,iarecippo,2022-05-13T12:55:32Z,"neo-psychedelic,psychedelic rock","Post Animal",0.506,0.695,1,-6.424,1,0.0319,0.000447,0.000621,0.194,0.783,115.089,3
spotify:track:1UgeoUUCahdJQAHuIsZ6sM,"Puppy Dog","Love Gibberish","Post Animal",2022-05-13,280190,0,false,iarecippo,2022-05-13T12:55:32Z,"neo-psychedelic,psychedelic rock","Post Animal",0.46,0.675,0,-8.178,0,0.0389,0.13,0.0348,0.105,0.374,144.907,4
spotify:track:3aEGPQTTEur9projsG5jpg,"Cancer Moon","Love Gibberish","Post Animal",2022-05-13,231268,0,false,iarecippo,2022-05-13T12:55:32Z,"neo-psychedelic,psychedelic rock","Post Animal",0.554,0.665,5,-6.781,1,0.0367,0.00236,0.000238,0.117,0.477,111.969,4
spotify:track:3jx7AjQakX7LiYdPghBRIU,"Infinite Zone","Love Gibberish","Post Animal",2022-05-13,271961,0,false,iarecippo,2022-05-13T12:55:32Z,"neo-psychedelic,psychedelic rock","Post Animal",0.332,0.729,9,-7.516,1,0.0464,0.00126,0.0312,0.113,0.239,87.002,4
spotify:track:7jIsZdip4NhXsMPNvz21Cv,"Don't Go That Way","Love Gibberish","Post Animal",2022-05-13,316729,0,false,iarecippo,2022-05-13T12:55:32Z,"neo-psychedelic,psychedelic rock","Post Animal",0.288,0.45,6,-8.576,1,0.0301,0.0758,0.0117,0.112,0.171,150.276,4
spotify:track:05zd5Nv0e02ZqrlC8A2cwx,"United In Grief","Mr. Morale & The Big Steppers","Kendrick Lamar",2022-05-13,255377,0,true,iarecippo,2022-05-15T21:05:09Z,"hip hop,west coast hip hop","pgLang/Top Dawg Entertainment/Aftermath/Interscope Records",0.529,0.845,8,-8.142,1,0.404,0.244,0,0.143,0.331,85.63,3
spotify:track:2FeBslNBMdR9V58uv6hd2t,"N95","Mr. Morale & The Big Steppers","Kendrick Lamar",2022-05-13,195950,3,true,iarecippo,2022-05-15T21:05:09Z,"hip hop,west coast hip hop","pgLang/Top Dawg Entertainment/Aftermath/Interscope Records",0.79,0.67,1,-5.527,1,0.105,0.377,0.00000232,0.119,0.408,139.956,4
spotify:track:5p56JT5F9a1z9pwXnqTg7d,"Worldwide Steppers","Mr. Morale & The Big Steppers","Kendrick Lamar",2022-05-13,203367,0,true,iarecippo,2022-05-15T21:05:09Z,"hip hop,west coast hip hop","pgLang/Top Dawg Entertainment/Aftermath/Interscope Records",0.514,0.472,8,-11.106,0,0.368,0.753,0.00012,0.0746,0.557,77.215,3
spotify:track:6gI9b2VsoWhjhIuIeToDVs,"Die Hard","Mr. Morale & The Big Steppers","Kendrick Lamar;Blxst;Amanda Reifer",2022-05-13,239026,2,true,iarecippo,2022-05-15T21:05:09Z,"hip hop,west coast hip hop","pgLang/Top Dawg Entertainment/Aftermath/Interscope Records",0.775,0.736,1,-8.072,0,0.247,0.319,0.00116,0.127,0.362,100.988,4
spotify:track:4xIhSUJantE6BMl3u8dtCJ,"Father Time (feat. Sampha)","Mr. Morale & The Big Steppers","Kendrick Lamar;Sampha",2022-05-13,222497,0,true,iarecippo,2022-05-15T21:05:09Z,"hip hop,west coast hip hop,indie soul","pgLang/Top Dawg Entertainment/Aftermath/Interscope Records",0.514,0.779,10,-4.365,0,0.344,0.181,0,0.099,0.517,152.869,4
spotify:track:2Az5ykbQiZtFWtACCMvWlP,"Rich - Interlude","Mr. Morale & The Big Steppers","Kendrick Lamar",2022-05-13,103319,0,true,iarecippo,2022-05-15T21:05:09Z,"hip hop,west coast hip hop","pgLang/Top Dawg Entertainment/Aftermath/Interscope Records",0.481,0.406,7,-11.52,1,0.0775,0.864,0.000315,0.0869,0.741,91.589,4
spotify:track:6kYGOFNUMxpab09L5Ukoke,"Rich Spirit","Mr. Morale & The Big Steppers","Kendrick Lamar",2022-05-13,202285,1,true,iarecippo,2022-05-15T21:05:09Z,"hip hop,west coast hip hop","pgLang/Top Dawg Entertainment/Aftermath/Interscope Records",0.852,0.421,10,-9.153,0,0.208,0.428,0.00000228,0.106,0.457,95.977,4
spotify:track:0RAvy97QRPzO2AfK5Dw6j3,"We Cry Together","Mr. Morale & The Big Steppers","Kendrick Lamar;Taylour Paige",2022-05-13,341307,0,true,iarecippo,2022-05-15T21:05:09Z,"hip hop,west coast hip hop","pgLang/Top Dawg Entertainment/Aftermath/Interscope Records",0.648,0.68,11,-7.276,1,0.345,0.292,0,0.0808,0.504,106.89,3
spotify:track:401160izncPtca3CmX3dvM,"Purple Hearts","Mr. Morale & The Big Steppers","Kendrick Lamar;Summer Walker;Ghostface Killah",2022-05-13,329295,0,true,iarecippo,2022-05-15T21:05:09Z,"hip hop,west coast hip hop,r&b,east coast hip hop,hardcore hip hop,old school hip hop","pgLang/Top Dawg Entertainment/Aftermath/Interscope Records",0.567,0.824,3,-6.973,0,0.296,0.167,0.00000265,0.149,0.737,138.202,4
spotify:track:7pj6P5WnxkZsw3XRc8eMe1,"Count Me Out","Mr. Morale & The Big Steppers","Kendrick Lamar",2022-05-13,283642,1,true,iarecippo,2022-05-15T21:05:09Z,"hip hop,west coast hip hop","pgLang/Top Dawg Entertainment/Aftermath/Interscope Records",0.776,0.431,4,-7.544,0,0.091,0.671,0,0.153,0.495,133.999,4
spotify:track:2IwbW2jd0Ncv99Aroe77Ru,"Crown","Mr. Morale & The Big Steppers","Kendrick Lamar",2022-05-13,264299,0,true,iarecippo,2022-05-15T21:05:09Z,"hip hop,west coast hip hop","pgLang/Top Dawg Entertainment/Aftermath/Interscope Records",0.355,0.245,1,-13.475,0,0.0358,0.801,0.0000911,0.112,0.162,173.329,4
spotify:track:3tYTyAt1q6BFBiGyYVOLhi,"Silent Hill","Mr. Morale & The Big Steppers","Kendrick Lamar;Kodak Black",2022-05-13,220779,0,true,iarecippo,2022-05-15T21:05:09Z,"hip hop,west coast hip hop","pgLang/Top Dawg Entertainment/Aftermath/Interscope Records",0.907,0.577,1,-6.737,0,0.0767,0.438,0.0000319,0.137,0.801,140.07,4
spotify:track:5PPUw4Xo3Hz6rl4GpBfd3c,"Savior - Interlude","Mr. Morale & The Big Steppers","Kendrick Lamar",2022-05-13,152985,0,true,iarecippo,2022-05-15T21:05:09Z,"hip hop,west coast hip hop","pgLang/Top Dawg Entertainment/Aftermath/Interscope Records",0.618,0.43,5,-9.38,0,0.216,0.807,0,0.189,0.826,117.125,4
spotify:track:0YeUVm23SAkUruwEx9LWnt,"Savior","Mr. Morale & The Big Steppers","Kendrick Lamar;Baby Keem;Sam Dew",2022-05-13,224466,1,true,iarecippo,2022-05-15T21:05:09Z,"hip hop,west coast hip hop","pgLang/Top Dawg Entertainment/Aftermath/Interscope Records",0.605,0.692,8,-7.45,1,0.446,0.495,0,0.303,0.685,124.84,5
spotify:track:19Fg3WrTfo35Ji3PtfZE6J,"Auntie Diaries","Mr. Morale & The Big Steppers","Kendrick Lamar",2022-05-13,281069,0,true,iarecippo,2022-05-15T21:05:09Z,"hip hop,west coast hip hop","pgLang/Top Dawg Entertainment/Aftermath/Interscope Records",0.52,0.375,0,-13.409,1,0.358,0.745,0.0122,0.429,0.589,127.544,5
spotify:track:7zvfDihYiJ8RQ1nRcpKBF5,"Mr. Morale","Mr. Morale & The Big Steppers","Kendrick Lamar;Tanna Leone",2022-05-13,210841,1,true,iarecippo,2022-05-15T21:05:09Z,"hip hop,west coast hip hop","pgLang/Top Dawg Entertainment/Aftermath/Interscope Records",0.727,0.53,9,-8.616,1,0.312,0.283,0.0000276,0.392,0.258,174.025,3
spotify:track:6NZOc8kO0Fxo0fLPvIdLnW,"Mother I Sober (feat. Beth Gibbons of Portishead)","Mr. Morale & The Big Steppers","Kendrick Lamar;Beth Gibbons",2022-05-13,406528,0,true,iarecippo,2022-05-15T21:05:09Z,"hip hop,west coast hip hop","pgLang/Top Dawg Entertainment/Aftermath/Interscope Records",0.492,0.369,8,-14.861,0,0.329,0.87,0.0000285,0.11,0.491,140.012,4
spotify:track:5LOiuvbH62YGtnwe6Ltt4T,"Mirror","Mr. Morale & The Big Steppers","Kendrick Lamar",2022-05-13,256006,0,true,iarecippo,2022-05-15T21:05:09Z,"hip hop,west coast hip hop","pgLang/Top Dawg Entertainment/Aftermath/Interscope Records",0.652,0.67,2,-8.766,1,0.0639,0.225,0.000014,0.0804,0.274,91.933,4
spotify:track:22DHP8LibU7dFagY0nBknZ,"SOUNDS LIKE FUN","SURF","BLACKSTARKIDS",2020-02-28,123024,26,false,iarecippo,2022-06-03T22:30:52Z,"","Dirty Hit",0.442,0.912,11,-4.297,0,0.0732,0.189,0,0.0977,0.478,164.132,4
spotify:track:5u5GvYa7cBtBW3LmLgfM6Z,"DIRTY DANCING","SURF","BLACKSTARKIDS",2020-02-28,160509,7,false,iarecippo,2022-06-03T22:30:52Z,"","Dirty Hit",0.593,0.823,11,-4.483,0,0.0377,0.468,0,0.269,0.315,136.038,4
spotify:track:16SFR6mrv7UDwVbqeMgCNT,"REASONS TO EXIST","SURF","BLACKSTARKIDS",2020-02-28,154581,8,false,iarecippo,2022-06-03T22:30:52Z,"","Dirty Hit",0.73,0.589,9,-9.297,1,0.183,0.714,0.000389,0.105,0.349,88.023,4
spotify:track:3fPQOhFj62RkiviJMZ7d0G,"TOO DEPRESSED 4 SEX","SURF","BLACKSTARKIDS",2020-02-28,169394,22,false,iarecippo,2022-06-03T22:30:52Z,"","Dirty Hit",0.57,0.79,7,-6.211,1,0.0346,0.00392,0.000343,0.171,0.208,132.09,4
spotify:track:1AgSEF0VoYIhQFUWDEZArb,"WIGS","SURF","BLACKSTARKIDS",2020-02-28,156514,7,false,iarecippo,2022-06-03T22:30:52Z,"","Dirty Hit",0.489,0.794,6,-6.829,0,0.25,0.245,0.000487,0.107,0.451,191.987,4
spotify:track:1AgJta10Dm76yA5uz7EuTV,"LOVE, STARGIRL","SURF","BLACKSTARKIDS",2020-02-28,136110,33,false,iarecippo,2022-06-03T22:30:52Z,"","Dirty Hit",0.735,0.848,9,-4.79,1,0.0331,0.398,0.147,0.105,0.241,102.006,4
spotify:track:7oKExKm317Io4qApQL7tAo,"PRO SURFERS CLUB","SURF","BLACKSTARKIDS",2020-02-28,172682,5,false,iarecippo,2022-06-03T22:30:52Z,"","Dirty Hit",0.793,0.46,11,-11.086,0,0.0795,0.664,0.00307,0.102,0.601,120.072,4
spotify:track:3JQ5byEW3TvcXwFXvS5yON,"MUSIC TO SURF TO","SURF","BLACKSTARKIDS",2020-02-28,196951,7,false,iarecippo,2022-06-03T22:30:52Z,"","Dirty Hit",0.565,0.471,11,-11.425,1,0.0401,0.86,0.0000225,0.116,0.0911,110.273,4
spotify:track:1YXFb3T9dhrvHpKcgwZfZy,"HOW I MET YOUR MOTHER","SURF","BLACKSTARKIDS",2020-02-28,221899,12,false,iarecippo,2022-06-03T22:30:52Z,"","Dirty Hit",0.567,0.754,8,-5.416,1,0.0313,0.00657,0.0000211,0.688,0.434,137.994,4
spotify:track:2t0W7m3vVrE4rJv6xUDZZa,"INSTANT BUMMER ENDLESS SUMMER","SURF","BLACKSTARKIDS",2020-02-28,283312,7,false,iarecippo,2022-06-03T22:30:52Z,"","Dirty Hit",0.405,0.497,9,-12.235,0,0.133,0.133,0.279,0.166,0.421,124.003,4
spotify:track:1ZZJy1QMmFs14VGVNukb9V,"Mango - Mountain Version","Peak","Choker",2017-05-06,172000,23,false,iarecippo,2022-06-29T23:48:13Z,"alternative r&b","673303 Records DK",0.584,0.416,4,-9.831,0,0.0436,0.719,0.00899,0.44,0.259,119.961,4
spotify:track:3UyfbleQaK7IJJQ1KGypve,"Brown Steel","Peak","Choker",2017-05-06,189713,31,false,iarecippo,2022-06-29T23:48:13Z,"alternative r&b","673303 Records DK",0.567,0.46,0,-6.249,1,0.0307,0.352,0.00478,0.565,0.332,127.295,4
spotify:track:1JyJl8Owr9tN7MbIaMlbmq,"Moksha","Peak","Choker",2017-05-06,209618,27,true,iarecippo,2022-06-29T23:48:13Z,"alternative r&b","673303 Records DK",0.635,0.561,2,-6.538,1,0.0394,0.26,0,0.265,0.445,101.142,4
spotify:track:6J36Vu4P6ub8bwgVPcBKgp,"Diorama","Peak","Choker",2017-05-06,321745,38,true,iarecippo,2022-06-29T23:48:13Z,"alternative r&b","673303 Records DK",0.443,0.631,1,-10.203,1,0.305,0.491,0.00226,0.664,0.122,99.686,4
spotify:track:6x93hzBoL7HpirMN2P48co,"El Dorado","Peak","Choker",2017-05-06,230400,39,true,iarecippo,2022-06-29T23:48:13Z,"alternative r&b","673303 Records DK",0.469,0.697,4,-5.815,1,0.0312,0.0127,0.000116,0.329,0.362,149.921,4
spotify:track:3xdoqmAvDzO2h03Qzmfkai,"Tape: Side A","Peak","Choker",2017-05-06,97383,21,false,iarecippo,2022-06-29T23:48:13Z,"alternative r&b","673303 Records DK",0.407,0.378,10,-9.055,1,0.0889,0.804,0,0.345,0.242,120.697,4
spotify:track:48tHYIg9tOIiUj28L16h0X,"Sunflower","Peak","Choker",2017-05-06,259047,22,true,iarecippo,2022-06-29T23:48:13Z,"alternative r&b","673303 Records DK",0.393,0.511,8,-8.52,1,0.085,0.855,0.00000217,0.107,0.318,118.853,4
spotify:track:5Y46cqFAuBWo3MZxwijbuy,"Tape: Side B","Peak","Choker",2017-05-06,226265,22,true,iarecippo,2022-06-29T23:48:13Z,"alternative r&b","673303 Records DK",0.44,0.547,1,-10.238,1,0.179,0.535,0.27,0.637,0.485,169.989,4
spotify:track:6saWFc6OSw56TCPfHv5BMU,"Jawbreaker","Peak","Choker",2017-05-06,216888,19,true,iarecippo,2022-06-29T23:48:13Z,"alternative r&b","673303 Records DK",0.751,0.58,7,-9.871,0,0.195,0.669,0.00536,0.148,0.452,135.063,4
spotify:track:4vZcsZnmpZ0GAISQon0TvU,"Lush","Peak","Choker",2017-05-06,324000,24,true,iarecippo,2022-06-29T23:48:13Z,"alternative r&b","673303 Records DK",0.445,0.322,8,-11.016,1,0.0624,0.954,0,0.0975,0.275,69.442,4
spotify:track:1GmIFHYT3N2V3G0MoYhEil,"Melt Session #1 [Feat. Robert Glasper]","Melt My Eyez See Your Future","Denzel Curry;Robert Glasper",2022-03-25,241240,56,true,iarecippo,2022-07-09T17:02:28Z,"neo soul,jazz rap","Loma Vista Recordings",0.561,0.81,5,-6.999,0,0.216,0.801,0,0.0777,0.134,91.662,4
spotify:track:1q8DwZtQen5fvyB7cKbShC,"Walkin","Melt My Eyez See Your Future","Denzel Curry",2022-03-25,280000,70,true,iarecippo,2022-07-09T17:02:28Z,"","Loma Vista Recordings",0.557,0.654,11,-7.201,0,0.196,0.134,0,0.291,0.386,135.983,4
spotify:track:44AnNS0mBwYbnVpmLAj049,"Worst Comes To Worst","Melt My Eyez See Your Future","Denzel Curry",2022-03-25,170133,52,true,iarecippo,2022-07-09T17:02:28Z,"","Loma Vista Recordings",0.601,0.816,1,-6.201,1,0.287,0.154,0.00000531,0.408,0.728,79.158,4
spotify:track:6vWIjEsC0mhAX3lkeYhCs0,"John Wayne [Feat. Buzzy Lee]","Melt My Eyez See Your Future","Denzel Curry;Buzzy Lee",2022-03-25,156333,48,true,iarecippo,2022-07-09T17:02:28Z,"","Loma Vista Recordings",0.55,0.759,8,-6.901,0,0.0824,0.267,0,0.186,0.603,142.052,4
spotify:track:3lKAIzNiCFL9cqPl3Glb5B,"The Last","Melt My Eyez See Your Future","Denzel Curry",2022-03-25,262586,51,true,iarecippo,2022-07-09T17:02:28Z,"","Loma Vista Recordings",0.808,0.559,6,-9.007,1,0.0977,0.409,0,0.113,0.306,111.043,4
spotify:track:3rMQe2is2UAxuhtFjRyYyz,"Mental [Feat. Saul Williams & Bridget Perez]","Melt My Eyez See Your Future","Denzel Curry;Saul Williams;Bridget Perez",2022-03-25,146840,55,true,iarecippo,2022-07-09T17:02:28Z,"spoken word,experimental hip hop,alternative hip hop,jazz rap","Loma Vista Recordings",0.457,0.577,1,-10.64,1,0.239,0.379,0.00941,0.684,0.434,169.893,4
spotify:track:5gAYHuWkL18ccsxM6akJXP,"Troubles [Feat. T-Pain]","Melt My Eyez See Your Future","Denzel Curry;T-Pain",2022-03-25,160000,53,true,iarecippo,2022-07-09T17:02:28Z,"","Loma Vista Recordings",0.78,0.751,7,-4.681,0,0.177,0.546,0.0000336,0.176,0.899,180.008,4
spotify:track:1InX2gJz9jvp4tLOc84DWe,"Ain't No Way [Feat. 6LACK, Rico Nasty, J.I.D, Jasiah, Kitty Ca$h]","Melt My Eyez See Your Future","Denzel Curry;6LACK;Rico Nasty;JID;Jasiah;Kitty Ca$h;Powers Pleasant",2022-03-25,264613,52,true,iarecippo,2022-07-09T17:02:28Z,"trap metal","Loma Vista Recordings",0.405,0.707,5,-7.586,0,0.111,0.0929,0.00000296,0.348,0.327,80.666,4
spotify:track:41X9qar6SruZOPLIV7sgUw,"X-Wing","Melt My Eyez See Your Future","Denzel Curry",2022-03-25,176000,61,true,iarecippo,2022-07-09T17:02:28Z,"","Loma Vista Recordings",0.787,0.675,2,-7.629,1,0.136,0.109,0,0.695,0.424,119.988,4
spotify:track:4ssI3CWZrlBJYBjK8jGO5f,"Angelz [Feat. Karriem Riggins]","Melt My Eyez See Your Future","Denzel Curry;Karriem Riggins",2022-03-25,231533,50,true,iarecippo,2022-07-09T17:02:28Z,"","Loma Vista Recordings",0.43,0.674,6,-8.671,1,0.116,0.14,0.000243,0.135,0.32,171.355,4
spotify:track:5RJBFEnpXIAgpInGazKb1F,"The Smell Of Death","Melt My Eyez See Your Future","Denzel Curry",2022-03-25,80826,45,true,iarecippo,2022-07-09T17:02:28Z,"","Loma Vista Recordings",0.453,0.724,2,-9.848,1,0.182,0.187,0,0.4,0.316,86.987,4
spotify:track:1iBZqPmS2HjeTm9oRtvwqT,"Sanjuro","Melt My Eyez See Your Future","Denzel Curry;454",2022-03-25,127573,56,true,iarecippo,2022-07-09T17:02:28Z,"","Loma Vista Recordings",0.732,0.656,9,-9.377,1,0.0886,0.121,0.0000191,0.295,0.169,127.952,4
spotify:track:7jn0ATNNqtWgDk8wLYa3gw,"Zatoichi [Feat. slowthai]","Melt My Eyez See Your Future","Denzel Curry;slowthai",2022-03-25,210426,50,true,iarecippo,2022-07-09T17:02:28Z,"grime,uk grime","Loma Vista Recordings",0.455,0.732,8,-8.358,0,0.183,0.106,0.000013,0.276,0.246,82.681,4
spotify:track:3xYvDtt9IxWn6xJNapCv9u,"The Ills","Melt My Eyez See Your Future","Denzel Curry",2022-03-25,202853,52,false,iarecippo,2022-07-09T17:02:28Z,"","Loma Vista Recordings",0.729,0.685,10,-7.318,0,0.284,0.383,0,0.0624,0.46,83.667,4
spotify:track:4OmfWzukSVD140NiAIEjem,"Static","Gemini Rights","Steve Lacy",2022-07-15,156538,75,true,iarecippo,2022-07-17T12:20:13Z,"","L-M Records/RCA Records",0.335,0.305,1,-12.661,1,0.0741,0.434,0.631,0.101,0.215,79.001,5
spotify:track:0DmkBOGgEWMbUJlL6VwwF2,"Helmet","Gemini Rights","Steve Lacy",2022-07-15,201510,76,true,iarecippo,2022-07-17T12:20:13Z,"","L-M Records/RCA Records",0.612,0.675,9,-6.518,0,0.0231,0.0994,0,0.217,0.763,97.04,4
spotify:track:6uVZddXkgQIArp8myEHs4x,"Mercury","Gemini Rights","Steve Lacy",2022-07-15,295411,68,true,iarecippo,2022-07-17T12:20:13Z,"","L-M Records/RCA Records",0.699,0.75,9,-6.481,0,0.0542,0.543,0.0137,0.333,0.887,151.035,3
spotify:track:4CzLJ2wsrk1QdhXXuT16gx,"Buttons","Gemini Rights","Steve Lacy",2022-07-15,184972,62,false,iarecippo,2022-07-17T12:20:13Z,"","L-M Records/RCA Records",0.779,0.372,9,-6.252,1,0.0284,0.195,0.000324,0.702,0.327,129.968,4
spotify:track:4k6Uh1HXdhtusDW5y8Gbvy,"Bad Habit","Gemini Rights","Steve Lacy",2022-07-15,232114,89,true,iarecippo,2022-07-17T12:20:13Z,"","L-M Records/RCA Records",0.686,0.494,1,-7.093,1,0.0355,0.613,0.000058,0.402,0.7,168.946,4
spotify:track:6rTqYkpXwKMv8sBvWB6Fl4,"2Gether (Enterlude)","Gemini Rights","Steve Lacy;Matt Martians",2022-07-15,50377,56,false,iarecippo,2022-07-17T12:20:13Z,"","L-M Records/RCA Records",0.438,0.412,6,-9.75,0,0.0275,0.8,0,0.267,0.413,88.977,3
spotify:track:2kk2trjT2JXhEHtCnz9FWA,"Cody Freestyle","Gemini Rights","Steve Lacy",2022-07-15,240075,64,true,iarecippo,2022-07-17T12:20:13Z,"","L-M Records/RCA Records",0.213,0.305,0,-11.88,1,0.0299,0.176,0.762,0.115,0.058,80.067,4
spotify:track:5Z4EEIaSzeRmYze3W47S1k,"Amber","Gemini Rights","Steve Lacy",2022-07-15,173529,59,false,iarecippo,2022-07-17T12:20:13Z,"","L-M Records/RCA Records",0.507,0.396,6,-7.637,1,0.0251,0.704,0.00115,0.162,0.366,89.908,4
spotify:track:2FPmvXIMpjgzJQbUeJo8Iv,"Sunshine (feat. Fousheé)","Gemini Rights","Steve Lacy;Fousheé",2022-07-15,293428,75,false,iarecippo,2022-07-17T12:20:13Z,"indie r&b","L-M Records/RCA Records",0.695,0.69,1,-5.805,0,0.0233,0.0328,0.697,0.113,0.741,92.977,4
spotify:track:0J119Oas2ox6JTTHUGZxHN,"Give You the World","Gemini Rights","Steve Lacy",2022-07-15,273778,70,true,iarecippo,2022-07-17T12:20:13Z,"","L-M Records/RCA Records",0.574,0.369,0,-9.251,0,0.0262,0.83,0.234,0.0976,0.41,73.013,4
spotify:track:6Jv25wiyMdXCntMUvoTdNi,"Cardboard Box","The Lead","FLO",2022-07-08,161366,32,true,iarecippo,2022-07-21T22:16:17Z,"uk r&b","Universal-Island Records Ltd.",0.579,0.714,1,-4.308,1,0.0584,0.04,0,0.341,0.696,80.419,4
spotify:track:2AB3ZBErbY5P9PXIrTFAb9,"Immature","The Lead","FLO",2022-07-08,173105,33,true,iarecippo,2022-07-21T22:16:17Z,"uk r&b","Universal-Island Records Ltd.",0.346,0.571,10,-5.724,0,0.0762,0.00718,0,0.135,0.463,82.67,4
spotify:track:5KZVbtDMFcurkynWsncKtr,"Summertime","The Lead","FLO",2022-07-08,147539,53,false,iarecippo,2022-07-21T22:16:17Z,"uk r&b","Universal-Island Records Ltd.",0.539,0.605,0,-6.779,0,0.18,0.0268,0.00000771,0.0329,0.856,96.715,4
spotify:track:1CcorUngVSo7k2GX8GLB53,"Feature Me","The Lead","FLO",2022-07-08,201621,53,false,iarecippo,2022-07-21T22:16:17Z,"uk r&b","Universal-Island Records Ltd.",0.731,0.493,6,-4.96,0,0.0581,0.116,0.00000832,0.0619,0.852,127.03,4
spotify:track:7rWkd70fyKUGw00s6BBSGz,"Another Guy - Acoustic","The Lead","FLO",2022-07-08,180370,43,false,iarecippo,2022-07-21T22:16:17Z,"uk r&b","Universal-Island Records Ltd.",0.519,0.294,8,-9.128,0,0.0343,0.854,0,0.106,0.621,125.09,4
spotify:track:253490LtmZhYGUQy05eCNV,"BEN CARSON","ALL-AMERICAN TRASH","BROCKHAMPTON",2016-04-11,140930,33,true,iarecippo,2022-08-08T13:23:19Z,"","QUESTION EVERYTHING, INC. / EMPIRE",0.545,0.423,7,-11.062,1,0.394,0.00217,0.0000026,0.218,0.33,150.725,4
spotify:track:1QYpYXj7uPYa0obpLF0HFW,"MICHIGAN","ALL-AMERICAN TRASH","BROCKHAMPTON",2016-04-11,183562,42,true,iarecippo,2022-08-08T13:23:19Z,"","QUESTION EVERYTHING, INC. / EMPIRE",0.695,0.394,7,-11.703,1,0.0639,0.396,0.0000859,0.103,0.196,139.054,4
spotify:track:77SvwoWoNeed5uWuxbyujk,"INFATUATION","ALL-AMERICAN TRASH","BROCKHAMPTON",2016-04-11,181577,48,true,iarecippo,2022-08-08T13:23:19Z,"","QUESTION EVERYTHING, INC. / EMPIRE",0.882,0.375,3,-11.342,0,0.207,0.355,0.0000077,0.327,0.656,120.055,4
spotify:track:1gH88s30KaEJO1mTFCyaka,"BREAKFAST","ALL-AMERICAN TRASH","BROCKHAMPTON",2016-04-11,84558,31,true,iarecippo,2022-08-08T13:23:19Z,"","QUESTION EVERYTHING, INC. / EMPIRE",0.695,0.339,2,-11.872,1,0.276,0.262,0.00725,0.512,0.475,79.942,4
spotify:track:29uhwK9UBQFfwQTWisCHpF,"MOSSCLIFF","ALL-AMERICAN TRASH","BROCKHAMPTON",2016-04-11,115565,24,true,iarecippo,2022-08-08T13:23:19Z,"","QUESTION EVERYTHING, INC. / EMPIRE",0.45,0.605,0,-18.135,1,0.849,0.735,0.833,0.666,0.157,90.543,4
spotify:track:0hkxAENNrJ18AzHqync5n3,"CONTACTS","ALL-AMERICAN TRASH","BROCKHAMPTON",2016-04-11,91062,33,true,iarecippo,2022-08-08T13:23:19Z,"","QUESTION EVERYTHING, INC. / EMPIRE",0.689,0.268,11,-15.722,1,0.505,0.923,0.00000169,0.31,0.569,121.202,3
spotify:track:7dQLzGuOPiJ4h6sI3MXW4j,"PALACE","ALL-AMERICAN TRASH","BROCKHAMPTON",2016-04-11,248555,45,true,iarecippo,2022-08-08T13:23:19Z,"","QUESTION EVERYTHING, INC. / EMPIRE",0.552,0.275,10,-11.691,0,0.0311,0.349,0.00441,0.112,0.148,85.009,4
spotify:track:0x8HtI3EVt71sczlt9m88k,"FLIP MO","ALL-AMERICAN TRASH","BROCKHAMPTON",2016-04-11,139467,25,true,iarecippo,2022-08-08T13:23:19Z,"","QUESTION EVERYTHING, INC. / EMPIRE",0.783,0.36,1,-12.036,1,0.206,0.37,0,0.0552,0.152,113.934,4
spotify:track:2anAr4t1wpiy2qBK9CGnyn,"HOME","ALL-AMERICAN TRASH","BROCKHAMPTON",2016-04-11,302393,41,true,iarecippo,2022-08-08T13:23:19Z,"","QUESTION EVERYTHING, INC. / EMPIRE",0.534,0.36,11,-12.942,0,0.0778,0.296,0.00158,0.382,0.387,153.985,4
spotify:track:5u0ST4fd1oLp4SOpoWWXGl,"COTTON HOLLOW","ALL-AMERICAN TRASH","BROCKHAMPTON",2016-04-11,253074,34,true,iarecippo,2022-08-08T13:23:19Z,"","QUESTION EVERYTHING, INC. / EMPIRE",0.695,0.372,0,-13.224,0,0.065,0.716,0.000578,0.18,0.193,129.967,4
spotify:track:35Ltt0LLmwy9NkUkX432Rx,"POISON","ALL-AMERICAN TRASH","BROCKHAMPTON",2016-04-11,189074,30,true,iarecippo,2022-08-08T13:23:19Z,"","QUESTION EVERYTHING, INC. / EMPIRE",0.529,0.638,9,-12.095,0,0.119,0.0543,0.0000718,0.0642,0.216,123.957,4
spotify:track:6TnLGwBYhlTQFn7gzaxgHG,"LOST IN LOVE","ALL-AMERICAN TRASH","BROCKHAMPTON",2016-04-11,260806,35,true,iarecippo,2022-08-08T13:23:19Z,"","QUESTION EVERYTHING, INC. / EMPIRE",0.395,0.259,10,-13.515,1,0.0331,0.823,0.00189,0.0847,0.0461,133.584,4
spotify:track:6CFK2uNk8UEHIbpPBr6EPV,"Tempo Presente","Nada Tropical","Glue Trip",2022-07-28,224360,26,false,iarecippo,2022-08-19T14:32:58Z,"","Glue Trip",0.62,0.537,11,-9.939,0,0.0707,0.385,0.0639,0.197,0.529,98.025,4
spotify:track:260kPsXtrTNQ8sZA4nLsBh,"Marcos Valle","Nada Tropical","Glue Trip",2022-07-28,198066,27,false,iarecippo,2022-08-19T14:32:58Z,"","Glue Trip",0.807,0.447,9,-9.996,0,0.035,0.39,0.119,0.0884,0.971,120.007,4
spotify:track:1nnSXPCNmacQbaFczkP9TW,"Le Voyage","Nada Tropical","Glue Trip;YMA",2022-07-28,311520,22,false,iarecippo,2022-08-19T14:32:58Z,"new mpb","Glue Trip",0.522,0.473,1,-9.869,0,0.0357,0.597,0.00772,0.105,0.367,125.281,1
spotify:track:1pRsYRnqXhv6z37HQazaqA,"Lazy Dayz","Nada Tropical","Glue Trip;Arthur Verocai",2022-07-28,299480,32,false,iarecippo,2022-08-19T14:32:58Z,"brazilian jazz,bossa nova,mpb","Glue Trip",0.63,0.299,4,-12.234,0,0.041,0.61,0.19,0.128,0.473,130.101,4
spotify:track:1AaRwprNAgh6mB4SgSuBGH,"Bessa Beat","Nada Tropical","Glue Trip;Otto",2022-07-28,259906,17,false,iarecippo,2022-08-19T14:32:58Z,"new mpb","Glue Trip",0.784,0.491,0,-12.736,1,0.0609,0.704,0.00838,0.0564,0.809,110.043,4
spotify:track:2VgygcURree9S4ZRZcTypz,"Levinha","Nada Tropical","Glue Trip",2022-07-28,304253,18,false,iarecippo,2022-08-19T14:32:58Z,"","Glue Trip",0.421,0.506,8,-11.867,1,0.0481,0.586,0.397,0.131,0.129,168.087,4
spotify:track:1tfqYxwSsKjesoAruhVEZz,"Relax Man","Nada Tropical","Glue Trip",2022-07-28,232480,23,false,iarecippo,2022-08-19T14:32:58Z,"","Glue Trip",0.561,0.632,0,-10.871,1,0.0336,0.189,0.0863,0.105,0.37,164.054,4
spotify:track:2PsHNK3MU3ttYIB97Dz4uN,"Gergelim","Nada Tropical","Glue Trip;Felipe S",2022-07-28,213346,17,false,iarecippo,2022-08-19T14:32:58Z,"","Glue Trip",0.438,0.625,2,-10.976,0,0.0609,0.482,0.119,0.184,0.485,122.659,5
spotify:track:4zNq3rqgJiHIDGX8eNeBAO,"Nada Tropical","Nada Tropical","Glue Trip",2022-07-28,295680,16,false,iarecippo,2022-08-19T14:32:58Z,"","Glue Trip",0.635,0.505,7,-11.611,1,0.0337,0.55,0.0593,0.139,0.432,96.012,4
spotify:track:4VBE0mwU8Nmm8hiqfCe4Ve,"Being In Love","Wet Leg","Wet Leg",2022-04-08,122466,61,true,iarecippo,2022-08-29T19:19:54Z,"indie rock,indie","Domino Recording Co",0.716,0.687,9,-4.94,0,0.0342,0.00922,0.11,0.123,0.342,126.03,4
spotify:track:0nys6GusuHnjSYLW0PYYb7,"Chaise Longue","Wet Leg","Wet Leg",2022-04-08,196905,66,false,iarecippo,2022-08-29T19:19:54Z,"indie rock,indie","Domino Recording Co",0.684,0.749,7,-6.565,1,0.06,0.00135,0.111,0.141,0.935,160.021,4
spotify:track:3EwTIu5qka2l5ZekB0b6QC,"Angelica","Wet Leg","Wet Leg",2022-04-08,232320,57,false,iarecippo,2022-08-29T19:19:54Z,"indie rock,indie","Domino Recording Co",0.491,0.87,0,-5.138,1,0.0393,0.000141,0.000729,0.368,0.314,131.989,4
spotify:track:59AasfokhGnvuaDVUiJqb7,"I Don't Wanna Go Out","Wet Leg","Wet Leg",2022-04-08,221866,46,true,iarecippo,2022-08-29T19:19:54Z,"indie rock,indie","Domino Recording Co",0.545,0.732,2,-6.789,1,0.0312,0.00524,0.203,0.359,0.479,120.014,4
spotify:track:260Ub1Yuj4CobdISTOBvM9,"Wet Dream","Wet Leg","Wet Leg",2022-04-08,140080,72,false,iarecippo,2022-08-29T19:19:54Z,"indie rock,indie","Domino Recording Co",0.721,0.701,2,-5.941,1,0.0306,0.000927,0.026,0.234,0.892,130.091,3
spotify:track:2NFf0lo7aqNuilv6iahFLG,"Convincing","Wet Leg","Wet Leg",2022-04-08,157893,45,true,iarecippo,2022-08-29T19:19:54Z,"indie rock,indie","Domino Recording Co",0.564,0.784,11,-4.077,0,0.0304,0.00182,0.385,0.275,0.519,127.92,4
spotify:track:0hRJrlZwrnM7Oalx4GLElX,"Loving You","Wet Leg","Wet Leg",2022-04-08,219173,50,true,iarecippo,2022-08-29T19:19:54Z,"indie rock,indie","Domino Recording Co",0.648,0.569,2,-6.323,1,0.0255,0.058,0.0284,0.17,0.416,96.018,4
spotify:track:4ug5wsIcbAPBun8TCKn2t6,"Ur Mum","Wet Leg","Wet Leg",2022-04-08,201253,57,true,iarecippo,2022-08-29T19:19:54Z,"indie rock,indie","Domino Recording Co",0.685,0.72,4,-5.553,1,0.028,0.00702,0.275,0.425,0.554,133.016,4
spotify:track:2ox1FrJXA1KG29I0hsDlxI,"Oh No","Wet Leg","Wet Leg",2022-04-08,149800,46,true,iarecippo,2022-08-29T19:19:54Z,"indie rock,indie","Domino Recording Co",0.506,0.847,4,-3.085,1,0.0877,0.000157,0.019,0.298,0.778,131.989,4
spotify:track:6PGNpgfoGIpfZVJFHdK7bV,"Piece Of Shit","Wet Leg","Wet Leg",2022-04-08,168013,53,true,iarecippo,2022-08-29T19:19:54Z,"indie rock,indie","Domino Recording Co",0.747,0.6,0,-6.534,1,0.0294,0.0206,0.00327,0.173,0.595,115.066,4
spotify:track:0sJRunSEW5Y5B3smVMUbkW,"Supermarket","Wet Leg","Wet Leg",2022-04-08,190933,48,true,iarecippo,2022-08-29T19:19:54Z,"indie rock,indie","Domino Recording Co",0.365,0.744,4,-4.872,1,0.0515,0.000079,0.00299,0.191,0.563,175.585,4
spotify:track:0k8v4D655QaAyuRNvQ9d7K,"Too Late Now","Wet Leg","Wet Leg",2022-04-08,209186,52,true,iarecippo,2022-08-29T19:19:54Z,"indie rock,indie","Domino Recording Co",0.357,0.664,7,-7.325,1,0.0888,0.00859,0.635,0.0971,0.445,156.38,4
spotify:track:7mp6jalqFcrckSf4kXqkgH,"Cheap Cheap Time I Live, Money Money Saves Me","救火人生","Canned Dream",2018-06-12,484613,15,false,iarecippo,2022-09-01T14:23:46Z,"chinese indie,chinese rock,krautrock","兵馬司唱片",0.278,0.736,9,-8.619,1,0.0568,0.0067,0.403,0.255,0.0901,129.965,4
spotify:track:5hOTcjcDDp634EhK4wFP6X,"Why Should I Wait","救火人生","Canned Dream",2018-06-12,290386,6,false,iarecippo,2022-09-01T14:23:46Z,"chinese indie,chinese rock,krautrock","兵馬司唱片",0.314,0.912,2,-7.111,1,0.0907,0.113,0.359,0.166,0.173,131.033,4
spotify:track:55hMfkQYIu79RoUpoYTlOh,"Time Is Fractured","救火人生","Canned Dream",2018-06-12,477279,6,false,iarecippo,2022-09-01T14:23:46Z,"chinese indie,chinese rock,krautrock","兵馬司唱片",0.289,0.706,0,-6.658,1,0.037,0.00329,0.284,0.593,0.108,130.715,4
spotify:track:6JOYA2ZoyydmefqE9ufTSG,"Gooo","救火人生","Canned Dream",2018-06-12,75500,3,false,iarecippo,2022-09-01T14:23:46Z,"chinese indie,chinese rock,krautrock","兵馬司唱片",0.23,0.405,6,-10.759,0,0.0405,0.928,0.909,0.381,0.0375,118.989,1
spotify:track:19AZIYUlSthMVY8MnxnRjf,"But I Am A Lonely Girl","救火人生","Canned Dream",2018-06-12,327093,9,false,iarecippo,2022-09-01T14:23:46Z,"chinese indie,chinese rock,krautrock","兵馬司唱片",0.305,0.61,4,-7.413,1,0.0421,0.00844,0.0156,0.322,0.191,132.837,4
spotify:track:4siCc1HeubVbWJrMXvEVGQ,"Kill The Man","救火人生","Canned Dream",2018-06-12,341826,5,false,iarecippo,2022-09-01T14:23:46Z,"chinese indie,chinese rock,krautrock","兵馬司唱片",0.202,0.909,7,-4.755,1,0.0762,0.0114,0.53,0.31,0.255,163.172,3
spotify:track:60XSfSlR8Lz5xuvSAY0p2P,"Cross","救火人生","Canned Dream",2018-06-12,66500,2,false,iarecippo,2022-09-01T14:23:46Z,"chinese indie,chinese rock,krautrock","兵馬司唱片",0.503,0.128,2,-23.162,1,0.0366,0.234,0.857,0.11,0.454,122.306,4
spotify:track:0TjdVQq5ek4CAB80nV4Ydn,"搖搖晃晃的時間裡","救火人生","Canned Dream",2018-06-12,323626,4,false,iarecippo,2022-09-01T14:23:46Z,"chinese indie,chinese rock,krautrock","兵馬司唱片",0.348,0.562,7,-10.572,1,0.0362,0.133,0.00833,0.0659,0.456,122.429,4
spotify:track:1MpCaOeUWhox2Fgigbe1cL,"I'M THAT GIRL","RENAISSANCE","Beyoncé",2022-07-29,208014,67,true,iarecippo,2022-09-14T00:19:21Z,"","Parkwood Entertainment/Columbia",0.554,0.535,5,-8.959,0,0.186,0.0616,0.0000132,0.124,0.136,105.865,4
spotify:track:0mKGwFMHzTprtS2vpR3b6s,"COZY","RENAISSANCE","Beyoncé",2022-07-29,210372,66,true,iarecippo,2022-09-14T00:19:21Z,"","Parkwood Entertainment/Columbia",0.556,0.63,7,-8.15,1,0.102,0.000828,0.00468,0.155,0.367,149.147,5
spotify:track:1Hohk6AufHZOrrhMXZppax,"ALIEN SUPERSTAR","RENAISSANCE","Beyoncé",2022-07-29,215459,70,true,iarecippo,2022-09-14T00:19:21Z,"","Parkwood Entertainment/Columbia",0.545,0.641,10,-6.398,0,0.0998,0.00453,0.0000659,0.171,0.464,121.892,4
spotify:track:1xzi1Jcr7mEi9K2RfzLOqS,"CUFF IT","RENAISSANCE","Beyoncé",2022-07-29,225388,77,true,iarecippo,2022-09-14T00:19:21Z,"","Parkwood Entertainment/Columbia",0.78,0.689,7,-5.668,1,0.141,0.0368,0.00000969,0.0698,0.642,115.042,4
spotify:track:0314PeD1sQNonfVWix3B2K,"ENERGY (feat. Beam)","RENAISSANCE","Beyoncé;BEAM",2022-07-29,116727,67,false,iarecippo,2022-09-14T00:19:21Z,"","Parkwood Entertainment/Columbia",0.903,0.519,1,-9.151,1,0.26,0.281,0.000106,0.155,0.587,114.991,4
spotify:track:5pyoxDZ1PX0KxBxiRVxA4U,"BREAK MY SOUL","RENAISSANCE","Beyoncé",2022-07-29,278281,70,false,iarecippo,2022-09-14T00:19:21Z,"","Parkwood Entertainment/Columbia",0.693,0.887,1,-5.039,0,0.0795,0.0581,0.00000271,0.27,0.864,114.942,4
spotify:track:2mqTtvbKxH7SoEQ2oGAnsA,"CHURCH GIRL","RENAISSANCE","Beyoncé",2022-07-29,224472,63,true,iarecippo,2022-09-14T00:19:21Z,"","Parkwood Entertainment/Columbia",0.792,0.919,2,-5.688,1,0.276,0.0381,0.0000051,0.368,0.22,92.028,4
spotify:track:6ufcuVInt0ocHrUimDjGlb,"PLASTIC OFF THE SOFA","RENAISSANCE","Beyoncé",2022-07-29,254319,63,false,iarecippo,2022-09-14T00:19:21Z,"","Parkwood Entertainment/Columbia",0.618,0.712,1,-8.246,1,0.114,0.14,0.00000453,0.575,0.305,97.057,4
spotify:track:0Fl4eWzVaMUOdXcOrj6F1q,"VIRGO'S GROOVE","RENAISSANCE","Beyoncé",2022-07-29,368758,66,true,iarecippo,2022-09-14T00:19:21Z,"","Parkwood Entertainment/Columbia",0.683,0.85,11,-5.042,0,0.0699,0.0781,0.00000109,0.741,0.598,107.988,4
spotify:track:5YLGlPYkZBDXieMwzVve7g,"MOVE (feat. Grace Jones & Tems)","RENAISSANCE","Beyoncé;Grace Jones;Tems",2022-07-29,203383,63,false,iarecippo,2022-09-14T00:19:21Z,"art pop,afrobeats,afro r&b,alté,afrobeat","Parkwood Entertainment/Columbia",0.876,0.628,1,-6.595,1,0.0935,0.0165,0.0339,0.0938,0.809,118.028,4
spotify:track:1w7cgGZR86yWz1pA2puVJD,"HEATED","RENAISSANCE","Beyoncé",2022-07-29,260770,69,true,iarecippo,2022-09-14T00:19:21Z,"","Parkwood Entertainment/Columbia",0.785,0.732,1,-5.724,1,0.164,0.0636,0.000807,0.265,0.496,110.952,4
spotify:track:1LCm0lFnEsxR2oPqyHLGX9,"THIQUE","RENAISSANCE","Beyoncé",2022-07-29,244792,63,true,iarecippo,2022-09-14T00:19:21Z,"","Parkwood Entertainment/Columbia",0.823,0.536,5,-10.123,0,0.319,0.0616,0.0143,0.326,0.537,128.955,4
spotify:track:3k4CoiIQXiNBrwrmbBMDxj,"ALL UP IN YOUR MIND","RENAISSANCE","Beyoncé",2022-07-29,169819,61,true,iarecippo,2022-09-14T00:19:21Z,"","Parkwood Entertainment/Columbia",0.744,0.577,9,-7.228,1,0.0631,0.0672,0.00000306,0.178,0.0805,135.869,4
spotify:track:2XMAWynSTIst5KmLSv0Npf,"AMERICA HAS A PROBLEM","RENAISSANCE","Beyoncé",2022-07-29,198897,67,true,iarecippo,2022-09-14T00:19:21Z,"","Parkwood Entertainment/Columbia",0.789,0.614,1,-6.491,1,0.0579,0.00348,0.00152,0.283,0.108,126.035,4
spotify:track:4DByEumlGTZKSzuVEZ35eo,"PURE/HONEY","RENAISSANCE","Beyoncé",2022-07-29,288254,66,true,iarecippo,2022-09-14T00:19:21Z,"","Parkwood Entertainment/Columbia",0.857,0.558,1,-7.888,1,0.134,0.0122,0.000048,0.288,0.453,123.973,4
spotify:track:3HyR1j49TY5ACP2lseF1jx,"SUMMER RENAISSANCE","RENAISSANCE","Beyoncé",2022-07-29,273997,63,true,iarecippo,2022-09-14T00:19:21Z,"","Parkwood Entertainment/Columbia",0.674,0.625,1,-9.593,1,0.0514,0.0843,0.0015,0.11,0.208,120.004,4
spotify:track:6Xom58OOXk2SoU711L2IXO,"Moscow Mule","Un Verano Sin Ti","Bad Bunny",2022-05-06,245939,87,true,iarecippo,2022-09-20T02:15:05Z,"reggaeton,trap latino,latin,urbano latino","Rimas Entertainment LLC.",0.804,0.674,5,-5.453,0,0.0333,0.294,0.00000118,0.115,0.292,99.968,4
spotify:track:1dm6z1fWB0cErMszU25dy2,"Después de la Playa","Un Verano Sin Ti","Bad Bunny",2022-05-06,230400,79,false,iarecippo,2022-09-20T02:15:05Z,"reggaeton,trap latino,latin,urbano latino","Rimas Entertainment LLC.",0.564,0.903,5,-3.221,1,0.307,0.356,0,0.175,0.607,78.293,4
spotify:track:6Sq7ltF9Qa7SNFBsV5Cogx,"Me Porto Bonito","Un Verano Sin Ti","Bad Bunny;Chencho Corleone",2022-05-06,178567,86,true,iarecippo,2022-09-20T02:15:05Z,"reggaeton,trap latino,latin,urbano latino","Rimas Entertainment LLC.",0.911,0.712,1,-5.105,0,0.0817,0.0901,0.0000268,0.0933,0.425,92.005,4
spotify:track:1IHWl5LamUGEuP4ozKQSXZ,"Tití Me Preguntó","Un Verano Sin Ti","Bad Bunny",2022-05-06,243716,92,true,iarecippo,2022-09-20T02:15:05Z,"reggaeton,trap latino,latin,urbano latino","Rimas Entertainment LLC.",0.65,0.715,5,-5.198,0,0.253,0.0993,0.000291,0.126,0.187,106.672,4
spotify:track:5CzixCxDkRXX9mScCmah8O,"Un Ratito","Un Verano Sin Ti","Bad Bunny",2022-05-06,176936,80,true,iarecippo,2022-09-20T02:15:05Z,"reggaeton,trap latino,latin,urbano latino","Rimas Entertainment LLC.",0.787,0.546,0,-7.094,0,0.0532,0.305,0.0000455,0.122,0.222,93.05,4
spotify:track:41oY4WCTj5kccfesTVFnvN,"Tarot","Un Verano Sin Ti","Bad Bunny;JHAYCO",2022-05-06,237894,82,true,iarecippo,2022-09-20T02:15:05Z,"reggaeton,trap latino,latin,urbano latino","Rimas Entertainment LLC.",0.795,0.684,11,-3.971,0,0.0419,0.0225,0,0.658,0.419,114.011,4
spotify:track:31i56LZnwE6uSu3exoHjtB,"Neverita","Un Verano Sin Ti","Bad Bunny",2022-05-06,173119,84,false,iarecippo,2022-09-20T02:15:05Z,"reggaeton,trap latino,latin,urbano latino","Rimas Entertainment LLC.",0.876,0.498,10,-7.511,1,0.0478,0.0706,0,0.143,0.428,122.016,4
spotify:track:1797zYiX4cKosMH836X9Gt,"La Corriente","Un Verano Sin Ti","Bad Bunny;Tony Dize",2022-05-06,198367,79,true,iarecippo,2022-09-20T02:15:05Z,"reggaeton,trap latino,latin,urbano latino","Rimas Entertainment LLC.",0.663,0.786,11,-3.51,0,0.195,0.229,0,0.219,0.579,196.12,4
spotify:track:5Eax0qFko2dh7Rl2lYs3bx,"Efecto","Un Verano Sin Ti","Bad Bunny",2022-05-06,213061,85,true,iarecippo,2022-09-20T02:15:05Z,"reggaeton,trap latino,latin,urbano latino","Rimas Entertainment LLC.",0.801,0.475,7,-8.797,0,0.0516,0.141,0.0000173,0.0639,0.234,98.047,4
spotify:track:4tYFy8ALRjIZvnvSLw5lxN,"Party","Un Verano Sin Ti","Bad Bunny;Rauw Alejandro",2022-05-06,227628,83,true,iarecippo,2022-09-20T02:15:05Z,"reggaeton,trap latino,latin,urbano latino","Rimas Entertainment LLC.",0.829,0.799,9,-5.389,1,0.0897,0.0151,0.000543,0.242,0.471,97.013,4
spotify:track:2uflssWlCaJ6CbTMOsUpNI,"Aguacero","Un Verano Sin Ti","Bad Bunny",2022-05-06,210989,80,true,iarecippo,2022-09-20T02:15:05Z,"reggaeton,trap latino,latin,urbano latino","Rimas Entertainment LLC.",0.861,0.645,6,-6.96,0,0.0743,0.423,0.000592,0.349,0.668,121.391,5
spotify:track:2NMjggapJcXXM7WccGEBUO,"Enséñame a Bailar","Un Verano Sin Ti","Bad Bunny",2022-05-06,176000,82,false,iarecippo,2022-09-20T02:15:05Z,"reggaeton,trap latino,latin,urbano latino","Rimas Entertainment LLC.",0.81,0.789,8,-5.08,1,0.0846,0.191,0.0000108,0.467,0.77,105.009,4
spotify:track:3k3NWokhRRkEPhCzPmV8TW,"Ojitos Lindos","Un Verano Sin Ti","Bad Bunny;Bomba Estéreo",2022-05-06,258298,89,false,iarecippo,2022-09-20T02:15:05Z,"reggaeton,trap latino,latin,urbano latino,latin alternative,electrocumbia","Rimas Entertainment LLC.",0.647,0.686,3,-5.745,0,0.0413,0.08,0.00000134,0.528,0.268,79.928,4
spotify:track:4d4ZXH4dr5bYfgErHiZCX2,"Dos Mil 16","Un Verano Sin Ti","Bad Bunny",2022-05-06,208615,82,true,iarecippo,2022-09-20T02:15:05Z,"reggaeton,trap latino,latin,urbano latino","Rimas Entertainment LLC.",0.817,0.67,1,-6.534,1,0.0506,0.123,0.00000192,0.128,0.495,130.058,3
spotify:track:0UvZcEfpzVyx47QsRbjyBz,"El Apagón","Un Verano Sin Ti","Bad Bunny",2022-05-06,201816,81,true,iarecippo,2022-09-20T02:15:05Z,"reggaeton,trap latino,latin,urbano latino","Rimas Entertainment LLC.",0.629,0.698,8,-4.485,1,0.308,0.0509,0.00166,0.0909,0.599,117.765,4
spotify:track:0E0DRHf5PfMeor0ZCwB3oT,"Otro Atardecer","Un Verano Sin Ti","Bad Bunny;The Marías",2022-05-06,244444,84,false,iarecippo,2022-09-20T02:15:05Z,"reggaeton,trap latino,latin,urbano latino,bedroom pop","Rimas Entertainment LLC.",0.777,0.595,2,-6.79,1,0.0375,0.59,0.00139,0.0669,0.546,108.02,4
spotify:track:6VrQTLzzuyGIYjUDe4kAZk,"Un Coco","Un Verano Sin Ti","Bad Bunny",2022-05-06,196412,82,true,iarecippo,2022-09-20T02:15:05Z,"reggaeton,trap latino,latin,urbano latino","Rimas Entertainment LLC.",0.839,0.69,11,-4.464,1,0.0615,0.207,0.00000833,0.176,0.744,151.991,4
spotify:track:44XjoNvtwevktFKjvVe1vH,"Andrea","Un Verano Sin Ti","Bad Bunny;Buscabulla",2022-05-06,339611,83,true,iarecippo,2022-09-20T02:15:05Z,"reggaeton,trap latino,latin,urbano latino,latin indie","Rimas Entertainment LLC.",0.797,0.616,1,-10.229,0,0.375,0.762,0.000293,0.0979,0.451,103.071,4
spotify:track:18HOjcvTVV7W8YzBuOsAPS,"Un Verano Sin Ti","Un Verano Sin Ti","Bad Bunny",2022-05-06,148143,80,false,iarecippo,2022-09-20T02:15:05Z,"reggaeton,trap latino,latin,urbano latino","Rimas Entertainment LLC.",0.503,0.496,5,-9.123,0,0.0556,0.693,0,0.123,0.412,187.844,4
spotify:track:0wihfILRNOwE2156Shezc8,"Agosto","Un Verano Sin Ti","Bad Bunny",2022-05-06,139041,80,true,iarecippo,2022-09-20T02:15:05Z,"reggaeton,trap latino,latin,urbano latino","Rimas Entertainment LLC.",0.849,0.584,1,-8.195,0,0.115,0.0929,0.00000618,0.492,0.724,115.018,4
spotify:track:71wFwRo8xGc4lrcyKwsvba,"Callaita","Un Verano Sin Ti","Bad Bunny;Tainy",2022-05-06,250533,84,true,iarecippo,2022-09-20T02:15:05Z,"reggaeton,trap latino,latin,urbano latino","Rimas Entertainment LLC.",0.608,0.626,2,-4.773,1,0.301,0.597,0.00000216,0.25,0.246,176.086,4
spotify:track:34KSqP8hK9vktemyJs6Zoh,"Runner","DECIDE","Djo",2022-09-16,258803,0,false,iarecippo,2022-09-22T13:37:47Z,"","Djo",0.394,0.775,1,-7.427,0,0.0385,0.0361,0.179,0.475,0.324,107.997,4
spotify:track:3xHawujZYMSlQww60RjiT7,"Gloom","DECIDE","Djo",2022-09-16,120808,0,true,iarecippo,2022-09-22T13:37:47Z,"","Djo",0.827,0.688,9,-6.998,0,0.0349,0.0678,0.578,0.1,0.613,140.972,4
spotify:track:2uhJyFGBH8qRj14D82rrYn,"Half Life","DECIDE","Djo",2022-09-16,227702,0,false,iarecippo,2022-09-22T13:37:47Z,"","Djo",0.419,0.463,4,-9.553,0,0.0349,0.0401,0.336,0.0827,0.0384,109.996,4
spotify:track:6XinuBuwXvA55cWSbaCa0t,"Fool","DECIDE","Djo",2022-09-16,114742,0,false,iarecippo,2022-09-22T13:37:47Z,"","Djo",0.862,0.472,9,-8.217,0,0.0455,0.0981,0.161,0.066,0.941,84.988,4
spotify:track:1fu5qkCu7pml0LGbSxgRQ6,"On and On","DECIDE","Djo",2022-09-16,243397,0,false,iarecippo,2022-09-22T13:37:47Z,"","Djo",0.777,0.351,5,-10.366,1,0.0591,0.133,0.00755,0.0747,0.412,75.976,4
spotify:track:6ZWIIawlXC4O3z9yEuJvDo,"End of Beginning","DECIDE","Djo",2022-09-16,159245,0,false,iarecippo,2022-09-22T13:37:47Z,"","Djo",0.689,0.453,2,-7.64,1,0.0543,0.0313,0.00405,0.0698,0.915,159.987,4
spotify:track:2Ou3pX0dobop3JBAe8gzHt,"Climax","DECIDE","Djo",2022-09-16,235696,0,false,iarecippo,2022-09-22T13:37:47Z,"","Djo",0.945,0.384,11,-8.992,0,0.0753,0.115,0.769,0.116,0.489,100.013,4
spotify:track:3lLWczQgBellVnVUOxYmib,"Change","DECIDE","Djo",2022-09-16,177641,0,false,iarecippo,2022-09-22T13:37:47Z,"","Djo",0.633,0.614,5,-7.371,1,0.0269,0.0611,0.0036,0.774,0.541,99.966,4
spotify:track:0YEKrjkGcRfpieqBI0K7nB,"Is That All It Takes","DECIDE","Djo",2022-09-16,20876,0,false,iarecippo,2022-09-22T13:37:47Z,"","Djo",0.672,0.391,10,-11.061,0,0.0894,0.738,0.18,0.0853,0.985,92.615,4
spotify:track:26XO4J73JHR7fxM7nUo2hm,"Go For It","DECIDE","Djo",2022-09-16,181353,0,false,iarecippo,2022-09-22T13:37:47Z,"","Djo",0.726,0.488,10,-7.51,0,0.0531,0.0522,0.0781,0.173,0.596,87.054,4
spotify:track:0KcRoQrbYUhsjUUFGaYIbl,"Figure You Out","DECIDE","Djo",2022-09-16,184314,0,false,iarecippo,2022-09-22T13:37:47Z,"","Djo",0.745,0.646,7,-8.151,0,0.0596,0.156,0.00119,0.199,0.308,117.028,4
spotify:track:4G5CriyBG4VBHz2UHxGi2J,"Slither","DECIDE","Djo",2022-09-16,110820,0,false,iarecippo,2022-09-22T13:37:47Z,"","Djo",0.837,0.614,0,-8.726,1,0.0336,0.123,0.113,0.0804,0.964,99.995,4
spotify:track:24kD2WeS3sOufNgpJEjRRS,"HOW TO SELF DESTRUCT*","CYBERKISS*","BLACKSTARKIDS",2022-09-23,176013,10,true,iarecippo,2022-09-23T13:55:39Z,"","Dirty Hit",0.694,0.961,5,-1.581,1,0.0506,0.156,0,0.343,0.541,126.018,4
spotify:track:0dvZbh87FAcUDF8lhEVAMf,"SEX APPEAL","CYBERKISS*","BLACKSTARKIDS",2022-09-23,148453,11,true,iarecippo,2022-09-23T13:55:39Z,"","Dirty Hit",0.709,0.656,5,-5.425,0,0.18,0.207,0.0000442,0.0949,0.77,105.002,4
spotify:track:4Ow6kUoTbVFVNBkGNiVVbJ,"PINK STARZ","CYBERKISS*","BLACKSTARKIDS",2022-09-23,200631,7,true,iarecippo,2022-09-23T13:55:39Z,"","Dirty Hit",0.588,0.907,0,-2.732,1,0.187,0.0254,0,0.184,0.62,164.982,4
spotify:track:2iffGM1IJSl1cYBfWx5VSJ,"JOY","CYBERKISS*","BLACKSTARKIDS",2022-09-23,215054,6,true,iarecippo,2022-09-23T13:55:39Z,"","Dirty Hit",0.588,0.802,8,-4.552,1,0.167,0.236,0.0000174,0.324,0.681,171.834,4
spotify:track:2Fs5OVkVlwJZClpYUgBAE8,"REJECT MEDIA","CYBERKISS*","BLACKSTARKIDS",2022-09-23,29961,0,false,iarecippo,2022-09-23T13:55:39Z,"","Dirty Hit",0.607,0.723,6,-4.04,1,0.311,0.0944,0.0000263,0.105,0.911,126.821,4
spotify:track:6OtZmfVTQgUnsAw128KpHh,"CYBERKISS 2 U*","CYBERKISS*","BLACKSTARKIDS;beabadoobee",2022-09-23,188569,28,false,iarecippo,2022-09-23T13:55:39Z,"bedroom pop","Dirty Hit",0.596,0.971,7,-3.324,1,0.0402,0.0136,0.000011,0.577,0.817,133.021,4
spotify:track:3dT15WTXOl9VynR9hixR3Z,"NUYORK V2*","CYBERKISS*","BLACKSTARKIDS",2022-09-23,211375,12,true,iarecippo,2022-09-23T13:55:39Z,"","Dirty Hit",0.545,0.898,10,-2.369,1,0.0577,0.0017,0,0.119,0.358,116.957,4
spotify:track:5eFOs02A1PjkkXyiKYAMKO,"BOYCOTT","CYBERKISS*","BLACKSTARKIDS",2022-09-23,190500,6,true,iarecippo,2022-09-23T13:55:39Z,"","Dirty Hit",0.501,0.879,7,-3.492,1,0.0844,0.00459,0.00000239,0.601,0.441,162.06,4
spotify:track:1pqaSCMYXViDDOXiF4yE47,"STAR CROSSED KIWI FUSION*","CYBERKISS*","BLACKSTARKIDS",2022-09-23,49763,3,false,iarecippo,2022-09-23T13:55:39Z,"","Dirty Hit",0.406,0.113,9,-26.306,1,0.0902,0.915,0.000987,0.442,0.684,78.267,4
spotify:track:3ifAAlsiICSD1Y8beWwAei,"DO THE RIGHT THING","CYBERKISS*","BLACKSTARKIDS",2022-09-23,179436,5,true,iarecippo,2022-09-23T13:55:39Z,"","Dirty Hit",0.739,0.701,7,-4.756,1,0.143,0.423,0,0.28,0.834,96.058,4
spotify:track:4CQBxkg7KNyVWTZHAZdoLM,"KEEP ME AROUND","CYBERKISS*","BLACKSTARKIDS",2022-09-23,251492,10,true,iarecippo,2022-09-23T13:55:39Z,"","Dirty Hit",0.558,0.972,0,-2.781,1,0.0505,0.0737,0,0.224,0.628,126.007,4
spotify:track:43265VDeIzxxi3RDcVP24F,"DIGITAL WORLD","CYBERKISS*","BLACKSTARKIDS",2022-09-23,168793,4,true,iarecippo,2022-09-23T13:55:39Z,"","Dirty Hit",0.667,0.906,1,-1.735,1,0.222,0.109,0,0.291,0.389,108.025,4
spotify:track:3BLjWqH8CPqPAe7Kc8ox1M,"EXPRESS YOURSELF","CYBERKISS*","BLACKSTARKIDS",2022-09-23,54803,2,false,iarecippo,2022-09-23T13:55:39Z,"","Dirty Hit",0.418,0.882,9,-8.066,1,0.197,0.254,0,0.32,0.914,100.181,4
spotify:track:2hIbaTH748w0x38FxayRtX,"PEACH COBBLER","CYBERKISS*","BLACKSTARKIDS",2022-09-23,207190,5,true,iarecippo,2022-09-23T13:55:39Z,"","Dirty Hit",0.654,0.892,7,-3,1,0.0563,0.277,0,0.219,0.622,118.008,4
spotify:track:1dp6kZxY3BIV7KXhdb1wJ8,"CARDIGAN","CYBERKISS*","BLACKSTARKIDS",2022-09-23,183750,8,true,iarecippo,2022-09-23T13:55:39Z,"","Dirty Hit",0.467,0.97,5,-3.439,0,0.0739,0.000226,0,0.162,0.477,151.976,4
spotify:track:6oEYpwEYbztUOrjGLJz3Mo,"1-800-BLACKSTARKIDS","CYBERKISS*","BLACKSTARKIDS",2022-09-23,30703,1,true,iarecippo,2022-09-23T13:55:39Z,"","Dirty Hit",0.709,0.741,1,-5.539,1,0.345,0.148,0,0.521,0.905,100.292,3
spotify:track:1Cigmex0HODAYsXpNycL8g,"PEACE + LOVE","CYBERKISS*","BLACKSTARKIDS",2022-09-23,221459,5,true,iarecippo,2022-09-23T13:55:39Z,"","Dirty Hit",0.598,0.952,5,-3.945,0,0.039,0.00195,0,0.467,0.513,124.02,4
spotify:track:0Zea5n2cl6uGrmiTYz940q,"Wanna Be's (intro)","Diretoria","Tasha & Tracie;Pizzol",2021-08-19,103984,0,false,iarecippo,2022-10-06T14:55:45Z,"brazilian hip hop,boom bap","Ceia Ent.",0.595,0.63,11,-7.548,0,0.486,0.537,0.00000157,0.729,0.369,138.999,4
spotify:track:5ep36BTpB6EzmwswU2vPJl,"Rouff","Diretoria","Tasha & Tracie;CESRV",2021-08-19,117936,0,false,iarecippo,2022-10-06T14:55:45Z,"brazilian hip hop,boom bap,grime,brazilian trap","Ceia Ent.",0.797,0.647,1,-6.462,0,0.535,0.363,0,0.227,0.711,142.043,4
spotify:track:6Ys8z2IeXc3qRXVbKjymTL,"Amarrou","Diretoria","Tasha & Tracie;Veigh;Pizzol;DJ MF",2021-08-19,217367,0,false,iarecippo,2022-10-06T14:55:45Z,"brazilian hip hop,brazilian trap,trap funk,trap,boom bap","Ceia Ent.",0.826,0.573,11,-5.515,0,0.283,0.00615,0,0.128,0.485,149.913,4
spotify:track:2Db7e4OXyzQFjMC34RdCOj,"Cheat Code","Diretoria","Tasha & Tracie;Vinex;Devasto Prod",2021-08-19,180000,0,false,iarecippo,2022-10-06T14:55:45Z,"brazilian hip hop","Ceia Ent.",0.697,0.602,9,-7.339,1,0.456,0.218,0,0.11,0.513,81.406,4
spotify:track:3CPror2JNhqGuS8AjaAoKu,"Lui Lui","Diretoria","Tasha & Tracie;Mu540;Febem;ONNiKA",2021-08-19,281223,0,false,iarecippo,2022-10-06T14:55:45Z,"brazilian hip hop,brazilian trap,trap funk,trap,boom bap,grime","Ceia Ent.",0.938,0.552,10,-6.778,0,0.289,0.447,0,0.274,0.66,119.984,4
spotify:track:5hnZtQxFxe1wE8MFAkza53,"SUV","Diretoria","Tasha & Tracie;Mu540;Yunk Vino",2021-08-19,240746,0,false,iarecippo,2022-10-06T14:55:45Z,"brazilian hip hop,brazilian trap,trap funk,trap","Ceia Ent.",0.744,0.703,9,-5.885,0,0.249,0.0871,0,0.675,0.486,129.974,4
spotify:track:64Clca1w9XxHsPstad5aCX,"Diretoria","Diretoria","Tasha & Tracie;Mc Nick;Pizzol",2021-08-19,206546,0,false,iarecippo,2022-10-06T14:55:45Z,"brazilian hip hop,brega funk,brazilian funk,brega,funk carioca,boom bap","Ceia Ent.",0.71,0.778,2,-6.6,1,0.376,0.0463,0,0.0853,0.678,139.813,4
spotify:track:5BkO8Wp1ssLb60S7cF35KX,"Mycelium","Ice, Death, Planets, Lungs, Mushrooms And Lava","King Gizzard & The Lizard Wizard",2022-10-07,455683,0,false,iarecippo,2022-10-07T16:53:43Z,"neo-psychedelic,psychedelic rock","KGLW (King Gizzard & the Lizard Wizard)",0.697,0.859,8,-4.026,1,0.0441,0.337,0.00145,0.0384,0.765,85.048,4
spotify:track:36XAknfUMQYgAPfIJkTed0,"Ice V","Ice, Death, Planets, Lungs, Mushrooms And Lava","King Gizzard & The Lizard Wizard",2022-10-07,615939,0,false,iarecippo,2022-10-07T16:53:43Z,"neo-psychedelic,psychedelic rock","KGLW (King Gizzard & the Lizard Wizard)",0.684,0.962,5,-4.367,1,0.0509,0.274,0.0039,0.11,0.862,110.05,4
spotify:track:5nXO28PQrL5unzmFUJrdlT,"Magma","Ice, Death, Planets, Lungs, Mushrooms And Lava","King Gizzard & The Lizard Wizard",2022-10-07,546451,0,true,iarecippo,2022-10-07T16:53:43Z,"neo-psychedelic,psychedelic rock","KGLW (King Gizzard & the Lizard Wizard)",0.606,0.915,10,-4.608,1,0.0495,0.113,0.443,0.101,0.74,99.985,4
spotify:track:3TSmyuu9P8XZ7j1Qjf30ZH,"Lava","Ice, Death, Planets, Lungs, Mushrooms And Lava","King Gizzard & The Lizard Wizard",2022-10-07,401196,0,false,iarecippo,2022-10-07T16:53:43Z,"neo-psychedelic,psychedelic rock","KGLW (King Gizzard & the Lizard Wizard)",0.301,0.811,5,-4.17,1,0.0429,0.177,0.169,0.251,0.422,96.658,4
spotify:track:1twyQJ6Zw0mORg0haUwg4o,"Hell's Itch","Ice, Death, Planets, Lungs, Mushrooms And Lava","King Gizzard & The Lizard Wizard",2022-10-07,807543,0,true,iarecippo,2022-10-07T16:53:43Z,"neo-psychedelic,psychedelic rock","KGLW (King Gizzard & the Lizard Wizard)",0.501,0.883,7,-6.077,1,0.0394,0.0077,0.00329,0.146,0.743,94.96,4
spotify:track:2GfQhXyoUXYTkMHDXJhCU5,"Iron Lung","Ice, Death, Planets, Lungs, Mushrooms And Lava","King Gizzard & The Lizard Wizard",2022-10-07,544517,0,false,iarecippo,2022-10-07T16:53:43Z,"neo-psychedelic,psychedelic rock","KGLW (King Gizzard & the Lizard Wizard)",0.56,0.904,9,-5.299,0,0.126,0.32,0.00484,0.0634,0.353,119.92,4
spotify:track:2VgVTbT3BUPmrMYPo0Dd9N,"Gliese 710","Ice, Death, Planets, Lungs, Mushrooms And Lava","King Gizzard & The Lizard Wizard",2022-10-07,468079,0,false,iarecippo,2022-10-07T16:53:43Z,"neo-psychedelic,psychedelic rock","KGLW (King Gizzard & the Lizard Wizard)",0.284,0.825,5,-5.216,1,0.0664,0.076,0.422,0.102,0.319,102.501,5
spotify:track:1kKqUukz5SIgnPS9VCoU3G,"Timeland","Made In Timeland","King Gizzard & The Lizard Wizard",2022-10-12,900193,0,false,iarecippo,2022-10-13T02:21:07Z,"neo-psychedelic,psychedelic rock","ATO Records",0.489,0.545,7,-12.273,1,0.0543,0.15,0.738,0.107,0.118,120.049,4
spotify:track:4lPPtXZutcC5NyUJwuiXpY,"Smoke & Mirrors","Made In Timeland","King Gizzard & The Lizard Wizard",2022-10-12,900076,0,false,iarecippo,2022-10-13T02:21:07Z,"neo-psychedelic,psychedelic rock","ATO Records",0.451,0.625,4,-11.241,0,0.0732,0.0232,0.642,0.512,0.277,120.035,4
spotify:track:1zx6GSqLYI2ynzAHnPRKBR,"There’d Better Be A Mirrorball","The Car","Arctic Monkeys",2022-10-21,265798,60,false,iarecippo,2022-10-21T03:09:03Z,"indie,garage rock","Domino Recording Co",0.521,0.365,3,-10.914,1,0.0317,0.626,0.012,0.185,0.324,143.789,4
spotify:track:1UwUhKmFxGKs59xiWO60Sx,"I Ain’t Quite Where I Think I Am","The Car","Arctic Monkeys",2022-10-21,191173,54,false,iarecippo,2022-10-21T03:09:03Z,"indie,garage rock","Domino Recording Co",0.544,0.337,10,-9.846,1,0.0653,0.357,0.0000634,0.085,0.667,192.685,4
spotify:track:5hljqZrl0h7RcIhUnOPuve,"Sculptures Of Anything Goes","The Car","Arctic Monkeys",2022-10-21,239151,60,false,iarecippo,2022-10-21T03:09:03Z,"indie,garage rock","Domino Recording Co",0.591,0.309,4,-11.087,0,0.0287,0.704,0.0122,0.102,0.257,71.573,4
spotify:track:2HReNSxrMRcJ0cYMzKAJK6,"Jet Skis On The Moat","The Car","Arctic Monkeys",2022-10-21,197576,54,false,iarecippo,2022-10-21T03:09:03Z,"indie,garage rock","Domino Recording Co",0.651,0.244,7,-11.925,1,0.0544,0.856,0.00165,0.0895,0.395,149.759,3
spotify:track:42GuKw49pPxNAkIhWGwgFs,"Body Paint","The Car","Arctic Monkeys",2022-10-21,290584,60,false,iarecippo,2022-10-21T03:09:03Z,"indie,garage rock","Domino Recording Co",0.556,0.315,7,-11.651,0,0.0625,0.568,0,0.0774,0.256,143.327,4
spotify:track:0C6dSPCqwKqwos6s1CrDrh,"The Car","The Car","Arctic Monkeys",2022-10-21,198554,52,false,iarecippo,2022-10-21T03:09:03Z,"indie,garage rock","Domino Recording Co",0.428,0.365,4,-11.889,0,0.0276,0.78,0.0033,0.113,0.236,94.033,3
spotify:track:4KPi4VNvPOfKqIp1sx19Xf,"Big Ideas","The Car","Arctic Monkeys",2022-10-21,237984,58,false,iarecippo,2022-10-21T03:09:03Z,"indie,garage rock","Domino Recording Co",0.548,0.328,9,-9.973,0,0.0296,0.663,0.00365,0.0972,0.343,67.023,3
spotify:track:5ygEUpyZy5qtZ1423zymBW,"Hello You","The Car","Arctic Monkeys",2022-10-21,244932,55,false,iarecippo,2022-10-21T03:09:03Z,"indie,garage rock","Domino Recording Co",0.394,0.452,4,-9.923,0,0.0321,0.276,0.00998,0.193,0.653,169.298,4
spotify:track:5fClRRa7P9nPIpstj50veV,"Mr Schwartz","The Car","Arctic Monkeys",2022-10-21,210012,51,false,iarecippo,2022-10-21T03:09:03Z,"indie,garage rock","Domino Recording Co",0.569,0.335,11,-13.637,0,0.0322,0.802,0.018,0.0834,0.388,127.587,4
spotify:track:0z5x3VmmQ7cyTeOP7VAf3T,"Perfect Sense","The Car","Arctic Monkeys",2022-10-21,167379,53,false,iarecippo,2022-10-21T03:09:03Z,"indie,garage rock","Domino Recording Co",0.52,0.478,4,-10.862,1,0.0276,0.61,0.00122,0.105,0.545,82.932,4
spotify:track:1IctVNt0Z1JTFGtXeHYE2a,"Baby's Gone","Free The Birds","Free The Birds",2020-02-20,179181,37,false,iarecippo,2022-10-23T18:41:37Z,"","Free The Birds",0.718,0.713,5,-6.383,1,0.0389,0.258,0.478,0.124,0.973,120.048,4
spotify:track:29ZMjYr6CMY5YUKVkylkRJ,"Desert Isle","Free The Birds","Free The Birds",2020-02-20,255499,21,false,iarecippo,2022-10-23T18:41:37Z,"","Free The Birds",0.712,0.587,0,-4.868,1,0.0317,0.732,0.675,0.0836,0.876,130.49,3
spotify:track:490H3OAl7j7dUhijnRMI4k,"Window","Free The Birds","Free The Birds",2020-02-20,231544,26,false,iarecippo,2022-10-23T18:41:37Z,"","Free The Birds",0.407,0.639,2,-7.122,1,0.0473,0.322,0.711,0.105,0.962,117.021,4
spotify:track:44iUaGP6C5DDC3zeHyRdSe,"Do U Miss All The","Free The Birds","Free The Birds",2020-02-20,183616,26,false,iarecippo,2022-10-23T18:41:37Z,"","Free The Birds",0.377,0.233,3,-14.626,1,0.0481,0.982,0.907,0.279,0.194,83,4
spotify:track:21NZOJOaFxeYEcKQbgDgtW,"Change","Changes","King Gizzard & The Lizard Wizard",2022-10-28,783390,0,false,iarecippo,2022-10-28T13:04:49Z,"neo-psychedelic,psychedelic rock","KGLW (King Gizzard & the Lizard Wizard)",0.692,0.565,1,-7.574,0,0.0616,0.223,0.0399,0.0834,0.319,137.977,4
spotify:track:6SYxCsqjVaOhEOIuKTfnJ0,"Hate Dancin'","Changes","King Gizzard & The Lizard Wizard",2022-10-28,196348,0,false,iarecippo,2022-10-28T13:04:49Z,"neo-psychedelic,psychedelic rock","KGLW (King Gizzard & the Lizard Wizard)",0.406,0.919,6,-6.578,1,0.211,0.0417,0.00305,0.399,0.334,143.45,4
spotify:track:5LjGOJDlKw1XyX9s0P8eFh,"Astroturf","Changes","King Gizzard & The Lizard Wizard",2022-10-28,453452,0,false,iarecippo,2022-10-28T13:04:49Z,"neo-psychedelic,psychedelic rock","KGLW (King Gizzard & the Lizard Wizard)",0.731,0.762,6,-4.983,1,0.102,0.00872,0.0418,0.0485,0.743,98.205,4
spotify:track:2bNqs5SLWjOtwcohKAdlgJ,"No Body","Changes","King Gizzard & The Lizard Wizard",2022-10-28,222034,0,false,iarecippo,2022-10-28T13:04:49Z,"neo-psychedelic,psychedelic rock","KGLW (King Gizzard & the Lizard Wizard)",0.669,0.497,11,-5.03,0,0.0402,0.179,0.687,0.144,0.506,133.918,4
spotify:track:6P7FJBspEtLcqjzltUv74y,"Gondii","Changes","King Gizzard & The Lizard Wizard",2022-10-28,296980,0,false,iarecippo,2022-10-28T13:04:49Z,"neo-psychedelic,psychedelic rock","KGLW (King Gizzard & the Lizard Wizard)",0.628,0.944,6,-4.469,0,0.0445,0.00445,0.0101,0.232,0.472,157.017,4
spotify:track:7sdo2iJSHNrNpGdilhH7K3,"Exploding Suns","Changes","King Gizzard & The Lizard Wizard",2022-10-28,280575,0,false,iarecippo,2022-10-28T13:04:49Z,"neo-psychedelic,psychedelic rock","KGLW (King Gizzard & the Lizard Wizard)",0.725,0.441,9,-9.005,1,0.0461,0.35,0.339,0.103,0.252,116.031,3
spotify:track:5vDcTltnch1yMXds0BT9dR,"Short Change","Changes","King Gizzard & The Lizard Wizard",2022-10-28,170239,0,false,iarecippo,2022-10-28T13:04:49Z,"neo-psychedelic,psychedelic rock","KGLW (King Gizzard & the Lizard Wizard)",0.543,0.924,6,-7.051,1,0.128,0.157,0.414,0.0936,0.669,103.288,3
spotify:track:4tuIihi8Bv5WNHDLe8pkiy,"silver lining","froge.mp3","piri;Tommy Villiers;piri & tommy",2022-10-21,154400,40,false,iarecippo,2022-11-07T14:26:07Z,"uk garage,rally house,liquid funk,drum and bass","Polydor Records",0.77,0.596,9,-6.099,1,0.0473,0.226,0.133,0.0728,0.908,140.012,4
spotify:track:5mfGEs5n647v4WE3K5YmBy,"on & on","froge.mp3","piri;Tommy Villiers;piri & tommy",2022-10-21,135386,61,false,iarecippo,2022-11-07T14:26:07Z,"uk garage,rally house,liquid funk,drum and bass","Polydor Records",0.601,0.766,4,-7.649,0,0.0623,0.146,0.0158,0.0816,0.821,173.994,4
spotify:track:2bQ7sdGCOCoP4OTCdHPKFM,"soft spot","froge.mp3","piri;Tommy Villiers;piri & tommy",2022-10-21,223626,50,false,iarecippo,2022-11-07T14:26:07Z,"uk garage,rally house,liquid funk,drum and bass","Polydor Records",0.649,0.664,7,-7.836,1,0.0558,0.0214,0.0242,0.152,0.442,169.913,4
spotify:track:2X5JhyQkuFIj1jpByaQoC9,"settle","froge.mp3","piri;Tommy Villiers;piri & tommy",2022-10-21,162053,34,false,iarecippo,2022-11-07T14:26:07Z,"uk garage,rally house,liquid funk,drum and bass","Polydor Records",0.56,0.691,1,-5.798,1,0.0334,0.405,0.0295,0.116,0.94,169.921,4
spotify:track:4VZqbATiMbmwgSRnhfD9Tq,"words","froge.mp3","piri;Tommy Villiers;piri & tommy",2022-10-21,190040,42,false,iarecippo,2022-11-07T14:26:07Z,"uk garage,rally house,liquid funk,drum and bass","Polydor Records",0.728,0.96,6,-4.73,0,0.0559,0.0713,0.00494,0.0859,0.616,134.039,4
spotify:track:22L7DE6groVMHtzeVxbUdz,"slowly but surely","froge.mp3","piri;Tommy Villiers;piri & tommy",2022-10-21,186333,32,false,iarecippo,2022-11-07T14:26:07Z,"uk garage,rally house,liquid funk,drum and bass","Polydor Records",0.604,0.583,7,-11.577,1,0.0526,0.609,0.703,0.0896,0.751,146.996,4
spotify:track:1qYSKTn4Peb38J5828xUmF,"say it","froge.mp3","piri;Tommy Villiers;piri & tommy",2022-10-21,178520,37,false,iarecippo,2022-11-07T14:26:07Z,"uk garage,rally house,liquid funk,drum and bass","Polydor Records",0.637,0.588,4,-8.49,0,0.0402,0.147,0.0103,0.354,0.522,84.507,4
spotify:track:7aTiqvizn5SOscReZgehFM,"can we","froge.mp3","piri;Tommy Villiers;piri & tommy",2022-10-21,156653,39,false,iarecippo,2022-11-07T14:26:07Z,"uk garage,rally house,liquid funk,drum and bass","Polydor Records",0.733,0.749,10,-8.467,0,0.0896,0.256,0.00443,0.24,0.969,173.959,4
spotify:track:4MpJ40XbfFIJAL66FWyYKc,"easy","froge.mp3","piri;Tommy Villiers;piri & tommy",2022-10-21,188680,34,false,iarecippo,2022-11-07T14:26:07Z,"uk garage,rally house,liquid funk,drum and bass","Polydor Records",0.83,0.65,6,-8.318,1,0.178,0.496,0.0000929,0.108,0.711,136.009,4
spotify:track:2kvLtYfQaojEnPJ2zkozhr,"player 2","froge.mp3","piri;Tommy Villiers;piri & tommy",2022-10-21,180920,39,false,iarecippo,2022-11-07T14:26:07Z,"uk garage,rally house,liquid funk,drum and bass","Polydor Records",0.873,0.649,11,-7.458,0,0.155,0.279,0.0000275,0.0837,0.954,135.004,4
spotify:track:3urYUGRvToBI4u87OzsSMZ,"beachin","froge.mp3","piri;Tommy Villiers;piri & tommy",2022-10-21,195226,46,false,iarecippo,2022-11-07T14:26:07Z,"uk garage,rally house,liquid funk,drum and bass","Polydor Records",0.666,0.637,10,-9.664,0,0.0387,0.33,0.0011,0.249,0.841,87.01,4
spotify:track:0daWH6qNvD4kj0ybK7QvGg,"sunlight","froge.mp3","piri;Tommy Villiers;piri & tommy",2022-10-21,194453,37,false,iarecippo,2022-11-07T14:26:07Z,"uk garage,rally house,liquid funk,drum and bass","Polydor Records",0.672,0.436,6,-11.465,0,0.0412,0.8,0.347,0.143,0.475,120.985,4
spotify:track:0fm6oDgGOPikLyxKEHMMHk,"Glory","11","SAULT",2022-11-11,337514,50,false,iarecippo,2022-11-11T17:41:29Z,"","Forever Living Originals",0.684,0.404,4,-8.967,1,0.143,0.174,0.00055,0.0907,0.297,99.074,4
spotify:track:45gyof1G7dJMuuWfEK4oXZ,"Fear No One","11","SAULT",2022-11-11,170773,43,false,iarecippo,2022-11-11T17:41:29Z,"","Forever Living Originals",0.594,0.418,11,-8.776,0,0.0295,0.0564,0.0014,0.265,0.189,83.442,4
spotify:track:4Hge2Dy2MBYw45e28LIaQy,"Morning Sun","11","SAULT",2022-11-11,239216,39,false,iarecippo,2022-11-11T17:41:29Z,"","Forever Living Originals",0.651,0.644,1,-9.091,0,0.146,0.0564,0.0417,0.375,0.641,170.74,4
spotify:track:3M6H6m1K15LqpchApR9vQd,"Together","11","SAULT",2022-11-11,219370,35,false,iarecippo,2022-11-11T17:41:29Z,"","Forever Living Originals",0.607,0.649,4,-6.825,0,0.0726,0.297,0.461,0.227,0.674,113.011,4
spotify:track:0qnsUg7opCIpsBFHv0u7W1,"Higher","11","SAULT",2022-11-11,221440,52,false,iarecippo,2022-11-11T17:41:29Z,"","Forever Living Originals",0.877,0.407,1,-8.021,1,0.0432,0.144,0.74,0.0819,0.921,110.731,4
spotify:track:7zjdgDKRKYdthebHKUPULe,"Jack's Gift","11","SAULT",2022-11-11,245866,32,false,iarecippo,2022-11-11T17:41:29Z,"","Forever Living Originals",0.491,0.0889,3,-22.483,0,0.0567,0.993,0.337,0.0979,0.504,154.756,3
spotify:track:1LPQheJpIsG8rlUkCmZx2D,"Fight for Love","11","SAULT",2022-11-11,297717,61,false,iarecippo,2022-11-11T17:41:29Z,"","Forever Living Originals",0.836,0.411,6,-9.084,0,0.0325,0.42,0.382,0.0913,0.845,90.876,4
spotify:track:5QrhTxjhRFYqYjQeT0tqEa,"Envious","11","SAULT",2022-11-11,153290,62,false,iarecippo,2022-11-11T17:41:29Z,"","Forever Living Originals",0.803,0.224,4,-10.284,0,0.0634,0.635,0.836,0.103,0.84,87.299,4
spotify:track:6ZfAfuSvG1fwhurlZ113DX,"River","11","SAULT",2022-11-11,341621,35,false,iarecippo,2022-11-11T17:41:29Z,"","Forever Living Originals",0.543,0.441,5,-12.138,1,0.0515,0.694,0.0182,0.111,0.253,81.926,4
spotify:track:7jnfHUMLtiLx3PAXLk6orS,"In the Air","11","SAULT",2022-11-11,232272,58,false,iarecippo,2022-11-11T17:41:29Z,"","Forever Living Originals",0.577,0.373,2,-9.153,1,0.0269,0.695,0.0264,0.112,0.385,90.015,4
spotify:track:6YeDDC5ndGZcbuUWCx3hty,"The Circle","11","SAULT",2022-11-11,185393,35,false,iarecippo,2022-11-11T17:41:29Z,"","Forever Living Originals",0.69,0.505,11,-9.47,0,0.0373,0.0415,0.863,0.141,0.527,102.826,4
spotify:track:2kiAknvCAHKkCPXBP8Ea6O,"Take It Back","The Family","BROCKHAMPTON",2022-11-17,137136,32,true,iarecippo,2022-11-17T22:54:06Z,"","Question Everything/RCA Records",0.554,0.784,4,-7.924,1,0.41,0.0461,0,0.585,0.632,90.876,4
spotify:track:3UNRWUp42N4Oaj1M1mcDRE,"RZA","The Family","BROCKHAMPTON",2022-11-17,132743,35,true,iarecippo,2022-11-17T22:54:06Z,"","Question Everything/RCA Records",0.61,0.626,8,-7.899,0,0.0977,0.0708,0,0.702,0.486,90.021,4
spotify:track:38PjQxCq5iXGPMTvvcH8dK,"Gold Teeth","The Family","BROCKHAMPTON",2022-11-17,106103,32,true,iarecippo,2022-11-17T22:54:06Z,"","Question Everything/RCA Records",0.637,0.695,2,-8.791,1,0.189,0.469,0.00000295,0.569,0.521,90.045,4
spotify:track:3hJM1nhwJbOJu2VPWLwWsD,"Big Pussy","The Family","BROCKHAMPTON",2022-11-17,140592,34,true,iarecippo,2022-11-17T22:54:06Z,"","Question Everything/RCA Records",0.608,0.793,11,-8.326,0,0.399,0.435,0,0.439,0.807,93.707,4
spotify:track:0dRMqHJre73e9V0wOfwV6u,"All That","The Family","BROCKHAMPTON",2022-11-17,166949,42,true,iarecippo,2022-11-17T22:54:06Z,"","Question Everything/RCA Records",0.723,0.478,8,-8.589,1,0.17,0.141,0,0.214,0.817,88.751,4
spotify:track:4V8GNCtQK7HJz2WChcWfHh,"(Back From The) Road","The Family","BROCKHAMPTON",2022-11-17,94421,27,true,iarecippo,2022-11-17T22:54:06Z,"","Question Everything/RCA Records",0.671,0.154,11,-14.807,1,0.521,0.468,0,0.409,0.529,182.795,3
spotify:track:6UECeLTI315ypdwrOMdu0N,"Basement","The Family","BROCKHAMPTON",2022-11-17,73323,26,true,iarecippo,2022-11-17T22:54:06Z,"","Question Everything/RCA Records",0.79,0.652,8,-11.589,1,0.254,0.0224,0.000196,0.447,0.821,144.061,4
spotify:track:0T0kylarnEPJ99DyMxMwJB,"Southside","The Family","BROCKHAMPTON",2022-11-17,81620,27,true,iarecippo,2022-11-17T22:54:06Z,"","Question Everything/RCA Records",0.867,0.526,6,-12.587,0,0.409,0.18,0,0.719,0.594,95.078,4
spotify:track:630mLBKUctEgYdeYRGkYAv,"Good Time","The Family","BROCKHAMPTON",2022-11-17,111960,31,true,iarecippo,2022-11-17T22:54:06Z,"","Question Everything/RCA Records",0.276,0.548,6,-8.876,1,0.0582,0.0727,0,0.156,0.656,139.033,4
spotify:track:1Zw5s7JEokiF5OchgnRB0t,"37th","The Family","BROCKHAMPTON",2022-11-17,135736,35,true,iarecippo,2022-11-17T22:54:06Z,"","Question Everything/RCA Records",0.575,0.383,0,-10.31,0,0.318,0.304,0,0.389,0.386,170.208,4
spotify:track:23q4ze6Et3w2ok3LavsmxP,"Boyband","The Family","BROCKHAMPTON",2022-11-17,104143,28,true,iarecippo,2022-11-17T22:54:06Z,"","Question Everything/RCA Records",0.575,0.745,6,-8.605,0,0.205,0.353,0,0.421,0.675,97.91,4
spotify:track:0UYuRLB2wbG7X19Hd5DeQ2,"Any Way You Want Me","The Family","BROCKHAMPTON",2022-11-17,91080,46,false,iarecippo,2022-11-17T22:54:06Z,"","Question Everything/RCA Records",0.653,0.524,11,-13.814,0,0.0413,0.729,0.0473,0.123,0.487,109.966,4
spotify:track:45MtMGY9AwI1JxHfyChMNk,"The Family","The Family","BROCKHAMPTON",2022-11-17,175060,33,true,iarecippo,2022-11-17T22:54:06Z,"","Question Everything/RCA Records",0.423,0.453,0,-8.775,1,0.108,0.552,0,0.177,0.616,145.287,4
spotify:track:4zQaB8mQQKnRAEFGmOWYCs,"Prayer","The Family","BROCKHAMPTON",2022-11-17,105568,28,true,iarecippo,2022-11-17T22:54:06Z,"","Question Everything/RCA Records",0.303,0.291,6,-14.748,1,0.0377,0.706,0.91,0.479,0.0394,88.854,3
spotify:track:2GtvxN6tjbqxPZKRNZcJ7x,"My American Life","The Family","BROCKHAMPTON",2022-11-17,87049,28,false,iarecippo,2022-11-17T22:54:06Z,"","Question Everything/RCA Records",0.767,0.461,5,-7.639,1,0.0767,0.57,0,0.697,0.119,118.013,4
spotify:track:1YNrGlNi8UDoOmutkjVFUA,"The Ending","The Family","BROCKHAMPTON",2022-11-17,108218,32,true,iarecippo,2022-11-17T22:54:06Z,"","Question Everything/RCA Records",0.449,0.576,1,-9.088,0,0.0817,0.724,0,0.368,0.699,70.538,4
spotify:track:02YuLkTLNkOzKfl5Pmvs2S,"Brockhampton","The Family","BROCKHAMPTON",2022-11-17,272426,32,true,iarecippo,2022-11-17T22:54:06Z,"","Question Everything/RCA Records",0.442,0.592,1,-7.428,1,0.0333,0.767,0,0.572,0.634,94.133,4
spotify:track:5kkxyqYSQrnHpfsmkjKi81,"NEW ORLEANS","iridescence","BROCKHAMPTON",2018-09-21,243280,50,true,iarecippo,2022-11-25T13:58:10Z,"","Question Everything/RCA Records",0.639,0.815,11,-4.962,0,0.252,0.232,0,0.299,0.4,159.903,4
spotify:track:2c09gumRCmu3qmbcqdQbUN,"THUG LIFE","iridescence","BROCKHAMPTON",2018-09-21,122986,45,true,iarecippo,2022-11-25T13:58:10Z,"","Question Everything/RCA Records",0.576,0.74,0,-6.195,1,0.0854,0.274,0.000003,0.0948,0.37,159.959,4
spotify:track:7GxBuIJugWanLsYj0mDrFX,"BERLIN","iridescence","BROCKHAMPTON",2018-09-21,199010,42,true,iarecippo,2022-11-25T13:58:10Z,"","Question Everything/RCA Records",0.716,0.621,11,-6.626,0,0.22,0.051,0,0.307,0.644,142.087,4
spotify:track:2S11ZvEfuFSqInfxWxkx36,"SOMETHING ABOUT HIM","iridescence","BROCKHAMPTON",2018-09-21,93537,37,true,iarecippo,2022-11-25T13:58:10Z,"","Question Everything/RCA Records",0.702,0.64,6,-9.108,1,0.18,0.579,0,0.14,0.619,79.924,4
spotify:track:3t1cMXPS25j8hpzJyLY3Pn,"WHERE THE CASH AT","iridescence","BROCKHAMPTON",2018-09-21,114856,38,true,iarecippo,2022-11-25T13:58:10Z,"","Question Everything/RCA Records",0.862,0.523,2,-6.851,1,0.378,0.00712,0.00238,0.129,0.172,156.032,4
spotify:track:6tGwDY47NZVeQ5X83HDK6u,"WEIGHT","iridescence","BROCKHAMPTON",2018-09-21,260099,41,true,iarecippo,2022-11-25T13:58:10Z,"","Question Everything/RCA Records",0.451,0.746,9,-6.78,1,0.187,0.114,0.0000066,0.297,0.273,160.259,4
spotify:track:7oYvZtOelvW0mDrcUZ3m67,"DISTRICT","iridescence","BROCKHAMPTON",2018-09-21,211506,45,true,iarecippo,2022-11-25T13:58:10Z,"","Question Everything/RCA Records",0.66,0.738,8,-6.728,1,0.0786,0.0515,0.00000632,0.211,0.515,122.525,4
spotify:track:60srrpZaXm72T4i3ZAoT5w,"TAPE","iridescence","BROCKHAMPTON",2018-09-21,209384,37,true,iarecippo,2022-11-25T13:58:10Z,"","Question Everything/RCA Records",0.566,0.898,7,-4.999,0,0.298,0.255,0,0.189,0.382,80.583,4
spotify:track:3djWN7th03XZtmF5s3C1Lv,"J'OUVERT","iridescence","BROCKHAMPTON",2018-09-21,234346,47,true,iarecippo,2022-11-25T13:58:10Z,"","Question Everything/RCA Records",0.719,0.703,8,-4.114,1,0.253,0.0373,0.000138,0.361,0.501,83.984,4
spotify:track:6cgFCTrw2kWwZm7SF7r6Po,"HONEY","iridescence","BROCKHAMPTON",2018-09-21,195222,45,true,iarecippo,2022-11-25T13:58:10Z,"","Question Everything/RCA Records",0.74,0.787,2,-6.343,1,0.0493,0.0794,0,0.122,0.178,109.966,4
spotify:track:5DL2L5OuyZg1v2OWRAitFD,"VIVID","iridescence","BROCKHAMPTON",2018-09-21,144280,39,true,iarecippo,2022-11-25T13:58:10Z,"","Question Everything/RCA Records",0.68,0.657,2,-4.85,1,0.188,0.187,0,0.324,0.23,81,4
spotify:track:1Bn8jBSmtSQdvAFXU3ok1w,"SAN MARCOS","iridescence","BROCKHAMPTON",2018-09-21,286706,48,true,iarecippo,2022-11-25T13:58:10Z,"","Question Everything/RCA Records",0.388,0.503,0,-5.628,1,0.0316,0.339,0,0.111,0.53,73.965,4
spotify:track:0QV83q2vzzOM4uODVyXf7i,"TONYA","iridescence","BROCKHAMPTON",2018-09-21,283000,44,true,iarecippo,2022-11-25T13:58:10Z,"","Question Everything/RCA Records",0.576,0.558,7,-7.713,0,0.312,0.509,0.0000207,0.158,0.0395,80.193,4
spotify:track:5jQAnD4ISqs7v8FT7povMS,"FABRIC","iridescence","BROCKHAMPTON",2018-09-21,277851,37,true,iarecippo,2022-11-25T13:58:10Z,"","Question Everything/RCA Records",0.52,0.547,2,-10.422,0,0.214,0.132,0.0395,0.116,0.175,175.986,4
spotify:track:5xMw6qCcpd2gBXPGTegC4W,"SOS","SOS","SZA",2022-12-09,117773,62,true,iarecippo,2022-12-09T21:59:14Z,"r&b","Top Dawg Entertainment/RCA Records",0.507,0.657,7,-7.356,0,0.233,0.669,0.00000697,0.0947,0.506,119.159,1
spotify:track:3OHfY25tqY28d16oZczHc8,"Kill Bill","SOS","SZA",2022-12-09,153946,80,false,iarecippo,2022-12-09T21:59:14Z,"r&b","Top Dawg Entertainment/RCA Records",0.644,0.728,8,-5.75,1,0.0351,0.0543,0.169,0.161,0.43,88.993,4
spotify:track:6eT2V7nKXyMf47TwPbtgAD,"Seek & Destroy","SOS","SZA",2022-12-09,203733,67,true,iarecippo,2022-12-09T21:59:14Z,"r&b","Top Dawg Entertainment/RCA Records",0.651,0.647,1,-5.415,1,0.0654,0.437,0.175,0.205,0.345,152.069,4
spotify:track:2GAhgAjOhEmItWLfgisyOn,"Low","SOS","SZA",2022-12-09,181080,77,true,iarecippo,2022-12-09T21:59:14Z,"r&b","Top Dawg Entertainment/RCA Records",0.698,0.546,0,-7.234,0,0.0559,0.425,0.00314,0.16,0.335,145.044,4
spotify:track:1eIXYZWEfJO3Na2LCCnIJE,"Love Language","SOS","SZA",2022-12-09,183893,69,true,iarecippo,2022-12-09T21:59:14Z,"r&b","Top Dawg Entertainment/RCA Records",0.707,0.261,9,-10.139,0,0.0784,0.853,0,0.127,0.545,65.038,4
spotify:track:2CSRrnOEELmhpq8iaAi9cd,"Blind","SOS","SZA",2022-12-09,150720,72,true,iarecippo,2022-12-09T21:59:14Z,"r&b","Top Dawg Entertainment/RCA Records",0.461,0.279,9,-11.776,0,0.0373,0.911,0,0.205,0.599,114.225,4
spotify:track:1TweDM3JC49LNeelLVg3yX,"Used (feat. Don Toliver)","SOS","SZA;Don Toliver",2022-12-09,146950,64,false,iarecippo,2022-12-09T21:59:14Z,"r&b","Top Dawg Entertainment/RCA Records",0.738,0.7,10,-6.242,0,0.0547,0.312,0.000219,0.339,0.825,150.015,4
spotify:track:4iZ4pt7kvcaH6Yo8UoZ4s2,"Snooze","SOS","SZA",2022-12-09,201800,89,true,iarecippo,2022-12-09T21:59:14Z,"r&b","Top Dawg Entertainment/RCA Records",0.559,0.551,5,-7.231,1,0.132,0.141,0,0.11,0.392,143.008,4
spotify:track:4fnNBPN9W6AoOYSQS3FJxT,"Notice Me","SOS","SZA",2022-12-09,160920,62,true,iarecippo,2022-12-09T21:59:14Z,"r&b","Top Dawg Entertainment/RCA Records",0.724,0.68,5,-6.822,1,0.117,0.275,0.0000991,0.11,0.777,159.919,4
spotify:track:4jTs7ny5eSRnKTzxdrFv5I,"Smoking on my Ex Pack","SOS","SZA",2022-12-09,83826,61,true,iarecippo,2022-12-09T21:59:14Z,"r&b","Top Dawg Entertainment/RCA Records",0.466,0.676,8,-8.097,1,0.38,0.241,0.00318,0.224,0.333,81.227,4
spotify:track:4h5x3XHLVYFJaItKuO2rhy,"Ghost in the Machine (feat. Phoebe Bridgers)","SOS","SZA;Phoebe Bridgers",2022-12-09,218586,70,true,iarecippo,2022-12-09T21:59:14Z,"r&b","Top Dawg Entertainment/RCA Records",0.624,0.433,6,-9.572,1,0.0467,0.837,0.0294,0.113,0.589,124.979,4
spotify:track:2e2AXpIiJpet5b4qg85Gh6,"F2F","SOS","SZA",2022-12-09,185040,70,true,iarecippo,2022-12-09T21:59:14Z,"r&b","Top Dawg Entertainment/RCA Records",0.533,0.74,2,-5.767,1,0.0359,0.089,0.00000295,0.337,0.465,89.934,4
spotify:track:5Y35SjAfXjjG0sFQ3KOxmm,"Nobody Gets Me","SOS","SZA",2022-12-09,180853,85,true,iarecippo,2022-12-09T21:59:14Z,"r&b","Top Dawg Entertainment/RCA Records",0.358,0.284,7,-8.285,1,0.0285,0.805,0,0.183,0.276,99.796,3
spotify:track:4hTej08FutmriOs7S1hWWy,"Conceited","SOS","SZA",2022-12-09,151413,64,true,iarecippo,2022-12-09T21:59:14Z,"r&b","Top Dawg Entertainment/RCA Records",0.791,0.458,1,-8.236,1,0.0673,0.0486,0.0000408,0.106,0.772,150.046,4
spotify:track:6RQ5IwG7uADz9LDWliJGjU,"Special","SOS","SZA",2022-12-09,158840,70,true,iarecippo,2022-12-09T21:59:14Z,"r&b","Top Dawg Entertainment/RCA Records",0.604,0.199,0,-11.831,1,0.05,0.777,0,0.109,0.191,76.134,4
spotify:track:4rAg5bbrdZX00mXXhLvYXj,"Too Late","SOS","SZA",2022-12-09,164426,60,false,iarecippo,2022-12-09T21:59:14Z,"r&b","Top Dawg Entertainment/RCA Records",0.445,0.681,11,-7.558,1,0.0829,0.781,0.000789,0.386,0.351,127.541,5
spotify:track:74NI58MQexwZjNu1Gu6GjT,"Far","SOS","SZA",2022-12-09,180680,66,true,iarecippo,2022-12-09T21:59:14Z,"r&b","Top Dawg Entertainment/RCA Records",0.612,0.549,2,-7.401,1,0.0833,0.672,0.000203,0.163,0.477,115.915,4
spotify:track:2wSTnntOPRi7aQneobFtU4,"Shirt","SOS","SZA",2022-12-09,181840,71,true,iarecippo,2022-12-09T21:59:14Z,"r&b","Top Dawg Entertainment/RCA Records",0.848,0.512,3,-7.72,0,0.102,0.228,0.00232,0.0879,0.572,120.009,4
spotify:track:0xaFw2zDYf1rIJWl2dXiSF,"Open Arms (feat. Travis Scott)","SOS","SZA;Travis Scott",2022-12-09,239613,76,false,iarecippo,2022-12-09T21:59:14Z,"r&b,rap","Top Dawg Entertainment/RCA Records",0.665,0.59,9,-7.608,1,0.161,0.763,0.0132,0.147,0.216,77.559,4
spotify:track:2aJnyNu4PQxQ2lyj5boiMG,"I Hate U","SOS","SZA",2022-12-09,174000,71,true,iarecippo,2022-12-09T21:59:14Z,"r&b","Top Dawg Entertainment/RCA Records",0.533,0.417,7,-8.665,0,0.148,0.514,0,0.114,0.376,106.534,5
spotify:track:4PMqSO5qyjpvzhlLI5GnID,"Good Days","SOS","SZA",2022-12-09,279203,84,true,iarecippo,2022-12-09T21:59:14Z,"r&b","Top Dawg Entertainment/RCA Records",0.461,0.651,1,-8.81,0,0.0568,0.418,0.0000126,0.782,0.383,121.07,4
spotify:track:5IcP1PPnleZ2kuwKDyfNC5,"Forgiveless (feat. Ol' Dirty Bastard)","SOS","SZA;Ol' Dirty Bastard",2022-12-09,141960,61,true,iarecippo,2022-12-09T21:59:14Z,"r&b,east coast hip hop,old school hip hop,hardcore hip hop","Top Dawg Entertainment/RCA Records",0.668,0.769,9,-5.25,1,0.218,0.366,0,0.0861,0.469,79.852,4
