Track URI,Track Name,Album Name,Artist Name(s),Release Date,Duration (ms),Popularity,Explicit,Added By,Added At,Genres,Record Label,Danceability,Energy,Key,Loudness,Mode,Speechiness,Acousticness,Instrumentalness,Liveness,Valence,Tempo,Time Signature
spotify:track:6xHMi6HSt7yJvm3n81JZn6,"Magic Hour","Luna","¿Téo?",2023-08-18,75200,54,false,iarecippo,2024-01-11T01:31:17Z,"","49 Digits LLC",0.641,0.546,1,-9.776,0,0.043,0.243,0.978,0.594,0.885,106.071,4
spotify:track:0onjg2qlZcouXn8WoKvx1p,"High Five","Luna","¿Téo?",2023-08-18,169040,33,false,iarecippo,2024-01-11T01:31:17Z,"","49 Digits LLC",0.755,0.647,1,-7.1,0,0.0509,0.22,0.0000579,0.307,0.34,94.007,4
spotify:track:4QbuMDWRl9dbRsYbSdMQbG,"A Mi Cama","Luna","¿Téo?",2023-08-18,154576,37,false,iarecippo,2024-01-11T01:31:17Z,"","49 Digits LLC",0.731,0.451,3,-11.438,0,0.0933,0.695,0.00378,0.11,0.563,118.072,4
spotify:track:1LRC7qLxnxvVXjUuna4vHE,"Don't Stare Too Long","Luna","¿Téo?",2023-08-18,188520,46,false,iarecippo,2024-01-11T01:31:17Z,"","49 Digits LLC",0.339,0.54,11,-10.665,0,0.0585,0.361,0.011,0.113,0.512,167.829,3
spotify:track:60BliEJiGfhHe0BpcuUVat,"Chances","Luna","¿Téo?",2023-08-18,174786,34,false,iarecippo,2024-01-11T01:31:17Z,"","49 Digits LLC",0.684,0.5,3,-11.584,0,0.168,0.426,0.0000708,0.111,0.748,135.13,4
spotify:track:1wpY5u0VDXlydPPbe4ho6Z,"Lunatic","Luna","¿Téo?",2023-08-18,107920,26,false,iarecippo,2024-01-11T01:31:17Z,"","49 Digits LLC",0.409,0.353,2,-15.748,0,0.063,0.861,0.000121,0.136,0.545,124.257,3
spotify:track:7ucI5Y0fSajQOhfeGsaTMU,"La Espera","Luna","¿Téo?",2023-08-18,163973,33,false,iarecippo,2024-01-11T01:31:17Z,"","49 Digits LLC",0.784,0.626,3,-7.998,0,0.0949,0.694,0.00103,0.11,0.362,117.009,4
spotify:track:4fzZtpGiE2SCv0VEJNtKFP,"Final Step","Luna","¿Téo?",2023-08-18,126461,32,true,iarecippo,2024-01-11T01:31:17Z,"","49 Digits LLC",0.802,0.445,10,-9.71,0,0.16,0.147,0.0474,0.105,0.464,130.021,4
spotify:track:1OpyuYYkGIv87DdHXmZVfC,"Me & Ur Maker","Luna","¿Téo?;Maesu",2023-08-18,146133,45,false,iarecippo,2024-01-11T01:31:17Z,"alté","49 Digits LLC",0.663,0.532,11,-9.091,0,0.0436,0.261,0.0164,0.175,0.57,86.217,4
spotify:track:4Hzmu9L1F19HK1qCD1eExr,"Borderline","Luna","¿Téo?",2023-08-18,181160,30,false,iarecippo,2024-01-11T01:31:17Z,"","49 Digits LLC",0.567,0.318,2,-13.838,1,0.0889,0.654,0.298,0.12,0.175,119.268,4
spotify:track:2CJH5Y7TcAfPL0mjo2fdEy,"Ashamed","Luna","¿Téo?",2023-08-18,229493,47,false,iarecippo,2024-01-11T01:31:17Z,"","49 Digits LLC",0.663,0.32,4,-11.77,0,0.0315,0.316,0.0226,0.368,0.107,100.026,4
spotify:track:3OngkUaB9I2J4rGnwrSb6o,"Bésame","Luna","¿Téo?",2023-08-18,240000,27,false,iarecippo,2024-01-11T01:31:17Z,"","49 Digits LLC",0.271,0.187,11,-14.809,0,0.032,0.831,0.0265,0.0934,0.166,76.583,3
spotify:track:6FVTR2n7GSZIEJCNWjF8RZ,"SARAVÁ.","IBORU","Marcelo D2",2023-06-14,108343,0,false,iarecippo,2024-01-11T16:02:17Z,"brazilian hip hop,brazilian rock,samba","Pupila Dilatada",0.387,0.695,5,-6.941,1,0.11,0.643,0,0.286,0.582,166.626,3
spotify:track:1gvKyAXuKx7pet21fWyp5C,"POVO DE FÉ.","IBORU","Marcelo D2;Nega Duda",2023-06-14,191906,0,false,iarecippo,2024-01-11T16:02:17Z,"brazilian hip hop,brazilian rock,samba,axé","Pupila Dilatada",0.585,0.74,5,-6.402,1,0.188,0.126,0,0.11,0.78,83.178,4
spotify:track:0uN2IAVMhOlaBg9AsHOzMu,"ATÉ CLAREAR.","IBORU","Marcelo D2",2023-06-14,216718,0,false,iarecippo,2024-01-11T16:02:17Z,"brazilian hip hop,brazilian rock,samba","Pupila Dilatada",0.745,0.673,9,-8.178,0,0.319,0.298,0,0.331,0.669,107.057,4
spotify:track:5i07sc9BJYrf5t7sDgIbsy,"FONTE QUE EU BEBO.","IBORU","Marcelo D2",2023-06-14,227531,0,false,iarecippo,2024-01-11T16:02:17Z,"brazilian hip hop,brazilian rock,samba","Pupila Dilatada",0.733,0.748,7,-8.055,1,0.263,0.351,0,0.415,0.819,87.928,4
spotify:track:2coQdYzZq8se0qdyeYE4G4,"SÓ QUANDO MEU SAMBA MORRER.","IBORU","Marcelo D2",2023-06-14,225375,0,false,iarecippo,2024-01-11T16:02:17Z,"brazilian hip hop,brazilian rock,samba","Pupila Dilatada",0.701,0.786,7,-6.359,1,0.349,0.571,0,0.134,0.614,106.231,4
spotify:track:796kKyECifzkGZ0uMiRQKC,"KALUNDU.","IBORU","Marcelo D2;Mateus Aleluia",2023-06-14,238531,0,false,iarecippo,2024-01-11T16:02:17Z,"brazilian hip hop,brazilian rock,samba,axé","Pupila Dilatada",0.504,0.776,7,-8.582,1,0.246,0.348,0.0000112,0.124,0.415,102.909,3
spotify:track:4aCFJU9ckEJmP26UoTH4Ba,"TAMBOR DE AÇO.","IBORU","Marcelo D2;Lucinha Pessoa",2023-06-14,133812,0,false,iarecippo,2024-01-11T16:02:17Z,"brazilian hip hop,brazilian rock,samba,axé","Pupila Dilatada",0.703,0.805,1,-7.157,1,0.306,0.381,0.00000732,0.0746,0.61,130.012,4
spotify:track:5F3yIvPzoGjW3Locim9gUe,"TEMPO DE OPINIÃO.","IBORU","Marcelo D2;Metá Metá",2023-06-14,228343,0,false,iarecippo,2024-01-11T16:02:17Z,"brazilian hip hop,brazilian rock,samba,new mpb","Pupila Dilatada",0.667,0.452,0,-8.132,0,0.0389,0.49,0,0.144,0.727,79.996,4
spotify:track:4U3Ih8WJDVoUPeqxawx0Ii,"ABRINDO OS CAMINHOS.","IBORU","Marcelo D2;BNegão;Pedro Garcia",2023-06-14,148031,0,false,iarecippo,2024-01-11T16:02:17Z,"brazilian hip hop,brazilian rock,samba","Pupila Dilatada",0.616,0.891,7,-6.397,1,0.256,0.497,0.00000513,0.171,0.891,95.656,4
spotify:track:3jN4kkv0NNb654mWDLaeAH,"PEDACINHOS DE PAULETE.","IBORU","Marcelo D2",2023-06-14,47843,0,false,iarecippo,2024-01-11T16:02:17Z,"brazilian hip hop,brazilian rock,samba","Pupila Dilatada",0.456,0.86,8,-12.948,0,0.687,0.74,0,0.483,0.368,112.195,3
spotify:track:3e5lG347eloMwDUR1NTLGb,"O SAMBA FALARÁ + ALTO.","IBORU","Marcelo D2;Alcione;Mumuzinho",2023-06-14,220562,0,false,iarecippo,2024-01-11T16:02:17Z,"brazilian hip hop,brazilian rock,samba,mpb,pagode","Pupila Dilatada",0.752,0.677,7,-6.825,1,0.119,0.0159,0.0183,0.133,0.474,90.014,4
spotify:track:7yUyWFF1WZQYw1JTkQxtOb,"DURAS PENAS.","IBORU","Marcelo D2",2023-06-14,163656,0,false,iarecippo,2024-01-11T16:02:17Z,"brazilian hip hop,brazilian rock,samba","Pupila Dilatada",0.619,0.82,11,-6.524,0,0.0963,0.0783,0.00641,0.966,0.492,94.071,4
spotify:track:1rFeG8LrH9NrL8k4W0WOvJ,"GANDAIA.","IBORU","Marcelo D2;Romildo Bastos",2023-06-14,205500,0,false,iarecippo,2024-01-11T16:02:17Z,"brazilian hip hop,brazilian rock,samba","Pupila Dilatada",0.805,0.867,9,-5.648,0,0.272,0.469,0,0.192,0.841,103.994,4
spotify:track:4dvHhNdv6T6jFjhIm6yzMN,"FUZUÊ.","IBORU","Marcelo D2;Zeca Pagodinho;Xande de Pilares",2023-06-14,165281,0,false,iarecippo,2024-01-11T16:02:17Z,"brazilian hip hop,brazilian rock,samba,pagode,mpb","Pupila Dilatada",0.752,0.747,2,-6.01,1,0.245,0.272,0,0.287,0.852,110.034,4
spotify:track:1fXmu6f5LUrqyrveH7okFr,"PRA MARCELO.","IBORU","Marcelo D2",2023-06-14,134218,0,false,iarecippo,2024-01-11T16:02:17Z,"brazilian hip hop,brazilian rock,samba","Pupila Dilatada",0.808,0.729,7,-7.306,1,0.158,0.114,0.000661,0.0957,0.596,98.032,4
spotify:track:5gqosTeRTb1agxnNfFwi1x,"PRA CURAR A DOR DO MUNDO.","IBORU","Marcelo D2",2023-06-14,226906,0,false,iarecippo,2024-01-11T16:02:17Z,"brazilian hip hop,brazilian rock,samba","Pupila Dilatada",0.576,0.539,2,-8.863,1,0.287,0.616,0,0.37,0.255,104.18,4
spotify:track:54KEm0VI9i3ic7VHHKHKRx,"¿Cómo Así?","ORQUÍDEAS","Kali Uchis",2024-01-12,169654,58,false,iarecippo,2024-01-12T17:38:26Z,"","Geffen Records",0.722,0.821,6,-7.662,0,0.0892,0.0417,0.346,0.154,0.379,135.985,4
spotify:track:5mVkTPlTPxlQOn7kEvuM3j,"Me Pongo Loca","ORQUÍDEAS","Kali Uchis",2024-01-12,177815,58,true,iarecippo,2024-01-12T17:38:26Z,"","Geffen Records",0.78,0.665,7,-8.68,0,0.0426,0.0371,0.152,0.106,0.407,114.999,4
spotify:track:6XaJfhwof7qIgbbXO5tIQI,"Igual Que Un Ángel (with Peso Pluma)","ORQUÍDEAS","Kali Uchis;Peso Pluma",2024-01-12,260370,80,false,iarecippo,2024-01-12T17:38:26Z,"corrido,corridos tumbados,corridos bélicos,música mexicana,sad sierreño,banda","Geffen Records",0.695,0.592,5,-5.34,0,0.032,0.00449,0.000663,0.185,0.482,108.001,4
spotify:track:52x8HIGuk1gGTlvO8CuLNS,"Pensamientos Intrusivos","ORQUÍDEAS","Kali Uchis",2024-01-12,192027,64,false,iarecippo,2024-01-12T17:38:26Z,"","Geffen Records",0.709,0.559,9,-8.333,0,0.0394,0.575,0.0129,0.11,0.511,119.994,4
spotify:track:3RleMgz4iO0BNezGdSxDnY,"Diosa","ORQUÍDEAS","Kali Uchis",2024-01-12,156037,62,false,iarecippo,2024-01-12T17:38:26Z,"","Geffen Records",0.797,0.853,5,-5.518,0,0.0668,0.0675,0.000101,0.078,0.698,107.994,4
spotify:track:1NEBuFp0BJMikgXJI9VVab,"Te Mata","ORQUÍDEAS","Kali Uchis",2024-01-12,232066,56,false,iarecippo,2024-01-12T17:38:26Z,"","Geffen Records",0.424,0.643,4,-4.812,0,0.0357,0.758,0,0.109,0.498,110.825,4
spotify:track:43oIvC7HVMKkAvuPr4Kt4A,"Perdiste","ORQUÍDEAS","Kali Uchis",2024-01-12,144165,52,false,iarecippo,2024-01-12T17:38:26Z,"","Geffen Records",0.741,0.594,0,-6.03,1,0.0379,0.0856,0.0000273,0.0773,0.556,103.925,4
spotify:track:2R6tflIwv19qoYxg5hYLVh,"Young Rich & In Love","ORQUÍDEAS","Kali Uchis",2024-01-12,198300,54,true,iarecippo,2024-01-12T17:38:26Z,"","Geffen Records",0.617,0.436,6,-8.803,0,0.0297,0.336,0.0000177,0.161,0.213,103.038,4
spotify:track:59ak5RmKdyspU26ifSg0rW,"Tu Corazón Es Mío...","ORQUÍDEAS","Kali Uchis",2024-01-12,165845,55,false,iarecippo,2024-01-12T17:38:26Z,"","Geffen Records",0.696,0.57,6,-6.945,0,0.0289,0.321,0.0000144,0.15,0.385,106.032,4
spotify:track:20LZsv2s3dXvoBuPUEOlAv,"Muñekita (with El Alfa & JT)","ORQUÍDEAS","Kali Uchis;El Alfa;JT",2024-01-12,219642,64,true,iarecippo,2024-01-12T17:38:26Z,"dembow,urbano latino,latin","Geffen Records",0.787,0.822,0,-3.419,1,0.175,0.0655,0.00106,0.289,0.532,111.964,4
spotify:track:5ycn8M0WNGedabDuaH9mQT,"Labios Mordidos (with KAROL G)","ORQUÍDEAS","Kali Uchis;KAROL G",2024-01-12,195373,71,false,iarecippo,2024-01-12T17:38:26Z,"reggaeton,latin,urbano latino","Geffen Records",0.709,0.891,0,-4.495,1,0.0491,0.305,0.000117,0.303,0.761,90.036,4
spotify:track:16pNGHrUDtUq5Qg4LnueIi,"No Hay Ley Parte 2 (with Rauw Alejandro)","ORQUÍDEAS","Kali Uchis;Rauw Alejandro",2024-01-12,188268,66,true,iarecippo,2024-01-12T17:38:26Z,"reggaeton,urbano latino,trap latino,latin","Geffen Records",0.788,0.666,1,-6.244,0,0.0585,0.0254,0,0.242,0.233,119.951,4
spotify:track:0xuR1uorCHBfBi0HDZPSYi,"Heladito","ORQUÍDEAS","Kali Uchis",2024-01-12,144135,54,false,iarecippo,2024-01-12T17:38:26Z,"","Geffen Records",0.566,0.68,5,-5.045,0,0.0293,0.0717,0,0.406,0.49,86,4
spotify:track:21RAJfkAbaq85RWJQWoxkx,"Dame Beso // Muévete","ORQUÍDEAS","Kali Uchis",2024-01-12,215666,65,false,iarecippo,2024-01-12T17:38:26Z,"","Geffen Records",0.442,0.903,5,-4.406,0,0.115,0.0627,0.00000237,0.162,0.932,149.885,4
spotify:track:4RXhEBHfPRvUvIDnFCLfbZ,"Tema de abertura","Ogoin & Linguini: TV Show","ogoin;Linguini;Carla Sceno",2023-12-08,86642,9,false,iarecippo,2024-01-31T15:00:29Z,"miami bass","Produto Marginal",0.691,0.684,1,-5.059,0,0.268,0.0323,0.00000502,0.492,0.552,110.104,4
spotify:track:51i2K2BxpA2WqqicPcxEdm,"Piloto (Dessa Vez)","Ogoin & Linguini: TV Show","ogoin;Linguini",2023-12-08,266351,11,false,iarecippo,2024-01-31T15:00:29Z,"miami bass","Produto Marginal",0.619,0.893,6,-4.297,1,0.0464,0.00593,0,0.0441,0.788,108.997,4
spotify:track:40MGeg3yIfA3n9ojvFzjsf,"Quando Tudo Começou (DJ Linguini)","Ogoin & Linguini: TV Show","ogoin;Linguini;Juyè",2023-12-08,208643,19,false,iarecippo,2024-01-31T15:00:29Z,"miami bass,brazilian hip hop","Produto Marginal",0.712,0.771,10,-4.611,0,0.0472,0.0169,0,0.138,0.636,134.997,4
spotify:track:3zYmWDo78SIOE6mXg5BN0b,"Dudley Boyz Prelúdio","Ogoin & Linguini: TV Show","ogoin;Linguini",2023-12-08,85199,7,false,iarecippo,2024-01-31T15:00:29Z,"miami bass","Produto Marginal",0.343,0.582,4,-7.625,0,0.0472,0.548,0.000653,0.176,0.354,136.278,4
spotify:track:0Pj8wKuf5TDRtQ5kv9mRtW,"Dudley Boyz","Ogoin & Linguini: TV Show","ogoin;Linguini",2023-12-08,202273,13,false,iarecippo,2024-01-31T15:00:29Z,"miami bass","Produto Marginal",0.61,0.82,3,-4.198,0,0.126,0.155,0,0.398,0.495,143.628,4
spotify:track:0pxlJixQBIgVlj3j0yvNm7,"Brisa Nova, Pt.1 e 2","Ogoin & Linguini: TV Show","ogoin;Linguini;Mayí",2023-12-08,350069,15,false,iarecippo,2024-01-31T15:00:29Z,"miami bass","Produto Marginal",0.483,0.787,0,-4.852,1,0.247,0.0188,0,0.37,0.424,139.994,4
spotify:track:1rppWe9xgad9s5gCJPCkCV,"Sideral","Ogoin & Linguini: TV Show","ogoin;Linguini",2023-12-08,176749,20,false,iarecippo,2024-01-31T15:00:29Z,"miami bass","Produto Marginal",0.52,0.778,11,-5.091,0,0.0705,0.00847,0,0.163,0.118,138.04,4
spotify:track:2YdIiYQ5m3yWbqo8sdpJcs,"Coisas Leves","Ogoin & Linguini: TV Show","ogoin;Linguini",2023-12-08,186754,28,false,iarecippo,2024-01-31T15:00:29Z,"miami bass","Produto Marginal",0.538,0.66,1,-4.164,0,0.125,0.0674,0,0.0553,0.849,101.056,4
spotify:track:19ZBM3YUW2ckbZ9uAnNbha,"Nossa Noite","Ogoin & Linguini: TV Show","ogoin;Linguini;Abbot",2023-12-08,196260,12,true,iarecippo,2024-01-31T15:00:29Z,"miami bass,brazilian trap,trap,trap funk","Produto Marginal",0.785,0.89,11,-4.35,0,0.138,0.101,0.00000608,0.0464,0.881,122.948,4
spotify:track:4burcwLZQn6xDWd0U76YzI,"Drinks Infames","Ogoin & Linguini: TV Show","ogoin;Linguini",2023-12-08,186698,9,false,iarecippo,2024-01-31T15:00:29Z,"miami bass","Produto Marginal",0.617,0.729,0,-4.273,1,0.262,0.0974,0,0.336,0.72,97.166,4
spotify:track:10dN8fW55SpCZYArM4kEV0,"Luzes e Flashes","Ogoin & Linguini: TV Show","ogoin;Linguini;Maui;Nathan Morais;Davi Horta",2023-12-08,211704,32,false,iarecippo,2024-01-31T15:00:29Z,"miami bass,boom bap,brazilian hip hop","Produto Marginal",0.712,0.893,1,-5.327,0,0.183,0.0462,0,0.303,0.627,118.068,4
spotify:track:4biKk8qANV8zeztwe5lnph,"T1E13 (Outra Vez)","Ogoin & Linguini: TV Show","ogoin;Linguini",2023-12-08,142676,13,false,iarecippo,2024-01-31T15:00:29Z,"miami bass","Produto Marginal",0.664,0.765,1,-5.166,1,0.0645,0.0726,0.0000316,0.0711,0.257,114.003,4
spotify:track:5d5wEKtiWt4bhaP8ogciu2,"Bad Times","Ogoin & Linguini: TV Show","ogoin;Linguini;Jackson Ganga",2023-12-08,154754,9,false,iarecippo,2024-01-31T15:00:29Z,"miami bass,boom bap,brazilian hip hop","Produto Marginal",0.595,0.668,2,-4.96,1,0.0781,0.164,0.0000011,0.0751,0.477,145.004,3
spotify:track:5Vl7zGAt2Bil38j2hHAkeM,"Ponteiro (Tic Tac)","Ogoin & Linguini: TV Show","ogoin;Linguini",2023-12-08,192121,7,false,iarecippo,2024-01-31T15:00:29Z,"miami bass","Produto Marginal",0.759,0.85,10,-2.769,0,0.141,0.0124,0,0.0752,0.823,123.931,4
spotify:track:1mVLIl6EqowN9WrSW6OXk9,"Sensacional","Ogoin & Linguini: TV Show","ogoin;Linguini",2023-12-08,199852,22,false,iarecippo,2024-01-31T15:00:29Z,"miami bass","Produto Marginal",0.688,0.714,9,-6.446,0,0.188,0.087,0,0.104,0.772,93.025,4
spotify:track:1gaRpNnAdURGbqHqjCfc7R,"Créditos","Ogoin & Linguini: TV Show","ogoin;Linguini",2023-12-08,162029,5,false,iarecippo,2024-01-31T15:00:29Z,"miami bass","Produto Marginal",0.606,0.96,4,-3.781,0,0.0549,0.000657,0.694,0.134,0.403,107.002,4
spotify:track:124nj3QzqpccVdLbiFHPeB,"Mood Swings","Drop 7","Little Simz",2024-02-09,140733,49,false,iarecippo,2024-02-15T15:33:55Z,"","Forever Living Originals",0.724,0.677,8,-8.978,1,0.05,0.0528,0.00126,0.752,0.296,129.87,4
spotify:track:0ADr2jDuHvK77uIJWTKTvs,"Fever","Drop 7","Little Simz",2024-02-09,87893,45,false,iarecippo,2024-02-15T15:33:55Z,"","Forever Living Originals",0.923,0.454,10,-9.061,0,0.192,0.0875,0.00167,0.164,0.436,130.084,4
spotify:track:676854Mu9sVS1vfoBqk7S2,"Torch","Drop 7","Little Simz",2024-02-09,131253,40,false,iarecippo,2024-02-15T15:33:55Z,"","Forever Living Originals",0.742,0.85,2,-9.285,1,0.05,0.0663,0.494,0.128,0.288,130.051,4
spotify:track:3qyuXDvMWjZLVPwbjWpGaq,"SOS","Drop 7","Little Simz",2024-02-09,182640,38,false,iarecippo,2024-02-15T15:33:55Z,"","Forever Living Originals",0.856,0.618,5,-9.606,0,0.14,0.00664,0.817,0.0719,0.24,119.985,4
spotify:track:0e0tBV3cm7RiTPzMCEegT1,"I Ain't Feelin It","Drop 7","Little Simz",2024-02-09,107533,32,false,iarecippo,2024-02-15T15:33:55Z,"","Forever Living Originals",0.823,0.4,9,-8.968,1,0.258,0.0502,0,0.173,0.517,145.081,4
spotify:track:3aynUU0UifcUPzOSssR1Pk,"Power","Drop 7","Little Simz",2024-02-09,55000,31,true,iarecippo,2024-02-15T15:33:55Z,"","Forever Living Originals",0.728,0.637,7,-7.576,1,0.26,0.0114,0,0.0762,0.868,183.827,4
spotify:track:7p6ru2D2smv8ga7f06JkTo,"Far Away","Drop 7","Little Simz",2024-02-09,187093,38,false,iarecippo,2024-02-15T15:33:55Z,"","Forever Living Originals",0.415,0.543,2,-13.625,1,0.112,0.442,0.382,0.103,0.144,95.492,5
spotify:track:2t8GBp5kQEXVamVq4Odwe2,"Psycho Killer - Live","Stop Making Sense (Live)","Talking Heads",1984,264933,50,false,iarecippo,2024-03-08T23:59:24Z,"new wave,post-punk","Warner Records",0.76,0.596,7,-10.728,1,0.0501,0.00202,0.00356,0.981,0.338,114.007,4
spotify:track:0Q2b6AxWV5tD117XktdQxl,"Heaven - Live","Stop Making Sense (Live)","Talking Heads",1984,221000,49,false,iarecippo,2024-03-08T23:59:24Z,"new wave,post-punk","Warner Records",0.612,0.357,7,-10.4,1,0.0303,0.849,0.00000323,0.516,0.148,107.129,4
spotify:track:0E3gdEF4z9cBFfFqA7i72k,"Thank You for Sending Me an Angel - Live","Stop Making Sense (Live)","Talking Heads",1984,129800,46,false,iarecippo,2024-03-08T23:59:24Z,"new wave,post-punk","Warner Records",0.6,0.921,0,-8.631,1,0.0464,0.0024,0.0599,0.7,0.634,138.116,4
spotify:track:7rWq4710VbhYigwobjNwni,"Found a Job - Live","Stop Making Sense (Live)","Talking Heads",1984,195373,45,false,iarecippo,2024-03-08T23:59:24Z,"new wave,post-punk","Warner Records",0.712,0.747,2,-8.929,1,0.0363,0.113,0.00334,0.685,0.869,122.606,4
spotify:track:2WDvW3o8WeGN4v4cpsYVhT,"Slippery People - Live","Stop Making Sense (Live)","Talking Heads",1984,240960,57,false,iarecippo,2024-03-08T23:59:24Z,"new wave,post-punk","Warner Records",0.637,0.851,9,-8.127,0,0.0437,0.216,0.0365,0.68,0.84,110.892,4
spotify:track:3L9NsP191RY35x0UxlgajR,"Burning Down the House - Live","Stop Making Sense (Live)","Talking Heads",1984,246306,51,false,iarecippo,2024-03-08T23:59:24Z,"new wave,post-punk","Warner Records",0.654,0.864,7,-9.389,1,0.04,0.00457,0.0649,0.979,0.48,109.672,4
spotify:track:0aRtXmOhG0zypXF6nkLi2r,"Life During Wartime - Live","Stop Making Sense (Live)","Talking Heads",1984,351333,54,false,iarecippo,2024-03-08T23:59:24Z,"new wave,post-punk","Warner Records",0.613,0.864,2,-8.781,1,0.0565,0.0744,0.00763,0.986,0.718,138.047,4
spotify:track:0CS31HRSJOKSkFRwJKhRU0,"Making Flippy Floppy - Live","Stop Making Sense (Live)","Talking Heads",1984,280293,44,false,iarecippo,2024-03-08T23:59:24Z,"new wave,post-punk","Warner Records",0.605,0.871,0,-8.531,1,0.0388,0.0907,0.0535,0.709,0.809,128.499,4
spotify:track:36klliYR1tALa7URj326mF,"Swamp - Live","Stop Making Sense (Live)","Talking Heads",1984,270200,43,false,iarecippo,2024-03-08T23:59:24Z,"new wave,post-punk","Warner Records",0.756,0.553,4,-10.565,0,0.108,0.109,0.00145,0.78,0.775,117.02,4
spotify:track:1qRbIDeJnmfnglzlJI8kOK,"What a Day That Was - Live; Edit","Stop Making Sense (Live)","Talking Heads",1984,360640,46,false,iarecippo,2024-03-08T23:59:24Z,"new wave,post-punk","Warner Records",0.558,0.874,2,-8.982,1,0.0358,0.1,0.0158,0.822,0.727,145.971,4
spotify:track:0cAPfvvqFZsqsIz3ZDSKIa,"This Must Be the Place (Naive Melody) - Live","Stop Making Sense (Live)","Talking Heads",1984,297226,53,false,iarecippo,2024-03-08T23:59:24Z,"new wave,post-punk","Warner Records",0.769,0.583,7,-10.191,1,0.0329,0.394,0.00103,0.705,0.923,114.248,4
spotify:track:019KRrap2TW8ASDAWbe6OU,"Once in a Lifetime - Live","Stop Making Sense (Live)","Talking Heads",1984,325573,48,false,iarecippo,2024-03-08T23:59:24Z,"new wave,post-punk","Warner Records",0.518,0.769,2,-8.696,1,0.102,0.028,0.0000531,0.962,0.571,122.783,4
spotify:track:1Z0jkAvtK78wrDc5odDtdX,"Genius of Love (Tom Tom Club) - Live","Stop Making Sense (Live)","Talking Heads",1984,270800,46,false,iarecippo,2024-03-08T23:59:24Z,"new wave,post-punk","Warner Records",0.769,0.74,1,-8.673,0,0.052,0.126,0.0029,0.99,0.734,112.464,4
spotify:track:2KCB47p9nvR5ZyT5hJKZi9,"Girlfriend Is Better - Live","Stop Making Sense (Live)","Talking Heads",1984,306426,49,false,iarecippo,2024-03-08T23:59:24Z,"new wave,post-punk","Warner Records",0.648,0.794,0,-7.879,1,0.0443,0.0378,0.000033,0.712,0.834,126.96,4
spotify:track:75UfgdiQxmIBNQeuZfuBvc,"Take Me to the River - Live","Stop Making Sense (Live)","Talking Heads",1984,332973,45,false,iarecippo,2024-03-08T23:59:24Z,"new wave,post-punk","Warner Records",0.633,0.66,9,-9.164,1,0.0651,0.107,0.000126,0.698,0.792,119.272,4
spotify:track:16tRLWoOw8SWXoMem3rENi,"Crosseyed and Painless - Live","Stop Making Sense (Live)","Talking Heads",1984,371026,42,false,iarecippo,2024-03-08T23:59:24Z,"new wave,post-punk","Warner Records",0.449,0.831,9,-9.719,1,0.057,0.0529,0.00261,0.696,0.657,144.987,4
spotify:track:4COmeKH1pLNNpXcgtMcyQH,"...And the Gods Made Love","Electric Ladyland","Jimi Hendrix",1968-10-25,82626,44,false,iarecippo,2024-03-10T21:44:38Z,"psychedelic rock,classic rock,acid rock,blues rock","Legacy Recordings",0.312,0.77,6,-13.991,1,0.282,0.339,0.271,0.11,0.0298,101.152,4
spotify:track:3Yh64aiu2ANBwDFztyPDkT,"Have You Ever Been (To Electric Ladyland)","Electric Ladyland","Jimi Hendrix",1968-10-25,130039,51,false,iarecippo,2024-03-10T21:44:38Z,"psychedelic rock,classic rock,acid rock,blues rock","Legacy Recordings",0.43,0.498,10,-9.203,0,0.0618,0.23,0.000164,0.113,0.655,73.104,4
spotify:track:1ntxpzIUbSsizvuAy6lTYY,"Crosstown Traffic","Electric Ladyland","Jimi Hendrix",1968-10-25,146573,62,false,iarecippo,2024-03-10T21:44:38Z,"psychedelic rock,classic rock,acid rock,blues rock","Legacy Recordings",0.486,0.963,0,-5.586,0,0.129,0.248,0.00000239,0.158,0.533,113.133,4
spotify:track:0auKlivXpm76wR63mMJ3pR,"Voodoo Chile","Electric Ladyland","Jimi Hendrix",1968-10-25,899933,56,false,iarecippo,2024-03-10T21:44:38Z,"psychedelic rock,classic rock,acid rock,blues rock","Legacy Recordings",0.298,0.753,0,-7.417,0,0.0894,0.248,0.148,0.112,0.32,164.991,3
spotify:track:1jhH7vvy8hoHuc0mGuZsLX,"Little Miss Strange","Electric Ladyland","Jimi Hendrix",1968-10-25,172200,45,false,iarecippo,2024-03-10T21:44:38Z,"psychedelic rock,classic rock,acid rock,blues rock","Legacy Recordings",0.46,0.807,8,-7.237,1,0.086,0.731,0.0000452,0.0799,0.456,143.001,4
spotify:track:1HFj7yC7uZfqjWuoH6DO9r,"Long Hot Summer Night","Electric Ladyland","Jimi Hendrix",1968-10-25,207760,46,false,iarecippo,2024-03-10T21:44:38Z,"psychedelic rock,classic rock,acid rock,blues rock","Legacy Recordings",0.465,0.824,7,-6.668,1,0.1,0.363,0.000398,0.656,0.687,85.218,4
spotify:track:0KqHJXm4Z42fELkW83ZW0r,"Come On (Let the Good Times Roll)","Electric Ladyland","Jimi Hendrix",1968-10-25,249373,51,false,iarecippo,2024-03-10T21:44:38Z,"psychedelic rock,classic rock,acid rock,blues rock","Legacy Recordings",0.41,0.821,11,-8.557,0,0.194,0.202,0.0367,0.43,0.833,148.665,4
spotify:track:1DfWmv1eJU1a9tuGpqKGFP,"Gypsy Eyes","Electric Ladyland","Jimi Hendrix",1968-10-25,223680,54,false,iarecippo,2024-03-10T21:44:38Z,"psychedelic rock,classic rock,acid rock,blues rock","Legacy Recordings",0.599,0.622,6,-7.019,1,0.128,0.222,0,0.536,0.907,117.574,4
spotify:track:36SULeBeglappJysOY6WzQ,"Burning of the Midnight Lamp","Electric Ladyland","Jimi Hendrix",1968-10-25,219613,46,false,iarecippo,2024-03-10T21:44:38Z,"psychedelic rock,classic rock,acid rock,blues rock","Legacy Recordings",0.331,0.845,0,-7.55,1,0.0889,0.411,0.000412,0.124,0.525,76.698,4
spotify:track:0xwG5stzrc5B70TycPwenY,"Rainy Day, Dream Away","Electric Ladyland","Jimi Hendrix",1968-10-25,222066,47,false,iarecippo,2024-03-10T21:44:38Z,"psychedelic rock,classic rock,acid rock,blues rock","Legacy Recordings",0.692,0.672,2,-8.979,1,0.282,0.317,0.00177,0.39,0.541,108.077,4
spotify:track:5uDpwSGjljhIgDB1ZYdp9c,"1983...(A Merman I Should Turn to Be)","Electric Ladyland","Jimi Hendrix",1968-10-25,819626,47,false,iarecippo,2024-03-10T21:44:38Z,"psychedelic rock,classic rock,acid rock,blues rock","Legacy Recordings",0.357,0.682,1,-9.207,1,0.106,0.159,0.00609,0.357,0.229,138.258,4
spotify:track:3q3gK9I4mj03565IGtVA0d,"Moon, Turn the Tides...Gently Gently Away","Electric Ladyland","Jimi Hendrix",1968-10-25,61773,39,false,iarecippo,2024-03-10T21:44:38Z,"psychedelic rock,classic rock,acid rock,blues rock","Legacy Recordings",0,0.391,6,-20.962,1,0,0.404,0.932,0.0603,0,0,0
spotify:track:0xKcrFF5ed7U4EPdG6vE4f,"Still Raining, Still Dreaming","Electric Ladyland","Jimi Hendrix",1968-10-25,265586,46,false,iarecippo,2024-03-10T21:44:38Z,"psychedelic rock,classic rock,acid rock,blues rock","Legacy Recordings",0.364,0.865,2,-7.328,1,0.114,0.247,0.0209,0.0936,0.554,111.15,4
spotify:track:6p5RohbRLDSjeERMZ90hMg,"House Burning Down","Electric Ladyland","Jimi Hendrix",1968-10-25,272840,44,false,iarecippo,2024-03-10T21:44:38Z,"psychedelic rock,classic rock,acid rock,blues rock","Legacy Recordings",0.426,0.888,5,-5.052,0,0.21,0.693,0.00117,0.339,0.541,116.267,4
spotify:track:2aoo2jlRnM3A0NyLQqMN2f,"All Along the Watchtower","Electric Ladyland","Jimi Hendrix",1968-10-25,240800,79,false,iarecippo,2024-03-10T21:44:38Z,"psychedelic rock,classic rock,acid rock,blues rock","Legacy Recordings",0.438,0.805,8,-6.237,1,0.0624,0.00255,0.0000569,0.0842,0.564,113.253,4
spotify:track:2AxCeJ6PSsBYiTckM0HLY7,"Voodoo Child (Slight Return)","Electric Ladyland","Jimi Hendrix",1968-10-25,313373,70,false,iarecippo,2024-03-10T21:44:38Z,"psychedelic rock,classic rock,acid rock,blues rock","Legacy Recordings",0.214,0.91,8,-6.662,1,0.389,0.477,0.00833,0.0517,0.448,175.549,4
spotify:track:3NW2NRsPJfA4moQ0UhxlZk,"Introduction.","My 21st Century Blues","RAYE",2023-02-03,57813,46,false,iarecippo,2024-03-13T15:42:32Z,"","Human Re Sources",0.499,0.245,5,-15.875,1,0.091,0.984,0.0123,0.105,0.274,143.541,3
spotify:track:0iO2iCAjtX0t5duvczNQt6,"Oscar Winning Tears.","My 21st Century Blues","RAYE",2023-02-03,183653,77,true,iarecippo,2024-03-13T15:42:32Z,"","Human Re Sources",0.522,0.42,5,-6.805,0,0.0997,0.448,0,0.137,0.326,141.693,3
spotify:track:0o4HD0mOtTiHSbycbg4IpT,"Hard Out Here.","My 21st Century Blues","RAYE",2023-02-03,191164,63,true,iarecippo,2024-03-13T15:42:32Z,"","Human Re Sources",0.673,0.669,1,-4.598,0,0.153,0.0871,0.00000804,0.128,0.388,88.131,4
spotify:track:3yM4sIOrG4UOJve2fQU7Zc,"Black Mascara.","My 21st Century Blues","RAYE",2023-02-03,239786,61,true,iarecippo,2024-03-13T15:42:32Z,"","Human Re Sources",0.722,0.778,1,-7.078,0,0.0405,0.415,0.000584,0.104,0.0844,120.999,4
spotify:track:5mHdCZtVyb4DcJw8799hZp,"Escapism.","My 21st Century Blues","RAYE;070 Shake",2023-02-03,272373,84,true,iarecippo,2024-03-13T15:42:32Z,"","Human Re Sources",0.538,0.742,2,-5.355,1,0.114,0.138,0.0000467,0.0934,0.25,96.107,4
spotify:track:3PLTYnLCus4KHeCyW2jsee,"Mary Jane.","My 21st Century Blues","RAYE",2023-02-03,232053,53,true,iarecippo,2024-03-13T15:42:32Z,"","Human Re Sources",0.564,0.268,7,-9.792,1,0.0311,0.844,0.000111,0.187,0.398,81.836,4
spotify:track:5eVG50IlyjSevPsWnSI76r,"The Thrill Is Gone.","My 21st Century Blues","RAYE",2023-02-03,199293,67,true,iarecippo,2024-03-13T15:42:32Z,"","Human Re Sources",0.747,0.648,8,-5.433,0,0.0845,0.111,0,0.219,0.667,118.149,4
spotify:track:60KvZItTS7PpROovaNVQcy,"Ice Cream Man.","My 21st Century Blues","RAYE",2023-02-03,248733,62,true,iarecippo,2024-03-13T15:42:32Z,"","Human Re Sources",0.548,0.295,6,-10.276,1,0.245,0.693,0.000278,0.247,0.123,152.593,4
spotify:track:252ZECHopILLs10pMfE76N,"Flip A Switch.","My 21st Century Blues","RAYE",2023-02-03,201373,65,true,iarecippo,2024-03-13T15:42:32Z,"","Human Re Sources",0.704,0.535,1,-5.751,0,0.0405,0.0756,0.000264,0.229,0.463,94.018,4
spotify:track:7FYTCG4IXEtar8f2zmd3jk,"Body Dysmorphia.","My 21st Century Blues","RAYE",2023-02-03,153106,52,true,iarecippo,2024-03-13T15:42:32Z,"","Human Re Sources",0.518,0.498,0,-8.972,1,0.162,0.214,0.0000661,0.144,0.287,202.193,3
spotify:track:0Pp2I1kM3JnnyAX2S5jtHG,"Environmental Anxiety.","My 21st Century Blues","RAYE",2023-02-03,194093,50,true,iarecippo,2024-03-13T15:42:32Z,"","Human Re Sources",0.636,0.52,2,-9.089,1,0.0791,0.378,0,0.0811,0.0648,136.56,4
spotify:track:0MI4U8nhdfJ1FPRAgYhXxC,"Five Star Hotels. (feat. Mahalia)","My 21st Century Blues","RAYE;Mahalia",2023-02-03,204440,59,true,iarecippo,2024-03-13T15:42:32Z,"uk r&b,alternative r&b","Human Re Sources",0.71,0.43,11,-8.447,0,0.0656,0.472,0,0.196,0.25,131.841,4
spotify:track:7JgNAnCjJvL8hBR1kmCOFF,"Worth It.","My 21st Century Blues","RAYE",2023-02-03,246813,80,false,iarecippo,2024-03-13T15:42:32Z,"","Human Re Sources",0.736,0.483,8,-7.85,1,0.0682,0.505,0.0000139,0.351,0.606,109.932,4
spotify:track:08fvAoeVAl6DAOT3nilvQN,"Buss It Down.","My 21st Century Blues","RAYE",2023-02-03,156880,54,true,iarecippo,2024-03-13T15:42:32Z,"","Human Re Sources",0.542,0.294,9,-9.252,1,0.0421,0.747,0.00000884,0.359,0.541,94.665,4
spotify:track:7j7MArN6cotJVlbn5HOQ1t,"Fin.","My 21st Century Blues","RAYE",2023-02-03,30866,47,false,iarecippo,2024-03-13T15:42:32Z,"","Human Re Sources",0.538,0.36,9,-13.669,1,0.0792,0.926,0.28,0.108,0.718,79.021,3
spotify:track:4SlhshDDZUnJCOaJ33KZAj,"Earth Sign","What Now","Brittany Howard",2024-02-09,218560,30,false,iarecippo,2024-03-28T13:15:53Z,"","Brittany Howard PS/ Island",0.352,0.865,10,-5.011,1,0.0888,0.0454,0.000039,0.103,0.156,109.814,4
spotify:track:7Gzm2IS4zLi5W46dudWn7H,"I Don't","What Now","Brittany Howard",2024-02-09,202720,40,false,iarecippo,2024-03-28T13:15:53Z,"","Brittany Howard PS/ Island",0.546,0.609,4,-9.564,1,0.0555,0.871,0.502,0.115,0.179,148.586,4
spotify:track:1WAjkljaKkFILaxlsGlSfh,"What Now","What Now","Brittany Howard",2024-02-09,226680,43,true,iarecippo,2024-03-28T13:15:53Z,"","Brittany Howard PS/ Island",0.744,0.926,11,-4.695,0,0.0739,0.124,0.00203,0.0885,0.649,99.949,3
spotify:track:407FU0CLho5qSOaEaPx7QU,"Red Flags","What Now","Brittany Howard",2024-02-09,267093,29,false,iarecippo,2024-03-28T13:15:53Z,"","Brittany Howard PS/ Island",0.66,0.66,0,-7.548,0,0.109,0.19,0.031,0.103,0.314,119.958,4
spotify:track:6AvISz639vIJ2CKOi5xfZm,"To Be Still","What Now","Brittany Howard",2024-02-09,147773,26,false,iarecippo,2024-03-28T13:15:53Z,"","Brittany Howard PS/ Island",0.389,0.228,1,-12.296,1,0.0395,0.968,0.0000642,0.108,0.24,60.431,4
spotify:track:5fg3eL4yInuOQ6HkZTXxZP,"Interlude","What Now","Brittany Howard",2024-02-09,38066,22,false,iarecippo,2024-03-28T13:15:53Z,"","Brittany Howard PS/ Island",0.361,0.431,5,-22.66,0,0.0534,0.877,0.0246,0.209,0.382,130.868,3
spotify:track:300VBRNOhIfG3A5w4n9Iqa,"Another Day","What Now","Brittany Howard",2024-02-09,134226,24,true,iarecippo,2024-03-28T13:15:53Z,"","Brittany Howard PS/ Island",0.617,0.828,3,-7.581,0,0.214,0.26,0.00000185,0.14,0.42,130.113,4
spotify:track:0w9eE1YhhHG4pTGK2eaWhs,"Prove It To You","What Now","Brittany Howard",2024-02-09,200706,37,false,iarecippo,2024-03-28T13:15:53Z,"","Brittany Howard PS/ Island",0.684,0.708,1,-6.933,0,0.0657,0.0037,0.0416,0.09,0.3,129.861,4
spotify:track:48AkypfLAIJVsCSo10HFgW,"Samson","What Now","Brittany Howard",2024-02-09,317386,26,false,iarecippo,2024-03-28T13:15:53Z,"","Brittany Howard PS/ Island",0.544,0.362,0,-13.132,1,0.0558,0.946,0.13,0.107,0.208,79.481,3
spotify:track:6WFx6lk1sVDDrq9il4goNl,"Patience","What Now","Brittany Howard",2024-02-09,196000,24,false,iarecippo,2024-03-28T13:15:53Z,"","Brittany Howard PS/ Island",0.614,0.666,4,-6.477,0,0.052,0.45,0.0000335,0.115,0.43,126.011,4
spotify:track:37u7C5ru19nuE4VWvYpL0B,"Power To Undo","What Now","Brittany Howard",2024-02-09,170293,28,false,iarecippo,2024-03-28T13:15:53Z,"","Brittany Howard PS/ Island",0.612,0.818,4,-5.886,1,0.0509,0.107,0,0.428,0.731,111.351,4
spotify:track:4q5Zm3xASiLAeVyUKeVRuG,"Every Color In Blue","What Now","Brittany Howard",2024-02-09,186933,26,false,iarecippo,2024-03-28T13:15:53Z,"","Brittany Howard PS/ Island",0.512,0.775,7,-6.435,1,0.105,0.482,0.0522,0.118,0.363,160.949,3
spotify:track:6WLAVxodw6XPoG6P799Hbn,"Atmosfera - Ao Vivo","O Amor, o Perdão e a Tecnologia Irão nos Levar para Outro Planeta (Ao Vivo em Belém)","FBC;DJ Cost;Fernanda Valadares;LUAR;Danillo Mendonça;Jackson Ganga;Hilton Lima;Daniel Souza;Nathan Morais;""Matheuzin""",2024-03-28,298186,19,false,iarecippo,2024-03-29T03:04:00Z,"brazilian hip hop,miami bass,boom bap,brazilian trap","DO PADRIM",0.705,0.671,9,-10.137,0,0.0647,0.0409,0.00496,0.346,0.608,122.909,4
spotify:track:6z0zCZMkCFkgqPMEHgCqpw,"Aham - Ao Vivo","O Amor, o Perdão e a Tecnologia Irão nos Levar para Outro Planeta (Ao Vivo em Belém)","FBC;DJ Cost;Fernanda Valadares;LUAR;Danillo Mendonça;Jackson Ganga;Hilton Lima;Daniel Souza;Nathan Morais;""Matheuzin""",2024-03-28,180125,18,false,iarecippo,2024-03-29T03:04:00Z,"brazilian hip hop,miami bass,boom bap,brazilian trap","DO PADRIM",0.646,0.798,2,-7.12,0,0.0554,0.0534,0.000786,0.676,0.588,92.933,4
spotify:track:60Ds3r8WQjdehBYfXRFEhu,"Qual a Chance - Ao Vivo","O Amor, o Perdão e a Tecnologia Irão nos Levar para Outro Planeta (Ao Vivo em Belém)","FBC;DJ Cost;Fernanda Valadares;LUAR;Danillo Mendonça;Jackson Ganga;Hilton Lima;Daniel Souza;Nathan Morais;""Matheuzin""",2024-03-28,192187,27,false,iarecippo,2024-03-29T03:04:00Z,"brazilian hip hop,miami bass,boom bap,brazilian trap","DO PADRIM",0.731,0.546,1,-8.522,1,0.0366,0.387,0,0.745,0.823,125.931,4
spotify:track:6DVjpAQ0htvqIOPgmvIFyV,"O Que Te Faz Ir pra Outro Planeta? - Ao Vivo","O Amor, o Perdão e a Tecnologia Irão nos Levar para Outro Planeta (Ao Vivo em Belém)","FBC;DJ Cost;Fernanda Valadares;LUAR;Danillo Mendonça;Jackson Ganga;Hilton Lima;Daniel Souza;Nathan Morais;""Matheuzin""",2024-03-28,234124,23,false,iarecippo,2024-03-29T03:04:00Z,"brazilian hip hop,miami bass,boom bap,brazilian trap","DO PADRIM",0.74,0.538,10,-10.577,0,0.108,0.119,0.000266,0.703,0.745,107.033,4
spotify:track:0Se3tATCPKL0WJXYtVnGvZ,"Dilema das Redes - Ao Vivo","O Amor, o Perdão e a Tecnologia Irão nos Levar para Outro Planeta (Ao Vivo em Belém)","FBC;Nill;DJ Cost;Fernanda Valadares;LUAR;Danillo Mendonça;Jackson Ganga;Hilton Lima;Daniel Souza;Nathan Morais;""Matheuzin""",2024-03-28,223875,16,false,iarecippo,2024-03-29T03:04:00Z,"brazilian hip hop,miami bass,boom bap,brazilian trap","DO PADRIM",0.759,0.637,10,-9.188,1,0.0649,0.0763,0.0000124,0.655,0.674,123.958,4
spotify:track:3yDkd0oi3H6UzNhJ8DzIbV,"Antissocial - Ao Vivo","O Amor, o Perdão e a Tecnologia Irão nos Levar para Outro Planeta (Ao Vivo em Belém)","FBC;DJ Cost;Fernanda Valadares;LUAR;Danillo Mendonça;Jackson Ganga;Hilton Lima;Daniel Souza;Nathan Morais;""Matheuzin""",2024-03-28,241834,17,false,iarecippo,2024-03-29T03:04:00Z,"brazilian hip hop,miami bass,boom bap,brazilian trap","DO PADRIM",0.71,0.678,4,-9.476,0,0.0907,0.062,0,0.323,0.653,119.828,4
spotify:track:0U9iNzMiKZz8Z9mBFQK43W,"Não Me Ligue Nunca Mais - Ao Vivo","O Amor, o Perdão e a Tecnologia Irão nos Levar para Outro Planeta (Ao Vivo em Belém)","FBC;DJ Cost;Fernanda Valadares;LUAR;Danillo Mendonça;Jackson Ganga;Hilton Lima;Daniel Souza;Nathan Morais;""Matheuzin""",2024-03-28,233844,17,false,iarecippo,2024-03-29T03:04:00Z,"brazilian hip hop,miami bass,boom bap,brazilian trap","DO PADRIM",0.747,0.623,2,-9.448,0,0.0354,0.021,0.00000332,0.0731,0.788,116.961,4
spotify:track:1t9ToDOqstWbn2SyEt7c1Z,"Cherry - Ao Vivo","O Amor, o Perdão e a Tecnologia Irão nos Levar para Outro Planeta (Ao Vivo em Belém)","FBC;DJ Cost;Fernanda Valadares;LUAR;Danillo Mendonça;Jackson Ganga;Hilton Lima;Daniel Souza;Nathan Morais;""Matheuzin""",2024-03-28,198625,16,true,iarecippo,2024-03-29T03:04:00Z,"brazilian hip hop,miami bass,boom bap,brazilian trap","DO PADRIM",0.57,0.88,6,-7.958,1,0.216,0.253,0,0.394,0.615,121.681,4
spotify:track:0tUX5m4SVHvH6DpzEOEMvm,"A Noite no Meu Quarto - Ao Vivo","O Amor, o Perdão e a Tecnologia Irão nos Levar para Outro Planeta (Ao Vivo em Belém)","FBC;DJ Cost;Fernanda Valadares;LUAR;Danillo Mendonça;Jackson Ganga;Hilton Lima;Daniel Souza;Nathan Morais;""Matheuzin""",2024-03-28,394874,16,false,iarecippo,2024-03-29T03:04:00Z,"brazilian hip hop,miami bass,boom bap,brazilian trap","DO PADRIM",0.695,0.377,0,-9.881,0,0.0322,0.0833,0.0545,0.651,0.531,110.943,4
spotify:track:3ynprAMR3QU02zrBgKh21q,"Madrugada Maldita - Ao Vivo","O Amor, o Perdão e a Tecnologia Irão nos Levar para Outro Planeta (Ao Vivo em Belém)","FBC;DJ Cost;Fernanda Valadares;LUAR;Danillo Mendonça;Jackson Ganga;Hilton Lima;Daniel Souza;Nathan Morais;""Matheuzin""",2024-03-28,242500,16,false,iarecippo,2024-03-29T03:04:00Z,"brazilian hip hop,miami bass,boom bap,brazilian trap","DO PADRIM",0.826,0.644,9,-8.224,0,0.0564,0.156,0.00000449,0.745,0.718,109.958,4
spotify:track:1IfL9FcT2CEBZcfB6kEY3B,"Estante de Livros - Ao Vivo","O Amor, o Perdão e a Tecnologia Irão nos Levar para Outro Planeta (Ao Vivo em Belém)","FBC;Don L;DJ Cost;Fernanda Valadares;LUAR;Danillo Mendonça;Jackson Ganga;Hilton Lima;Daniel Souza;Nathan Morais;""Matheuzin""",2024-03-28,257000,18,false,iarecippo,2024-03-29T03:04:00Z,"brazilian hip hop,miami bass,boom bap,brazilian trap","DO PADRIM",0.741,0.717,9,-9.636,0,0.0492,0.042,0.0000534,0.979,0.623,110.003,4
spotify:track:5d9T0ZLLEMpXzgsC3U3IDj,"Químico Amor - Ao Vivo","O Amor, o Perdão e a Tecnologia Irão nos Levar para Outro Planeta (Ao Vivo em Belém)","FBC;DJ Cost;Fernanda Valadares;LUAR;Danillo Mendonça;Jackson Ganga;Hilton Lima;Daniel Souza;Nathan Morais;""Matheuzin""",2024-03-28,253000,16,true,iarecippo,2024-03-29T03:04:00Z,"brazilian hip hop,miami bass,boom bap,brazilian trap","DO PADRIM",0.819,0.652,9,-9.194,0,0.0518,0.017,0.0000149,0.227,0.754,124.957,4
spotify:track:3imRVRsgWwXhqOX0ioYf64,"Desculpa - Ao Vivo","O Amor, o Perdão e a Tecnologia Irão nos Levar para Outro Planeta (Ao Vivo em Belém)","FBC;DJ Cost;Fernanda Valadares;LUAR;Danillo Mendonça;Jackson Ganga;Hilton Lima;Daniel Souza;Nathan Morais;""Matheuzin""",2024-03-28,215429,16,false,iarecippo,2024-03-29T03:04:00Z,"brazilian hip hop,miami bass,boom bap,brazilian trap","DO PADRIM",0.764,0.624,11,-8.811,0,0.0651,0.13,0.000127,0.936,0.48,110.013,4
spotify:track:6K2Iut8nSQigP83yvbiqi8,"AMERIICAN REQUIEM","COWBOY CARTER","Beyoncé",2024-03-29,325037,60,false,iarecippo,2024-03-29T14:14:14Z,"","Parkwood Entertainment/Columbia",0.374,0.515,4,-6.482,1,0.0363,0.0963,0,0.171,0.0568,93.769,4
spotify:track:7eEr7lgWYudwEKEaWCPiPI,"BLACKBIIRD","COWBOY CARTER","Beyoncé;Tanner Adell;Brittney Spencer;Tiera Kennedy;Reyna Roberts",2024-03-29,131949,62,false,iarecippo,2024-03-29T14:14:14Z,"","Parkwood Entertainment/Columbia",0.476,0.192,7,-12.553,1,0.0269,0.716,0,0.11,0.201,93.709,4
spotify:track:6XXxKsu3RJeN3ZvbMYrgQW,"16 CARRIAGES","COWBOY CARTER","Beyoncé",2024-03-29,227250,60,false,iarecippo,2024-03-29T14:14:14Z,"","Parkwood Entertainment/Columbia",0.525,0.456,1,-7.042,1,0.0798,0.382,0,0.167,0.342,126.691,4
spotify:track:4dsdSwSdBWjlsVzU6iJs3b,"PROTECTOR","COWBOY CARTER","Beyoncé;Rumi Carter",2024-03-29,184399,58,false,iarecippo,2024-03-29T14:14:14Z,"","Parkwood Entertainment/Columbia",0.377,0.33,8,-9.476,1,0.0525,0.861,0,0.318,0.574,84.624,4
spotify:track:486YUqcmF9IWPkreU0THcQ,"MY ROSE","COWBOY CARTER","Beyoncé",2024-03-29,53442,56,false,iarecippo,2024-03-29T14:14:14Z,"","Parkwood Entertainment/Columbia",0.384,0.177,2,-11.755,0,0.0418,0.771,0,0.0943,0.59,175.953,3
spotify:track:2dv2DYn0V0j0Wx6Ra40bce,"SMOKE HOUR ★ WILLIE NELSON","COWBOY CARTER","Beyoncé;Willie Nelson",2024-03-29,50721,55,false,iarecippo,2024-03-29T14:14:14Z,"outlaw country,classic country,country,traditional country,honky tonk","Parkwood Entertainment/Columbia",0.739,0.406,5,-15.215,1,0.921,0.963,0.000753,0.849,0.82,71.653,4
spotify:track:7wLShogStyDeZvL0a6daN5,"TEXAS HOLD 'EM","COWBOY CARTER","Beyoncé",2024-03-29,233456,72,true,iarecippo,2024-03-29T14:14:14Z,"","Parkwood Entertainment/Columbia",0.727,0.711,2,-6.549,1,0.078,0.582,0,0.158,0.375,110.012,4
spotify:track:6Y4rniIxibegzsg8cdWAWV,"BODYGUARD","COWBOY CARTER","Beyoncé",2024-03-29,240254,67,true,iarecippo,2024-03-29T14:14:14Z,"","Parkwood Entertainment/Columbia",0.726,0.779,4,-5.432,0,0.0551,0.0137,0.000235,0.365,0.539,119.031,4
spotify:track:1fp4DIjhHyptQWK00CZgFQ,"DOLLY P","COWBOY CARTER","Beyoncé;Dolly Parton",2024-03-29,22623,26,false,iarecippo,2024-03-29T14:14:14Z,"country,classic country","Parkwood Entertainment/Columbia",0.873,0.363,4,-14.204,1,0.221,0.565,0,0.464,0.945,106.167,4
spotify:track:2PmMh2t7jAtN6cqFooA0Xy,"JOLENE","COWBOY CARTER","Beyoncé",2024-03-29,189638,64,false,iarecippo,2024-03-29T14:14:14Z,"","Parkwood Entertainment/Columbia",0.567,0.812,11,-5.434,0,0.164,0.532,0,0.73,0.853,106.179,4
spotify:track:0hWCzWl04zT7P6vMy63XCN,"DAUGHTER","COWBOY CARTER","Beyoncé",2024-03-29,203851,60,false,iarecippo,2024-03-29T14:14:14Z,"","Parkwood Entertainment/Columbia",0.374,0.448,9,-10.04,0,0.0364,0.789,0,0.118,0.386,114.108,4
spotify:track:5UcUppRaEIBMIHXiUFl7LI,"SPAGHETTII","COWBOY CARTER","Beyoncé;Linda Martell;Shaboozey",2024-03-29,158477,61,true,iarecippo,2024-03-29T14:14:14Z,"","Parkwood Entertainment/Columbia",0.504,0.624,8,-7.444,1,0.428,0.476,0,0.0996,0.333,94.522,3
spotify:track:1LSWDkZxVngIpfjvMs6Q56,"ALLIIGATOR TEARS","COWBOY CARTER","Beyoncé",2024-03-29,179397,58,false,iarecippo,2024-03-29T14:14:14Z,"","Parkwood Entertainment/Columbia",0.618,0.651,2,-9.662,1,0.0822,0.202,0,0.237,0.656,74.548,4
spotify:track:5tInFhbFRLTM4rFu6yVSJA,"SMOKE HOUR II","COWBOY CARTER","Beyoncé;Willie Nelson",2024-03-29,29843,22,true,iarecippo,2024-03-29T14:14:14Z,"outlaw country,classic country,country,traditional country,honky tonk","Parkwood Entertainment/Columbia",0.465,0.244,4,-20.851,1,0.42,0.797,0.00481,0.539,0.923,125.797,5
spotify:track:4h6iaiMchTUHlK5ovMiJ3h,"JUST FOR FUN","COWBOY CARTER","Beyoncé;Willie Jones",2024-03-29,204487,56,false,iarecippo,2024-03-29T14:14:14Z,"country hip hop","Parkwood Entertainment/Columbia",0.466,0.434,9,-8.559,1,0.0382,0.549,0.000013,0.18,0.127,72.403,4
spotify:track:1UP7PXne1lIYZB5G5aiRGL,"II MOST WANTED","COWBOY CARTER","Beyoncé;Miley Cyrus",2024-03-29,208521,65,false,iarecippo,2024-03-29T14:14:14Z,"","Parkwood Entertainment/Columbia",0.533,0.355,8,-6.132,1,0.0289,0.497,0,0.174,0.256,137.986,4
spotify:track:2UDARQiksl207HcSduDpov,"LEVII'S JEANS","COWBOY CARTER","Beyoncé;Post Malone",2024-03-29,257699,66,true,iarecippo,2024-03-29T14:14:14Z,"","Parkwood Entertainment/Columbia",0.755,0.43,1,-7.482,1,0.0359,0.302,0.00000271,0.121,0.325,115.964,4
spotify:track:3B7EZgquNKHrSIo2tEc8mK,"FLAMENCO","COWBOY CARTER","Beyoncé",2024-03-29,100364,59,false,iarecippo,2024-03-29T14:14:14Z,"","Parkwood Entertainment/Columbia",0.497,0.351,7,-9.248,0,0.0274,0.764,0.0000015,0.136,0.492,105.032,4
spotify:track:3wcZlxfu4i6TROB5YV83wh,"THE LINDA MARTELL SHOW","COWBOY CARTER","Beyoncé;Linda Martell",2024-03-29,28069,17,false,iarecippo,2024-03-29T14:14:14Z,"","Parkwood Entertainment/Columbia",0.489,0.556,9,-19.947,0,0.917,0.781,0,0.93,0.925,120.24,5
spotify:track:0K9tfzrxJyCQIf7oAlPwaK,"YA YA","COWBOY CARTER","Beyoncé",2024-03-29,274766,65,true,iarecippo,2024-03-29T14:14:14Z,"","Parkwood Entertainment/Columbia",0.617,0.904,11,-5.371,1,0.341,0.317,0,0.507,0.764,151.926,4
spotify:track:7pkqvejfDmeLen9MrnppQr,"OH LOUISIANA","COWBOY CARTER","Beyoncé",2024-03-29,52195,54,false,iarecippo,2024-03-29T14:14:14Z,"","Parkwood Entertainment/Columbia",0.504,0.378,11,-14.203,1,0.0408,0.728,0.313,0.717,0.849,145.685,4
spotify:track:2dklP2sRuvcJROlrM8F7Dp,"DESERT EAGLE","COWBOY CARTER","Beyoncé",2024-03-29,72448,56,false,iarecippo,2024-03-29T14:14:14Z,"","Parkwood Entertainment/Columbia",0.691,0.489,0,-8.461,1,0.0539,0.645,0.00000161,0.328,0.662,85.032,4
spotify:track:0TsCBkrq3owPs06HP5Q9Z4,"RIIVERDANCE","COWBOY CARTER","Beyoncé",2024-03-29,251986,59,true,iarecippo,2024-03-29T14:14:14Z,"","Parkwood Entertainment/Columbia",0.699,0.791,7,-8.527,1,0.186,0.456,0,0.25,0.43,119.997,4
spotify:track:1Y7vNzQrybb2ICYKmbOfdt,"II HANDS II HEAVEN","COWBOY CARTER","Beyoncé",2024-03-29,341312,62,false,iarecippo,2024-03-29T14:14:14Z,"","Parkwood Entertainment/Columbia",0.674,0.602,7,-7.866,1,0.224,0.539,0.00000169,0.0906,0.533,123.943,4
spotify:track:5mUlozUYpdmXVPkj4BW8cA,"TYRANT","COWBOY CARTER","Beyoncé;Dolly Parton",2024-03-29,250725,70,false,iarecippo,2024-03-29T14:14:14Z,"country,classic country","Parkwood Entertainment/Columbia",0.751,0.648,6,-4.21,1,0.183,0.083,0,0.585,0.813,126.032,4
spotify:track:7CA0mEKqEZ0WFAIlTS4uEl,"SWEET ★ HONEY ★ BUCKIIN'","COWBOY CARTER","Beyoncé;Shaboozey",2024-03-29,296185,64,true,iarecippo,2024-03-29T14:14:14Z,"","Parkwood Entertainment/Columbia",0.73,0.639,10,-8.358,0,0.185,0.208,0.00041,0.118,0.337,124.014,4
spotify:track:3ly60iOVqcsdtlMhQ8FcE1,"AMEN","COWBOY CARTER","Beyoncé",2024-03-29,145105,55,false,iarecippo,2024-03-29T14:14:14Z,"","Parkwood Entertainment/Columbia",0.333,0.452,1,-7.087,1,0.0349,0.0687,0.0000417,0.329,0.0913,79.825,3
spotify:track:2XYjDjZLnRVLumfEmVh2K4,"Pra Te Esquecer","Batidão Tropical Vol. 2","Pabllo Vittar",2024-04-09,206736,0,false,iarecippo,2024-04-10T13:19:14Z,"brazilian pop,funk pop,tecnobrega","Sony Music Entertainment",0.62,0.865,1,-4.102,0,0.0534,0.075,0.00000194,0.0483,0.599,163.008,4
spotify:track:3TcOev4DIiI9dSxuNteYPO,"Idiota","Batidão Tropical Vol. 2","Pabllo Vittar",2024-04-09,166059,0,false,iarecippo,2024-04-10T13:19:14Z,"brazilian pop,funk pop,tecnobrega","Sony Music Entertainment",0.754,0.788,1,-3.144,1,0.0367,0.0767,0,0.0437,0.785,134.877,4
spotify:track:0vPKkAQAh4L7wpNmAemr5E,"Pede Pra Eu Ficar (Listen To Your Heart)","Batidão Tropical Vol. 2","Pabllo Vittar",2024-04-09,192421,0,false,iarecippo,2024-04-10T13:19:14Z,"brazilian pop,funk pop,tecnobrega","Sony Music Entertainment",0.557,0.886,10,-2.832,0,0.0407,0.0402,0.00000234,0.134,0.486,169.921,4
spotify:track:5Ih7yhSHs3F0NY10Pvr7Xq,"Rubi","Batidão Tropical Vol. 2","Pabllo Vittar;Will Love",2024-04-09,133669,0,false,iarecippo,2024-04-10T13:19:14Z,"brazilian pop,funk pop,tecnobrega","Sony Music Entertainment",0.644,0.926,9,-3.068,1,0.104,0.0495,0,0.151,0.852,180.098,4
spotify:track:2BYQzRnQvFvLwfJSLYQjfn,"São Amores","Batidão Tropical Vol. 2","Pabllo Vittar",2024-04-09,175000,0,false,iarecippo,2024-04-10T13:19:14Z,"brazilian pop,funk pop,tecnobrega","Sony Music Entertainment",0.708,0.961,0,-3.53,1,0.0466,0.193,0,0.148,0.795,96.001,4
spotify:track:6MOYPvxZK3vkwZDLUcAunH,"Me Usa","Batidão Tropical Vol. 2","Pabllo Vittar",2024-04-09,240400,0,false,iarecippo,2024-04-10T13:19:14Z,"brazilian pop,funk pop,tecnobrega","Sony Music Entertainment",0.647,0.876,4,-4.143,1,0.0707,0.246,0,0.0805,0.61,95.971,4
spotify:track:4tFtgNQDBIpMk7a061XZXh,"Não Vou Te Deixar (I Don't Want to Get Hurt)","Batidão Tropical Vol. 2","Pabllo Vittar;Gaby Amarantos",2024-04-09,215272,0,false,iarecippo,2024-04-10T13:19:14Z,"brazilian pop,funk pop,tecnobrega,brega,new mpb","Sony Music Entertainment",0.661,0.783,0,-4.623,1,0.0347,0.28,0.00000594,0.0869,0.602,93.035,4
spotify:track:4cgdbIQ0AesHAOAUf2ph7a,"Faixa 8","Batidão Tropical Vol. 2","Pabllo Vittar",2024-04-09,49846,0,false,iarecippo,2024-04-10T13:19:14Z,"brazilian pop,funk pop,tecnobrega","Sony Music Entertainment",0.738,0.632,4,-9.069,0,0.54,0.852,0.00000372,0.0955,0.195,127.667,4
spotify:track:6lRrel33k5DYgUX3GHBpFs,"Falta Coragem","Batidão Tropical Vol. 2","Pabllo Vittar;Taty Girl",2024-04-09,157492,0,false,iarecippo,2024-04-10T13:19:14Z,"brazilian pop,funk pop,tecnobrega,forró,arrocha,piseiro,forró tradicional,brega","Sony Music Entertainment",0.611,0.828,7,-3.989,1,0.0333,0.134,0,0.0854,0.404,103.73,4
spotify:track:1PDZTqv6AzhPEAVAj3BBx7,"Faixa 10","Batidão Tropical Vol. 2","Pabllo Vittar",2024-04-09,32000,0,false,iarecippo,2024-04-10T13:19:14Z,"brazilian pop,funk pop,tecnobrega","Sony Music Entertainment",0.68,0.787,8,-6.165,1,0.331,0.827,0,0.185,0.139,88.715,5
spotify:track:4IghoQ9paF3TlTs7jp1yjk,"Nas Ondas do Rádio","Batidão Tropical Vol. 2","Pabllo Vittar",2024-04-09,170000,0,false,iarecippo,2024-04-10T13:19:14Z,"brazilian pop,funk pop,tecnobrega","Sony Music Entertainment",0.622,0.902,9,-4.514,0,0.14,0.296,0.0000016,0.0833,0.439,167.975,4
spotify:track:2T87baR51cs7KbpppR7I1M,"Ai Ai Ai Mega Príncipe","Batidão Tropical Vol. 2","Pabllo Vittar",2024-04-09,183713,0,false,iarecippo,2024-04-10T13:19:14Z,"brazilian pop,funk pop,tecnobrega","Sony Music Entertainment",0.779,0.857,1,-3.837,1,0.0501,0.0475,0.0000136,0.204,0.816,92.021,4
spotify:track:2G9rTQ1mjBfLrcm5nm847j,"Não Desligue o Telefone","Batidão Tropical Vol. 2","Pabllo Vittar;Maderito",2024-04-09,127721,0,false,iarecippo,2024-04-10T13:19:14Z,"brazilian pop,funk pop,tecnobrega","Sony Music Entertainment",0.548,0.806,7,-4.76,0,0.0848,0.0232,0,0.458,0.373,169.97,4
spotify:track:3g0RTVTxJaBR1SiRBQIQIl,"Faixa 14","Batidão Tropical Vol. 2","Pabllo Vittar",2024-04-09,40527,0,false,iarecippo,2024-04-10T13:19:14Z,"brazilian pop,funk pop,tecnobrega","Sony Music Entertainment",0.706,0.518,5,-8.053,1,0.455,0.674,0,0.203,0.402,130.638,4
spotify:track:1Bkv3iK8eRU6vu6uCspHuu,"Prelude To Ecstasy","Prelude to Ecstasy","The Last Dinner Party",2024-02-02,96013,43,false,iarecippo,2024-04-10T14:15:22Z,"","Universal-Island Records Ltd.",0.288,0.312,2,-10.841,0,0.0319,0.652,0.734,0.115,0.138,93.413,5
spotify:track:54wX7jxwKL2TQS9itIIMyJ,"Burn Alive","Prelude to Ecstasy","The Last Dinner Party",2024-02-02,201414,57,false,iarecippo,2024-04-10T14:15:22Z,"","Universal-Island Records Ltd.",0.603,0.728,7,-5.366,0,0.0302,0.000329,0.00255,0.0944,0.288,110.936,4
spotify:track:2w4cRBhWvHCsDpvyhiDkjq,"Caesar on a TV Screen","Prelude to Ecstasy","The Last Dinner Party",2024-02-02,229667,56,false,iarecippo,2024-04-10T14:15:22Z,"","Universal-Island Records Ltd.",0.502,0.565,11,-7.092,1,0.0349,0.00971,0.0000181,0.104,0.344,125.038,4
spotify:track:4uAPVHpdoGKHmIFkv1wgmb,"The Feminine Urge","Prelude to Ecstasy","The Last Dinner Party",2024-02-02,206571,49,false,iarecippo,2024-04-10T14:15:22Z,"","Universal-Island Records Ltd.",0.616,0.714,2,-5.934,1,0.0327,0.000935,0.00336,0.126,0.647,117.992,4
spotify:track:1HFwvkYsBkmHfjintlYaFZ,"On Your Side","Prelude to Ecstasy","The Last Dinner Party",2024-02-02,267977,57,false,iarecippo,2024-04-10T14:15:22Z,"","Universal-Island Records Ltd.",0.268,0.469,11,-7.52,0,0.0311,0.105,0.00591,0.213,0.0818,139.938,4
spotify:track:4YGpUNc3cScpjliOZojJ89,"Beautiful Boy","Prelude to Ecstasy","The Last Dinner Party",2024-02-02,227508,49,false,iarecippo,2024-04-10T14:15:22Z,"","Universal-Island Records Ltd.",0.197,0.235,0,-9.632,0,0.0408,0.168,0.000933,0.0849,0.0769,202.067,4
spotify:track:1w5GIyPp7oXKchE3JJ9uiN,"Gjuha","Prelude to Ecstasy","The Last Dinner Party",2024-02-02,89796,44,false,iarecippo,2024-04-10T14:15:22Z,"","Universal-Island Records Ltd.",0.243,0.326,7,-11.07,1,0.0329,0.737,0.915,0.278,0.0402,124.55,3
spotify:track:5IXA8J6Xugs507nAzwSa5F,"Sinner","Prelude to Ecstasy","The Last Dinner Party",2024-02-02,176483,64,false,iarecippo,2024-04-10T14:15:22Z,"","Universal-Island Records Ltd.",0.58,0.828,7,-4.713,1,0.0305,0.00144,0.00927,0.0983,0.359,101.984,4
spotify:track:1lNSP4ZdpVXJajfeIpUrfe,"My Lady of Mercy","Prelude to Ecstasy","The Last Dinner Party",2024-02-02,175410,53,false,iarecippo,2024-04-10T14:15:22Z,"","Universal-Island Records Ltd.",0.479,0.579,7,-6.334,1,0.0433,0.00525,0.00635,0.0912,0.431,117.921,4
spotify:track:1SclZG2EGcYlH3Hkep7RAU,"Portrait of a Dead Girl","Prelude to Ecstasy","The Last Dinner Party",2024-02-02,297763,50,false,iarecippo,2024-04-10T14:15:22Z,"","Universal-Island Records Ltd.",0.267,0.473,2,-6.337,1,0.0303,0.0139,0.00000245,0.0925,0.22,79.504,4
spotify:track:5crY7axm3GejOxy5PsnnPk,"Nothing Matters","Prelude to Ecstasy","The Last Dinner Party",2024-02-02,182623,72,true,iarecippo,2024-04-10T14:15:22Z,"","Universal-Island Records Ltd.",0.576,0.796,2,-5.1,1,0.0375,0.0219,0.000151,0.11,0.589,101.093,4
spotify:track:5tf5Nmic4rcbXHyLHXu3Wz,"Mirror","Prelude to Ecstasy","The Last Dinner Party",2024-02-02,324816,47,false,iarecippo,2024-04-10T14:15:22Z,"","Universal-Island Records Ltd.",0.294,0.328,9,-9.779,0,0.0304,0.0294,0.0141,0.106,0.0778,127.395,4
spotify:track:4EU6rkK829lAUhvz5WDIpn,"DRAMA","Tara e Tal","DUDA BEAT;Lúcio Maia",2024-04-12,100640,41,false,iarecippo,2024-04-25T18:55:37Z,"new mpb,brazilian pop,mpb,brazilian jazz","Universal Music Ltda.",0.662,0.52,4,-10.352,1,0.0382,0.232,0.000277,0.573,0.204,116.022,4
spotify:track:2qnP80eqDwpQHdFnYA1dQN,"q prazer","Tara e Tal","DUDA BEAT",2024-04-12,213532,44,false,iarecippo,2024-04-25T18:55:37Z,"new mpb,brazilian pop,mpb","Universal Music Ltda.",0.704,0.811,2,-5.398,1,0.0406,0.0207,0.0156,0.43,0.509,117.968,4
spotify:track:76K91k1A3S7GHe5GmALuO9,"SAUDADE DE VOCÊ","Tara e Tal","DUDA BEAT",2024-04-12,236212,47,false,iarecippo,2024-04-25T18:55:37Z,"new mpb,brazilian pop,mpb","Universal Music Ltda.",0.778,0.823,10,-6.639,0,0.0833,0.134,0.000151,0.426,0.791,127.996,4
spotify:track:6BKqgd3IENQeVuIpNSJEDc,"doidinha","Tara e Tal","DUDA BEAT",2024-04-12,200238,39,false,iarecippo,2024-04-25T18:55:37Z,"new mpb,brazilian pop,mpb","Universal Music Ltda.",0.708,0.798,10,-6.507,0,0.0801,0.106,0.00333,0.0663,0.695,143.988,4
spotify:track:5Z0dcUQdxmmkTEtNueOoXz,"PREPARADA","Tara e Tal","DUDA BEAT",2024-04-12,143695,40,false,iarecippo,2024-04-25T18:55:37Z,"new mpb,brazilian pop,mpb","Universal Music Ltda.",0.693,0.876,1,-4.589,1,0.163,0.151,0.0028,0.0508,0.686,180.072,4
spotify:track:3DL16fQz0klrNlYxpriqxm,"teu beijo","Tara e Tal","DUDA BEAT",2024-04-12,145337,50,false,iarecippo,2024-04-25T18:55:37Z,"new mpb,brazilian pop,mpb","Universal Music Ltda.",0.627,0.906,11,-4.612,0,0.138,0.0598,0.00889,0.218,0.648,179.879,4
spotify:track:57dVtT9QGyLku0R3nQhDjf,"DESAPAiXONAR","Tara e Tal","DUDA BEAT",2024-04-12,174047,39,false,iarecippo,2024-04-25T18:55:37Z,"new mpb,brazilian pop,mpb","Universal Music Ltda.",0.668,0.826,11,-5.991,0,0.102,0.323,0.00556,0.135,0.631,170.1,4
spotify:track:6J2mNzYGSE5jLzn1nFqDLj,"por aí mozão","Tara e Tal","DUDA BEAT",2024-04-12,236978,38,false,iarecippo,2024-04-25T18:55:37Z,"new mpb,brazilian pop,mpb","Universal Music Ltda.",0.626,0.463,4,-9.367,1,0.0305,0.655,0.00232,0.0645,0.363,167.994,4
spotify:track:7L1FuZqKXSKnpiBmyYt96B,"NiGHT MARé","Tara e Tal","DUDA BEAT",2024-04-12,167774,42,false,iarecippo,2024-04-25T18:55:37Z,"new mpb,brazilian pop,mpb","Universal Music Ltda.",0.614,0.779,1,-5.638,0,0.109,0.0371,0.0000726,0.38,0.754,167.905,4
spotify:track:7nGGKB0KX7FojvyJ5DNrK3,"BABY","Tara e Tal","DUDA BEAT",2024-04-12,217916,38,false,iarecippo,2024-04-25T18:55:37Z,"new mpb,brazilian pop,mpb","Universal Music Ltda.",0.742,0.817,11,-6.232,1,0.0604,0.244,0.0584,0.27,0.687,91.987,4
spotify:track:7l3s6ZDTWfpvbKp8q0XDlg,"Quem Me Dera","Tara e Tal","DUDA BEAT;Liniker",2024-04-12,182949,50,false,iarecippo,2024-04-25T18:55:37Z,"new mpb,brazilian pop,mpb","Universal Music Ltda.",0.717,0.686,9,-7.661,1,0.0807,0.421,0.000338,0.128,0.385,159.934,4
spotify:track:7Mu4XSS2eqoUUrWDkJjQJD,"NA TUA CABEÇA","Tara e Tal","DUDA BEAT",2024-04-12,220381,41,false,iarecippo,2024-04-25T18:55:37Z,"new mpb,brazilian pop,mpb","Universal Music Ltda.",0.76,0.677,0,-6.906,0,0.0446,0.245,0.00000791,0.186,0.624,114.038,4
spotify:track:3X53ybni3gvfPHvMXYErkU,"Raiou","Novela","Céu;Ladybug Mecca",2024-04-26,319334,27,false,iarecippo,2024-04-26T12:55:25Z,"new mpb,mpb,alternative r&b","Urban Jungle Records / ONErpm",0.611,0.587,10,-7.568,0,0.0382,0.109,0.46,0.111,0.574,82.584,4
spotify:track:0Zq70S17PSVxiRewtTtzy2,"Cremosa","Novela","Céu",2024-04-26,160231,37,false,iarecippo,2024-04-26T12:55:25Z,"new mpb,mpb","Urban Jungle Records / ONErpm",0.704,0.688,4,-8.241,0,0.0389,0.0643,0.0208,0.121,0.897,106.09,4
spotify:track:4G4eOBdzSRr7n7cp1sapat,"Gerando na Alta","Novela","Céu;anaiis",2024-04-26,248485,32,false,iarecippo,2024-04-26T12:55:25Z,"new mpb,mpb,alternative r&b,uk r&b","Urban Jungle Records / ONErpm",0.602,0.408,10,-11.277,0,0.121,0.698,0.212,0.145,0.735,157.369,4
spotify:track:3Gs6lg8kcj2vzNXH4vbGUo,"Crushinho","Novela","Céu",2024-04-26,184916,25,false,iarecippo,2024-04-26T12:55:25Z,"new mpb,mpb","Urban Jungle Records / ONErpm",0.406,0.324,5,-8.206,1,0.0641,0.614,0.000164,0.117,0.602,178.235,3
spotify:track:3zu6VYIVqAIsSEQtG729qC,"Into My Novela","Novela","Céu;Loren Oden",2024-04-26,236474,29,false,iarecippo,2024-04-26T12:55:25Z,"new mpb,mpb,retro pop,retro soul","Urban Jungle Records / ONErpm",0.703,0.713,2,-8.715,1,0.0312,0.273,0.672,0.199,0.855,95.991,4
spotify:track:6ACqKjk2L3ui2NAss7Oej1,"Mucho Ôro","Novela","Céu",2024-04-26,210280,26,false,iarecippo,2024-04-26T12:55:25Z,"new mpb,mpb","Urban Jungle Records / ONErpm",0.497,0.317,5,-9.391,1,0.0329,0.54,0.537,0.106,0.394,137.145,4
spotify:track:7jqhWYxFlJGznYDjl0Bbh6,"High na Cachu","Novela","Céu",2024-04-26,192288,28,false,iarecippo,2024-04-26T12:55:25Z,"new mpb,mpb","Urban Jungle Records / ONErpm",0.791,0.562,9,-7.066,0,0.0312,0.528,0.529,0.121,0.802,94.628,4
spotify:track:3kdSOfNhtTERCiirop6Wrg,"Buá Buá","Novela","Céu",2024-04-26,143323,21,false,iarecippo,2024-04-26T12:55:25Z,"new mpb,mpb","Urban Jungle Records / ONErpm",0.748,0.362,0,-9.444,1,0.029,0.928,0.868,0.0936,0.706,105.064,4
spotify:track:6MR3L7D4FWNeIRsn3EabPT,"Vinheta Dorival II","Novela","Céu",2024-04-26,33406,26,false,iarecippo,2024-04-26T12:55:25Z,"new mpb,mpb","Urban Jungle Records / ONErpm",0.385,0.193,5,-14.192,1,0.0441,0.926,0.14,0.123,0.522,76.937,5
spotify:track:6uOG2jG4IoTfFpu971ut7k,"Lustrando Estrela","Novela","Céu",2024-04-26,183638,21,false,iarecippo,2024-04-26T12:55:25Z,"new mpb,mpb","Urban Jungle Records / ONErpm",0.595,0.597,4,-8.05,0,0.0334,0.395,0.247,0.138,0.456,119.687,4
spotify:track:3wTlM0XPUEm7Op1d4OgNME,"Corpo e Colo","Novela","Céu",2024-04-26,166522,26,false,iarecippo,2024-04-26T12:55:25Z,"new mpb,mpb","Urban Jungle Records / ONErpm",0.62,0.405,9,-9.694,1,0.0351,0.505,0.0485,0.104,0.558,71.019,4
spotify:track:00AAF6nDbxJ3xsuBaGAsQq,"Reescreve","Novela","Céu",2024-04-26,231930,21,false,iarecippo,2024-04-26T12:55:25Z,"new mpb,mpb","Urban Jungle Records / ONErpm",0.666,0.775,7,-8.81,1,0.0688,0.0351,0.0275,0.157,0.705,172.046,4
spotify:track:3aQ9MHkMeL7Yu7jpyF62xn,"Neverender","Hyperdrama","Justice;Tame Impala",2024-04-26,266493,78,false,iarecippo,2024-04-26T14:01:12Z,"french house,new rave,neo-psychedelic,indie","Genesis",0.563,0.44,6,-10.01,0,0.0608,0.0258,0.00000762,0.227,0.417,116.988,4
spotify:track:4sF1MqAGu6HKx2Ggw20Xn4,"Generator","Hyperdrama","Justice",2024-04-26,282746,49,false,iarecippo,2024-04-26T14:01:12Z,"french house,new rave","Genesis",0.515,0.62,1,-9.749,1,0.122,0.000298,0.835,0.279,0.417,112.022,4
spotify:track:4IsbtqsROVspyi7kzh3Vkx,"Afterimage","Hyperdrama","Justice;RIMON",2024-04-26,245560,56,false,iarecippo,2024-04-26T14:01:12Z,"french house,new rave,alternative r&b","Genesis",0.643,0.712,1,-9.192,1,0.0496,0.000237,0.714,0.548,0.736,111.991,4
spotify:track:2Oidi4pAbR9X81PBaV71N8,"One Night/All Night","Hyperdrama","Justice;Tame Impala",2024-04-26,276066,68,false,iarecippo,2024-04-26T14:01:12Z,"french house,new rave,neo-psychedelic,indie","Genesis",0.686,0.506,0,-9.352,0,0.179,0.03,0.0414,0.641,0.638,116.139,4
spotify:track:7sgHtLlsrOSRUPlYhGkPDD,"Dear Alan","Hyperdrama","Justice",2024-04-26,333040,46,false,iarecippo,2024-04-26T14:01:12Z,"french house,new rave","Genesis",0.657,0.538,10,-11.877,1,0.0369,0.0208,0.899,0.245,0.606,115.028,4
spotify:track:2hgJytc4y91EjqJ1LHXqDz,"Incognito","Hyperdrama","Justice",2024-04-26,241760,46,false,iarecippo,2024-04-26T14:01:12Z,"french house,new rave","Genesis",0.607,0.537,5,-10.852,0,0.366,0.0063,0.000743,0.128,0.274,123,4
spotify:track:4csm3bIilOko37LEVW1v8P,"Mannequin Love","Hyperdrama","Justice;The Flints",2024-04-26,207373,61,false,iarecippo,2024-04-26T14:01:12Z,"french house,new rave","Genesis",0.653,0.621,7,-10.086,1,0.102,0.0174,0.0606,0.137,0.47,112.009,4
spotify:track:48cyBWVdq8n5sZ6G8qghOJ,"Moonlight Rendez-vous","Hyperdrama","Justice",2024-04-26,120453,41,false,iarecippo,2024-04-26T14:01:12Z,"french house,new rave","Genesis",0.271,0.263,9,-15.314,0,0.0323,0.256,0.584,0.111,0.0398,67.202,4
spotify:track:2L4XgrYkmihRb0wNLe2qUu,"Explorer","Hyperdrama","Justice;Connan Mockasin",2024-04-26,249466,43,false,iarecippo,2024-04-26T14:01:12Z,"french house,new rave","Genesis",0.606,0.287,5,-11.394,0,0.0515,0.0758,0.385,0.107,0.352,78.025,4
spotify:track:5Jhp7Fbg1hmJ0WZlEYoVf3,"Muscle Memory","Hyperdrama","Justice",2024-04-26,250253,42,false,iarecippo,2024-04-26T14:01:12Z,"french house,new rave","Genesis",0.477,0.172,4,-14.153,0,0.0446,0.109,0.838,0.231,0.189,170.031,4
spotify:track:5Uk1huyqQjCVocc70bgTUF,"Harpy dream","Hyperdrama","Justice",2024-04-26,28226,6,false,iarecippo,2024-04-26T14:01:12Z,"french house,new rave","Genesis",0.207,0.468,4,-16.986,0,0.0682,0.802,0.996,0.544,0.288,200.58,3
spotify:track:0pKV7fa9uYAEcYmNkk6Pld,"Saturnine","Hyperdrama","Justice;Miguel",2024-04-26,201533,48,false,iarecippo,2024-04-26T14:01:12Z,"french house,new rave,r&b","Genesis",0.435,0.324,5,-9.937,1,0.306,0.00591,0,0.574,0.653,190.481,4
spotify:track:5lhIY0YgH7JhszpQNUC1dm,"The End","Hyperdrama","Justice;Thundercat",2024-04-26,254346,52,false,iarecippo,2024-04-26T14:01:12Z,"french house,new rave","Genesis",0.429,0.537,5,-10.275,1,0.0372,0.000503,0.00976,0.131,0.215,79.464,4
spotify:track:70LQoYQl3mqx4e6EciawoG,"NÃO VOLTO MAIS","CIDADE TROPICAL PENSAMENTO","Viratempo",2023-10-20,198674,23,false,iarecippo,2024-04-30T18:22:40Z,"new mpb","Viratempo [dist. Tratore]",0.73,0.735,5,-7.799,0,0.154,0.444,0.00284,0.642,0.582,101.012,4
spotify:track:5cmb7vKl2F2nUEdF6GDGmT,"SOLAR","CIDADE TROPICAL PENSAMENTO","Viratempo",2023-10-20,229793,35,false,iarecippo,2024-04-30T18:22:40Z,"new mpb","Viratempo [dist. Tratore]",0.771,0.663,11,-8.185,0,0.0997,0.293,0.775,0.0753,0.722,95.988,4
spotify:track:0pnuejzp5BbCYmBhACtDxm,"TE QUIERO","CIDADE TROPICAL PENSAMENTO","Viratempo",2023-10-20,220247,22,false,iarecippo,2024-04-30T18:22:40Z,"new mpb","Viratempo [dist. Tratore]",0.575,0.657,0,-9.79,1,0.0391,0.0416,0.426,0.28,0.63,166.058,4
spotify:track:3Jny2l1EbURnAQbtH8KFru,"PAUBÁ","CIDADE TROPICAL PENSAMENTO","Viratempo",2023-10-20,225366,20,false,iarecippo,2024-04-30T18:22:40Z,"new mpb","Viratempo [dist. Tratore]",0.613,0.715,7,-8.184,1,0.147,0.322,0.11,0.259,0.483,93.978,4
spotify:track:70ilOeJmigEmHgJSsROTG2,"TROPICAL 08","CIDADE TROPICAL PENSAMENTO","Viratempo",2023-10-20,195621,18,false,iarecippo,2024-04-30T18:22:40Z,"new mpb","Viratempo [dist. Tratore]",0.524,0.954,0,-6.565,1,0.0651,0.0784,0.853,0.711,0.613,165.962,4
spotify:track:2GN6zmabzhmK2qY8Nt9RoM,"PARE","CIDADE TROPICAL PENSAMENTO","Viratempo",2023-10-20,47534,11,false,iarecippo,2024-04-30T18:22:40Z,"new mpb","Viratempo [dist. Tratore]",0.683,0.782,0,-9.937,0,0.36,0.0351,0.387,0.678,0.87,109.293,1
spotify:track:2tl2ks5C8j9uSnrOFvpfar,"SAUDADE","CIDADE TROPICAL PENSAMENTO","Viratempo;Gab Ferreira",2023-10-20,200653,22,false,iarecippo,2024-04-30T18:22:40Z,"new mpb","Viratempo [dist. Tratore]",0.394,0.622,11,-9.204,1,0.0536,0.107,0.062,0.288,0.503,137.602,4
spotify:track:1en8LSKtqsmhXtdM7yRh5E,"AZUL/VERMELHO","CIDADE TROPICAL PENSAMENTO","Viratempo",2023-10-20,269721,17,false,iarecippo,2024-04-30T18:22:40Z,"new mpb","Viratempo [dist. Tratore]",0.575,0.597,7,-8.972,0,0.0463,0.153,0.121,0.0732,0.325,164.013,4
spotify:track:3RmpAJslh0UjZ5RUGErjnu,"BESBE","CIDADE TROPICAL PENSAMENTO","Viratempo",2023-10-20,112265,12,false,iarecippo,2024-04-30T18:22:40Z,"new mpb","Viratempo [dist. Tratore]",0.688,0.533,6,-8.829,0,0.0531,0.705,0.956,0.0942,0.36,101.98,4
spotify:track:4pJ5IMh2jvmN0e6lStQj2h,"PRAZER","CIDADE TROPICAL PENSAMENTO","Viratempo",2023-10-20,228668,25,false,iarecippo,2024-04-30T18:22:40Z,"new mpb","Viratempo [dist. Tratore]",0.682,0.679,11,-8.41,0,0.0348,0.254,0.419,0.194,0.135,121.978,4
spotify:track:1CsMKhwEmNnmvHUuO5nryA,"SKINNY","HIT ME HARD AND SOFT","Billie Eilish",2024-05-17,219733,78,false,iarecippo,2024-05-17T23:13:39Z,"","Darkroom/Interscope Records",0.251,0.252,9,-14.478,1,0.0375,0.693,0.00706,0.0968,0.0395,69.988,4
spotify:track:629DixmZGHc7ILtEntuiWE,"LUNCH","HIT ME HARD AND SOFT","Billie Eilish",2024-05-17,179586,83,false,iarecippo,2024-05-17T23:13:39Z,"","Darkroom/Interscope Records",0.893,0.4,11,-7.981,0,0.0643,0.0452,0.0823,0.0632,0.945,124.987,4
spotify:track:7BRD7x5pt8Lqa1eGYC4dzj,"CHIHIRO","HIT ME HARD AND SOFT","Billie Eilish",2024-05-17,303440,87,false,iarecippo,2024-05-17T23:13:39Z,"","Darkroom/Interscope Records",0.7,0.425,7,-12.531,1,0.0529,0.144,0.879,0.083,0.521,110.015,4
spotify:track:6dOtVTDdiauQNBQEDOtlAB,"BIRDS OF A FEATHER","HIT ME HARD AND SOFT","Billie Eilish",2024-05-17,210373,95,false,iarecippo,2024-05-17T23:13:39Z,"","Darkroom/Interscope Records",0.747,0.507,2,-10.171,1,0.0358,0.2,0.0608,0.117,0.438,104.978,4
spotify:track:3QaPy1KgI7nu9FJEQUgn6h,"WILDFLOWER","HIT ME HARD AND SOFT","Billie Eilish",2024-05-17,261466,93,false,iarecippo,2024-05-17T23:13:39Z,"","Darkroom/Interscope Records",0.467,0.247,6,-12.002,0,0.0431,0.612,0.000271,0.17,0.126,148.101,4
spotify:track:6TGd66r0nlPaYm3KIoI7ET,"THE GREATEST","HIT ME HARD AND SOFT","Billie Eilish",2024-05-17,293840,82,false,iarecippo,2024-05-17T23:13:39Z,"","Darkroom/Interscope Records",0.407,0.192,7,-10.99,1,0.0368,0.637,0.00000333,0.21,0.159,128.173,4
spotify:track:6fPan2saHdFaIHuTSatORv,"L’AMOUR DE MA VIE","HIT ME HARD AND SOFT","Billie Eilish",2024-05-17,333986,82,false,iarecippo,2024-05-17T23:13:39Z,"","Darkroom/Interscope Records",0.467,0.392,9,-9.355,1,0.0908,0.2,0.0174,0.106,0.313,145.104,4
spotify:track:1LLUoftvmTjVNBHZoQyveF,"THE DINER","HIT ME HARD AND SOFT","Billie Eilish",2024-05-17,186346,77,false,iarecippo,2024-05-17T23:13:39Z,"","Darkroom/Interscope Records",0.857,0.386,1,-9.761,1,0.168,0.243,0.0931,0.111,0.661,125.017,4
spotify:track:7DpUoxGSdlDHfqCYj0otzU,"BITTERSUITE","HIT ME HARD AND SOFT","Billie Eilish",2024-05-17,298440,77,false,iarecippo,2024-05-17T23:13:39Z,"","Darkroom/Interscope Records",0.521,0.254,9,-14.409,0,0.0399,0.815,0.884,0.114,0.153,125.021,4
spotify:track:2prqm9sPLj10B4Wg0wE5x9,"BLUE","HIT ME HARD AND SOFT","Billie Eilish",2024-05-17,343120,82,false,iarecippo,2024-05-17T23:13:39Z,"","Darkroom/Interscope Records",0.349,0.337,7,-10.671,1,0.0407,0.29,0.172,0.139,0.0365,142.01,4
spotify:track:6Ah3EvInXFzCz4qQMThgTy,"Psycho Killer","Everyone's Getting Involved: A Tribute to Talking Heads' Stop Making Sense","Miley Cyrus",2024-05-17,224826,16,false,iarecippo,2024-05-17T23:59:17Z,"","A24 Music",0.552,0.886,0,-6.858,1,0.239,0.00177,0,0.296,0.429,124.092,4
spotify:track:05qtwPQBmi0NI5DDEoWEUw,"Heaven","Everyone's Getting Involved: A Tribute to Talking Heads' Stop Making Sense","The National",2024-05-17,257105,14,false,iarecippo,2024-05-17T23:59:17Z,"indie rock","A24 Music",0.667,0.559,7,-8.924,1,0.0352,0.376,0.0737,0.338,0.428,109.69,4
spotify:track:0crgBabObsbKKAKwDVPZBS,"Thank You for Sending Me an Angel","Everyone's Getting Involved: A Tribute to Talking Heads' Stop Making Sense","Blondshell",2024-05-17,188240,13,false,iarecippo,2024-05-17T23:59:17Z,"","A24 Music",0.52,0.502,0,-7.611,1,0.0254,0.116,0.247,0.205,0.13,103.911,4
spotify:track:7saL4OVUtXFimwPbAWDUlw,"Found a Job","Everyone's Getting Involved: A Tribute to Talking Heads' Stop Making Sense","The Linda Lindas",2024-05-17,252133,12,false,iarecippo,2024-05-17T23:59:17Z,"riot grrrl,queercore","A24 Music",0.622,0.802,2,-5.856,1,0.026,0.000209,0.0263,0.167,0.714,134.945,4
spotify:track:6JXFPiizsJRRIKmB4QC5Cb,"Slippery People","Everyone's Getting Involved: A Tribute to Talking Heads' Stop Making Sense","El Mató a un Policía Motorizado",2024-05-17,340413,14,false,iarecippo,2024-05-17T23:59:17Z,"argentine rock,latin indie,latin rock","A24 Music",0.55,0.813,9,-8.608,0,0.0399,0.255,0.181,0.16,0.796,145.965,4
spotify:track:5aTsLwDmbUyyf4bk4qm4Ng,"Burning Down the House","Everyone's Getting Involved: A Tribute to Talking Heads' Stop Making Sense","Paramore",2024-05-17,218093,22,false,iarecippo,2024-05-17T23:59:17Z,"pop punk,emo","A24 Music",0.744,0.768,0,-6.054,1,0.0469,0.0194,0.00757,0.0979,0.39,106.006,4
spotify:track:7pSLMD0KWkjhwSrTCwCnj0,"Life During Wartime","Everyone's Getting Involved: A Tribute to Talking Heads' Stop Making Sense","DJ Tunez",2024-05-17,264813,13,false,iarecippo,2024-05-17T23:59:17Z,"afrobeats,afrobeat,afropop,afropiano,alté,amapiano,afroswing,afro r&b,azonto","A24 Music",0.737,0.837,9,-5.898,0,0.0611,0.0595,0.158,0.107,0.687,117.005,4
spotify:track:0GjnbfceU7tCBGVaX6z51E,"Making Flippy Floppy","Everyone's Getting Involved: A Tribute to Talking Heads' Stop Making Sense","Teezo Touchdown",2024-05-17,353306,12,false,iarecippo,2024-05-17T23:59:17Z,"","A24 Music",0.781,0.897,0,-6.594,1,0.045,0.0104,0.000418,0.319,0.917,122.909,4
spotify:track:7KDa11i1D8IXyRomXjCD2d,"Swamp","Everyone's Getting Involved: A Tribute to Talking Heads' Stop Making Sense","Jean Dawson",2024-05-17,200600,11,false,iarecippo,2024-05-17T23:59:17Z,"","A24 Music",0.373,0.348,7,-11.195,1,0.0315,0.696,0.0577,0.108,0.367,123.987,4
spotify:track:0rT4gMF6nrPAJOAms5F4RE,"What a Day That Was","Everyone's Getting Involved: A Tribute to Talking Heads' Stop Making Sense","The Cavemen.",2024-05-17,270613,9,false,iarecippo,2024-05-17T23:59:17Z,"highlife,alté,afro soul,afrobeats,afro r&b,afrobeat","A24 Music",0.685,0.483,7,-9.097,1,0.0734,0.456,0.0236,0.111,0.675,139.974,4
spotify:track:4L27dxvc0dyktg4nGvfW4r,"This Must Be the Place (Naive Melody)","Everyone's Getting Involved: A Tribute to Talking Heads' Stop Making Sense","BADBADNOTGOOD;Norah Jones",2024-05-17,271360,21,false,iarecippo,2024-05-17T23:59:17Z,"jazz pop","A24 Music",0.828,0.47,7,-8.11,1,0.0304,0.401,0.0157,0.124,0.944,112.574,4
spotify:track:36rLY1ZrbQc4RyOY9ZE3lo,"Once in a Lifetime","Everyone's Getting Involved: A Tribute to Talking Heads' Stop Making Sense","Kevin Abstract",2024-05-17,158426,11,false,iarecippo,2024-05-17T23:59:17Z,"","A24 Music",0.711,0.554,2,-6.895,1,0.0443,0.134,0.0000276,0.122,0.413,120.506,4
spotify:track:2FyDKDJlWhdsUcuJRvoUJ1,"Genius of Love","Everyone's Getting Involved: A Tribute to Talking Heads' Stop Making Sense","Toro y Moi;Brijean",2024-05-17,205000,14,false,iarecippo,2024-05-17T23:59:17Z,"chillwave","A24 Music",0.782,0.768,7,-6.132,1,0.0405,0.0358,0.0000148,0.218,0.97,102.989,4
spotify:track:3YUST1X9WnctOm2jr20B0E,"Girlfriend Is Better","Everyone's Getting Involved: A Tribute to Talking Heads' Stop Making Sense","girl in red",2024-05-17,185333,16,false,iarecippo,2024-05-17T23:59:17Z,"bedroom pop","A24 Music",0.797,0.601,7,-7.015,1,0.0655,0.118,0.00014,0.0976,0.864,118.957,4
spotify:track:53kHWvaTjOPvYjxbKZpHMm,"Take Me to the River","Everyone's Getting Involved: A Tribute to Talking Heads' Stop Making Sense","Lorde",2024-05-17,264066,19,false,iarecippo,2024-05-17T23:59:17Z,"","A24 Music",0.586,0.593,2,-6.557,1,0.042,0.51,0.00000662,0.0701,0.778,201.215,4
spotify:track:028f2LGfHzeLYvpmXKpXjA,"Crosseyed and Painless","Everyone's Getting Involved: A Tribute to Talking Heads' Stop Making Sense","Chicano Batman;Money Mark",2024-05-17,323600,12,false,iarecippo,2024-05-17T23:59:17Z,"latin indie,latin alternative","A24 Music",0.655,0.932,6,-4.857,0,0.0725,0.0738,0.0468,0.297,0.906,138.076,4
spotify:track:5zgC2gUyZxRZiAnUkFpbx7,"From Outside A Window Sill","AMAMA","Crumb",2024-05-17,157706,41,false,iarecippo,2024-05-18T11:22:24Z,"neo-psychedelic,bedroom pop","Crumb Records",0.702,0.573,2,-9.477,0,0.0337,0.522,0.735,0.11,0.518,99.006,4
spotify:track:2vlHyjzgm52ikajf5OAdlg,"Side By Side","AMAMA","Crumb",2024-05-17,187333,43,false,iarecippo,2024-05-18T11:22:24Z,"neo-psychedelic,bedroom pop","Crumb Records",0.53,0.796,5,-8.579,0,0.0493,0.718,0.917,0.133,0.456,142.016,4
spotify:track:75gs0OAqWIJGxowueaYGRt,"The Bug","AMAMA","Crumb",2024-05-17,236293,41,false,iarecippo,2024-05-18T11:22:24Z,"neo-psychedelic,bedroom pop","Crumb Records",0.633,0.681,1,-7.509,0,0.0287,0.1,0.851,0.0943,0.439,125.052,4
spotify:track:2v0M1pCugLIImmFGZNkydS,"AMAMA","AMAMA","Crumb",2024-05-17,190413,46,false,iarecippo,2024-05-18T11:22:24Z,"neo-psychedelic,bedroom pop","Crumb Records",0.616,0.764,7,-6.763,0,0.0301,0.231,0.0674,0.175,0.667,107.027,4
spotify:track:56ZxX074rrDbB8AM9fxqtw,"Genie","AMAMA","Crumb",2024-05-17,348706,46,false,iarecippo,2024-05-18T11:22:24Z,"neo-psychedelic,bedroom pop","Crumb Records",0.556,0.801,10,-8.115,0,0.0334,0.0766,0.897,0.105,0.515,113.048,4
spotify:track:42xwqRK62PxAEUh4N3kVpf,"Crushxd","AMAMA","Crumb",2024-05-17,186973,35,false,iarecippo,2024-05-18T11:22:24Z,"neo-psychedelic,bedroom pop","Crumb Records",0.454,0.863,2,-7.481,1,0.0356,0.289,0.89,0.132,0.546,160.04,3
spotify:track:0UfGhTDPVL3S5a8gTWVF54,"Nightly News","AMAMA","Crumb",2024-05-17,49026,31,false,iarecippo,2024-05-18T11:22:24Z,"neo-psychedelic,bedroom pop","Crumb Records",0.572,0.638,11,-14.739,1,0.0378,0.417,0.611,0.15,0.57,135.043,4
spotify:track:1HQHz5IibXxKczmTiN4Iv2,"(Alone in) Brussels","AMAMA","Crumb",2024-05-17,198386,33,false,iarecippo,2024-05-18T11:22:24Z,"neo-psychedelic,bedroom pop","Crumb Records",0.369,0.785,11,-7.553,0,0.04,0.148,0.439,0.284,0.53,120.14,4
spotify:track:09qIqYnxDqRRQAMumUm6Ny,"Sleep Talk","AMAMA","Crumb",2024-05-17,171880,39,false,iarecippo,2024-05-18T11:22:24Z,"neo-psychedelic,bedroom pop","Crumb Records",0.535,0.735,6,-7.327,0,0.0278,0.0759,0.641,0.077,0.494,91.014,4
spotify:track:2XllgFCayEsAqLBvM49UBR,"Dust Bunny","AMAMA","Crumb",2024-05-17,184506,36,false,iarecippo,2024-05-18T11:22:24Z,"neo-psychedelic,bedroom pop","Crumb Records",0.565,0.702,11,-8.767,0,0.0413,0.422,0.287,0.12,0.183,129.977,4
spotify:track:3pv60bFe3kpdcope44m458,"Swarmed","AMAMA","Crumb",2024-05-17,66080,30,false,iarecippo,2024-05-18T11:22:24Z,"neo-psychedelic,bedroom pop","Crumb Records",0.369,0.241,11,-12.58,0,0.0318,0.843,0.913,0.118,0.136,129.873,4
spotify:track:5tiNng6n2X3kq4wovP8CUn,"XXX","AMAMA","Crumb",2024-05-17,142026,35,false,iarecippo,2024-05-18T11:22:24Z,"neo-psychedelic,bedroom pop","Crumb Records",0.209,0.448,9,-9.191,0,0.0309,0.431,0.0565,0.123,0.295,160.758,4
spotify:track:2JZpS2sOdJy37oBpn1GuPW,"WOLF","Wolf","Tyler, The Creator",2013-04-01,110616,56,true,iarecippo,2024-05-21T20:35:09Z,"","Odd Future",0.426,0.303,1,-11.52,0,0.0787,0.316,0.00795,0.411,0.383,139.042,4
spotify:track:3Z5pXxCb0O6L53vejFHhqQ,"Jamba (feat. Hodgy)","Wolf","Tyler, The Creator;Hodgy",2013-04-01,212500,58,true,iarecippo,2024-05-21T20:35:09Z,"","Odd Future",0.722,0.488,8,-7.547,1,0.398,0.0404,0.00000345,0.322,0.661,80.093,4
spotify:track:2hjjUjikOa29kImnI5kQPw,"Cowboy","Wolf","Tyler, The Creator",2013-04-01,195324,58,true,iarecippo,2024-05-21T20:35:09Z,"","Odd Future",0.499,0.662,1,-8.514,1,0.382,0.06,0,0.428,0.65,160.008,4
spotify:track:6c7l5gpEyCNGr86jsWneGy,"Awkward","Wolf","Tyler, The Creator",2013-04-01,227473,57,true,iarecippo,2024-05-21T20:35:09Z,"","Odd Future",0.472,0.777,8,-8.666,1,0.294,0.225,0.0283,0.195,0.673,153.78,4
spotify:track:75kiQfmmuQwgquZ9RLSvuA,"Domo23","Wolf","Tyler, The Creator",2013-04-01,158778,57,true,iarecippo,2024-05-21T20:35:09Z,"","Odd Future",0.727,0.565,1,-5.564,0,0.356,0.167,0,0.262,0.597,133.094,4
spotify:track:6rqj2zeKhLy3exkuFi6mSz,"Answer","Wolf","Tyler, The Creator",2013-04-01,230090,72,true,iarecippo,2024-05-21T20:35:09Z,"","Odd Future",0.352,0.838,8,-6.465,0,0.0496,0.00329,0.00000574,0.115,0.475,72.291,4
spotify:track:5wTpnBRTx1HSGQVDZQ2VSh,"Slater (feat. Frank Ocean)","Wolf","Tyler, The Creator;Frank Ocean",2013-04-01,233878,56,true,iarecippo,2024-05-21T20:35:09Z,"","Odd Future",0.575,0.624,1,-6.876,0,0.103,0.013,0.0000474,0.0522,0.273,154.687,4
spotify:track:2wK7y55bzry7tUDmDqYaz7,"48","Wolf","Tyler, The Creator",2013-04-01,247312,60,true,iarecippo,2024-05-21T20:35:09Z,"","Odd Future",0.558,0.887,1,-8.083,1,0.265,0.132,0,0.89,0.537,119.91,4
spotify:track:5AnVuHLmgipXkFmBvj2Q6H,"Colossus","Wolf","Tyler, The Creator",2013-04-01,213339,61,true,iarecippo,2024-05-21T20:35:09Z,"","Odd Future",0.442,0.6,2,-9.087,1,0.357,0.267,0,0.31,0.725,82.462,1
spotify:track:04QTBqa3IA4ZAKEuqRPzEH,"PartyIsntOver/Campfire/Bimmer (feat. Frank Ocean & Laetitia Sadier)","Wolf","Tyler, The Creator;Frank Ocean;Laetitia Sadier",2013-04-01,438512,60,true,iarecippo,2024-05-21T20:35:09Z,"dream pop","Odd Future",0.443,0.576,1,-8.695,0,0.201,0.0709,0.0197,0.41,0.127,151.835,4
spotify:track:0NjW4SKY3gbfl2orl1p8hr,"IFHY (feat. Pharrell)","Wolf","Tyler, The Creator;Pharrell Williams",2013-04-01,319279,76,true,iarecippo,2024-05-21T20:35:09Z,"","Odd Future",0.358,0.715,7,-6.181,1,0.331,0.197,0,0.581,0.275,85.478,4
spotify:track:5L4n81Ecf8UE837uJkuoJJ,"Pigs","Wolf","Tyler, The Creator",2013-04-01,254754,52,true,iarecippo,2024-05-21T20:35:09Z,"","Odd Future",0.406,0.734,1,-6.983,0,0.246,0.0275,0.000978,0.0768,0.488,80.208,4
spotify:track:1UBLglX9fPtTBZSwJj4yVG,"Parking Lot (feat. Casey Veggies & Mike G)","Wolf","Tyler, The Creator;Casey Veggies;Mike G",2013-04-01,233933,51,true,iarecippo,2024-05-21T20:35:09Z,"","Odd Future",0.548,0.511,11,-10.424,1,0.274,0.0979,0,0.661,0.483,80.747,4
spotify:track:4oQkcfukOHfKsmeoeXQLWC,"Rusty (feat. Domo Genesis & Earl Sweatshirt)","Wolf","Tyler, The Creator;Domo Genesis;Earl Sweatshirt",2013-04-01,309711,58,true,iarecippo,2024-05-21T20:35:09Z,"experimental hip hop,alternative hip hop","Odd Future",0.503,0.677,11,-5.647,1,0.248,0.00529,0.00024,0.396,0.364,81.28,4
spotify:track:2OaPyH3JLuft6iuNFHFJl0,"Trashwang (feat. Na-Kel Smith, Jasper Dolphin, Lucas, L-Boy, Taco, Left Brain & Lee Spielman)","Wolf","Tyler, The Creator;Na-Kel Smith;Jasper Dolphin;Lucas.;L-Boy;Taco;Left Brain;Lee Spielman",2013-04-01,282574,51,true,iarecippo,2024-05-21T20:35:09Z,"experimental hip hop","Odd Future",0.48,0.609,1,-7.251,0,0.299,0.00807,0,0.257,0.149,64.604,4
spotify:track:2vLwhcsvRd1f2ETft1kWDN,"Treehome95 (feat. Coco O. & Erykah Badu)","Wolf","Tyler, The Creator;Coco O.;Erykah Badu",2013-04-01,180238,58,true,iarecippo,2024-05-21T20:35:09Z,"neo soul,r&b,alternative r&b","Odd Future",0.721,0.539,11,-8.726,1,0.362,0.217,0.00257,0.419,0.377,81.971,4
spotify:track:60b6B2ULC85t4Y5IjZvP7A,"Tamale","Wolf","Tyler, The Creator",2013-04-01,166372,65,true,iarecippo,2024-05-21T20:35:09Z,"","Odd Future",0.742,0.93,11,-7.207,1,0.0977,0.0557,0.000242,0.272,0.967,129.986,4
spotify:track:6oVFpdtDzSgRLv8rUgFVUW,"Lone","Wolf","Tyler, The Creator",2013-04-01,237119,55,true,iarecippo,2024-05-21T20:35:09Z,"","Odd Future",0.362,0.761,2,-8.509,0,0.241,0.442,0,0.741,0.586,80.355,4
spotify:track:1LAlLBTGBUO0MDA8IbSysd,"Overcompensate","Clancy","Twenty One Pilots",2024-05-24,236000,69,false,iarecippo,2024-05-24T21:28:19Z,"","Fueled By Ramen",0.363,0.891,5,-5.563,0,0.0978,0.00992,0.00183,0.134,0.331,95.089,4
spotify:track:1BANPzYIhCQkJ1ZFq2Fb0O,"Next Semester","Clancy","Twenty One Pilots",2024-05-24,234400,71,false,iarecippo,2024-05-24T21:28:19Z,"","Fueled By Ramen",0.234,0.823,4,-5.042,1,0.135,0.0225,0.000017,0.11,0.127,174.916,4
spotify:track:6fNaHkjAxP6rI2sZhT7QJn,"Backslide","Clancy","Twenty One Pilots",2024-05-24,180000,69,false,iarecippo,2024-05-24T21:28:19Z,"","Fueled By Ramen",0.684,0.652,3,-6.258,1,0.26,0.128,0,0.0719,0.541,85.104,4
spotify:track:7GVQS66ukm48XZVymA3ZUg,"Midwest Indigo","Clancy","Twenty One Pilots",2024-05-24,196266,69,false,iarecippo,2024-05-24T21:28:19Z,"","Fueled By Ramen",0.611,0.802,8,-4.92,0,0.0591,0.176,0.00000145,0.314,0.577,116.062,4
spotify:track:4bDIAWaOBGAAk95nyXI6zJ,"Routines In The Night","Clancy","Twenty One Pilots",2024-05-24,202600,76,false,iarecippo,2024-05-24T21:28:19Z,"","Fueled By Ramen",0.755,0.714,9,-5.098,1,0.0511,0.0915,0.000341,0.176,0.107,112.995,4
spotify:track:3sEufjE0ITaW5qhtnW3avv,"Vignette","Clancy","Twenty One Pilots",2024-05-24,202133,68,false,iarecippo,2024-05-24T21:28:19Z,"","Fueled By Ramen",0.596,0.77,6,-4.815,1,0.0407,0.00438,0.000122,0.08,0.47,97.063,4
spotify:track:4hfqe20vqkuRv1RDsA1LbQ,"The Craving (Jenna's version)","Clancy","Twenty One Pilots",2024-05-24,174133,62,false,iarecippo,2024-05-24T21:28:19Z,"","Fueled By Ramen",0.657,0.226,7,-9.39,1,0.0465,0.853,0,0.361,0.393,159.596,4
spotify:track:49oxuPnuWOL793zpF6zgLQ,"Lavish","Clancy","Twenty One Pilots",2024-05-24,158866,65,false,iarecippo,2024-05-24T21:28:19Z,"","Fueled By Ramen",0.702,0.783,4,-4.988,1,0.0434,0.129,0,0.35,0.664,99.964,4
spotify:track:3gy21TwRSP40aUMwcY7Rtq,"Navigating","Clancy","Twenty One Pilots",2024-05-24,223106,72,false,iarecippo,2024-05-24T21:28:19Z,"","Fueled By Ramen",0.426,0.869,11,-4.361,0,0.14,0.00336,0,0.152,0.328,165.998,4
spotify:track:5QPGnFslbDUQ7mDteKn3By,"Snap Back","Clancy","Twenty One Pilots",2024-05-24,210266,65,false,iarecippo,2024-05-24T21:28:19Z,"","Fueled By Ramen",0.594,0.741,0,-5.897,1,0.0553,0.0671,0,0.197,0.568,139.965,4
spotify:track:7dI0mSvbdJTynUnEkWIom1,"Oldies Station","Clancy","Twenty One Pilots",2024-05-24,228000,66,false,iarecippo,2024-05-24T21:28:19Z,"","Fueled By Ramen",0.748,0.556,9,-7.122,1,0.0276,0.504,0.0000121,0.12,0.445,101.004,4
spotify:track:0ZucyPms79Cydv0RMYV2Oi,"At The Risk Of Feeling Dumb","Clancy","Twenty One Pilots",2024-05-24,203853,68,false,iarecippo,2024-05-24T21:28:19Z,"","Fueled By Ramen",0.515,0.731,11,-5.06,0,0.168,0.0157,0,0.0929,0.715,167.821,4
spotify:track:5HvDKyJlHWg42BdsE4ycSm,"Paladin Strait","Clancy","Twenty One Pilots",2024-05-24,388586,66,false,iarecippo,2024-05-24T21:28:19Z,"","Fueled By Ramen",0.33,0.491,5,-9.458,1,0.0628,0.0121,0.00000111,0.0892,0.169,119.023,4
spotify:track:3YLGWFX2FfHIVV7EJvRlrn,"Close Your Eyes and Swing","Dark Times","Vince Staples",2024-05-24,31145,39,true,iarecippo,2024-05-25T13:04:33Z,"","Def Jam Recordings",0.197,0.361,7,-21.126,0,0.145,0.478,0.0227,0.432,0.0491,63.194,5
spotify:track:6sKGGi2pVKXR69s1SNdhGv,"Black&Blue","Dark Times","Vince Staples",2024-05-24,198630,64,true,iarecippo,2024-05-25T13:04:33Z,"","Def Jam Recordings",0.683,0.784,6,-4.757,0,0.0455,0.00693,0.0152,0.174,0.396,138.058,4
spotify:track:7DyXmACKTAzZX7Jujc1dG9,"Government Cheese","Dark Times","Vince Staples",2024-05-24,165379,48,true,iarecippo,2024-05-25T13:04:33Z,"","Def Jam Recordings",0.758,0.655,3,-6.34,0,0.0588,0.0769,0.479,0.441,0.77,87.066,4
spotify:track:56sCsLi2iULKchuWnhCsCi,"Children’s Song","Dark Times","Vince Staples",2024-05-24,132631,47,true,iarecippo,2024-05-25T13:04:33Z,"","Def Jam Recordings",0.719,0.67,6,-8.143,1,0.267,0.248,0.376,0.353,0.733,123.817,4
spotify:track:0QRnwEnFkjPZCk6YokFxhw,"Shame On The Devil","Dark Times","Vince Staples",2024-05-24,205287,53,true,iarecippo,2024-05-25T13:04:33Z,"","Def Jam Recordings",0.711,0.503,8,-4.674,0,0.0618,0.633,0.345,0.107,0.653,134.487,4
spotify:track:592A3x9nMXoL3Ay5rKgSwW,"Étouffée","Dark Times","Vince Staples",2024-05-24,268032,60,true,iarecippo,2024-05-25T13:04:33Z,"","Def Jam Recordings",0.546,0.711,7,-7.718,0,0.395,0.146,0.074,0.233,0.472,135.379,5
spotify:track:164HER5KcVcV9cQEJHW9Ze,"Liars","Dark Times","Vince Staples",2024-05-24,57047,39,false,iarecippo,2024-05-25T13:04:33Z,"","Def Jam Recordings",0.489,0.448,7,-14.718,0,0.176,0.982,0.17,0.11,0.562,80.998,4
spotify:track:3hKvzj76LffbRbzdM8Grof,"Justin","Dark Times","Vince Staples",2024-05-24,124231,43,true,iarecippo,2024-05-25T13:04:33Z,"","Def Jam Recordings",0.716,0.503,7,-6.801,1,0.161,0.596,0.0142,0.0979,0.313,149.908,4
spotify:track:5yVRwEPSCpcuOUgkz2T0Lu,"""Radio""","Dark Times","Vince Staples",2024-05-24,176849,50,true,iarecippo,2024-05-25T13:04:33Z,"","Def Jam Recordings",0.547,0.523,8,-7.179,0,0.28,0.534,0.0106,0.437,0.506,177.904,4
spotify:track:6LO2Qltx8dwu7fEqvus8CO,"Nothing Matters","Dark Times","Vince Staples",2024-05-24,162259,46,true,iarecippo,2024-05-25T13:04:33Z,"","Def Jam Recordings",0.748,0.689,1,-5.602,0,0.136,0.0135,0.482,0.145,0.342,81.971,4
spotify:track:7B09ZewAliWo7Y3TdIA7g1,"Little Homies","Dark Times","Vince Staples",2024-05-24,224745,57,true,iarecippo,2024-05-25T13:04:33Z,"","Def Jam Recordings",0.877,0.821,1,-6.098,0,0.0739,0.321,0.0163,0.148,0.728,107.019,4
spotify:track:4Zg0lLdrF1IJ32IOOZBHGr,"Freeman","Dark Times","Vince Staples",2024-05-24,154950,44,true,iarecippo,2024-05-25T13:04:33Z,"","Def Jam Recordings",0.614,0.73,11,-9.676,0,0.267,0.368,0.169,0.285,0.486,110.977,5
spotify:track:16pZjOXWhemjKf3gHzxKjc,"Why Won’t the Sun Come Out?","Dark Times","Vince Staples",2024-05-24,204805,37,true,iarecippo,2024-05-25T13:04:33Z,"","Def Jam Recordings",0.324,0.418,9,-13.116,0,0.0938,0.987,0.408,0.605,0.133,78.857,4
spotify:track:3zJakbnIw0ufiVnIFkLfA1,"Ride","Submarine","The Marías",2024-05-31,81000,57,false,iarecippo,2024-05-31T16:52:37Z,"bedroom pop","Nice Life/Atlantic",0.649,0.654,5,-10.965,1,0.0629,0.547,0.822,0.0795,0.561,93.96,4
spotify:track:1jlBePA3tcycCoANSSZbgj,"Hamptons","Submarine","The Marías",2024-05-31,188400,61,false,iarecippo,2024-05-31T16:52:37Z,"bedroom pop","Nice Life/Atlantic",0.533,0.69,9,-7.756,0,0.0939,0.0548,0.557,0.196,0.392,97.623,3
spotify:track:3SH1vOTwgg5Ma1NhHaXvrA,"Echo","Submarine","The Marías",2024-05-31,209426,67,false,iarecippo,2024-05-31T16:52:37Z,"bedroom pop","Nice Life/Atlantic",0.747,0.453,2,-6.884,0,0.0413,0.53,0.000786,0.105,0.765,81.012,4
spotify:track:19fKJrO9XdOf6Xla2QHecO,"Run Your Mouth","Submarine","The Marías",2024-05-31,160000,75,false,iarecippo,2024-05-31T16:52:37Z,"bedroom pop","Nice Life/Atlantic",0.781,0.649,7,-6.866,1,0.0363,0.249,0.0349,0.229,0.916,111.005,4
spotify:track:3HVRZxCp3BWYuYe8L8BMNH,"Real Life","Submarine","The Marías",2024-05-31,206973,73,false,iarecippo,2024-05-31T16:52:37Z,"bedroom pop","Nice Life/Atlantic",0.783,0.603,0,-8.879,0,0.0265,0.521,0.351,0.119,0.633,100.994,4
spotify:track:4yj9o2kdVcZfT57IALrsZA,"Blur","Submarine","The Marías",2024-05-31,225106,63,false,iarecippo,2024-05-31T16:52:37Z,"bedroom pop","Nice Life/Atlantic",0.752,0.432,8,-7.964,1,0.0431,0.509,0.644,0.111,0.428,160.021,4
spotify:track:4gtIYSYu8u2ItBqrhCaChL,"Paranoia","Submarine","The Marías",2024-05-31,231786,76,false,iarecippo,2024-05-31T16:52:37Z,"bedroom pop","Nice Life/Atlantic",0.688,0.639,1,-7.992,1,0.0299,0.441,0.5,0.0753,0.773,120.039,4
spotify:track:0phzfJn8NeT1LkbqfV2peI,"Lejos de Ti","Submarine","The Marías",2024-05-31,179520,79,false,iarecippo,2024-05-31T16:52:37Z,"bedroom pop","Nice Life/Atlantic",0.549,0.473,0,-9.908,1,0.029,0.88,0.656,0.12,0.432,81.964,4
spotify:track:3vxvz0JoRDvnx2jG9oPljA,"Love You Anyway","Submarine","The Marías",2024-05-31,237133,73,false,iarecippo,2024-05-31T16:52:37Z,"bedroom pop","Nice Life/Atlantic",0.737,0.457,6,-9.132,1,0.0511,0.531,0.332,0.0881,0.915,144.031,4
spotify:track:3L0JDlycMhSA7R0M0OfNIY,"Ay No Puedo","Submarine","The Marías",2024-05-31,181546,71,false,iarecippo,2024-05-31T16:52:37Z,"bedroom pop","Nice Life/Atlantic",0.867,0.458,6,-10.521,0,0.0443,0.623,0.704,0.111,0.663,121.04,4
spotify:track:3siwsiaEoU4Kuuc9WKMUy5,"No One Noticed","Submarine","The Marías",2024-05-31,236906,91,false,iarecippo,2024-05-31T16:52:37Z,"bedroom pop","Nice Life/Atlantic",0.705,0.339,7,-10.612,1,0.0278,0.552,0.0814,0.12,0.457,97.989,4
spotify:track:1N2NENvgrnemh4AuV2hawv,"Vicious Sensitive Robot","Submarine","The Marías",2024-05-31,194160,62,false,iarecippo,2024-05-31T16:52:37Z,"bedroom pop","Nice Life/Atlantic",0.738,0.46,0,-9.401,1,0.154,0.693,0.627,0.0936,0.359,146.048,4
spotify:track:7eQ0SV1eQXSZHBA1x4mcYu,"If Only","Submarine","The Marías",2024-05-31,156240,65,false,iarecippo,2024-05-31T16:52:37Z,"bedroom pop","Nice Life/Atlantic",0.286,0.131,0,-13.964,0,0.0318,0.955,0.00289,0.11,0.0896,96.598,1
spotify:track:5wmv111MUsMc9yLb4gKwa6,"360","Brat and it’s the same but there’s three more songs so it’s not","Charli xcx",2024-06-10,133805,44,true,iarecippo,2024-08-19T14:20:06Z,"hyperpop,art pop","Atlantic Records",0.857,0.62,0,-8.13,1,0.0472,0.646,0.244,0.0934,0.796,120.042,4
spotify:track:7KayrI8K161CtDn1qMiE0l,"Club classics","Brat and it’s the same but there’s three more songs so it’s not","Charli xcx",2024-06-10,153526,43,false,iarecippo,2024-08-19T14:20:06Z,"hyperpop,art pop","Atlantic Records",0.716,0.879,4,-5.588,0,0.197,0.0852,0.0000836,0.163,0.693,144.95,4
spotify:track:5EiDSnRLeLu7jOAaBTTMdW,"Sympathy is a knife","Brat and it’s the same but there’s three more songs so it’s not","Charli xcx",2024-06-10,151125,44,true,iarecippo,2024-08-19T14:20:06Z,"hyperpop,art pop","Atlantic Records",0.718,0.706,7,-5.596,0,0.0587,0.0539,0,0.411,0.58,131.944,4
spotify:track:4BGQZuzZO5dAq4oV5lusic,"I might say something stupid","Brat and it’s the same but there’s three more songs so it’s not","Charli xcx",2024-06-10,109202,37,false,iarecippo,2024-08-19T14:20:06Z,"hyperpop,art pop","Atlantic Records",0.504,0.3,5,-9.199,1,0.029,0.736,0.00629,0.0951,0.16,79.25,4
spotify:track:78H0KGYg9eoeP7WTZMOx2J,"Talk talk","Brat and it’s the same but there’s three more songs so it’s not","Charli xcx",2024-06-10,161757,42,false,iarecippo,2024-08-19T14:20:06Z,"hyperpop,art pop","Atlantic Records",0.579,0.892,0,-5.636,0,0.282,0.0455,0,0.137,0.639,130.146,3
spotify:track:0F5vlGJbkWrJcUjOH4PICl,"Von dutch","Brat and it’s the same but there’s three more songs so it’s not","Charli xcx",2024-06-10,164284,44,true,iarecippo,2024-08-19T14:20:06Z,"hyperpop,art pop","Atlantic Records",0.706,0.698,10,-5.679,1,0.0537,0.00298,0.00375,0.116,0.648,130.013,4
spotify:track:7KfDVIj39efVUY57fzZm5b,"Everything is romantic","Brat and it’s the same but there’s three more songs so it’s not","Charli xcx",2024-06-10,203482,42,false,iarecippo,2024-08-19T14:20:06Z,"hyperpop,art pop","Atlantic Records",0.485,0.638,2,-6.962,0,0.139,0.309,0.0000413,0.137,0.421,149.99,4
spotify:track:3dpvrKP2BLs8ekdU2akEXs,"Rewind","Brat and it’s the same but there’s three more songs so it’s not","Charli xcx",2024-06-10,168443,39,false,iarecippo,2024-08-19T14:20:06Z,"hyperpop,art pop","Atlantic Records",0.504,0.742,1,-5.157,1,0.244,0.296,0.000215,0.258,0.684,89.132,3
spotify:track:6Zbrj33J7towsJcoEywUKH,"So I","Brat and it’s the same but there’s three more songs so it’s not","Charli xcx",2024-06-10,211352,38,false,iarecippo,2024-08-19T14:20:06Z,"hyperpop,art pop","Atlantic Records",0.725,0.478,2,-7.333,1,0.0298,0.739,0.0000043,0.0945,0.53,116.055,4
spotify:track:6ZQtYGQgVTgIGSRUdeyTnd,"Girl, so confusing","Brat and it’s the same but there’s three more songs so it’s not","Charli xcx",2024-06-10,174507,41,false,iarecippo,2024-08-19T14:20:06Z,"hyperpop,art pop","Atlantic Records",0.693,0.799,11,-6.41,0,0.0633,0.069,0.0000611,0.292,0.363,124.994,4
spotify:track:1juBRo49adrKPIJDdOf6zt,"Apple","Brat and it’s the same but there’s three more songs so it’s not","Charli xcx",2024-06-10,151739,45,false,iarecippo,2024-08-19T14:20:06Z,"hyperpop,art pop","Atlantic Records",0.804,0.957,0,-5.452,1,0.034,0.125,0.0174,0.114,0.962,126.035,4
spotify:track:22s3XAkdL2B4BZhKclUxoc,"B2b","Brat and it’s the same but there’s three more songs so it’s not","Charli xcx",2024-06-10,178579,46,false,iarecippo,2024-08-19T14:20:06Z,"hyperpop,art pop","Atlantic Records",0.769,0.771,1,-3.12,1,0.0436,0.000783,0.671,0.0537,0.37,116.027,3
spotify:track:2ZlwHfWTdCpz1eQvSdTXqZ,"Mean girls","Brat and it’s the same but there’s three more songs so it’s not","Charli xcx",2024-06-10,189410,41,true,iarecippo,2024-08-19T14:20:06Z,"hyperpop,art pop","Atlantic Records",0.708,0.617,6,-6.695,1,0.0394,0.116,0,0.92,0.861,139.991,4
spotify:track:5DNUV01Bup40pm0eQBcY6q,"I think about it all the time","Brat and it’s the same but there’s three more songs so it’s not","Charli xcx",2024-06-10,135878,36,false,iarecippo,2024-08-19T14:20:06Z,"hyperpop,art pop","Atlantic Records",0.819,0.916,0,-7.276,1,0.0873,0.359,0.00032,0.19,0.871,122.027,4
spotify:track:2S2wifpbssbi3lGGwde6Sp,"365","Brat and it’s the same but there’s three more songs so it’s not","Charli xcx",2024-06-10,203618,47,true,iarecippo,2024-08-19T14:20:06Z,"hyperpop,art pop","Atlantic Records",0.761,0.856,1,-5.121,1,0.109,0.154,0.503,0.16,0.729,127.111,4
spotify:track:7KA5C1c2byqgzCCgdo0nZR,"Hello goodbye","Brat and it’s the same but there’s three more songs so it’s not","Charli xcx",2024-06-10,219470,52,false,iarecippo,2024-08-19T14:20:06Z,"hyperpop,art pop","Atlantic Records",0.636,0.768,8,-6.314,0,0.0329,0.629,0.0183,0.133,0.629,129.941,4
spotify:track:0xzBmAsCfu3AzX1W0GYtMJ,"Guess","Brat and it’s the same but there’s three more songs so it’s not","Charli xcx",2024-06-10,142265,60,false,iarecippo,2024-08-19T14:20:06Z,"hyperpop,art pop","Atlantic Records",0.774,0.694,0,-4.809,1,0.105,0.0209,0.368,0.0894,0.537,130.017,4
spotify:track:3dk7WaeS0y0JG0OMd0FVcg,"Spring breakers","Brat and it’s the same but there’s three more songs so it’s not","Charli xcx",2024-06-10,142521,62,true,iarecippo,2024-08-19T14:20:06Z,"hyperpop,art pop","Atlantic Records",0.808,0.904,10,-6.256,0,0.0817,0.0733,0,0.195,0.601,120.018,4
spotify:track:5KyBEJ04Ixunyc2AJVGwbK,"BUSSIT","NO HANDS","Joey Valence & Brae",2024-06-07,155548,50,true,iarecippo,2024-08-19T14:20:31Z,"","JVB Records",0.642,0.881,1,-1.716,1,0.366,0.00263,0.0000011,0.374,0.507,90.078,4
spotify:track:3C1rUtw6tW9dfVPar8CMLf,"PACKAPUNCH (feat. Danny Brown)","NO HANDS","Joey Valence & Brae;Danny Brown",2024-06-07,180580,55,true,iarecippo,2024-08-19T14:20:31Z,"experimental hip hop,alternative hip hop","JVB Records",0.537,0.946,2,-1.007,1,0.425,0.0728,0,0.245,0.536,196.333,4
spotify:track:1QazdjM4mhiBAW2TegKdEb,"NO HANDS (feat. Z-Trip)","NO HANDS","Joey Valence & Brae;Z-Trip",2024-06-07,167174,54,false,iarecippo,2024-08-19T14:20:31Z,"","JVB Records",0.638,0.928,11,-0.873,0,0.258,0.0238,0,0.0939,0.524,98.115,4
spotify:track:3fUE4NqBEGEK1mkOjiFZY1,"LIKE A PUNK","NO HANDS","Joey Valence & Brae",2024-06-07,144495,52,false,iarecippo,2024-08-19T14:20:31Z,"","JVB Records",0.691,0.98,11,-2.088,1,0.142,0.0285,0,0.874,0.734,129.998,4
spotify:track:3yx9TGpZNoP4jViHQNHJk7,"WHERE U FROM","NO HANDS","Joey Valence & Brae",2024-06-07,166328,50,true,iarecippo,2024-08-19T14:20:31Z,"","JVB Records",0.855,0.845,6,-2.433,1,0.239,0.0443,0,0.14,0.545,102.973,4
spotify:track:0GjJejQYrFw8wHN3cV33Jv,"INTERMISSION 2","NO HANDS","Joey Valence & Brae",2024-06-07,109604,40,true,iarecippo,2024-08-19T14:20:31Z,"","JVB Records",0.55,0.884,10,-2.962,0,0.311,0.207,0.0000189,0.183,0.843,88.259,4
spotify:track:4zop1FQ0ukwsBtXv4zrv5X,"THE BADDEST","NO HANDS","Joey Valence & Brae",2024-06-07,143994,54,true,iarecippo,2024-08-19T14:20:31Z,"","JVB Records",0.858,0.904,1,-1.028,1,0.349,0.00399,0,0.857,0.745,119.959,4
spotify:track:442lxJfyUbsOWAYFBxNDdL,"OK","NO HANDS","Joey Valence & Brae",2024-06-07,143326,70,true,iarecippo,2024-08-19T14:20:31Z,"","JVB Records",0.865,0.702,11,-2.743,1,0.37,0.00991,0,0.111,0.872,155.103,4
spotify:track:6rPV5fYrTRPmq4oZ9oXVoW,"DOUGHBOY (feat. Terror Reid)","NO HANDS","Joey Valence & Brae;Terror Reid",2024-06-07,173768,61,true,iarecippo,2024-08-19T14:20:31Z,"horrorcore","JVB Records",0.851,0.89,10,-1.046,0,0.222,0.0904,0,0.1,0.536,100.021,4
spotify:track:1E1rpPrMnXVVfeIMFMB1qv,"WHAT U NEED","NO HANDS","Joey Valence & Brae",2024-06-07,138261,48,true,iarecippo,2024-08-19T14:20:31Z,"","JVB Records",0.873,0.888,10,-1.731,0,0.157,0.084,0,0.055,0.807,128.117,4
spotify:track:2ISuO1alMogVO0R1ePJrqu,"JOHN CENA","NO HANDS","Joey Valence & Brae",2024-06-07,163639,47,true,iarecippo,2024-08-19T14:20:31Z,"","JVB Records",0.74,0.906,0,-2.558,1,0.271,0.0673,0,0.345,0.696,95.987,4
spotify:track:77bpr2YsCeqJSh1I6Jlgtz,"OMNITRIX","NO HANDS","Joey Valence & Brae",2024-06-07,198374,47,true,iarecippo,2024-08-19T14:20:31Z,"","JVB Records",0.649,0.78,11,-3.18,1,0.181,0.106,0,0.915,0.667,88.874,4
spotify:track:53IRnAWx13PYmoVYtemUBS,"Femininomenon","The Rise and Fall of a Midwest Princess","Chappell Roan",2023-09-22,219710,77,true,iarecippo,2024-08-19T14:20:41Z,"","Chappell Roan PS/ Island",0.609,0.758,0,-4.885,0,0.0525,0.139,0.00000538,0.11,0.236,124.949,4
spotify:track:7FOgcfdz9Nx5V9lCNXdBYv,"Red Wine Supernova","The Rise and Fall of a Midwest Princess","Chappell Roan",2023-09-22,192720,80,true,iarecippo,2024-08-19T14:20:41Z,"","Chappell Roan PS/ Island",0.657,0.82,9,-4.448,1,0.0441,0.0176,0,0.0847,0.709,124.041,4
spotify:track:4rlQza35DE4Prh5yonxnCs,"After Midnight","The Rise and Fall of a Midwest Princess","Chappell Roan",2023-09-22,204857,68,false,iarecippo,2024-08-19T14:20:41Z,"","Chappell Roan PS/ Island",0.708,0.891,0,-3.826,1,0.0777,0.0248,0,0.0578,0.84,110.058,4
spotify:track:6GdUMm5xMw9hJckIc0qsGb,"Coffee","The Rise and Fall of a Midwest Princess","Chappell Roan",2023-09-22,205520,64,false,iarecippo,2024-08-19T14:20:41Z,"","Chappell Roan PS/ Island",0.434,0.219,2,-10.2,1,0.0301,0.948,0,0.0851,0.234,82.602,4
spotify:track:3WSOUb3U7tqURbBSgZTrZX,"Casual","The Rise and Fall of a Midwest Princess","Chappell Roan",2023-09-22,232796,86,true,iarecippo,2024-08-19T14:20:41Z,"","Chappell Roan PS/ Island",0.508,0.411,1,-6.95,1,0.0269,0.226,0,0.0571,0.34,131.008,4
spotify:track:1rNSCrsOoWyhKH4g47mehU,"Super Graphic Ultra Modern Girl","The Rise and Fall of a Midwest Princess","Chappell Roan",2023-09-22,183888,69,false,iarecippo,2024-08-19T14:20:41Z,"","Chappell Roan PS/ Island",0.646,0.905,1,-4.526,1,0.0695,0.0321,0.00000793,0.23,0.787,125.891,4
spotify:track:4xdBrk0nFZaP54vvZj0yx7,"HOT TO GO!","The Rise and Fall of a Midwest Princess","Chappell Roan",2023-09-22,184841,77,false,iarecippo,2024-08-19T14:20:41Z,"","Chappell Roan PS/ Island",0.742,0.757,6,-4.981,1,0.0421,0.0187,0,0.305,0.957,139.982,4
spotify:track:32fSZSbxeVoiZShMQKLc6Z,"My Kink Is Karma","The Rise and Fall of a Midwest Princess","Chappell Roan",2023-09-22,222578,70,false,iarecippo,2024-08-19T14:20:41Z,"","Chappell Roan PS/ Island",0.555,0.599,2,-5.695,1,0.052,0.00925,0,0.102,0.415,86.727,4
spotify:track:5KtvumPgVZmt8wg9xONE0T,"Picture You","The Rise and Fall of a Midwest Princess","Chappell Roan",2023-09-22,187130,69,false,iarecippo,2024-08-19T14:20:41Z,"","Chappell Roan PS/ Island",0.354,0.468,4,-5.415,1,0.0334,0.4,0,0.138,0.281,160.586,3
spotify:track:4ROYC4vHfPZ28mqz0eLrzL,"Kaleidoscope","The Rise and Fall of a Midwest Princess","Chappell Roan",2023-09-22,222650,64,false,iarecippo,2024-08-19T14:20:41Z,"","Chappell Roan PS/ Island",0.413,0.258,11,-7.257,1,0.0302,0.897,0,0.0801,0.289,136.271,4
spotify:track:1k2pQc5i348DCHwbn5KTdc,"Pink Pony Club","The Rise and Fall of a Midwest Princess","Chappell Roan",2023-09-22,258034,83,false,iarecippo,2024-08-19T14:20:41Z,"","Chappell Roan PS/ Island",0.61,0.65,6,-6.199,1,0.0474,0.399,0,0.11,0.507,106.719,4
spotify:track:4LKYOetuIF5c9XjeLBL9av,"Naked In Manhattan","The Rise and Fall of a Midwest Princess","Chappell Roan",2023-09-22,211057,75,true,iarecippo,2024-08-19T14:20:41Z,"","Chappell Roan PS/ Island",0.771,0.704,1,-5.098,1,0.0315,0.0835,0,0.0935,0.55,118.01,4
spotify:track:6dA1JQt3f3meGzahhNN75m,"California","The Rise and Fall of a Midwest Princess","Chappell Roan",2023-09-22,198089,63,false,iarecippo,2024-08-19T14:20:41Z,"","Chappell Roan PS/ Island",0.454,0.363,1,-10.037,1,0.0585,0.566,0,0.0788,0.361,129.974,4
spotify:track:0q8TNCQhwnDwnzq38IVV4l,"Guilty Pleasure","The Rise and Fall of a Midwest Princess","Chappell Roan",2023-09-22,224583,62,false,iarecippo,2024-08-19T14:20:41Z,"","Chappell Roan PS/ Island",0.555,0.599,2,-4.059,1,0.0413,0.0275,0,0.269,0.412,124.054,4
spotify:track:7yr9auCsJO1qOQi43kED7N,"H3@RT$ W3RE M3@NT T0 F7¥","Bando Stone and The New World","Childish Gambino",2024-07-19,187772,47,true,iarecippo,2024-08-19T14:20:52Z,"","Wolf+Rothstein/RCA Records",0.485,0.562,11,-8.068,0,0.165,0.00966,0,0.528,0.231,182.21,4
spotify:track:3uC4r2daXertBxxc8BpbbN,"Lithonia","Bando Stone and The New World","Childish Gambino",2024-07-19,178960,64,true,iarecippo,2024-08-19T14:20:52Z,"","Wolf+Rothstein/RCA Records",0.412,0.377,1,-7.59,1,0.029,0.0754,0.00000158,0.14,0.172,139.676,4
spotify:track:2UIraNrjFYMnu1HI15QR4S,"Survive (feat. Chlöe)","Bando Stone and The New World","Childish Gambino;Chlöe",2024-07-19,247125,50,true,iarecippo,2024-08-19T14:20:52Z,"","Wolf+Rothstein/RCA Records",0.465,0.797,0,-6.856,1,0.0871,0.00567,0.000994,0.478,0.29,171.965,4
spotify:track:4lovbNtAeIxtXWy9bwEsQk,"Steps Beach","Bando Stone and The New World","Childish Gambino",2024-07-19,228896,55,false,iarecippo,2024-08-19T14:20:52Z,"","Wolf+Rothstein/RCA Records",0.648,0.397,11,-10.437,0,0.0586,0.622,0.00000618,0.476,0.362,99.644,4
spotify:track:09imUl1oyaB2R86qBgEhCN,"Talk My Shit (feat. Amaarae & Flo Milli)","Bando Stone and The New World","Childish Gambino;Amaarae;Flo Milli",2024-07-19,225906,51,true,iarecippo,2024-08-19T14:20:52Z,"alté,afrobeats,afro r&b","Wolf+Rothstein/RCA Records",0.778,0.674,10,-7.66,1,0.0967,0.0121,0.0000633,0.688,0.411,141.079,4
spotify:track:4p2HhC8KX8pGLyNDQ0Ednd,"Got To Be","Bando Stone and The New World","Childish Gambino",2024-07-19,176207,47,true,iarecippo,2024-08-19T14:20:52Z,"","Wolf+Rothstein/RCA Records",0.696,0.688,2,-7.785,1,0.0618,0.0272,0.000133,0.436,0.255,131.98,4
spotify:track:17L09JJ5W7F5ou68mcAeMJ,"Real Love","Bando Stone and The New World","Childish Gambino",2024-07-19,137398,54,false,iarecippo,2024-08-19T14:20:52Z,"","Wolf+Rothstein/RCA Records",0.726,0.825,0,-7.915,1,0.0277,0.12,0.000235,0.314,0.645,127.501,4
spotify:track:11bJ1ws3dathgY9uzADUhL,"In The Night (feat. Jorja Smith & Amaarae)","Bando Stone and The New World","Childish Gambino;Jorja Smith;Amaarae",2024-07-19,229999,56,true,iarecippo,2024-08-19T14:20:52Z,"uk r&b,alté,afrobeats,afro r&b","Wolf+Rothstein/RCA Records",0.69,0.59,5,-9.624,1,0.093,0.0468,0.173,0.158,0.356,96.098,4
spotify:track:2pNYM3OcS7WdCW13TuhMeK,"Yoshinoya","Bando Stone and The New World","Childish Gambino",2024-07-19,202409,52,true,iarecippo,2024-08-19T14:20:52Z,"","Wolf+Rothstein/RCA Records",0.415,0.839,10,-9.862,0,0.537,0.0682,0,0.428,0.614,163.915,4
spotify:track:6FQlvBbMADksaic1zeLnm7,"Can You Feel Me (feat. Legend)","Bando Stone and The New World","Childish Gambino;Legend",2024-07-19,178780,43,false,iarecippo,2024-08-19T14:20:52Z,"","Wolf+Rothstein/RCA Records",0.602,0.541,11,-9.016,1,0.0709,0.266,0,0.379,0.327,110.497,4
spotify:track:61wsDs3Dbb11h1m2tw9eMZ,"No Excuses (feat. Ludwig Göransson & Kamasi Washington)","Bando Stone and The New World","Childish Gambino;Ludwig Göransson;Kamasi Washington",2024-07-19,443205,49,false,iarecippo,2024-08-19T14:20:52Z,"score,soundtrack,jazz","Wolf+Rothstein/RCA Records",0.686,0.57,2,-11.072,0,0.044,0.0242,0.271,0.149,0.0773,105.034,4
spotify:track:1CJO1NdPdtnkJBrEx6As65,"Cruisin' (feat. Yeat)","Bando Stone and The New World","Childish Gambino;Yeat",2024-07-19,238350,50,true,iarecippo,2024-08-19T14:20:52Z,"rage rap","Wolf+Rothstein/RCA Records",0.365,0.464,0,-8.412,0,0.385,0.182,0.00000378,0.228,0.672,84.16,3
spotify:track:50YZAls4cS1sZxvWxCTh3y,"We Are God","Bando Stone and The New World","Childish Gambino",2024-07-19,263151,40,false,iarecippo,2024-08-19T14:20:52Z,"","Wolf+Rothstein/RCA Records",0.422,0.538,5,-12.162,0,0.0617,0.0348,0.000126,0.094,0.272,154.045,4
spotify:track:7ltvxs2OBCccy0p7Ka4PIj,"Running Around (feat. Fousheé)","Bando Stone and The New World","Childish Gambino;Fousheé",2024-07-19,154072,46,true,iarecippo,2024-08-19T14:20:52Z,"indie r&b","Wolf+Rothstein/RCA Records",0.604,0.65,2,-8.147,1,0.128,0.00473,0,0.321,0.308,156.175,4
spotify:track:5uRTAG2Fs6rQt41HwaIx53,"Dadvocate","Bando Stone and The New World","Childish Gambino",2024-07-19,160988,52,false,iarecippo,2024-08-19T14:20:52Z,"","Wolf+Rothstein/RCA Records",0.836,0.553,0,-10.71,1,0.0383,0.107,0.00000922,0.105,0.833,85.01,4
spotify:track:0Ck3kW2KiRLjMOGiKzW3la,"Happy Survival (feat. Khruangbin)","Bando Stone and The New World","Childish Gambino;Khruangbin",2024-07-19,203326,49,false,iarecippo,2024-08-19T14:20:52Z,"neo-psychedelic","Wolf+Rothstein/RCA Records",0.776,0.661,8,-9.7,0,0.313,0.0207,0.823,0.0962,0.645,153.804,4
spotify:track:0oVBkJA2wrSqrwz3eJ6c85,"A Place Where Love Goes","Bando Stone and The New World","Childish Gambino",2024-07-19,163758,48,false,iarecippo,2024-08-19T14:20:52Z,"","Wolf+Rothstein/RCA Records",0.721,0.649,0,-6.88,0,0.0461,0.000686,0.0124,0.182,0.43,120.005,4
spotify:track:4WJPxTsvWIdRZ9vMtqk7fj,"Nomad","Charm","Clairo",2024-07-12,225572,65,false,iarecippo,2024-08-19T14:21:03Z,"bedroom pop","Clairo",0.51,0.453,8,-11.172,1,0.0313,0.901,0.0000749,0.152,0.269,83.044,4
spotify:track:3awweDjWIuXNMogMClJnvE,"Sexy to Someone","Charm","Clairo",2024-07-12,207795,74,false,iarecippo,2024-08-19T14:21:03Z,"bedroom pop","Clairo",0.716,0.545,0,-6.949,0,0.0329,0.352,0.00369,0.101,0.826,98.23,4
spotify:track:7cFwopK7QTOgaEwF9JgipA,"Second Nature","Charm","Clairo",2024-07-12,227409,69,false,iarecippo,2024-08-19T14:21:03Z,"bedroom pop","Clairo",0.762,0.379,2,-8.847,1,0.0338,0.446,0.093,0.189,0.561,78.505,4
spotify:track:2qmmnbJ9JR3f7vofbyje5r,"Slow Dance","Charm","Clairo",2024-07-12,234853,79,false,iarecippo,2024-08-19T14:21:03Z,"bedroom pop","Clairo",0.727,0.534,2,-8.444,1,0.0297,0.72,0.0186,0.0977,0.598,84.007,4
spotify:track:0mMlo76aVZHpuvoR6fjBSK,"Thank You","Charm","Clairo",2024-07-12,205069,65,false,iarecippo,2024-08-19T14:21:03Z,"bedroom pop","Clairo",0.787,0.579,8,-6.009,1,0.0292,0.604,0.292,0.0839,0.693,106.401,4
spotify:track:32fwe7MW5koort1Ua3YFx6,"Terrapin","Charm","Clairo",2024-07-12,180289,69,false,iarecippo,2024-08-19T14:21:03Z,"bedroom pop","Clairo",0.582,0.441,4,-7.394,1,0.0452,0.231,0.74,0.188,0.469,136.932,4
spotify:track:2mWfVxEo4xZYDaz0v7hYrN,"Juna","Charm","Clairo",2024-07-12,195109,81,false,iarecippo,2024-08-19T14:21:03Z,"bedroom pop","Clairo",0.606,0.714,3,-6.244,1,0.0339,0.238,0.098,0.106,0.448,141.512,4
spotify:track:6FcDxtnGfsYHOcGkXN2OIG,"Add Up My Love","Charm","Clairo",2024-07-12,205263,72,false,iarecippo,2024-08-19T14:21:03Z,"bedroom pop","Clairo",0.715,0.621,8,-6.761,1,0.027,0.17,0.0011,0.111,0.769,104.964,4
spotify:track:6QlSPjiXHc1XwGKeEls6Gh,"Echo","Charm","Clairo",2024-07-12,229853,64,false,iarecippo,2024-08-19T14:21:03Z,"bedroom pop","Clairo",0.56,0.705,6,-5.676,0,0.0258,0.604,0.938,0.403,0.199,112.501,4
spotify:track:4JLBaHFkjxnbf9X0D8G3zQ,"Glory of the Snow","Charm","Clairo",2024-07-12,170832,63,false,iarecippo,2024-08-19T14:21:03Z,"bedroom pop","Clairo",0.731,0.55,5,-8.715,0,0.0376,0.735,0.367,0.103,0.588,117.995,4
spotify:track:3lnEcmIHlkeqcgDiZ5cgN3,"Pier 4","Charm","Clairo",2024-07-12,205072,62,false,iarecippo,2024-08-19T14:21:03Z,"bedroom pop","Clairo",0.614,0.266,4,-12.616,1,0.0293,0.94,0.217,0.115,0.159,76.771,4
spotify:track:7tmvvRmUqzCRjRx9ub8K7i,"CAJU","CAJU","Liniker",2024-08-19,266737,3,false,iarecippo,2024-09-06T12:15:18Z,"new mpb,mpb,brazilian pop","BREU ENTERTAINMENT",0.654,0.648,4,-7.424,0,0.139,0.514,0.00000483,0.519,0.66,140.101,4
spotify:track:6iBMj762l27f5fH6E1PUHE,"TUDO","CAJU","Liniker",2024-08-19,214033,2,false,iarecippo,2024-09-06T12:15:18Z,"new mpb,mpb,brazilian pop","BREU ENTERTAINMENT",0.614,0.703,11,-5.059,0,0.206,0.0931,0,0.39,0.544,94.725,4
spotify:track:21nV7Brjy93nQPM98QwIfr,"VELUDO MARROM","CAJU","Liniker",2024-08-19,437313,1,false,iarecippo,2024-09-06T12:15:18Z,"new mpb,mpb,brazilian pop","BREU ENTERTAINMENT",0.336,0.392,10,-9.021,1,0.0377,0.578,0.00000651,0.128,0.337,134.902,3
spotify:track:7ELT2o6bfErbCLpC16WOsd,"ME AJUDE A SALVAR OS DOMINGOS","CAJU","Liniker",2024-08-19,437941,0,false,iarecippo,2024-09-06T12:15:18Z,"new mpb,mpb,brazilian pop","BREU ENTERTAINMENT",0.863,0.466,11,-8.53,0,0.042,0.105,0.289,0.132,0.739,131.997,4
spotify:track:3UTmOnTzGaiMZoOGxkpRMx,"NEGONA DOS OLHOS TERRÍVEIS","CAJU","Liniker;BaianaSystem",2024-08-19,310606,0,false,iarecippo,2024-09-06T12:15:18Z,"new mpb,mpb,brazilian pop,axé","BREU ENTERTAINMENT",0.489,0.701,1,-8.206,0,0.0949,0.221,0.00000328,0.35,0.536,95.981,4
spotify:track:2I4q9E4wcSt4vIcMmbymwL,"MAYONGA","CAJU","Liniker",2024-08-19,132603,0,false,iarecippo,2024-09-06T12:15:18Z,"new mpb,mpb,brazilian pop","BREU ENTERTAINMENT",0.727,0.657,8,-7.043,0,0.0505,0.269,0.000298,0.337,0.807,90.879,4
spotify:track:5v3dDDH14tXlNkgcKxhplo,"PAPO DE EDREDOM","CAJU","Liniker;Melly",2024-08-19,192931,0,false,iarecippo,2024-09-06T12:15:18Z,"new mpb,mpb,brazilian pop","BREU ENTERTAINMENT",0.617,0.477,7,-9.319,1,0.0544,0.382,0.0000114,0.462,0.397,131.796,4
spotify:track:3XIiRlcc1bKUegBbJ17iVp,"POPSTAR","CAJU","Liniker",2024-08-19,301413,0,false,iarecippo,2024-09-06T12:15:18Z,"new mpb,mpb,brazilian pop","BREU ENTERTAINMENT",0.655,0.569,10,-6.77,0,0.122,0.329,0.00000102,0.149,0.361,80.018,4
spotify:track:1xwvLAIPpG8qQJyWRLi4F3,"FEBRE","CAJU","Liniker",2024-08-19,298871,1,false,iarecippo,2024-09-06T12:15:18Z,"new mpb,mpb,brazilian pop","BREU ENTERTAINMENT",0.761,0.815,2,-7.057,1,0.116,0.136,0,0.307,0.818,145.958,4
spotify:track:3f1lEgEorble8TWplM949r,"POTE DE OURO","CAJU","Liniker;Priscila Senna",2024-08-19,238858,0,false,iarecippo,2024-09-06T12:15:18Z,"new mpb,mpb,brazilian pop,brega,arrocha,seresta,forró,piseiro,tecnobrega","BREU ENTERTAINMENT",0.773,0.698,0,-4.838,0,0.0357,0.504,0,0.14,0.924,130.012,4
spotify:track:1h1uyRSbfQYgckDfb9EeyQ,"DEIXA ESTAR","CAJU","Liniker;Lulu Santos;Pabllo Vittar",2024-08-19,306281,0,false,iarecippo,2024-09-06T12:15:18Z,"new mpb,mpb,brazilian pop,brazilian rock,funk pop,tecnobrega","BREU ENTERTAINMENT",0.703,0.763,11,-6.774,0,0.0673,0.127,0.00000839,0.187,0.83,120.031,4
spotify:track:3L1IBHaO1TV4gF8JbKGWQx,"SO SPECIAL","CAJU","Liniker;Tropkillaz",2024-08-19,298599,0,true,iarecippo,2024-09-06T12:15:18Z,"new mpb,mpb,brazilian pop,brazilian funk","BREU ENTERTAINMENT",0.788,0.615,9,-7.371,0,0.0409,0.00152,0.00116,0.34,0.205,118.007,4
spotify:track:7egvslE9Hj0hAlr5t7sC7D,"TAKE YOUR TIME E RELAXE","CAJU","Liniker",2024-08-19,280725,0,false,iarecippo,2024-09-06T12:15:18Z,"new mpb,mpb,brazilian pop","BREU ENTERTAINMENT",0.378,0.223,11,-17.91,0,0.196,0.584,0.00328,0.112,0.113,64.298,4
spotify:track:66st0nh6vlK7t2yzWfzmcA,"She Looked Like Me!","Imaginal Disk","Magdalena Bay",2024-08-23,193186,0,false,iarecippo,2024-09-09T19:46:10Z,"","Mom+Pop",0.393,0.752,2,-7.249,1,0.0524,0.0543,0.0276,0.165,0.153,130.036,3
spotify:track:7fvld2LGlUhz15CjeaLewh,"Killing Time","Imaginal Disk","Magdalena Bay",2024-08-23,233546,1,false,iarecippo,2024-09-09T19:46:10Z,"","Mom+Pop",0.429,0.877,0,-6.362,1,0.0753,0.0272,0.0273,0.2,0.735,120.08,4
spotify:track:6U7YaQrDz6GyxcgHotcfoM,"True Blue Interlude","Imaginal Disk","Magdalena Bay",2024-08-23,109226,0,false,iarecippo,2024-09-09T19:46:10Z,"","Mom+Pop",0.588,0.649,7,-8.813,1,0.0325,0.414,0.743,0.207,0.367,107.947,4
spotify:track:0QW0KPBXXv67haGjbtkRRB,"Image","Imaginal Disk","Magdalena Bay",2024-08-23,212866,4,false,iarecippo,2024-09-09T19:46:10Z,"","Mom+Pop",0.611,0.863,5,-6.369,0,0.0421,0.000291,0.17,0.15,0.851,128.015,3
spotify:track:5m3rVRNkTv5EQnPuF293we,"Death & Romance","Imaginal Disk","Magdalena Bay",2024-08-23,314733,2,false,iarecippo,2024-09-09T19:46:10Z,"","Mom+Pop",0.566,0.964,6,-4.366,1,0.062,0.00316,0.00183,0.111,0.388,106.022,4
spotify:track:5pUl86WPdIEncWK57kGcOY,"Fear, Sex","Imaginal Disk","Magdalena Bay",2024-08-23,152053,1,false,iarecippo,2024-09-09T19:46:10Z,"","Mom+Pop",0.622,0.773,10,-5.68,0,0.0324,0.0366,0.00023,0.115,0.133,105.968,4
spotify:track:6O6VDSgm7Cxrk7kIJhyIFo,"Vampire in the Corner","Imaginal Disk","Magdalena Bay",2024-08-23,202440,1,false,iarecippo,2024-09-09T19:46:10Z,"","Mom+Pop",0.637,0.577,4,-8.236,1,0.0428,0.168,0.00211,0.487,0.318,115.004,4
spotify:track:6ztdBhTNo6GFk0WlYU1jzM,"Watching T.V.","Imaginal Disk","Magdalena Bay",2024-08-23,245413,0,false,iarecippo,2024-09-09T19:46:10Z,"","Mom+Pop",0.582,0.651,6,-8.722,1,0.0443,0.0934,0.107,0.122,0.471,139.962,4
spotify:track:3LlQyxWlsx8y4rZtkETUjl,"Tunnel Vision","Imaginal Disk","Magdalena Bay",2024-08-23,305520,0,false,iarecippo,2024-09-09T19:46:10Z,"","Mom+Pop",0.287,0.578,1,-7.288,1,0.0661,0.0338,0.068,0.14,0.467,180.018,3
spotify:track:2ZSDtC0XZnpokAMwRtgqzh,"Love Is Everywhere","Imaginal Disk","Magdalena Bay",2024-08-23,194413,1,false,iarecippo,2024-09-09T19:46:10Z,"","Mom+Pop",0.576,0.665,9,-7.564,1,0.0424,0.0588,0.0469,0.333,0.7,90.02,4
spotify:track:2SKDW03NiKcpvh6WC0G5AC,"Feeling DiskInserted?","Imaginal Disk","Magdalena Bay",2024-08-23,58600,0,false,iarecippo,2024-09-09T19:46:10Z,"","Mom+Pop",0.146,0.236,5,-13.464,1,0.0347,0.984,0.335,0.287,0.0478,177.681,4
spotify:track:05viacwP18vZkQozDwS5kN,"That's My Floor","Imaginal Disk","Magdalena Bay",2024-08-23,209800,1,false,iarecippo,2024-09-09T19:46:10Z,"","Mom+Pop",0.48,0.92,1,-6.337,1,0.137,0.0101,0.0663,0.861,0.482,168.028,4
spotify:track:4rVs9KjC3YVA7v54kVSHUV,"Cry for Me","Imaginal Disk","Magdalena Bay",2024-08-23,307266,1,false,iarecippo,2024-09-09T19:46:10Z,"","Mom+Pop",0.52,0.9,6,-5.02,0,0.0319,0.00592,0.0285,0.177,0.403,114.974,4
spotify:track:57C485VPv0kP1XASAwjEYV,"Angel on a Satellite","Imaginal Disk","Magdalena Bay",2024-08-23,243426,0,false,iarecippo,2024-09-09T19:46:10Z,"","Mom+Pop",0.518,0.513,0,-8.709,1,0.0278,0.576,0.0202,0.119,0.296,103.037,4
spotify:track:4j9WdbfKvyx7fBQb4qygYr,"The Ballad of Matt & Mica","Imaginal Disk","Magdalena Bay",2024-08-23,240000,0,false,iarecippo,2024-09-09T19:46:10Z,"","Mom+Pop",0.336,0.765,6,-6.334,1,0.0501,0.25,0.145,0.175,0.375,91.975,4
spotify:track:5zHvtyKQLeABXy9TEOFtaF,"Open Up","What's Wrong With New York?","The Dare",2024-09-06,161296,0,true,iarecippo,2024-09-10T21:28:52Z,"electroclash","The Dare",0.526,0.962,0,-2.609,1,0.0476,0.0134,0,0.342,0.666,130.057,4
spotify:track:5OHOxbQzqdwH2wzYvUNL3u,"Good Time","What's Wrong With New York?","The Dare",2024-09-06,133037,0,true,iarecippo,2024-09-10T21:28:52Z,"electroclash","The Dare",0.695,0.873,0,-2.389,1,0.152,0.286,0.00187,0.2,0.707,138.004,4
spotify:track:1KZbyrBgUnTRBK0SLXVV0m,"Perfume","What's Wrong With New York?","The Dare",2024-09-06,147101,0,false,iarecippo,2024-09-10T21:28:52Z,"electroclash","The Dare",0.686,0.911,9,-3.864,1,0.0714,0.00839,0,0.248,0.604,125.016,4
spotify:track:7m8wiHGjtlJ5UQvqiCjhV5,"Girls","What's Wrong With New York?","The Dare",2024-09-06,119558,4,true,iarecippo,2024-09-10T21:28:52Z,"electroclash","The Dare",0.922,0.84,2,-1.9,1,0.262,0.0866,0.00000229,0.0543,0.909,121.982,4
spotify:track:5fSW8zHTMOgIvYQ7mk1Y1P,"I Destroyed Disco","What's Wrong With New York?","The Dare",2024-09-06,141631,0,true,iarecippo,2024-09-10T21:28:52Z,"electroclash","The Dare",0.708,0.879,11,-5.325,1,0.117,0.00596,0.00143,0.103,0.413,130.005,4
spotify:track:0TE2K7OuchFPvPRvLasaVM,"You're Invited","What's Wrong With New York?","The Dare",2024-09-06,152348,0,false,iarecippo,2024-09-10T21:28:52Z,"electroclash","The Dare",0.72,0.877,4,-2.385,1,0.0782,0.0227,0,0.0715,0.946,120.962,4
spotify:track:4IGT69nbtQdRXNVIZaulOf,"All Night","What's Wrong With New York?","The Dare",2024-09-06,233397,0,false,iarecippo,2024-09-10T21:28:52Z,"electroclash","The Dare",0.638,0.719,4,-4.242,0,0.0362,0.00614,0.000526,0.198,0.674,122.054,4
spotify:track:7ep4qbiaHeOAZftzWylUoN,"Elevation","What's Wrong With New York?","The Dare",2024-09-06,236956,0,true,iarecippo,2024-09-10T21:28:52Z,"electroclash","The Dare",0.402,0.817,0,-6.028,0,0.0703,0.018,0.00000387,0.109,0.152,123.041,4
spotify:track:3NTvqczb0zcwnpY2EmQ2e2,"Movement","What's Wrong With New York?","The Dare",2024-09-06,151310,0,false,iarecippo,2024-09-10T21:28:52Z,"electroclash","The Dare",0.6,0.959,11,-5.566,1,0.0579,0.0032,0.135,0.508,0.662,111.014,4
spotify:track:4x9vmLGSvp5GXaYBwXLoSC,"You Can Never Go Home","What's Wrong With New York?","The Dare",2024-09-06,167638,0,false,iarecippo,2024-09-10T21:28:52Z,"electroclash","The Dare",0.581,0.694,5,-5.214,1,0.028,0.0439,0.00000753,0.103,0.381,120.027,4
spotify:track:7uLBdV19ad7kAjU2oB1l6p,"Wanna","In Waves","Jamie xx",2024-09-20,135835,46,false,iarecippo,2024-09-20T19:10:01Z,"","Young",0.197,0.433,0,-13.166,1,0.0605,0.725,0.71,0.587,0.0956,182.621,3
spotify:track:3pjX4hC8adabkXGu3X9GTC,"Treat Each Other Right","In Waves","Jamie xx",2024-09-20,240580,48,false,iarecippo,2024-09-20T19:10:01Z,"","Young",0.727,0.75,6,-7.245,0,0.0382,0.0745,0.236,0.57,0.235,130.006,4
spotify:track:4gBniy3TwR9o2JDBx48TlD,"Waited All Night","In Waves","Jamie xx;Romy;Oliver Sim;The xx",2024-09-20,208334,52,false,iarecippo,2024-09-20T19:10:01Z,"indie electronic","Young",0.691,0.73,4,-8.228,0,0.0372,0.0778,0.00992,0.0836,0.168,135.995,4
spotify:track:79gWc6dZ1dXH7rC67DTunz,"Baddy On The Floor","In Waves","Jamie xx;Honey Dijon",2024-09-20,222315,57,true,iarecippo,2024-09-20T19:10:01Z,"ballroom vogue","Young",0.652,0.877,6,-6.281,0,0.0339,0.00307,0.699,0.186,0.562,124.024,4
spotify:track:1gRMKwvMvp6LcQVMpMXQg2,"Dafodil","In Waves","Jamie xx;Kelsey Lu;John Glacier;Panda Bear",2024-09-20,212339,48,false,iarecippo,2024-09-20T19:10:01Z,"art pop,alternative r&b,experimental hip hop,neo-psychedelic","Young",0.827,0.648,1,-6.906,1,0.0569,0.146,0.00032,0.0967,0.62,129.044,4
spotify:track:27D9YN3uHPD3PTXvzNtbto,"Still Summer","In Waves","Jamie xx",2024-09-20,205638,51,false,iarecippo,2024-09-20T19:10:01Z,"","Young",0.706,0.876,11,-7.64,1,0.0389,0.0194,0.84,0.64,0.319,126.121,3
spotify:track:0pMj03SiaZ9bkFlXQWNhtZ,"Life","In Waves","Jamie xx;Robyn",2024-09-20,202648,53,true,iarecippo,2024-09-20T19:10:01Z,"swedish pop","Young",0.7,0.863,5,-6.755,1,0.179,0.00414,0.0197,0.32,0.649,123.996,4
spotify:track:7gb0pekqHQYTGo6NWLBvT5,"The Feeling I Get From You","In Waves","Jamie xx",2024-09-20,222365,46,false,iarecippo,2024-09-20T19:10:01Z,"","Young",0.754,0.695,0,-8.882,1,0.0475,0.294,0.17,0.377,0.274,140.005,4
spotify:track:6pOzbdJKEr4hvXkX7VkfY6,"Breather","In Waves","Jamie xx",2024-09-20,376918,43,false,iarecippo,2024-09-20T19:10:01Z,"","Young",0.459,0.71,7,-9.643,0,0.115,0.262,0.773,0.0866,0.29,120.022,3
spotify:track:3cfgisz6DhZmooQk08P4Eu,"All You Children","In Waves","Jamie xx;The Avalanches",2024-09-20,254142,56,false,iarecippo,2024-09-20T19:10:01Z,"plunderphonics","Young",0.759,0.82,10,-7.553,0,0.0465,0.00392,0.112,0.561,0.425,119.88,4
spotify:track:1wpcJ6TCrKpH6KdBmrp9yN,"Every Single Weekend - Interlude","In Waves","Jamie xx",2024-09-20,71680,38,false,iarecippo,2024-09-20T19:10:01Z,"","Young",0.623,0.604,1,-8.084,1,0.0495,0.0183,0.702,0.658,0.199,115.471,4
spotify:track:08Jhu8OZ6gCIGWQn6vP3uI,"Falling Together","In Waves","Jamie xx;Oona Doherty",2024-09-20,337414,45,true,iarecippo,2024-09-20T19:10:01Z,"","Young",0.68,0.741,1,-6.35,0,0.0492,0.00353,0.434,0.0739,0.751,123.003,4
spotify:track:6NtPcISLHfomGsrIELeAvK,"WISH","Saturn Dayz","BLACKSTARKIDS",2024-09-20,188687,4,true,iarecippo,2024-09-24T14:17:05Z,"","Dirty Hit",0.58,0.895,5,-4.569,1,0.208,0.396,0,0.176,0.38,160.002,4
spotify:track:6c7woMbqP8uYLqBSJahclU,"KILLJOY","Saturn Dayz","BLACKSTARKIDS",2024-09-20,188308,4,true,iarecippo,2024-09-24T14:17:05Z,"","Dirty Hit",0.646,0.889,8,-4.114,0,0.117,0.191,0,0.12,0.597,80.98,4
spotify:track:7fQYoIKTB7LXZRA8FEqJ93,"EMANCIPATION OF STEVIE WONDER","Saturn Dayz","BLACKSTARKIDS",2024-09-20,262745,3,true,iarecippo,2024-09-24T14:17:05Z,"","Dirty Hit",0.717,0.698,6,-6.933,1,0.108,0.0476,0.00000302,0.187,0.354,100.979,4
spotify:track:42AbnO2rXNbeBcvtwo3HpG,"SOULMATEZ!","Saturn Dayz","BLACKSTARKIDS",2024-09-20,236140,16,false,iarecippo,2024-09-24T14:17:05Z,"","Dirty Hit",0.705,0.777,11,-4.372,1,0.0466,0.158,0,0.0886,0.696,117.012,4
spotify:track:7BaAaJnBrt3LCMSUN4H4m5,"MODERN HAPPINESS","Saturn Dayz","BLACKSTARKIDS",2024-09-20,238338,4,true,iarecippo,2024-09-24T14:17:05Z,"","Dirty Hit",0.629,0.902,9,-5.617,0,0.0541,0.0318,0.00000113,0.306,0.784,119.967,4
spotify:track:3XOlJSVvwd3k07xX7r50Od,"SATURN DAYZ","Saturn Dayz","BLACKSTARKIDS",2024-09-20,202901,13,true,iarecippo,2024-09-24T14:17:05Z,"","Dirty Hit",0.733,0.847,0,-4.232,1,0.254,0.108,0,0.0966,0.541,104.952,4
spotify:track:2k8rTrhsknbKlr3unCri0N,"BLACK CHILDREN","Saturn Dayz","BLACKSTARKIDS",2024-09-20,216133,3,true,iarecippo,2024-09-24T14:17:05Z,"","Dirty Hit",0.551,0.939,7,-4.137,1,0.225,0.155,0,0.235,0.393,163.905,4
spotify:track:1E8obibvmukPvPnDYrM7qe,"LOVE IS A MOSHPIT","Saturn Dayz","BLACKSTARKIDS",2024-09-20,201857,2,true,iarecippo,2024-09-24T14:17:05Z,"","Dirty Hit",0.605,0.909,5,-4.516,1,0.102,0.219,0.00000133,0.32,0.466,170.851,4
spotify:track:7mE0u3Z2ZYkHQ0A3DaN599,"BOYZ GO 2 JUPITER","Saturn Dayz","BLACKSTARKIDS",2024-09-20,250469,10,false,iarecippo,2024-09-24T14:17:05Z,"","Dirty Hit",0.537,0.819,6,-6.044,1,0.0538,0.169,0.00514,0.376,0.321,91.997,4
spotify:track:6OaxGozThmvVcGso8Z1e6v,"UFO","Saturn Dayz","BLACKSTARKIDS",2024-09-20,201318,2,true,iarecippo,2024-09-24T14:17:05Z,"","Dirty Hit",0.623,0.839,2,-5.386,1,0.267,0.0659,0,0.205,0.157,99.03,4
spotify:track:3LLMo47EksqrzGJPL1TUGJ,"STEREOTYPE","Saturn Dayz","BLACKSTARKIDS",2024-09-20,197319,2,true,iarecippo,2024-09-24T14:17:05Z,"","Dirty Hit",0.542,0.948,2,-3.485,1,0.0858,0.133,0,0.28,0.368,169.921,4
spotify:track:3noN0FUqOVkSAeW918pHCZ,"MOTHA URF","Saturn Dayz","BLACKSTARKIDS",2024-09-20,236442,3,false,iarecippo,2024-09-24T14:17:05Z,"","Dirty Hit",0.267,0.571,9,-6.099,1,0.0294,0.335,0,0.109,0.36,142.875,4
spotify:track:1LgsXA4a4D7i9tvMeiziIq,"Overture","Like All Before You","The Voidz",2024-09-20,72241,39,false,iarecippo,2024-09-24T15:35:44Z,"","Cult Records",0.28,0.194,5,-20.777,0,0.0828,0.854,0.873,0.224,0.321,72.879,5
spotify:track:2L5IV1QFrY4S3A6oyO8vOq,"Square Wave","Like All Before You","The Voidz",2024-09-20,326301,60,false,iarecippo,2024-09-24T15:35:44Z,"","Cult Records",0.487,0.592,11,-9.946,0,0.0308,0.518,0.593,0.194,0.602,158.409,4
spotify:track:6qB9yoNOm0jDkuxExif5AJ,"Prophecy of the Dragon","Like All Before You","The Voidz",2024-09-20,298325,52,true,iarecippo,2024-09-24T15:35:44Z,"","Cult Records",0.519,0.708,4,-7.314,0,0.0342,0.0011,0.566,0.0391,0.414,134.977,4
spotify:track:2QMzmWI6STmm2P9eyVuSNA,"7 Horses","Like All Before You","The Voidz",2024-09-20,262409,48,false,iarecippo,2024-09-24T15:35:44Z,"","Cult Records",0.562,0.596,5,-9.609,0,0.035,0.276,0.247,0.159,0.707,158.848,4
spotify:track:6deIQBN1orN0bHQUo62key,"Spectral Analysis","Like All Before You","The Voidz",2024-09-20,226777,42,false,iarecippo,2024-09-24T15:35:44Z,"","Cult Records",0.343,0.245,8,-14.923,1,0.0301,0.971,0.926,0.118,0.217,75.555,4
spotify:track:5pvE5kSCPnrUSzDIFXPuLV,"Flexorcist","Like All Before You","The Voidz",2024-09-20,401727,53,false,iarecippo,2024-09-24T15:35:44Z,"","Cult Records",0.434,0.617,6,-6.658,0,0.0426,0.00837,0.729,0.094,0.616,115.224,4
spotify:track:1o04v1KGFM5sBmYSAAGzeu,"Perseverance–1C2S","Like All Before You","The Voidz",2024-09-20,232080,39,true,iarecippo,2024-09-24T15:35:44Z,"","Cult Records",0.437,0.59,0,-8.647,0,0.046,0.218,0.279,0.144,0.247,180.005,4
spotify:track:0omq85l4CACh9M3VLo0syk,"All the Same","Like All Before You","The Voidz",2024-09-20,339268,46,false,iarecippo,2024-09-24T15:35:44Z,"","Cult Records",0.608,0.577,1,-9.189,0,0.0322,0.0659,0.659,0.134,0.691,130.182,4
spotify:track:73AOeqcoh6tBOVtyIVbHh6,"When Will the Time of These Bastards End","Like All Before You","The Voidz",2024-09-20,351812,39,false,iarecippo,2024-09-24T15:35:44Z,"","Cult Records",0.597,0.618,1,-8.696,1,0.0475,0.114,0.695,0.108,0.265,122.681,4
spotify:track:2BpuEf9vbXMMog5cBzl0Aj,"Walk Off (Outro)","Like All Before You","The Voidz",2024-09-20,64436,34,false,iarecippo,2024-09-24T15:35:44Z,"","Cult Records",0.435,0.055,5,-18.331,0,0.0442,0.97,0.971,0.125,0.0634,105.695,4
spotify:track:7GQKh9KJOIOepMoZLQ7B9O,"Adored","PRATTS & PAIN (It Ain't Over Til It Ends Edition)","Royel Otis",2024-10-02,160786,34,false,iarecippo,2024-10-09T17:00:35Z,"indie","OURNESS PTY LTD",0.585,0.831,6,-7.492,1,0.0329,0.000444,0.186,0.122,0.416,91.917,4
spotify:track:7H8IxCxfaOKQdWmUIwS8My,"Fried Rice","PRATTS & PAIN (It Ain't Over Til It Ends Edition)","Royel Otis",2024-10-02,207120,34,false,iarecippo,2024-10-09T17:00:35Z,"indie","OURNESS PTY LTD",0.497,0.868,0,-6.017,1,0.0553,0.0000952,0.00773,0.387,0.315,147.038,4
spotify:track:607quPbforqSZiOxbBaDcQ,"Foam","PRATTS & PAIN (It Ain't Over Til It Ends Edition)","Royel Otis",2024-10-02,185213,37,true,iarecippo,2024-10-09T17:00:35Z,"indie","OURNESS PTY LTD",0.65,0.777,8,-6.146,0,0.0541,0.00106,0.0162,0.125,0.935,175.07,3
spotify:track:3w3ORwDBLoULIvE94u6UvR,"Sonic Blue","PRATTS & PAIN (It Ain't Over Til It Ends Edition)","Royel Otis",2024-10-02,197720,41,false,iarecippo,2024-10-09T17:00:35Z,"indie","OURNESS PTY LTD",0.438,0.842,7,-5.699,1,0.0434,0.000806,0.00905,0.128,0.391,183.002,4
spotify:track:7q0NtdbzOqnsEznSgkuAnQ,"Claw Foot","PRATTS & PAIN (It Ain't Over Til It Ends Edition)","Royel Otis",2024-10-02,166973,57,false,iarecippo,2024-10-09T17:00:35Z,"indie","OURNESS PTY LTD",0.49,0.81,10,-6.054,1,0.0315,0.00262,0.836,0.147,0.764,181.103,4
spotify:track:5uNUZRzYxuqzVvtevtqSTy,"Heading For The Door","PRATTS & PAIN (It Ain't Over Til It Ends Edition)","Royel Otis",2024-10-02,227200,36,false,iarecippo,2024-10-09T17:00:35Z,"indie","OURNESS PTY LTD",0.605,0.71,1,-7.59,1,0.028,0.000347,0.0994,0.0941,0.549,79.502,4
spotify:track:6lkR8ADJ7llaxcelOPl8j9,"Velvet","PRATTS & PAIN (It Ain't Over Til It Ends Edition)","Royel Otis",2024-10-02,131546,29,false,iarecippo,2024-10-09T17:00:35Z,"indie","OURNESS PTY LTD",0.533,0.67,0,-7.385,1,0.0318,0.00301,0.0805,0.0803,0.322,123.866,4
spotify:track:1x1zGuT83cK1gDYZzCSVrk,"If Our Love Is Dead","PRATTS & PAIN (It Ain't Over Til It Ends Edition)","Royel Otis",2024-10-02,173800,53,false,iarecippo,2024-10-09T17:00:35Z,"indie","OURNESS PTY LTD",0.492,0.78,11,-4.349,1,0.0699,0.0516,0.00666,0.0706,0.524,162.927,4
spotify:track:7vCN6HEPILtpDAeA6arhDP,"IHYSM","PRATTS & PAIN (It Ain't Over Til It Ends Edition)","Royel Otis",2024-10-02,190533,42,false,iarecippo,2024-10-09T17:00:35Z,"indie","OURNESS PTY LTD",0.557,0.951,0,-6.063,1,0.043,0.00234,0.0875,0.0974,0.931,177.975,4
spotify:track:3fjtBrfYd5khdOmbHzzUim,"Molly","PRATTS & PAIN (It Ain't Over Til It Ends Edition)","Royel Otis",2024-10-02,240720,28,false,iarecippo,2024-10-09T17:00:35Z,"indie","OURNESS PTY LTD",0.628,0.561,11,-9.857,0,0.0259,0.0662,0.316,0.158,0.169,133.066,4
spotify:track:7avQ81HPs4XEojR3LREDMm,"Daisy Chain","PRATTS & PAIN (It Ain't Over Til It Ends Edition)","Royel Otis",2024-10-02,181280,31,false,iarecippo,2024-10-09T17:00:35Z,"indie","OURNESS PTY LTD",0.592,0.93,11,-6.278,0,0.0341,0.00107,0.0567,0.0929,0.821,143.961,4
spotify:track:4ZRfMI0gWuORY6bRcsxF0F,"Sofa King","PRATTS & PAIN (It Ain't Over Til It Ends Edition)","Royel Otis",2024-10-02,196317,31,true,iarecippo,2024-10-09T17:00:35Z,"indie","OURNESS PTY LTD",0.565,0.898,0,-5.055,1,0.0412,0.00491,0.00296,0.254,0.864,97.021,4
spotify:track:6uoJUQ32YWcvo4RdYHQd3F,"Glory to Glory","PRATTS & PAIN (It Ain't Over Til It Ends Edition)","Royel Otis",2024-10-02,186840,30,false,iarecippo,2024-10-09T17:00:35Z,"indie","OURNESS PTY LTD",0.569,0.881,5,-6.266,1,0.0434,0.00112,0.00000188,0.167,0.79,142.148,4
spotify:track:5OuIoh8oJGdWpRUkHbjw2H,"Always Always","PRATTS & PAIN (It Ain't Over Til It Ends Edition)","Royel Otis",2024-10-02,180133,30,false,iarecippo,2024-10-09T17:00:35Z,"indie","OURNESS PTY LTD",0.654,0.709,5,-8.981,1,0.0278,0.374,0.392,0.0816,0.625,120.001,4
spotify:track:3YgZOCi1FoWeUa77aXz62G,"Big Ciggie","PRATTS & PAIN (It Ain't Over Til It Ends Edition)","Royel Otis",2024-10-02,160680,29,false,iarecippo,2024-10-09T17:00:35Z,"indie","OURNESS PTY LTD",0.549,0.651,11,-6.875,0,0.0317,0.0922,0.159,0.0972,0.799,202.247,4
spotify:track:3NjQ6afQ34QwfE5tCSIVFm,"360 featuring robyn & yung lean","Brat and it’s completely different but also still brat","Charli xcx;Robyn;Yung Lean",2024-10-14,129762,50,false,iarecippo,2024-10-14T20:17:02Z,"hyperpop,art pop,swedish pop,cloud rap","Atlantic Records",0.928,0.649,0,-6.744,1,0.054,0.427,0.000179,0.135,0.951,120.011,4
spotify:track:4c252FOXsYUwrSRv8g9aei,"Club classics featuring bb trickz","Brat and it’s completely different but also still brat","Charli xcx;Bb trickz",2024-10-14,174325,51,true,iarecippo,2024-10-14T20:17:02Z,"hyperpop,art pop","Atlantic Records",0.912,0.594,1,-4.445,1,0.0826,0.0178,0.00762,0.113,0.802,131.027,4
spotify:track:0il9ELJDirmF299OiChNHi,"Sympathy is a knife featuring ariana grande","Brat and it’s completely different but also still brat","Charli xcx;Ariana Grande",2024-10-14,154126,53,true,iarecippo,2024-10-14T20:17:02Z,"hyperpop,art pop,pop","Atlantic Records",0.711,0.603,3,-7.815,1,0.0405,0.0962,0,0.112,0.339,135.151,4
spotify:track:2uRHJmdkGIajVibmUv9HDx,"I might say something stupid featuring the 1975 & jon hopkins","Brat and it’s completely different but also still brat","Charli xcx;The 1975;Jon Hopkins",2024-10-14,250603,44,false,iarecippo,2024-10-14T20:17:02Z,"hyperpop,art pop,idm,ambient","Atlantic Records",0.263,0.202,4,-14.356,1,0.034,0.852,0.00554,0.126,0.0995,137.982,4
spotify:track:6KGf8ituOmgiC44qe1TrHm,"Talk talk featuring troye sivan","Brat and it’s completely different but also still brat","Charli xcx;Troye Sivan",2024-10-14,173076,53,true,iarecippo,2024-10-14T20:17:02Z,"hyperpop,art pop","Atlantic Records",0.731,0.817,8,-5.595,1,0.0791,0.0196,0.00000613,0.349,0.661,130.032,4
spotify:track:1NK3QRZUVyfBu4YTBTrbdJ,"Von dutch a. g. cook remix featuring addison rae","Brat and it’s completely different but also still brat","Charli xcx;Addison Rae;A. G. Cook",2024-10-14,157328,55,false,iarecippo,2024-10-14T20:17:02Z,"hyperpop,art pop","Atlantic Records",0.669,0.778,9,-5.386,1,0.178,0.0602,0,0.359,0.342,137.699,4
spotify:track:2p2U8zVAnue6Yrx3mvtBE3,"Everything is romantic featuring caroline polachek","Brat and it’s completely different but also still brat","Charli xcx;Caroline Polachek",2024-10-14,203945,51,true,iarecippo,2024-10-14T20:17:02Z,"hyperpop,art pop","Atlantic Records",0.604,0.449,0,-11.468,0,0.21,0.168,0.000724,0.334,0.334,150.106,4
spotify:track:671CE4Sd2GNd46cyjNOHsO,"Rewind featuring bladee","Brat and it’s completely different but also still brat","Charli xcx;Bladee;A. G. Cook",2024-10-14,162921,45,false,iarecippo,2024-10-14T20:17:02Z,"hyperpop,art pop,cloud rap","Atlantic Records",0.7,0.832,1,-4.541,1,0.036,0.464,0.000553,0.0642,0.598,132.016,4
spotify:track:7k5B6oIeqIsbUtqGF3ZLL4,"So I featuring a. g. cook","Brat and it’s completely different but also still brat","Charli xcx;A. G. Cook",2024-10-14,279227,44,true,iarecippo,2024-10-14T20:17:02Z,"hyperpop,art pop","Atlantic Records",0.646,0.872,6,-6.489,1,0.0345,0.451,0.0355,0.156,0.815,146.173,4
spotify:track:597W049n13m86dgV0dbLae,"Girl, so confusing featuring lorde","Brat and it’s completely different but also still brat","Charli xcx;Lorde",2024-10-14,205938,53,false,iarecippo,2024-10-14T20:17:02Z,"hyperpop,art pop","Atlantic Records",0.707,0.8,11,-5.567,0,0.0544,0.128,0.0000259,0.3,0.354,124.991,4
spotify:track:1u2NUS3ectoHCsKaH4bUOo,"Apple featuring the japanese house","Brat and it’s completely different but also still brat","Charli xcx;The Japanese House",2024-10-14,157366,47,false,iarecippo,2024-10-14T20:17:02Z,"hyperpop,art pop","Atlantic Records",0.721,0.836,0,-7.547,1,0.0611,0.219,0,0.161,0.693,125.878,4
spotify:track:2EeLbvX0fJuS2Rix9l93xK,"B2b featuring tinashe","Brat and it’s completely different but also still brat","Charli xcx;Tinashe",2024-10-14,153387,47,true,iarecippo,2024-10-14T20:17:02Z,"hyperpop,art pop,alternative r&b","Atlantic Records",0.818,0.564,11,-8.542,0,0.0744,0.0768,0.0347,0.0868,0.695,129.951,4
spotify:track:3G88sK9DtRDOUeH3xPFWYA,"Mean girls featuring julian casablancas","Brat and it’s completely different but also still brat","Charli xcx;Julian Casablancas",2024-10-14,226705,45,true,iarecippo,2024-10-14T20:17:02Z,"hyperpop,art pop","Atlantic Records",0.664,0.675,6,-4.846,1,0.0316,0.234,0.0000173,0.162,0.867,129.948,4
spotify:track:3AvuMVDQU1JyZ8McJumqpY,"I think about it all the time featuring bon iver","Brat and it’s completely different but also still brat","Charli xcx;Bon Iver",2024-10-14,200030,44,false,iarecippo,2024-10-14T20:17:02Z,"hyperpop,art pop","Atlantic Records",0.735,0.481,0,-10.099,1,0.0476,0.216,0.251,0.265,0.447,122.011,4
spotify:track:5t4xArxems9xV4SJFJjNQB,"365 featuring shygirl","Brat and it’s completely different but also still brat","Charli xcx;Shygirl",2024-10-14,121273,53,true,iarecippo,2024-10-14T20:17:02Z,"hyperpop,art pop","Atlantic Records",0.746,0.714,0,-7.202,1,0.178,0.239,0.0361,0.626,0.755,137.707,4
spotify:track:0Do1AZJJ03M0g8MmzUXLYf,"Guess featuring billie eilish","Brat and it’s completely different but also still brat","Charli xcx;Billie Eilish",2024-10-14,143330,55,false,iarecippo,2024-10-14T20:17:02Z,"hyperpop,art pop","Atlantic Records",0.78,0.713,0,-4.493,1,0.0888,0.0167,0.206,0.144,0.615,130.034,4
spotify:track:54R8mxbJJJX46oS6uxtIbN,"Spring breakers featuring kesha","Brat and it’s completely different but also still brat","Charli xcx;Kesha",2024-10-14,142516,53,true,iarecippo,2024-10-14T20:17:02Z,"hyperpop,art pop","Atlantic Records",0.803,0.883,10,-6.249,0,0.0972,0.161,0,0.167,0.621,119.973,4
spotify:track:1mMVC8AsuUUelwopm51Jht,"STANKA POOH","Alligator Bites Never Heal","Doechii",2024-08-30,121412,52,true,iarecippo,2024-10-18T17:11:38Z,"","Top Dawg Entertainment/Capitol Records",0.751,0.45,1,-9.938,1,0.273,0.0964,0.000272,0.108,0.214,87.001,4
spotify:track:27oSDhuYJWxdm9yjI6891v,"BULLFROG","Alligator Bites Never Heal","Doechii",2024-08-30,94587,57,true,iarecippo,2024-10-18T17:11:38Z,"","Top Dawg Entertainment/Capitol Records",0.859,0.451,1,-6.583,1,0.0786,0.447,0.716,0.108,0.177,87.963,4
spotify:track:3Ehr6qjkJQTSL1LjsWELQb,"BOILED PEANUTS","Alligator Bites Never Heal","Doechii",2024-08-30,121858,62,true,iarecippo,2024-10-18T17:11:38Z,"","Top Dawg Entertainment/Capitol Records",0.725,0.747,0,-6.406,1,0.318,0.105,0.0000022,0.115,0.629,179.923,4
spotify:track:1eTaznNW4Xxtx9za2SMTXB,"DENIAL IS A RIVER","Alligator Bites Never Heal","Doechii",2024-08-30,159586,79,true,iarecippo,2024-10-18T17:11:38Z,"","Top Dawg Entertainment/Capitol Records",0.825,0.644,6,-3.24,0,0.33,0.0905,0,0.0795,0.622,93.292,4
spotify:track:3QQvSQKV8YmQxGolwwWe59,"CATFISH","Alligator Bites Never Heal","Doechii",2024-08-30,134097,68,true,iarecippo,2024-10-18T17:11:38Z,"","Top Dawg Entertainment/Capitol Records",0.819,0.691,8,-5.76,1,0.193,0.0143,0.0301,0.441,0.706,90.631,4
spotify:track:4vy1EFZOSZ5yN0fdRaIG57,"SKIPP","Alligator Bites Never Heal","Doechii",2024-08-30,100646,54,true,iarecippo,2024-10-18T17:11:38Z,"","Top Dawg Entertainment/Capitol Records",0.639,0.56,9,-9.172,1,0.278,0.0291,0.129,0.225,0.223,123.31,4
spotify:track:1WTLLBKovtSh3HBsEgNkmv,"HIDE N SEEK","Alligator Bites Never Heal","Doechii",2024-08-30,149338,58,true,iarecippo,2024-10-18T17:11:38Z,"","Top Dawg Entertainment/Capitol Records",0.765,0.613,4,-8.969,0,0.0763,0.0981,0.161,0.0942,0.107,139.011,4
spotify:track:1WEPU63xcafLlubohbyjG6,"BLOOM","Alligator Bites Never Heal","Doechii",2024-08-30,133342,54,true,iarecippo,2024-10-18T17:11:38Z,"","Top Dawg Entertainment/Capitol Records",0.594,0.363,7,-13.34,0,0.125,0.656,0.089,0.253,0.278,143.72,4
spotify:track:3bnEbEdttscDToE3I8yOZD,"WAIT","Alligator Bites Never Heal","Doechii",2024-08-30,184894,58,true,iarecippo,2024-10-18T17:11:38Z,"","Top Dawg Entertainment/Capitol Records",0.806,0.764,7,-6.969,0,0.079,0.728,0.000198,0.113,0.81,88.997,4
spotify:track:4p3sIGdKAgRqrTvu3IpGnl,"DEATH ROLL","Alligator Bites Never Heal","Doechii",2024-08-30,139259,58,true,iarecippo,2024-10-18T17:11:38Z,"","Top Dawg Entertainment/Capitol Records",0.558,0.737,1,-6.732,0,0.267,0.00268,0.00000199,0.184,0.226,83.927,4
spotify:track:4XffeXDuoL8tkBIwu9f8pp,"PROFIT","Alligator Bites Never Heal","Doechii",2024-08-30,95545,50,true,iarecippo,2024-10-18T17:11:38Z,"","Top Dawg Entertainment/Capitol Records",0.568,0.599,4,-7.722,0,0.451,0.237,0,0.75,0.574,75.881,4
spotify:track:39BZe4t1oLnIcBa1rNndcy,"BOOM BAP","Alligator Bites Never Heal","Doechii",2024-08-30,130358,53,true,iarecippo,2024-10-18T17:11:38Z,"","Top Dawg Entertainment/Capitol Records",0.527,0.733,8,-4.255,0,0.359,0.274,0,0.155,0.697,157.224,4
spotify:track:2dKkVF2m160z0RNDN2dddc,"NISSAN ALTIMA","Alligator Bites Never Heal","Doechii",2024-08-30,126832,76,true,iarecippo,2024-10-18T17:11:38Z,"","Top Dawg Entertainment/Capitol Records",0.974,0.711,11,-5.206,0,0.194,0.0988,0.0000392,0.0888,0.328,117.038,4
spotify:track:61vp2Gh0Ggz9tWHqe8vEQQ,"GTFO","Alligator Bites Never Heal","Doechii;Fetish",2024-08-30,160824,56,true,iarecippo,2024-10-18T17:11:38Z,"","Top Dawg Entertainment/Capitol Records",0.737,0.616,6,-5.913,0,0.0579,0.0365,0.00000101,0.0968,0.319,157.01,4
spotify:track:4PHUKiMvnCRjtThO7tUh5m,"HUH!","Alligator Bites Never Heal","Doechii",2024-08-30,136858,51,true,iarecippo,2024-10-18T17:11:38Z,"","Top Dawg Entertainment/Capitol Records",0.79,0.789,1,-5.388,0,0.0812,0.109,0.00122,0.125,0.332,127.046,4
spotify:track:0Jij0ywlT1cCn8MqmSmj4E,"SLIDE","Alligator Bites Never Heal","Doechii",2024-08-30,174288,62,true,iarecippo,2024-10-18T17:11:38Z,"","Top Dawg Entertainment/Capitol Records",0.673,0.777,10,-4.68,0,0.139,0.348,0,0.148,0.362,124.039,4
spotify:track:3XHmNy7l4Ga1q84LBjj6bW,"FIREFLIES","Alligator Bites Never Heal","Doechii",2024-08-30,265979,49,true,iarecippo,2024-10-18T17:11:38Z,"","Top Dawg Entertainment/Capitol Records",0.462,0.446,5,-8.343,0,0.215,0.642,0,0.103,0.257,150.913,4
spotify:track:1DHkz9GVMwwN9hGpURl1FO,"BEVERLY HILLS","Alligator Bites Never Heal","Doechii",2024-08-30,218665,55,true,iarecippo,2024-10-18T17:11:38Z,"","Top Dawg Entertainment/Capitol Records",0.655,0.793,11,-8.019,0,0.16,0.508,0.000174,0.17,0.433,92.006,4
spotify:track:7mxHtdsPaPvrivbCQEdyos,"ALLIGATOR BITES NEVER HEAL","Alligator Bites Never Heal","Doechii",2024-08-30,175089,50,true,iarecippo,2024-10-18T17:11:38Z,"","Top Dawg Entertainment/Capitol Records",0.584,0.492,0,-8.465,1,0.0867,0.692,0.783,0.502,0.732,112.756,3
spotify:track:6vWpunBRmbp9EZjdpgo67y,"40 OZ. & A MULE","Heaven On Urf","BLACKSTARKIDS",2024-10-25,172200,3,true,iarecippo,2024-10-25T16:50:40Z,"","Dirty Hit",0.577,0.933,10,-7.563,1,0.0828,0.409,0,0.539,0.736,150.935,4
spotify:track:3YdGit6OJuiFt8Sz5hu5Ho,"ETERNAL BLISS","Heaven On Urf","BLACKSTARKIDS",2024-10-25,223999,6,true,iarecippo,2024-10-25T16:50:40Z,"","Dirty Hit",0.631,0.617,6,-9.747,1,0.0336,0.287,0.182,0.265,0.423,97.977,4
spotify:track:7ADFq97yni7S8UkAgYXuYw,"HAUNTED BY MEMORY","Heaven On Urf","BLACKSTARKIDS",2024-10-25,221466,4,true,iarecippo,2024-10-25T16:50:40Z,"","Dirty Hit",0.668,0.644,5,-7.401,1,0.0734,0.156,0.0000018,0.137,0.37,90.001,4
spotify:track:61w6bjhOXoCVw6RfKngWyh,"ART OF INDUSTRY POLITICS","Heaven On Urf","BLACKSTARKIDS",2024-10-25,155800,2,true,iarecippo,2024-10-25T16:50:40Z,"","Dirty Hit",0.372,0.707,11,-9.288,0,0.0988,0.477,0,0.294,0.519,76.693,3
spotify:track:49FCEOsI9A0FKdKo3CP7Js,"ESCAPISM","Heaven On Urf","BLACKSTARKIDS",2024-10-25,256528,2,true,iarecippo,2024-10-25T16:50:40Z,"","Dirty Hit",0.722,0.749,11,-7.108,1,0.187,0.13,0.000257,0.17,0.807,166.026,4
spotify:track:2oVW220Ey4dQDaj4SfNHGl,"SHOOT THE MESSENGER","Heaven On Urf","BLACKSTARKIDS",2024-10-25,229109,8,true,iarecippo,2024-10-25T16:50:40Z,"","Dirty Hit",0.619,0.799,5,-7.048,1,0.0313,0.0422,0.00118,0.161,0.577,137.921,4
spotify:track:4RU41lleigez2M16j2P6gY,"SATURNGURL45 + JELLYFISH","Heaven On Urf","BLACKSTARKIDS;The Human",2024-10-25,346293,3,true,iarecippo,2024-10-25T16:50:40Z,"","Dirty Hit",0.446,0.693,1,-7.084,0,0.142,0.483,0.00266,0.108,0.536,109.207,4
spotify:track:6wxXcXkoDAiEqq7QBGz7Ji,"HEAVEN ON URF","Heaven On Urf","BLACKSTARKIDS",2024-10-25,209000,1,true,iarecippo,2024-10-25T16:50:40Z,"","Dirty Hit",0.466,0.534,1,-11.165,1,0.0353,0.56,0.0000805,0.216,0.536,150.309,4
spotify:track:1QoyuMHNBe7lg3YW4Qtll4,"St. Chroma (feat. Daniel Caesar)","CHROMAKOPIA","Tyler, The Creator;Daniel Caesar",2024-10-28,197019,77,true,iarecippo,2024-10-28T15:27:47Z,"","Columbia",0.576,0.884,0,-5.058,1,0.555,0.357,0,0.368,0.373,150.45,4
spotify:track:5RePVWy39tLpHH0WwXgBsK,"Rah Tah Tah","CHROMAKOPIA","Tyler, The Creator",2024-10-28,165412,71,true,iarecippo,2024-10-28T15:27:47Z,"","Columbia",0.661,0.878,1,-4.099,1,0.31,0.00289,0,0.381,0.514,82.557,4
spotify:track:1YdtGoSYDvVQKoUqSDXX41,"Noid","CHROMAKOPIA","Tyler, The Creator",2024-10-28,284363,67,true,iarecippo,2024-10-28T15:27:47Z,"","Columbia",0.38,0.784,1,-6.004,1,0.299,0.523,0.000139,0.494,0.418,82.318,4
spotify:track:0VaeksJaXy5R1nvcTMh3Xk,"Darling, I (feat. Teezo Touchdown)","CHROMAKOPIA","Tyler, The Creator;Teezo Touchdown",2024-10-28,253834,74,true,iarecippo,2024-10-28T15:27:47Z,"","Columbia",0.373,0.818,3,-3.19,0,0.102,0.36,0,0.434,0.361,97.571,4
spotify:track:3Umj02ZNl4d356pS1D38mn,"Hey Jane","CHROMAKOPIA","Tyler, The Creator",2024-10-28,240742,64,true,iarecippo,2024-10-28T15:27:47Z,"","Columbia",0.495,0.784,10,-7.027,0,0.42,0.555,0,0.621,0.669,94.563,4
spotify:track:3GdwjAsCsoE79ObhsJFyYb,"I Killed You","CHROMAKOPIA","Tyler, The Creator",2024-10-28,168420,64,true,iarecippo,2024-10-28T15:27:47Z,"","Columbia",0.749,0.896,2,-4.909,1,0.219,0.356,0.00075,0.267,0.447,97.121,4
spotify:track:6ie0uyyvOKTTuIFBMPiNIl,"Judge Judy","CHROMAKOPIA","Tyler, The Creator",2024-10-28,269622,67,true,iarecippo,2024-10-28T15:27:47Z,"","Columbia",0.622,0.661,1,-5.906,1,0.0826,0.297,0.000135,0.165,0.362,76.331,4
spotify:track:3tFed7YsjGnIfxeLEQwx3R,"Sticky (feat. GloRilla, Sexyy Red & Lil Wayne)","CHROMAKOPIA","Tyler, The Creator;GloRilla;Sexyy Red;Lil Wayne",2024-10-28,255915,80,true,iarecippo,2024-10-28T15:27:47Z,"rap,hip hop","Columbia",0.505,0.812,1,-3.986,1,0.461,0.285,0,0.444,0.664,80.09,4
spotify:track:4BSR9I4ExlCJdXJo2GpBD5,"Take Your Mask Off (feat. Daniel Caesar & LaToiya Williams)","CHROMAKOPIA","Tyler, The Creator;Daniel Caesar;LaToiya Williams",2024-10-28,253909,69,true,iarecippo,2024-10-28T15:27:47Z,"","Columbia",0.503,0.658,6,-5.823,0,0.154,0.46,0,0.382,0.515,121.784,5
spotify:track:3yw3m8wgRB4ptDyAvtdhq5,"Tomorrow","CHROMAKOPIA","Tyler, The Creator",2024-10-28,182326,63,true,iarecippo,2024-10-28T15:27:47Z,"","Columbia",0.463,0.541,1,-6.594,1,0.0385,0.811,0.0000661,0.125,0.307,95.827,4
spotify:track:2aYHxnMF2umAavtgBvmkY1,"Thought I Was Dead (feat. ScHoolboy Q & Santigold)","CHROMAKOPIA","Tyler, The Creator;ScHoolboy Q;Santigold",2024-10-28,207273,74,true,iarecippo,2024-10-28T15:27:47Z,"","Columbia",0.77,0.859,10,-3.382,0,0.275,0.362,0,0.673,0.64,129.77,4
spotify:track:6jbYpRPTEFl1HFKHk1IC0m,"Like Him (feat. Lola Young)","CHROMAKOPIA","Tyler, The Creator;Lola Young",2024-10-28,278014,86,true,iarecippo,2024-10-28T15:27:47Z,"","Columbia",0.392,0.555,4,-6.707,0,0.039,0.287,0.000253,0.13,0.191,96.063,3
spotify:track:35D1RA5uVFVhMc1qX80TaQ,"Balloon (feat. Doechii)","CHROMAKOPIA","Tyler, The Creator;Doechii",2024-10-28,154261,71,true,iarecippo,2024-10-28T15:27:47Z,"","Columbia",0.437,0.868,6,-3.03,1,0.112,0.731,0,0.234,0.475,111.774,4
spotify:track:0pvZCv4JOS5WBu7JITYef6,"I Hope You Find Your Way Home","CHROMAKOPIA","Tyler, The Creator",2024-10-28,269704,65,true,iarecippo,2024-10-28T15:27:47Z,"","Columbia",0.621,0.596,4,-4.35,1,0.0607,0.294,0.0000553,0.134,0.207,112.188,4
spotify:track:76lNySMRTjhiJ0KtMkuHdX,"i scream this in the mirror before i interact with anyone","I LAY DOWN MY LIFE FOR YOU","JPEGMAFIA",2024-08-01,108895,51,true,iarecippo,2024-11-19T11:59:40Z,"experimental hip hop,alternative hip hop,experimental","2024 Peggy Under Exclusive License to AWAL Recordings America, Inc.",0.465,0.927,9,-3.738,1,0.315,0.00232,0,0.151,0.525,134.96,4
spotify:track:6zSLy6mrBrMlzaIn9UDw6o,"SIN MIEDO","I LAY DOWN MY LIFE FOR YOU","JPEGMAFIA",2024-08-01,166960,55,true,iarecippo,2024-11-19T11:59:40Z,"experimental hip hop,alternative hip hop,experimental","2024 Peggy Under Exclusive License to AWAL Recordings America, Inc.",0.602,0.764,0,-2.885,1,0.192,0.0213,0,0.216,0.768,145.141,4
spotify:track:5Z6hdVHH39nARjTBfMUVl6,"I'll Be Right There","I LAY DOWN MY LIFE FOR YOU","JPEGMAFIA",2024-08-01,168400,55,true,iarecippo,2024-11-19T11:59:40Z,"experimental hip hop,alternative hip hop,experimental","2024 Peggy Under Exclusive License to AWAL Recordings America, Inc.",0.553,0.874,6,-5.993,1,0.434,0.0447,0,0.904,0.698,151.87,4
spotify:track:74qqnKs6sfAbSwlFECJjOR,"it's dark and hell is hot","I LAY DOWN MY LIFE FOR YOU","JPEGMAFIA",2024-08-01,150280,46,true,iarecippo,2024-11-19T11:59:40Z,"experimental hip hop,alternative hip hop,experimental","2024 Peggy Under Exclusive License to AWAL Recordings America, Inc.",0.845,0.881,11,-3.543,0,0.291,0.0965,0.0000284,0.0599,0.553,174.033,4
spotify:track:4HzV6IvuKEuKdh5O60v52u,"New Black History (feat. Vince Staples)","I LAY DOWN MY LIFE FOR YOU","JPEGMAFIA;Vince Staples",2024-08-01,136666,47,true,iarecippo,2024-11-19T11:59:40Z,"experimental hip hop,alternative hip hop,experimental","2024 Peggy Under Exclusive License to AWAL Recordings America, Inc.",0.779,0.822,0,-3.066,1,0.0603,0.0662,0,0.122,0.89,122.946,4
spotify:track:45e7LGvKvMZVY4zRLTSSmY,"don't rely on other men","I LAY DOWN MY LIFE FOR YOU","JPEGMAFIA",2024-08-01,171906,50,true,iarecippo,2024-11-19T11:59:40Z,"experimental hip hop,alternative hip hop,experimental","2024 Peggy Under Exclusive License to AWAL Recordings America, Inc.",0.631,0.748,8,-3.282,1,0.361,0.00935,0,0.323,0.751,124.082,3
spotify:track:1Z0FllHuwKceEa9wRJKTku,"vulgar display of power","I LAY DOWN MY LIFE FOR YOU","JPEGMAFIA",2024-08-01,172413,47,true,iarecippo,2024-11-19T11:59:40Z,"experimental hip hop,alternative hip hop,experimental","2024 Peggy Under Exclusive License to AWAL Recordings America, Inc.",0.449,0.922,9,-3.907,1,0.0746,0.00398,0.00000902,0.778,0.394,104.873,4
spotify:track:1ZzSRXy86bhxjqwNjSZnko,"Exmilitary","I LAY DOWN MY LIFE FOR YOU","JPEGMAFIA",2024-08-01,301480,48,true,iarecippo,2024-11-19T11:59:40Z,"experimental hip hop,alternative hip hop,experimental","2024 Peggy Under Exclusive License to AWAL Recordings America, Inc.",0.759,0.674,8,-4.863,0,0.174,0.0321,0,0.0952,0.541,144.108,4
spotify:track:4PU87uxvq5whJwrKEIarj0,"JIHAD JOE","I LAY DOWN MY LIFE FOR YOU","JPEGMAFIA",2024-08-01,134186,42,true,iarecippo,2024-11-19T11:59:40Z,"experimental hip hop,alternative hip hop,experimental","2024 Peggy Under Exclusive License to AWAL Recordings America, Inc.",0.369,0.947,1,-3.57,1,0.257,0.00785,0.0000217,0.361,0.53,139.776,4
spotify:track:0NMC6aezcf1GItgscoiQCO,"JPEGULTRA! (feat. Denzel Curry)","I LAY DOWN MY LIFE FOR YOU","JPEGMAFIA;Denzel Curry",2024-08-01,291800,51,true,iarecippo,2024-11-19T11:59:40Z,"experimental hip hop,alternative hip hop,experimental","2024 Peggy Under Exclusive License to AWAL Recordings America, Inc.",0.427,0.932,5,-3.502,1,0.144,0.0225,0.0000227,0.536,0.517,131.427,4
spotify:track:3EWaU5exMayFzQMkIfTX7w,"either on or off the drugs","I LAY DOWN MY LIFE FOR YOU","JPEGMAFIA",2024-08-01,140593,63,true,iarecippo,2024-11-19T11:59:40Z,"experimental hip hop,alternative hip hop,experimental","2024 Peggy Under Exclusive License to AWAL Recordings America, Inc.",0.505,0.605,6,-5.564,0,0.191,0.15,0,0.785,0.631,184.473,3
spotify:track:7tt1X4Tam0dfIgoyympk00,"loop it and leave it","I LAY DOWN MY LIFE FOR YOU","JPEGMAFIA",2024-08-01,120795,49,true,iarecippo,2024-11-19T11:59:40Z,"experimental hip hop,alternative hip hop,experimental","2024 Peggy Under Exclusive License to AWAL Recordings America, Inc.",0.411,0.824,10,-3.526,1,0.037,0.00152,0.00000387,0.157,0.0383,80.067,4
spotify:track:65IOv36iYd3O3Ly4e1Pqrb,"Don't Put Anything On the Bible (feat. Buzzy Lee)","I LAY DOWN MY LIFE FOR YOU","JPEGMAFIA;Buzzy Lee",2024-08-01,244725,46,true,iarecippo,2024-11-19T11:59:40Z,"experimental hip hop,alternative hip hop,experimental","2024 Peggy Under Exclusive License to AWAL Recordings America, Inc.",0.392,0.56,0,-8.903,1,0.0503,0.291,0.000141,0.763,0.39,128.066,4
spotify:track:2f6UtOGwSA1CMuWZi59r8Z,"i recovered from this","I LAY DOWN MY LIFE FOR YOU","JPEGMAFIA",2024-08-01,175128,45,true,iarecippo,2024-11-19T11:59:40Z,"experimental hip hop,alternative hip hop,experimental","2024 Peggy Under Exclusive License to AWAL Recordings America, Inc.",0.359,0.481,6,-9.771,0,0.0398,0.428,0.00000133,0.378,0.429,146.877,4
spotify:track:6Kl4KyWGRrj2rjkyzWTRbQ,"Paradise - 2024 Digital Master","Brotherhood (Definitive Edition)","New Order",2024-11-22,231533,24,false,iarecippo,2024-11-22T18:50:56Z,"new wave,synthpop,post-punk","Rhino",0.563,0.899,11,-7.407,0,0.0399,0.0175,0.457,0.1,0.966,134.498,4
spotify:track:7F2CwxOBxKnvxVDVHaWxiN,"Weirdo - 2024 Digital Master","Brotherhood (Definitive Edition)","New Order",2024-11-22,232853,22,false,iarecippo,2024-11-22T18:50:56Z,"new wave,synthpop,post-punk","Rhino",0.453,0.984,1,-5.786,1,0.0528,0.0113,0.0124,0.313,0.716,148.042,4
spotify:track:4cBI463w955XlcS1PPhDmb,"As It Is When It Was - 2024 Digital Master","Brotherhood (Definitive Edition)","New Order",2024-11-22,226466,21,false,iarecippo,2024-11-22T18:50:56Z,"new wave,synthpop,post-punk","Rhino",0.384,0.942,7,-6.112,1,0.0354,0.0613,0.0451,0.157,0.877,109.356,4
spotify:track:57dWRNgtgWpSxz1oDG1si4,"Broken Promise - 2024 Digital Master","Brotherhood (Definitive Edition)","New Order",2024-11-22,226786,20,false,iarecippo,2024-11-22T18:50:56Z,"new wave,synthpop,post-punk","Rhino",0.427,0.975,11,-5.193,0,0.0582,0.0347,0.00381,0.317,0.638,150.147,4
spotify:track:0lyqNJRQ5c2TpxsVhflNRM,"Way of Life - 2024 Digital Master","Brotherhood (Definitive Edition)","New Order",2024-11-22,248066,19,false,iarecippo,2024-11-22T18:50:56Z,"new wave,synthpop,post-punk","Rhino",0.468,0.964,2,-5.991,1,0.0396,0.0017,0.293,0.0932,0.964,147.785,4
spotify:track:4rfLLpMOQ3hi3KWwFEydmB,"Bizarre Love Triangle - 2024 Digital Master","Brotherhood (Definitive Edition)","New Order",2024-11-22,261545,25,false,iarecippo,2024-11-22T18:50:56Z,"new wave,synthpop,post-punk","Rhino",0.633,0.915,10,-5.844,1,0.0408,0.0777,0.853,0.096,0.921,118.517,4
spotify:track:0tENLjmPZlhQ8mZHaOAhub,"All Day Long - 2024 Digital Master","Brotherhood (Definitive Edition)","New Order",2024-11-22,312773,20,false,iarecippo,2024-11-22T18:50:56Z,"new wave,synthpop,post-punk","Rhino",0.606,0.786,2,-7.222,1,0.0261,0.000785,0.672,0.456,0.725,117.24,4
spotify:track:2q64FIm2fRJKeu9bYE4hg4,"Angel Dust - 2024 Digital Master","Brotherhood (Definitive Edition)","New Order",2024-11-22,223173,19,false,iarecippo,2024-11-22T18:50:56Z,"new wave,synthpop,post-punk","Rhino",0.637,0.885,9,-5.836,0,0.108,0.00167,0.11,0.387,0.322,120.417,4
spotify:track:7LZZgDDf8ijUq02b6AJOjO,"Every Little Counts - 2024 Digital Master","Brotherhood (Definitive Edition)","New Order",2024-11-22,267360,18,false,iarecippo,2024-11-22T18:50:56Z,"new wave,synthpop,post-punk","Rhino",0.705,0.54,0,-10.468,1,0.0327,0.135,0.0252,0.0866,0.65,99.112,4
spotify:track:25QRjMXzJY4gix3ZTCvBg3,"State of the Nation - 2024 Digital Master","Brotherhood (Definitive Edition)","New Order",2024-11-22,394440,17,false,iarecippo,2024-11-22T18:50:56Z,"new wave,synthpop,post-punk","Rhino",0.625,0.862,4,-5.942,0,0.0395,0.00962,0.0148,0.099,0.566,116.054,4
spotify:track:2RYNCqL7JoTNrza6OGwkhS,"Shellshock - AOR Version","Brotherhood (Definitive Edition)","New Order",2024-11-22,360146,18,false,iarecippo,2024-11-22T18:50:56Z,"new wave,synthpop,post-punk","Rhino",0.685,0.92,2,-6.069,0,0.0422,0.0132,0.000307,0.0721,0.771,121.967,4
spotify:track:4IgxdIsay0CSCGkwcb5rgR,"State of the Nation - Japan Demo","Brotherhood (Definitive Edition)","New Order",2024-11-22,427000,16,false,iarecippo,2024-11-22T18:50:56Z,"new wave,synthpop,post-punk","Rhino",0.658,0.947,4,-6.142,0,0.0375,0.0185,0.766,0.101,0.883,115.841,4
spotify:track:6Yphm7y5W90TFiFOTpkOCJ,"Paradise - Robert Racic Remix; 2024 Digital Master","Brotherhood (Definitive Edition)","New Order;Robert Racic",2024-11-22,400733,15,false,iarecippo,2024-11-22T18:50:56Z,"new wave,synthpop,post-punk","Rhino",0.589,0.939,11,-7.021,0,0.0443,0.00695,0.552,0.107,0.868,133.429,4
spotify:track:6cmJMBh8wQ2DKZDzsaaKF1,"As It Is When It Was - Japan Demo","Brotherhood (Definitive Edition)","New Order",2024-11-22,211573,16,false,iarecippo,2024-11-22T18:50:56Z,"new wave,synthpop,post-punk","Rhino",0.39,0.897,7,-5.995,1,0.0289,0.00154,0.0000818,0.113,0.932,111.449,4
spotify:track:3ngSouqHCPWuY3xm5rO680,"Broken Promise - Instrumental","Brotherhood (Definitive Edition)","New Order",2024-11-22,226866,14,false,iarecippo,2024-11-22T18:50:56Z,"new wave,synthpop,post-punk","Rhino",0.427,0.97,0,-5.512,1,0.0403,0.000413,0.931,0.317,0.779,150.077,4
spotify:track:6B7DHmEiwlHXYJi7XzCTH5,"Bizarre Love Triangle - Stephen Hague 12'' Remix","Brotherhood (Definitive Edition)","New Order;Stephen Hague",2024-11-22,347893,23,false,iarecippo,2024-11-22T18:50:56Z,"new wave,synthpop,post-punk","Rhino",0.575,0.957,10,-6.437,1,0.0438,0.00199,0.495,0.0615,0.508,119.231,4
spotify:track:1cH6UEIojWHGVtO8BfNB0F,"All Day Long - Instrumental","Brotherhood (Definitive Edition)","New Order",2024-11-22,333280,14,false,iarecippo,2024-11-22T18:50:56Z,"new wave,synthpop,post-punk","Rhino",0.597,0.797,2,-6.568,1,0.0279,0.0000825,0.909,0.178,0.674,117.19,4
spotify:track:533bXsNAbZbOEEkiQCDN7f,"Evil Dust - 2024 Digital Master","Brotherhood (Definitive Edition)","New Order",2024-11-22,222360,14,false,iarecippo,2024-11-22T18:50:56Z,"new wave,synthpop,post-punk","Rhino",0.541,0.882,9,-7.152,0,0.0613,0.000528,0.00823,0.372,0.337,120.308,4
spotify:track:68qRN3mAodHvcCYQkoNl7Q,"Every Little Counts - Full Length","Brotherhood (Definitive Edition)","New Order",2024-11-22,317333,13,false,iarecippo,2024-11-22T18:50:56Z,"new wave,synthpop,post-punk","Rhino",0.625,0.663,0,-9.643,1,0.0498,0.27,0.0966,0.106,0.665,99.22,4
spotify:track:14L7JrO0N8F9NceVLIYCzU,"Salvation Theme - 2024 Digital Master","Brotherhood (Definitive Edition)","New Order",2024-11-22,134600,13,false,iarecippo,2024-11-22T18:50:56Z,"new wave,synthpop,post-punk","Rhino",0.695,0.499,9,-9.413,0,0.0503,0.737,0.855,0.0577,0.964,178.531,4
spotify:track:6yOPggzzEOd80jnWooQ0jg,"Skullcrusher - Full Length","Brotherhood (Definitive Edition)","New Order",2024-11-22,236560,13,false,iarecippo,2024-11-22T18:50:56Z,"new wave,synthpop,post-punk","Rhino",0.563,0.881,0,-6.818,0,0.0285,0.00921,0.757,0.217,0.952,132.049,4
spotify:track:3uTjrgMlLSnW1QgkfZO4Qt,"Touched by the Hand of God - Salvation Version","Brotherhood (Definitive Edition)","New Order",2024-11-22,302666,17,false,iarecippo,2024-11-22T18:50:56Z,"new wave,synthpop,post-punk","Rhino",0.562,0.958,2,-7.822,0,0.0452,0.00788,0.329,0.073,0.941,111.376,4
spotify:track:0mB36rIFMMq3R4Gma5vI37,"Let's Go - Salvation Version; 2024 Digital Master","Brotherhood (Definitive Edition)","New Order",2024-11-22,224680,14,false,iarecippo,2024-11-22T18:50:56Z,"new wave,synthpop,post-punk","Rhino",0.593,0.964,9,-5.415,0,0.0346,0.146,0.788,0.114,0.96,134.879,4
spotify:track:4Appu68oRMqgGCPx8ewB4r,"Sputnik","Brotherhood (Definitive Edition)","New Order",2024-11-22,152506,13,false,iarecippo,2024-11-22T18:50:56Z,"new wave,synthpop,post-punk","Rhino",0.42,0.2,9,-17.877,0,0.029,0.974,0.88,0.0867,0.119,134.726,1
spotify:track:0LdAh1Ck7LujeO2xTrEHvQ,"Blue Monday 1988 - Michael Johnson 12'' Remix","Brotherhood (Definitive Edition)","New Order;Michael Johnson",2024-11-22,453826,18,false,iarecippo,2024-11-22T18:50:56Z,"new wave,synthpop,post-punk,soft rock","Rhino",0.785,0.674,0,-6.7,1,0.042,0.00029,0.833,0.0795,0.788,130.581,4
spotify:track:5gOfC9UzZQzTyShqPMrpjT,"wacced out murals","GNX","Kendrick Lamar",2024-11-22,317092,70,true,iarecippo,2024-11-22T18:51:03Z,"hip hop,west coast hip hop","pgLang, under exclusive license to Interscope Records",0.761,0.501,9,-10.759,0,0.459,0.249,0,0.136,0.502,81.998,4
spotify:track:0nj9Bq5sHDiTxSHunhgkFb,"squabble up","GNX","Kendrick Lamar",2024-11-22,157992,81,true,iarecippo,2024-11-22T18:51:03Z,"hip hop,west coast hip hop","pgLang, under exclusive license to Interscope Records",0.874,0.672,0,-5.568,1,0.198,0.0206,0,0.0783,0.711,103.921,4
spotify:track:45J4avUb9Ni0bnETYaYFVJ,"luther (with sza)","GNX","Kendrick Lamar;SZA",2024-11-22,177598,82,false,iarecippo,2024-11-22T18:51:03Z,"hip hop,west coast hip hop,r&b","pgLang, under exclusive license to Interscope Records",0.707,0.575,2,-7.546,1,0.125,0.251,0,0.248,0.576,138.008,4
spotify:track:5ho7VSXSmI2KM2nDjcnLyz,"man at the garden","GNX","Kendrick Lamar",2024-11-22,233173,67,true,iarecippo,2024-11-22T18:51:03Z,"hip hop,west coast hip hop","pgLang, under exclusive license to Interscope Records",0.817,0.348,7,-10.213,0,0.29,0.51,0.000119,0.11,0.634,91.997,4
spotify:track:5S8VwnB4sLi6W0lYTWYylu,"hey now (feat. dody6)","GNX","Kendrick Lamar;Dody6",2024-11-22,217478,72,true,iarecippo,2024-11-22T18:51:03Z,"hip hop,west coast hip hop","pgLang, under exclusive license to Interscope Records",0.806,0.358,10,-8.769,1,0.117,0.00443,0.00162,0.412,0.188,102.011,4
spotify:track:0RgjEkSbeuStKfT2Pa4Zai,"reincarnated","GNX","Kendrick Lamar",2024-11-22,275740,70,true,iarecippo,2024-11-22T18:51:03Z,"hip hop,west coast hip hop","pgLang, under exclusive license to Interscope Records",0.846,0.779,7,-5.363,1,0.254,0.0534,0,0.299,0.748,91.118,4
spotify:track:0aB0v4027ukVziUGwVGYpG,"tv off (feat. lefty gunplay)","GNX","Kendrick Lamar;Lefty Gunplay",2024-11-22,220690,85,true,iarecippo,2024-11-22T18:51:03Z,"hip hop,west coast hip hop,mexican hip hop","pgLang, under exclusive license to Interscope Records",0.855,0.529,6,-6.679,0,0.263,0.0837,0,0.423,0.548,100.036,4
spotify:track:4K1Pg0FLno1ltzX3jeqT83,"dodger blue (feat. wallie the sensei, siete7x, roddy ricch)","GNX","Kendrick Lamar;Wallie the Sensei;Siete7x;Roddy Ricch",2024-11-22,131240,70,true,iarecippo,2024-11-22T18:51:03Z,"hip hop,west coast hip hop,melodic rap","pgLang, under exclusive license to Interscope Records",0.796,0.536,6,-7.93,1,0.109,0.0552,0,0.112,0.662,83.492,4
spotify:track:2Uts1QFB4u2YNIMiqcb4de,"peekaboo (feat. azchike)","GNX","Kendrick Lamar;AZ Chike",2024-11-22,155917,76,true,iarecippo,2024-11-22T18:51:03Z,"hip hop,west coast hip hop,hyphy","pgLang, under exclusive license to Interscope Records",0.889,0.298,1,-9.086,1,0.182,0.00306,0.0000126,0.173,0.314,100.042,4
spotify:track:1SGvjfc85yzqKXsfKcCxn2,"heart pt. 6","GNX","Kendrick Lamar",2024-11-22,292461,72,true,iarecippo,2024-11-22T18:51:03Z,"hip hop,west coast hip hop","pgLang, under exclusive license to Interscope Records",0.704,0.647,9,-7.664,1,0.325,0.27,0,0.109,0.585,80.998,4
spotify:track:3aZptNYC6Z1YoumeqZcDcQ,"gnx (feat. hitta j3, youngthreat, peysoh)","GNX","Kendrick Lamar;Hitta J3;YoungThreat;Peysoh",2024-11-22,193539,63,true,iarecippo,2024-11-22T18:51:03Z,"hip hop,west coast hip hop","pgLang, under exclusive license to Interscope Records",0.75,0.556,1,-7.275,1,0.436,0.134,0,0.107,0.736,179.911,4
spotify:track:0wgOhYnqZKjOHr6bmdz0aN,"gloria (with sza)","GNX","Kendrick Lamar;SZA",2024-11-22,287522,69,true,iarecippo,2024-11-22T18:51:03Z,"hip hop,west coast hip hop,r&b","pgLang, under exclusive license to Interscope Records",0.719,0.555,2,-9.785,0,0.27,0.22,0,0.127,0.413,140.07,4
spotify:track:1j8HK8YGrJ8WncFIZqPe69,"Bacuri","Bacuri","Boogarins",2024-11-26,190738,24,false,iarecippo,2024-11-26T11:52:03Z,"neo-psychedelic,new mpb,psychedelic rock,space rock","Boogarins",0.642,0.622,0,-8.562,1,0.0322,0.133,0.735,0.384,0.0692,119.981,4
spotify:track:3XI32uJFfCAY28VD61ey3R,"Corpo Asa","Bacuri","Boogarins",2024-11-26,249392,39,false,iarecippo,2024-11-26T11:52:03Z,"neo-psychedelic,new mpb,psychedelic rock,space rock","Boogarins",0.412,0.867,5,-5.853,1,0.0461,0.0726,0.00213,0.223,0.615,166.006,4
spotify:track:1q2zJPuzfBbMXOR3J5vPzT,"Chuva dos Olhos","Bacuri","Boogarins",2024-11-26,320000,31,false,iarecippo,2024-11-26T11:52:03Z,"neo-psychedelic,new mpb,psychedelic rock,space rock","Boogarins",0.494,0.667,9,-6.451,0,0.0258,0.0147,0.00784,0.105,0.452,91.075,4
spotify:track:16aQl0IzpJ2S9iVGRM7ANS,"Chrystian & Ralf (Só Deus Sabe)","Bacuri","Boogarins",2024-11-26,195791,29,false,iarecippo,2024-11-26T11:52:03Z,"neo-psychedelic,new mpb,psychedelic rock,space rock","Boogarins",0.609,0.763,7,-5.78,1,0.0325,0.295,0.0851,0.119,0.509,115.019,4
spotify:track:779UDsfSTmGdsWsgbU7WiU,"Poeira","Bacuri","Boogarins",2024-11-26,336195,26,false,iarecippo,2024-11-26T11:52:03Z,"neo-psychedelic,new mpb,psychedelic rock,space rock","Boogarins",0.481,0.886,8,-5.584,1,0.0448,0.0127,0.153,0.278,0.352,120.09,3
spotify:track:7dMOtDdMmtKhXsgyyi2C1P,"Me Dê um Som","Bacuri","Boogarins",2024-11-26,241964,27,false,iarecippo,2024-11-26T11:52:03Z,"neo-psychedelic,new mpb,psychedelic rock,space rock","Boogarins",0.299,0.737,0,-7.382,1,0.0499,0.0464,0.0104,0.182,0.331,175.923,4
spotify:track:5RQqVLl8fwIaPu4h2hqmcn,"Amor de Indie","Bacuri","Boogarins",2024-11-26,300000,24,false,iarecippo,2024-11-26T11:52:03Z,"neo-psychedelic,new mpb,psychedelic rock,space rock","Boogarins",0.491,0.837,11,-7.173,1,0.0484,0.00534,0.529,0.32,0.398,119.102,3
spotify:track:0BkXvmG0MYvu49PQPnwwyt,"Compartir","Bacuri","Boogarins",2024-11-26,228947,23,false,iarecippo,2024-11-26T11:52:03Z,"neo-psychedelic,new mpb,psychedelic rock,space rock","Boogarins",0.597,0.672,4,-7.226,0,0.0276,0.11,0.0873,0.687,0.397,107.014,4
spotify:track:5b9RZFlk4NKz0nItkclxJV,"Crescer","Bacuri","Boogarins",2024-11-26,124477,20,false,iarecippo,2024-11-26T11:52:03Z,"neo-psychedelic,new mpb,psychedelic rock,space rock","Boogarins",0.594,0.942,1,-5.716,0,0.08,0.0348,0.904,0.205,0.263,119.174,1
spotify:track:2liTO74fcsB8RUJt9aLxBJ,"Deixa","Bacuri","Boogarins",2024-11-26,278801,26,false,iarecippo,2024-11-26T11:52:03Z,"neo-psychedelic,new mpb,psychedelic rock,space rock","Boogarins",0.547,0.762,0,-5.009,1,0.0391,0.0316,0.00467,0.079,0.299,129.022,4
spotify:track:188JTF6dEXKksYBt9t05TJ,"Summer 2000 Baby","Fauxllennium","TV Girl;George Clanton",2024-12-02,242410,57,false,iarecippo,2024-12-08T23:11:45Z,"vaporwave,chillwave,plunderphonics","Blissful Serenity Industries, LLC",0.577,0.952,1,-4.076,1,0.0658,0.00386,0.0204,0.172,0.566,100.03,4
spotify:track:1AaS0TTkUM9kJemKoPcAbE,"Everything Blue","Fauxllennium","TV Girl;George Clanton",2024-12-02,222520,57,false,iarecippo,2024-12-08T23:11:45Z,"vaporwave,chillwave,plunderphonics","Blissful Serenity Industries, LLC",0.58,0.973,6,-5.422,0,0.07,0.00146,0.27,0.681,0.561,96.981,4
spotify:track:6m7cJtdIvS7AiL7QvyOHwS,"Fauxllennium","Fauxllennium","TV Girl;George Clanton",2024-12-02,188533,54,true,iarecippo,2024-12-08T23:11:45Z,"vaporwave,chillwave,plunderphonics","Blissful Serenity Industries, LLC",0.631,0.965,7,-5.09,1,0.121,0.00365,0.353,0.684,0.357,97.023,4
spotify:track:6QS2LVMAXz7FmjYxWGJU8M,"Butterflies","Fauxllennium","TV Girl;George Clanton;Jordana",2024-12-02,250624,50,false,iarecippo,2024-12-08T23:11:45Z,"vaporwave,chillwave,plunderphonics","Blissful Serenity Industries, LLC",0.559,0.953,3,-6.75,1,0.0507,0.00228,0.34,0.253,0.557,124.982,4
spotify:track:1KbpVvPiLAt1Wsh5gr2YKM,"Take a Trip","Fauxllennium","TV Girl;George Clanton",2024-12-02,239999,48,false,iarecippo,2024-12-08T23:11:45Z,"vaporwave,chillwave,plunderphonics","Blissful Serenity Industries, LLC",0.599,0.939,7,-9.282,1,0.0925,0.106,0.467,0.104,0.275,164.977,4
spotify:track:7aiYQH8aNzAgpSGQteq78e,"The Sweet Life","Fauxllennium","TV Girl;George Clanton",2024-12-02,251545,43,false,iarecippo,2024-12-08T23:11:45Z,"vaporwave,chillwave,plunderphonics","Blissful Serenity Industries, LLC",0.458,0.824,0,-8.935,1,0.0554,0.151,0.428,0.213,0.548,167.99,4
spotify:track:6MClJYRD7op0WvDuBGWsMn,"Yesterday's World","Fauxllennium","TV Girl;George Clanton",2024-12-02,246613,45,false,iarecippo,2024-12-08T23:11:45Z,"vaporwave,chillwave,plunderphonics","Blissful Serenity Industries, LLC",0.707,0.929,8,-3.951,1,0.0862,0.00218,0.535,0.501,0.525,111.999,4
spotify:track:3umL9a9A3CiKHHTl8vT7nf,"DZ7","4x4","Mu540;Garimpos",2024-11-27,303750,35,false,iarecippo,2024-12-13T22:41:00Z,"brazilian trap,trap funk,trap,brazilian hip hop","Mu540 Produções / EMPIRE",0.801,0.77,6,-6.102,0,0.0714,0.0541,0.00468,0.0684,0.398,128.004,4
spotify:track:7ikwjOjucTfXiqY8CAEywQ,"06:40 AM","4x4","Mu540;Mc Laranjinha;Cave",2024-11-27,300000,35,false,iarecippo,2024-12-13T22:41:00Z,"brazilian trap,trap funk,trap,brazilian hip hop,funk de bh,brazilian funk,funk consciente,brega funk","Mu540 Produções / EMPIRE",0.799,0.873,8,-9.22,0,0.348,0.133,0.000255,0.111,0.36,127.959,4
spotify:track:1En6XKu8iwWY4ZXczjplY2,"XRC no Chão","4x4","Mu540;Mc Gw",2024-11-27,239625,26,false,iarecippo,2024-12-13T22:41:00Z,"brazilian trap,trap funk,trap,brazilian hip hop,brazilian funk,phonk,brazilian phonk,funk carioca,funk bruxaria,brega funk","Mu540 Produções / EMPIRE",0.954,0.5,1,-6.603,1,0.2,0.35,0.0042,0.0573,0.322,130.044,4
spotify:track:6iO0l0yltmjCk5PfT0bqNl,"Vou Te Comer Doidão","4x4","Mu540;Mc Gw",2024-11-27,295384,31,false,iarecippo,2024-12-13T22:41:00Z,"brazilian trap,trap funk,trap,brazilian hip hop,brazilian funk,phonk,brazilian phonk,funk carioca,funk bruxaria,brega funk","Mu540 Produções / EMPIRE",0.875,0.809,9,-4.258,0,0.106,0.151,0.222,0.0734,0.496,129.975,4
spotify:track:0fttDxvPa0eKVXim9yTVkA,"Rebola no Pau","4x4","Mu540;Mc Gw",2024-11-27,339600,24,false,iarecippo,2024-12-13T22:41:00Z,"brazilian trap,trap funk,trap,brazilian hip hop,brazilian funk,phonk,brazilian phonk,funk carioca,funk bruxaria,brega funk","Mu540 Produções / EMPIRE",0.855,0.825,1,-5.54,0,0.0879,0.155,0.258,0.043,0.408,125.006,4
spotify:track:1X3YhGIttsGUi7coP0Led5,"Pompoarismo","4x4","Mu540;Bia Soull",2024-11-27,152629,53,false,iarecippo,2024-12-13T22:41:00Z,"brazilian trap,trap funk,trap,brazilian hip hop","Mu540 Produções / EMPIRE",0.794,0.71,5,-7.131,0,0.445,0.474,0.00000747,0.118,0.518,140.024,4
spotify:track:3dMVb8cl56e3tD4FWkUp37,"Ta No Meu Nome","4x4","Mu540;Mih",2024-11-27,180000,19,false,iarecippo,2024-12-13T22:41:00Z,"brazilian trap,trap funk,trap,brazilian hip hop,brazilian funk","Mu540 Produções / EMPIRE",0.734,0.606,5,-4.167,0,0.129,0.286,0.0000217,0.0685,0.737,127.282,4
spotify:track:0cjJT28nGW2tXUFbv4KVa7,"Six Am","Live At The Fonda","Inner Wave",2020-01-31,126589,0,false,iarecippo,2024-12-24T20:39:41Z,"","Inner Wave",0.642,0.536,10,-8.671,1,0.0323,0.00931,0.0251,0.722,0.843,102.482,4
spotify:track:1yavd0JU7eeqIxRebB9qKN,"88","Live At The Fonda","Inner Wave",2020-01-31,248819,0,false,iarecippo,2024-12-24T20:39:41Z,"","Inner Wave",0.582,0.692,4,-7.84,0,0.0385,0.352,0.0556,0.258,0.233,112.766,4
spotify:track:4DLnR4xkY6Sl0p4KFY61w1,"Jerry","Live At The Fonda","Inner Wave",2020-01-31,212761,0,false,iarecippo,2024-12-24T20:39:41Z,"","Inner Wave",0.571,0.876,7,-7.304,1,0.0303,0.409,0.368,0.815,0.62,132.311,4
spotify:track:1xZqcgyBN0y9Y0f5EtwTv5,"2031","Live At The Fonda","Inner Wave",2020-01-31,158821,0,false,iarecippo,2024-12-24T20:39:41Z,"","Inner Wave",0.624,0.752,1,-7.224,0,0.0443,0.368,0.0181,0.717,0.621,115.883,4
spotify:track:4yhN3OudJOLUY9dZ9MbWdZ,"Conversations","Live At The Fonda","Inner Wave",2020-01-31,365888,0,false,iarecippo,2024-12-24T20:39:41Z,"","Inner Wave",0.35,0.614,2,-7.452,1,0.0323,0.481,0.0513,0.66,0.147,125.989,3
spotify:track:5EyYyfHOHzrbti239hAjYT,"Bower","Live At The Fonda","Inner Wave",2020-01-31,179478,0,false,iarecippo,2024-12-24T20:39:41Z,"","Inner Wave",0.346,0.798,1,-6.425,0,0.0546,0.463,0.939,0.605,0.81,176.727,4
spotify:track:2hjDWwYS8sFvWs6r9fSDcJ,"American Spirits","Live At The Fonda","Inner Wave",2020-01-31,166080,0,false,iarecippo,2024-12-24T20:39:41Z,"","Inner Wave",0.432,0.954,1,-5.73,0,0.0441,0.139,0.0316,0.78,0.834,158.226,4
spotify:track:48TbDlWlwgQqEnWSbiWWc5,"Jam","Live At The Fonda","Inner Wave",2020-01-31,69009,0,false,iarecippo,2024-12-24T20:39:41Z,"","Inner Wave",0.413,0.496,2,-11.926,1,0.0274,0.365,0.909,0.652,0.147,97.435,4
spotify:track:5x4oewhy2LRnXI47TzuPWW,"Oof","Live At The Fonda","Inner Wave",2020-01-31,224719,0,false,iarecippo,2024-12-24T20:39:41Z,"","Inner Wave",0.553,0.503,2,-7.872,0,0.0342,0.87,0.00644,0.131,0.468,129.811,4
spotify:track:4sSYGVUCOxM2JvPsSpvJmD,"Diamond Eyes","Live At The Fonda","Inner Wave",2020-01-31,307133,0,false,iarecippo,2024-12-24T20:39:41Z,"","Inner Wave",0.528,0.787,11,-7.701,0,0.0367,0.211,0.601,0.883,0.367,108.738,4
spotify:track:4AXT6z35fa0qyA5K6tNBri,"Buffalo","Live At The Fonda","Inner Wave",2020-01-31,288548,0,false,iarecippo,2024-12-24T20:39:41Z,"","Inner Wave",0.341,0.625,9,-8.004,1,0.0609,0.554,0.485,0.819,0.453,127.747,4
spotify:track:0wyuzcFDbyhAT7KcSgoSET,"Song 3","Live At The Fonda","Inner Wave",2020-01-31,194890,0,false,iarecippo,2024-12-24T20:39:41Z,"","Inner Wave",0.383,0.774,9,-6.881,0,0.0373,0.284,0.0708,0.386,0.387,113.946,4
spotify:track:3bI1JnJRQzT8V8y1kweFIR,"1 4 2","Live At The Fonda","Inner Wave",2020-01-31,330385,0,false,iarecippo,2024-12-24T20:39:41Z,"","Inner Wave",0.602,0.638,0,-9.667,1,0.0578,0.0887,0.0136,0.192,0.198,107.003,4
spotify:track:5Xl0eOqHLEciqAIokqQ6oE,"Eclipse","Live At The Fonda","Inner Wave",2020-01-31,307537,0,false,iarecippo,2024-12-24T20:39:41Z,"","Inner Wave",0.42,0.551,11,-8.836,0,0.0359,0.203,0.0557,0.277,0.0591,120.49,4
spotify:track:3obGrchYRmtO5rk4O2ZtLZ,"No More Hiding","SOS Deluxe: LANA","SZA",2024-12-20,162662,57,true,iarecippo,2024-12-26T12:36:24Z,"r&b","Top Dawg Entertainment/RCA Records",0.516,0.292,2,-12.991,0,0.0439,0.982,0.811,0.118,0.643,161.951,3
spotify:track:6jTQijAuYxOd8DjQ8D6UkL,"What Do I Do","SOS Deluxe: LANA","SZA",2024-12-20,167448,67,true,iarecippo,2024-12-26T12:36:24Z,"r&b","Top Dawg Entertainment/RCA Records",0.68,0.543,8,-8.308,1,0.0505,0.536,0.000929,0.164,0.66,146.037,4
spotify:track:3aSWXU6owkZeVhh94XxEWO,"30 For 30 (with Kendrick Lamar)","SOS Deluxe: LANA","SZA;Kendrick Lamar",2024-12-20,278277,78,true,iarecippo,2024-12-26T12:36:24Z,"r&b,hip hop,west coast hip hop","Top Dawg Entertainment/RCA Records",0.714,0.415,1,-10.338,0,0.0634,0.758,0.000112,0.133,0.506,140.059,4
spotify:track:0SCIwbS0Q4etwJmDyNjHaQ,"Diamond Boy (DTM)","SOS Deluxe: LANA","SZA",2024-12-20,217523,65,true,iarecippo,2024-12-26T12:36:24Z,"r&b","Top Dawg Entertainment/RCA Records",0.642,0.374,1,-11.73,0,0.048,0.827,0.000288,0.0997,0.397,133.041,4
spotify:track:3U3hFkMr0Q90pD24EkE3Pr,"BMF","SOS Deluxe: LANA","SZA",2024-12-20,180746,78,true,iarecippo,2024-12-26T12:36:24Z,"r&b","Top Dawg Entertainment/RCA Records",0.792,0.55,10,-8.528,0,0.0307,0.506,0.0166,0.087,0.972,128.023,4
spotify:track:2E7a96qey4AzSOdK6H21vS,"Scorsese Baby Daddy","SOS Deluxe: LANA","SZA",2024-12-20,153911,69,true,iarecippo,2024-12-26T12:36:24Z,"r&b","Top Dawg Entertainment/RCA Records",0.746,0.728,4,-6.75,1,0.0299,0.464,0.0000201,0.103,0.795,103.991,4
spotify:track:7eCVm5KcpFrDhx6XHkF3t6,"Love Me 4 Me","SOS Deluxe: LANA","SZA",2024-12-20,185749,56,true,iarecippo,2024-12-26T12:36:24Z,"r&b","Top Dawg Entertainment/RCA Records",0.61,0.576,11,-10.319,0,0.0319,0.339,0.00128,0.181,0.592,147.957,4
spotify:track:0qpdzfTxAkOREtvvGO5oew,"Chill Baby","SOS Deluxe: LANA","SZA",2024-12-20,140637,64,true,iarecippo,2024-12-26T12:36:24Z,"r&b","Top Dawg Entertainment/RCA Records",0.376,0.441,0,-10.82,0,0.0629,0.497,0.0826,0.125,0.174,173.364,3
spotify:track:4avmVqU2f00LGiYMuOAuVy,"My Turn","SOS Deluxe: LANA","SZA",2024-12-20,177242,57,false,iarecippo,2024-12-26T12:36:24Z,"r&b","Top Dawg Entertainment/RCA Records",0.54,0.532,11,-9.081,0,0.11,0.375,0,0.103,0.621,82.308,4
spotify:track:1g7pFO1WtclKCuIQiS8sNM,"Crybaby","SOS Deluxe: LANA","SZA",2024-12-20,241948,72,true,iarecippo,2024-12-26T12:36:24Z,"r&b","Top Dawg Entertainment/RCA Records",0.252,0.482,1,-9.817,1,0.0395,0.658,0.188,0.113,0.426,179.603,3
spotify:track:3VPeA7IW68QRNTfgzb6biZ,"Kitchen","SOS Deluxe: LANA","SZA",2024-12-20,172171,64,true,iarecippo,2024-12-26T12:36:24Z,"r&b","Top Dawg Entertainment/RCA Records",0.626,0.386,2,-11.323,1,0.0269,0.694,0.00171,0.0811,0.543,80.042,4
spotify:track:4UW1Vk7hrZNyGCOmd6qQrH,"Get Behind Me (Interlude)","SOS Deluxe: LANA","SZA",2024-12-20,108095,49,true,iarecippo,2024-12-26T12:36:24Z,"r&b","Top Dawg Entertainment/RCA Records",0.486,0.583,0,-10.445,1,0.03,0.669,0.0000842,0.38,0.499,100.208,4
spotify:track:2qYbtIf8dRkBkKIcZVGFDq,"Drive","SOS Deluxe: LANA","SZA",2024-12-20,185132,66,true,iarecippo,2024-12-26T12:36:24Z,"r&b","Top Dawg Entertainment/RCA Records",0.66,0.32,11,-12.591,1,0.0467,0.955,0.0000281,0.0971,0.526,136.002,4
spotify:track:4tfOoCcYPtb08J5HWlSo3r,"Another Life","SOS Deluxe: LANA","SZA",2024-12-20,205214,68,true,iarecippo,2024-12-26T12:36:24Z,"r&b","Top Dawg Entertainment/RCA Records",0.332,0.45,7,-8.664,1,0.045,0.68,0.00000883,0.116,0.357,215.338,3
spotify:track:040I32EKLxQrkuxQu1pqvT,"Saturn","SOS Deluxe: LANA","SZA",2024-12-20,186191,84,false,iarecippo,2024-12-26T12:36:24Z,"r&b","Top Dawg Entertainment/RCA Records",0.557,0.577,1,-7.514,1,0.027,0.64,0,0.104,0.328,89.111,4
spotify:track:3bfPZagJDhGPzmUJiX19VU,"I Look for You","Acts of Faith","SAULT",2024-12-25,191120,34,false,iarecippo,2024-12-28T13:54:41Z,"","Forever Living Originals",0.837,0.611,0,-8.463,1,0.0329,0.724,0.777,0.188,0.696,105.582,4
spotify:track:30xpmu9sCTvKrKq2gzQUfx,"Set Your Spirit Free","Acts of Faith","SAULT",2024-12-25,172760,34,false,iarecippo,2024-12-28T13:54:41Z,"","Forever Living Originals",0.349,0.801,6,-7.002,1,0.0388,0.683,0.382,0.173,0.386,105.63,4
spotify:track:3zEMPuCA7upPPNFUdvnvFv,"God Will Help You Heal","Acts of Faith","SAULT",2024-12-25,175000,30,false,iarecippo,2024-12-28T13:54:41Z,"","Forever Living Originals",0.686,0.613,1,-8.017,1,0.0263,0.564,0.0257,0.175,0.834,105.538,4
spotify:track:2iZlp2nnIWvgmjq4DVKrKj,"Heal","Acts of Faith","SAULT",2024-12-25,125013,32,false,iarecippo,2024-12-28T13:54:41Z,"","Forever Living Originals",0.692,0.586,3,-8.995,0,0.03,0.671,0.917,0.134,0.942,105.602,4
spotify:track:31WgPbuEZQJ1zrWZPZ4SmJ,"Soul Clean","Acts of Faith","SAULT",2024-12-25,90893,39,false,iarecippo,2024-12-28T13:54:41Z,"","Forever Living Originals",0.892,0.493,6,-7.834,0,0.0863,0.0307,0.7,0.113,0.676,105.584,4
spotify:track:7zEaS3NqvThKBNSpvQ1dBe,"The Lesson Is Over","Acts of Faith","SAULT",2024-12-25,329480,29,false,iarecippo,2024-12-28T13:54:41Z,"","Forever Living Originals",0.582,0.557,0,-8.889,1,0.0327,0.292,0.838,0.11,0.741,105.583,4
spotify:track:029DgHoyQFzA8gGvNOha3U,"Someone to Love You","Acts of Faith","SAULT",2024-12-25,181813,42,false,iarecippo,2024-12-28T13:54:41Z,"","Forever Living Originals",0.75,0.528,8,-10.93,0,0.0402,0.388,0.275,0.168,0.767,105.622,4
spotify:track:23qFP1flrX13FA6R0ji1H1,"Signs","Acts of Faith","SAULT",2024-12-25,228546,38,false,iarecippo,2024-12-28T13:54:41Z,"","Forever Living Originals",0.713,0.586,9,-8.568,1,0.0361,0.106,0.164,0.087,0.795,105.368,4
spotify:track:78SFRnKmI86Hyq0pdO7j9f,"Pray for Me","Acts of Faith","SAULT",2024-12-25,434758,46,false,iarecippo,2024-12-28T13:54:41Z,"","Forever Living Originals",0.326,0.355,8,-8.872,1,0.0315,0.355,0.00217,0.0668,0.293,101.9,4
