Track URI,Track Name,Album Name,Artist Name(s),Release Date,Duration (ms),Popularity,Explicit,Added By,Added At,Genres,Record Label,Danceability,Energy,Key,Loudness,Mode,Speechiness,Acousticness,Instrumentalness,Liveness,Valence,Tempo,Time Signature
spotify:track:5TFD2bmFKGhoCRbX61nXY5,"NUEVAYoL","DeBÍ TiRAR MáS FOToS","Bad Bunny",2025-01-05,183685,95,false,iarecippo,2025-01-06T14:48:29Z,"reggaeton,trap latino,latin,urbano latino","Rimas Entertainment LLC.",0.142,0.195,6,-20.024,1,0.139,0.265,0.995,0.204,0.12,137.922,4
spotify:track:59D4DOkspUbWyMmbAPQkxZ,"VOY A LLeVARTE PA PR","DeBÍ TiRAR MáS FOToS","Bad Bunny",2025-01-05,156364,89,true,iarecippo,2025-01-06T14:48:29Z,"reggaeton,trap latino,latin,urbano latino","Rimas Entertainment LLC.",0.148,0.604,7,-35.032,1,0.0588,0.921,0.453,0.405,0.00001,106.295,3
spotify:track:2lTm559tuIvatlT1u0JYG2,"BAILE INoLVIDABLE","DeBÍ TiRAR MáS FOToS","Bad Bunny",2025-01-05,367725,95,true,iarecippo,2025-01-06T14:48:29Z,"reggaeton,trap latino,latin,urbano latino","Rimas Entertainment LLC.",0.168,0.00332,10,-46.113,1,0.0615,0.192,0.79,0.112,0.219,119.387,3
spotify:track:1Q9Efnm5csdCMFynISxL2x,"PERFuMITO NUEVO","DeBÍ TiRAR MáS FOToS","Bad Bunny;RaiNao",2025-01-05,200680,82,true,iarecippo,2025-01-06T14:48:29Z,"reggaeton,trap latino,latin,urbano latino","Rimas Entertainment LLC.",0.513,0.0302,0,-33.8,1,0.0701,0.996,0.977,0.15,0.557,120.026,1
spotify:track:5WEF0icHWmAZBBMglBd599,"WELTiTA","DeBÍ TiRAR MáS FOToS","Bad Bunny;Chuwi",2025-01-05,187507,85,false,iarecippo,2025-01-06T14:48:29Z,"reggaeton,trap latino,latin,urbano latino","Rimas Entertainment LLC.",0.458,0.297,4,-32.354,0,0.6,0.866,0.329,0.346,0.357,96.14,3
spotify:track:7d6yK8v8J484SWH5prIQiE,"VeLDÁ","DeBÍ TiRAR MáS FOToS","Bad Bunny;Omar Courtz;Dei V",2025-01-05,235336,90,true,iarecippo,2025-01-06T14:48:29Z,"reggaeton,trap latino,latin,urbano latino","Rimas Entertainment LLC.",0.613,0.981,1,-18.638,1,0.149,0.29,0.0023,0.437,0.0337,101.852,3
spotify:track:0iKo4pNNjHHdKUcFARlfCa,"EL CLúB","DeBÍ TiRAR MáS FOToS","Bad Bunny",2025-01-05,222568,80,true,iarecippo,2025-01-06T14:48:29Z,"reggaeton,trap latino,latin,urbano latino","Rimas Entertainment LLC.",0.516,0.611,10,-5.486,0,0.0555,0.458,0.0000534,0.113,0.261,110.744,4
spotify:track:4c2Pc0NrfkesPR0jff6q3F,"KETU TeCRÉ","DeBÍ TiRAR MáS FOToS","Bad Bunny",2025-01-05,250789,81,true,iarecippo,2025-01-06T14:48:29Z,"reggaeton,trap latino,latin,urbano latino","Rimas Entertainment LLC.",0.27,0.277,8,-32.187,1,0.0477,0.0177,0.485,0.111,0.082,111.353,3
spotify:track:79x7xtoCLpf6l32Zz6mWo4,"BOKeTE","DeBÍ TiRAR MáS FOToS","Bad Bunny",2025-01-05,215983,81,true,iarecippo,2025-01-06T14:48:29Z,"reggaeton,trap latino,latin,urbano latino","Rimas Entertainment LLC.",0.4,0.07,1,-32.756,1,0.0456,0.194,0.956,0.116,0.0344,124.927,4
spotify:track:4MUrUT38U98olfnyzMBCzm,"KLOuFRENS","DeBÍ TiRAR MáS FOToS","Bad Bunny",2025-01-05,199114,87,true,iarecippo,2025-01-06T14:48:29Z,"reggaeton,trap latino,latin,urbano latino","Rimas Entertainment LLC.",0.326,0.125,1,-32.45,1,0.148,0.703,0.706,0.18,0.306,106.974,4
spotify:track:7tCuCjhxzjX2XCz4JiiAsp,"TURiSTA","DeBÍ TiRAR MáS FOToS","Bad Bunny",2025-01-05,190028,81,false,iarecippo,2025-01-06T14:48:29Z,"reggaeton,trap latino,latin,urbano latino","Rimas Entertainment LLC.",0.358,0.12,8,-30.487,1,0.523,0.456,0.0653,0.146,0.318,90.929,3
spotify:track:6VNXmo59yDYgcwLS17UNAW,"CAFé CON RON","DeBÍ TiRAR MáS FOToS","Bad Bunny;Los Pleneros de la Cresta",2025-01-05,228836,86,false,iarecippo,2025-01-06T14:48:29Z,"reggaeton,trap latino,latin,urbano latino","Rimas Entertainment LLC.",0.328,0.153,9,-26.802,1,0.0564,0.148,0.00000128,0.397,0.0376,95.506,4
spotify:track:14QaXYIK3K3QPtezqxRRPN,"PIToRRO DE COCO","DeBÍ TiRAR MáS FOToS","Bad Bunny",2025-01-05,206627,79,false,iarecippo,2025-01-06T14:48:29Z,"reggaeton,trap latino,latin,urbano latino","Rimas Entertainment LLC.",0.636,0.667,7,-4.708,1,0.0323,0.25,0.00000695,0.116,0.544,97.769,4
spotify:track:1Hg0e997pObvZ91w1FCPFk,"LO QUE LE PASÓ A HAWAii","DeBÍ TiRAR MáS FOToS","Bad Bunny",2025-01-05,229381,80,false,iarecippo,2025-01-06T14:48:29Z,"reggaeton,trap latino,latin,urbano latino","Rimas Entertainment LLC.",0.0939,0.00174,11,-54.341,1,0.0638,0.247,0.000195,0.245,0.0679,82.653,4
spotify:track:6J5kc12BW5HuP3d7C3vvx8,"EoO","DeBÍ TiRAR MáS FOToS","Bad Bunny",2025-01-05,204768,94,true,iarecippo,2025-01-06T14:48:29Z,"reggaeton,trap latino,latin,urbano latino","Rimas Entertainment LLC.",0.36,0.464,10,-29.598,0,0.0702,0.749,0.859,0.0825,0.184,63.662,4
spotify:track:3sK8wGT43QFpWrvNQsrQya,"DtMF","DeBÍ TiRAR MáS FOToS","Bad Bunny",2025-01-05,237117,96,true,iarecippo,2025-01-06T14:48:29Z,"reggaeton,trap latino,latin,urbano latino","Rimas Entertainment LLC.",0.625,0.131,7,-27.405,0,0.0717,0.177,0.218,0.0807,0.032,136.02,4
spotify:track:3G7agPwWfcORnWCAGMDOpm,"LA MuDANZA","DeBÍ TiRAR MáS FOToS","Bad Bunny",2025-01-05,213010,83,true,iarecippo,2025-01-06T14:48:29Z,"reggaeton,trap latino,latin,urbano latino","Rimas Entertainment LLC.",0.565,0.926,7,-5.607,1,0.0573,0.975,0.944,0.131,0.971,173.978,3
spotify:track:3V0PgcsUMlAGXwCD0084pY,"pink diamond","how i'm feeling now","Charli xcx",2020-05-15,124066,62,false,iarecippo,2025-01-06T15:23:37Z,"hyperpop,art pop","Atlantic Records UK",0.675,0.787,11,-2.468,0,0.334,0.0693,0,0.0494,0.647,140.959,4
spotify:track:5GsJIVCBFjhCcUwJaTW2sB,"forever","how i'm feeling now","Charli xcx",2020-05-15,243672,61,false,iarecippo,2025-01-06T15:23:37Z,"hyperpop,art pop","Atlantic Records UK",0.577,0.927,1,-3.195,0,0.107,0.578,0,0.116,0.462,87.389,4
spotify:track:7Dexi5Z2IowCkHrnzlWysc,"claws","how i'm feeling now","Charli xcx",2020-05-15,149390,65,false,iarecippo,2025-01-06T15:23:37Z,"hyperpop,art pop","Atlantic Records UK",0.707,0.771,10,-4.246,1,0.038,0.036,0.0000687,0.547,0.629,135.049,4
spotify:track:4jQDJPgw3qkc1T2f1safdy,"7 years","how i'm feeling now","Charli xcx;BJ Burton",2020-05-15,195026,54,false,iarecippo,2025-01-06T15:23:37Z,"hyperpop,art pop","Atlantic Records UK",0.671,0.786,11,-2.211,1,0.221,0.343,0.00000121,0.345,0.659,160.054,4
spotify:track:1M6VHCglQ2PLWeAsyhgEUH,"detonate","how i'm feeling now","Charli xcx",2020-05-15,219426,63,false,iarecippo,2025-01-06T15:23:37Z,"hyperpop,art pop","Atlantic Records UK",0.648,0.74,5,-6.188,1,0.0364,0.45,0.000145,0.104,0.68,140.026,4
spotify:track:51qNCY0lUymE88LPDUqFXd,"enemy","how i'm feeling now","Charli xcx",2020-05-15,222991,54,false,iarecippo,2025-01-06T15:23:37Z,"hyperpop,art pop","Atlantic Records UK",0.69,0.661,4,-4.274,0,0.0343,0.00449,0.00389,0.154,0.222,91.519,4
spotify:track:2PBcNVg8jB1e5kVkjXJyZ5,"i finally understand","how i'm feeling now","Charli xcx",2020-05-15,151803,53,false,iarecippo,2025-01-06T15:23:37Z,"hyperpop,art pop","Atlantic Records UK",0.809,0.666,1,-4.977,1,0.148,0.167,0.00829,0.0769,0.762,160.022,4
spotify:track:5gNTRfMRPZg1U07j7KSSaG,"c2.0","how i'm feeling now","Charli xcx",2020-05-15,220933,56,false,iarecippo,2025-01-06T15:23:37Z,"hyperpop,art pop","Atlantic Records UK",0.435,0.588,4,-8.024,1,0.337,0.404,0,0.0897,0.688,85.052,4
spotify:track:2RdEC8Ff83WkX7kDVCHseE,"party 4 u","how i'm feeling now","Charli xcx",2020-05-15,296653,85,false,iarecippo,2025-01-06T15:23:37Z,"hyperpop,art pop","Atlantic Records UK",0.579,0.522,1,-8.393,1,0.0993,0.761,0.0000141,0.655,0.245,79.453,4
spotify:track:2ljvO8ZpKFMT3HXwCjW4Yw,"anthems","how i'm feeling now","Charli xcx",2020-05-15,171813,64,false,iarecippo,2025-01-06T15:23:37Z,"hyperpop,art pop","Atlantic Records UK",0.643,0.866,9,-4.364,1,0.0752,0.00224,0.00000569,0.218,0.391,149.887,4
spotify:track:5oZIhePTCzvWskktjYgdjr,"visions","how i'm feeling now","Charli xcx",2020-05-15,229586,56,false,iarecippo,2025-01-06T15:23:37Z,"hyperpop,art pop","Atlantic Records UK",0.677,0.786,9,-6.587,1,0.0467,0.00136,0.0000545,0.326,0.28,139.917,4
spotify:track:77dEUuv2rb3Kr5aUPtL59A,"Batukerê","O Mundo Dá Voltas","BaianaSystem;Dino d'Santiago;Antonio Carlos & Jocafi",2025-01-16,230217,0,false,iarecippo,2025-01-17T00:51:48Z,"new mpb,brazilian pop,axé,portuguese hip hop,kizomba,samba","Máquina de Louco",0.734,0.806,5,-5.127,0,0.161,0.0986,0.0000211,0.654,0.733,99.967,4
spotify:track:0MsX3PcYtQCNqzsAsOFv3f,"A Laje","O Mundo Dá Voltas","BaianaSystem;Emicida;Melly;Kandace Lindsey",2025-01-16,342928,0,false,iarecippo,2025-01-17T00:51:48Z,"new mpb,brazilian pop,axé,brazilian hip hop","Máquina de Louco",0.627,0.895,1,-4.188,1,0.117,0.0417,0.00000272,0.544,0.766,169.978,4
spotify:track:6bYpPrbOfj5dtqcoIoe6LR,"Intro Praia","O Mundo Dá Voltas","BaianaSystem;Antonio Carlos & Jocafi",2025-01-16,49994,0,false,iarecippo,2025-01-17T00:51:48Z,"new mpb,brazilian pop,axé,samba","Máquina de Louco",0.497,0.794,3,-10.975,1,0.431,0.858,0,0.814,0.56,125.595,4
spotify:track:0VT77POdacAUVrokavr1Jy,"Praia do Futuro","O Mundo Dá Voltas","BaianaSystem;Seu Jorge;Antonio Carlos & Jocafi",2025-01-16,321115,0,false,iarecippo,2025-01-17T00:51:48Z,"new mpb,brazilian pop,axé,mpb,samba,pagode","Máquina de Louco",0.611,0.861,5,-5.013,1,0.0347,0.171,0.313,0.551,0.443,95.008,4
spotify:track:2bo0vY7qMn7fjDP753RtjQ,"Porta-Retrato da Família Brasileira","O Mundo Dá Voltas","BaianaSystem;Dino d'Santiago;Kalaf Epalanga",2025-01-16,242654,0,false,iarecippo,2025-01-17T00:51:48Z,"new mpb,brazilian pop,axé,portuguese hip hop,kizomba","Máquina de Louco",0.699,0.825,1,-4.766,1,0.0472,0.0175,0,0.0883,0.534,160.005,4
spotify:track:78AT8OJhX0LcbF6NA6oDbS,"Magnata","O Mundo Dá Voltas","BaianaSystem;Buguinha Dub",2025-01-16,166776,0,false,iarecippo,2025-01-17T00:51:48Z,"new mpb,brazilian pop,axé,dub","Máquina de Louco",0.697,0.94,11,-4.615,1,0.0941,0.198,0.00103,0.289,0.793,96.034,4
spotify:track:1SIQxN2kFaLkvL9CdDiOBv,"Palheiro","O Mundo Dá Voltas","BaianaSystem;Manoel Cordeiro",2025-01-16,86971,0,false,iarecippo,2025-01-17T00:51:48Z,"new mpb,brazilian pop,axé,tecnobrega","Máquina de Louco",0.48,0.708,11,-7.103,0,0.037,0.676,0.82,0.158,0.582,84.601,4
spotify:track:3qS0L23zGWhAbB2hIyhv1e,"Agulha","O Mundo Dá Voltas","BaianaSystem;Claudia Manzo",2025-01-16,177841,0,false,iarecippo,2025-01-17T00:51:48Z,"new mpb,brazilian pop,axé","Máquina de Louco",0.685,0.808,11,-5.756,0,0.0522,0.468,0,0.108,0.648,115.918,4
spotify:track:6JwaTNxG6ea3fbwEK7ovgf,"Pote D'Água","O Mundo Dá Voltas","BaianaSystem;Lourimbau;Gilberto Gil",2025-01-16,208074,0,false,iarecippo,2025-01-17T00:51:48Z,"new mpb,brazilian pop,axé,mpb,bossa nova,forró tradicional,samba","Máquina de Louco",0.651,0.801,2,-5.499,1,0.0625,0.049,0.00176,0.34,0.459,90.042,4
spotify:track:1pXuZletXzFm4s51ysh5Qm,"Cobra Criada / Bicho Solto","O Mundo Dá Voltas","BaianaSystem;Pitty;VANDAL",2025-01-16,195094,0,false,iarecippo,2025-01-17T00:51:48Z,"new mpb,brazilian pop,axé,brazilian rock,mpb,brazilian hip hop","Máquina de Louco",0.791,0.852,5,-4.695,0,0.0345,0.0271,0.0000492,0.117,0.89,128.061,4
spotify:track:3RCCrJmA1AFDi5664b9ggj,"Balacobaco","O Mundo Dá Voltas","BaianaSystem;Alice Carvalho;Anitta",2025-01-16,240814,0,false,iarecippo,2025-01-17T00:51:48Z,"new mpb,brazilian pop,axé,funk pop,brazilian funk,funk carioca","Máquina de Louco",0.669,0.917,7,-5.002,1,0.0492,0.0111,0,0.326,0.819,133.992,4
spotify:track:5CF2GH26oXSx8qZu9uSMe5,"O Mundo Dá Voltas","O Mundo Dá Voltas","BaianaSystem;Orquestra Afrosinfônica",2025-01-16,115816,0,false,iarecippo,2025-01-17T00:51:48Z,"new mpb,brazilian pop,axé,brazilian jazz","Máquina de Louco",0.63,0.893,9,-5.37,0,0.0347,0.0279,0.106,0.5,0.484,134.013,4
spotify:track:3WrogqhnSosciIFN4moIGV,"Ogun Nilê","O Mundo Dá Voltas","BaianaSystem;Ubiratan Marques",2025-01-16,110517,0,false,iarecippo,2025-01-17T00:51:48Z,"new mpb,brazilian pop,axé,brazilian jazz","Máquina de Louco",0.507,0.882,0,-6.77,0,0.0335,0.0498,0.00997,0.154,0.617,97.07,4
spotify:track:5q6Ue2SuMhMBxFPDP2VWXm,"Only Friend","Nothing Happens","Wallows",2019-03-22,181600,57,false,iarecippo,2025-01-18T15:08:21Z,"indie","Atlantic Records",0.295,0.835,4,-5.184,1,0.0413,0.0000151,0.913,0.342,0.0835,153.914,4
spotify:track:40WWDaK7arn7ilmufbHmdo,"Treacherous Doctor","Nothing Happens","Wallows",2019-03-22,163480,56,false,iarecippo,2025-01-18T15:08:21Z,"indie","Atlantic Records",0.459,0.861,6,-6.186,0,0.0603,0.00193,0.00249,0.474,0.767,160.039,4
spotify:track:3gar285uWggoxHwOwO7Ng9,"Sidelines","Nothing Happens","Wallows",2019-03-22,180586,55,false,iarecippo,2025-01-18T15:08:21Z,"indie","Atlantic Records",0.639,0.655,11,-6,1,0.0299,0.00211,0.000247,0.445,0.809,105.024,4
spotify:track:57RA3JGafJm5zRtKJiKPIm,"Are You Bored Yet? (feat. Clairo)","Nothing Happens","Wallows;Clairo",2019-03-22,178000,81,false,iarecippo,2025-01-18T15:08:21Z,"indie,bedroom pop","Atlantic Records",0.682,0.683,8,-6.444,0,0.0287,0.156,0.0000232,0.273,0.64,120.023,4
spotify:track:1pNUmVxDiE8t6P1XxcZAv8,"Scrawny","Nothing Happens","Wallows",2019-03-22,166520,68,true,iarecippo,2025-01-18T15:08:21Z,"indie","Atlantic Records",0.639,0.816,6,-5.28,0,0.0485,0.000985,0.0604,0.141,0.802,138.008,4
spotify:track:2XzAcJx3qBDnS1hD2vNwbh,"Ice Cold Pool","Nothing Happens","Wallows",2019-03-22,237653,51,false,iarecippo,2025-01-18T15:08:21Z,"indie","Atlantic Records",0.572,0.662,7,-6.041,1,0.0316,0.00817,0,0.159,0.356,103.025,4
spotify:track:2cjgdu1MVfnVShIbLp3XvI,"Worlds Apart","Nothing Happens","Wallows",2019-03-22,254453,47,false,iarecippo,2025-01-18T15:08:21Z,"indie","Atlantic Records",0.314,0.755,0,-6.613,1,0.0457,0.0154,0.0387,0.492,0.427,169.946,4
spotify:track:7ndWF1H191Fx8Jq3xXncqy,"What You Like","Nothing Happens","Wallows",2019-03-22,201240,48,false,iarecippo,2025-01-18T15:08:21Z,"indie","Atlantic Records",0.721,0.398,7,-6.603,1,0.0375,0.0014,0,0.101,0.36,105.998,4
spotify:track:5naar7XewEOAjOywIp6Jjq,"Remember When","Nothing Happens","Wallows",2019-03-22,155146,75,false,iarecippo,2025-01-18T15:08:21Z,"indie","Atlantic Records",0.504,0.708,11,-5.896,0,0.0343,0.00112,0.000424,0.788,0.51,82.009,4
spotify:track:7E9OnFFwTYDz6ZllgfbwOd,"I'm Full","Nothing Happens","Wallows",2019-03-22,222026,50,false,iarecippo,2025-01-18T15:08:21Z,"indie","Atlantic Records",0.457,0.84,1,-7.075,0,0.0737,0.00537,0.00246,0.472,0.231,159.987,4
spotify:track:5y3QjURtPq4V186jTPMA8Y,"Do Not Wait","Nothing Happens","Wallows",2019-03-22,390880,56,false,iarecippo,2025-01-18T15:08:21Z,"indie","Atlantic Records",0.23,0.473,4,-9.583,1,0.0303,0.0305,0.0133,0.161,0.0715,99.832,4
spotify:track:6TeKbncyK62smlAvPy1dNa,"Eusexua","EUSEXUA","FKA twigs",2025-01-24,263693,60,false,iarecippo,2025-01-26T16:20:31Z,"art pop,alternative r&b","Atlantic Records",0.645,0.559,9,-14.292,1,0.0763,0.599,0.162,0.113,0.106,142.934,4
spotify:track:536rHxlVFXGJBO2xWE7HsV,"Girl Feels Good","EUSEXUA","FKA twigs",2025-01-24,236893,56,false,iarecippo,2025-01-26T16:20:31Z,"art pop,alternative r&b","Atlantic Records",0.667,0.693,9,-8.785,1,0.0428,0.531,0.00598,0.101,0.366,112.031,4
spotify:track:2VeCDMFJMPg6S4P2EKRnyX,"Perfect Stranger","EUSEXUA","FKA twigs",2025-01-24,197346,57,false,iarecippo,2025-01-26T16:20:31Z,"art pop,alternative r&b","Atlantic Records",0.851,0.605,1,-7.975,1,0.142,0.0327,0.00436,0.0343,0.686,135.011,4
spotify:track:13QINbzgh3yta5OGvB77Pl,"Drums of Death","EUSEXUA","FKA twigs;Koreless",2025-01-24,191360,55,true,iarecippo,2025-01-26T16:20:31Z,"art pop,alternative r&b,idm","Atlantic Records",0.843,0.736,9,-6.676,0,0.119,0.00269,0.00183,0.0433,0.508,110.011,4
spotify:track:1CqyErlQstROOe9hAn93oI,"Room Of Fools","EUSEXUA","FKA twigs",2025-01-24,265706,51,false,iarecippo,2025-01-26T16:20:31Z,"art pop,alternative r&b","Atlantic Records",0.719,0.69,6,-9.329,0,0.101,0.0072,0.0316,0.0843,0.526,140.04,4
spotify:track:3Si0hc3hxlehGK53jYjgVF,"Sticky","EUSEXUA","FKA twigs",2025-01-24,177146,52,true,iarecippo,2025-01-26T16:20:31Z,"art pop,alternative r&b","Atlantic Records",0.602,0.303,5,-13.815,0,0.391,0.815,0.312,0.137,0.211,176.022,4
spotify:track:41xQsowOhS2wpEEVWT4Wg0,"Keep It, Hold It","EUSEXUA","FKA twigs",2025-01-24,272426,46,false,iarecippo,2025-01-26T16:20:31Z,"art pop,alternative r&b","Atlantic Records",0.501,0.314,1,-13.147,1,0.0798,0.693,0.00573,0.111,0.165,137.818,4
spotify:track:5GmXpNIK6yGwTtKBITIqzK,"Childlike Things","EUSEXUA","FKA twigs;North West",2025-01-24,150773,59,false,iarecippo,2025-01-26T16:20:31Z,"art pop,alternative r&b","Atlantic Records",0.756,0.728,11,-6.364,1,0.0332,0.015,0.117,0.148,0.604,122.044,4
spotify:track:5kILHrfMHQ4eFHZqnu4yY3,"Striptease","EUSEXUA","FKA twigs",2025-01-24,283413,56,false,iarecippo,2025-01-26T16:20:31Z,"art pop,alternative r&b","Atlantic Records",0.333,0.515,4,-9.903,0,0.0717,0.0199,0.00000167,0.12,0.0783,159.947,4
spotify:track:3E0FBv982FkyTqfKu8K7AD,"24hr Dog","EUSEXUA","FKA twigs",2025-01-24,281720,49,false,iarecippo,2025-01-26T16:20:31Z,"art pop,alternative r&b","Atlantic Records",0.591,0.445,8,-12.379,1,0.0404,0.845,0.115,0.113,0.0774,132.093,4
spotify:track:4rMHek5bmv8XWHi4ByKjU2,"Wanderlust","EUSEXUA","FKA twigs",2025-01-24,257733,44,false,iarecippo,2025-01-26T16:20:31Z,"art pop,alternative r&b","Atlantic Records",0.466,0.469,10,-10.001,1,0.0349,0.669,0.000112,0.0866,0.242,131.884,4
spotify:track:5673WA8EEUSPx1ir26lhGW,"Wake Me Up (feat. Justice)","Hurry Up Tomorrow","The Weeknd;Justice",2025-01-31,308575,74,false,iarecippo,2025-01-31T18:54:13Z,"french house,new rave","XO / Republic Records",0.603,0.509,1,-8.896,1,0.0337,0.00495,0.000397,0.512,0.175,110.992,4
spotify:track:3AWDeHLc88XogCaCnZQLVI,"Cry For Me","Hurry Up Tomorrow","The Weeknd",2025-01-31,224136,84,true,iarecippo,2025-01-31T18:54:13Z,"","XO / Republic Records",0.647,0.645,7,-6.425,0,0.0303,0.0871,0,0.671,0.422,120.098,4
spotify:track:64JIAZ0bS7WoARYfWQGCoz,"I Can't Fucking Sing","Hurry Up Tomorrow","The Weeknd",2025-01-31,12288,18,true,iarecippo,2025-01-31T18:54:13Z,"","XO / Republic Records",,,,,,,,,,,,
spotify:track:7DY756WOLyOz2Xnhw4EFiC,"São Paulo (feat. Anitta)","Hurry Up Tomorrow","The Weeknd;Anitta",2025-01-31,301623,87,true,iarecippo,2025-01-31T18:54:13Z,"brazilian pop,funk pop,brazilian funk,funk carioca","XO / Republic Records",0.538,0.658,5,-7.273,0,0.076,0.0385,0.000146,0.573,0.553,127.322,4
spotify:track:6jDGDtQPC46pFqxph3qdbD,"Until We're Skin & Bones","Hurry Up Tomorrow","The Weeknd",2025-01-31,22033,24,false,iarecippo,2025-01-31T18:54:13Z,"","XO / Republic Records",0.307,0.985,0,-6.404,0,0.0992,0.000602,0.853,0.431,0.288,66.826,4
spotify:track:5rzI6Jnlhx8DgVgsOLorfW,"Baptized In Fear","Hurry Up Tomorrow","The Weeknd",2025-01-31,232176,76,false,iarecippo,2025-01-31T18:54:13Z,"","XO / Republic Records",0.571,0.516,7,-7.567,0,0.0296,0.138,0,0.435,0.456,123.666,4
spotify:track:0sTBOp1hdayTjw6UOyPyi6,"Open Hearts","Hurry Up Tomorrow","The Weeknd",2025-01-31,234923,78,false,iarecippo,2025-01-31T18:54:13Z,"","XO / Republic Records",0.656,0.753,7,-5.947,0,0.122,0.00353,0.000368,0.199,0.375,123.972,4
spotify:track:4Msr8L0gHGDsLSBlk7pSPU,"Opening Night","Hurry Up Tomorrow","The Weeknd",2025-01-31,96024,65,false,iarecippo,2025-01-31T18:54:13Z,"","XO / Republic Records",0.412,0.645,4,-8.49,0,0.121,0.0368,0.1,0.38,0.506,179.853,4
spotify:track:2gyHr9WqZeMtzJOpWGuGo6,"Reflections Laughing (feat. Travis Scott, Florence + The Machine)","Hurry Up Tomorrow","The Weeknd;Travis Scott;Florence + The Machine",2025-01-31,291192,70,true,iarecippo,2025-01-31T18:54:13Z,"rap,baroque pop","XO / Republic Records",0.33,0.355,11,-9.703,0,0.0355,0.135,0.00726,0.131,0.0382,79.818,4
spotify:track:637oNhilCI9UlkWkUW4Grt,"Enjoy The Show (feat. Future)","Hurry Up Tomorrow","The Weeknd;Future",2025-01-31,301428,67,true,iarecippo,2025-01-31T18:54:13Z,"rap,trap","XO / Republic Records",0.628,0.616,11,-7.423,1,0.0526,0.178,0.000047,0.331,0.241,119.978,4
spotify:track:0FolPJnYMo71Z7qasTuoJT,"Given Up On Me","Hurry Up Tomorrow","The Weeknd",2025-01-31,354781,72,false,iarecippo,2025-01-31T18:54:13Z,"","XO / Republic Records",0.416,0.386,0,-12.348,1,0.054,0.0811,0.00462,0.12,0.0606,116.857,4
spotify:track:0bcZ7xN9IcjSNxLerzR2yl,"I Can't Wait To Get There","Hurry Up Tomorrow","The Weeknd",2025-01-31,188921,66,true,iarecippo,2025-01-31T18:54:13Z,"","XO / Republic Records",0.65,0.436,1,-10.047,0,0.048,0.538,0.00223,0.118,0.122,146.052,4
spotify:track:0FIDCNYYjNvPVimz5icugS,"Timeless (feat Playboi Carti)","Hurry Up Tomorrow","The Weeknd;Playboi Carti",2025-01-31,256000,91,true,iarecippo,2025-01-31T18:54:13Z,"rage rap","XO / Republic Records",0.768,0.775,11,-5.06,0,0.0466,0.069,0.00000296,0.138,0.6,119.999,4
spotify:track:2v0AG62ZHtD3I4YmTb3WYM,"Niagara Falls","Hurry Up Tomorrow","The Weeknd",2025-01-31,277274,75,true,iarecippo,2025-01-31T18:54:13Z,"","XO / Republic Records",0.568,0.559,6,-6.829,0,0.0347,0.0748,0.000179,0.192,0.182,97.215,4
spotify:track:7rVmzyFA7f4rNGl9onF21E,"Take Me Back To LA","Hurry Up Tomorrow","The Weeknd",2025-01-31,253734,68,false,iarecippo,2025-01-31T18:54:13Z,"","XO / Republic Records",0.37,0.567,8,-7.518,0,0.0455,0.1,0,0.0781,0.184,207.735,4
spotify:track:4sWQbsLLH2NEbO79DSZCL9,"Big Sleep (feat. Giorgio Moroder)","Hurry Up Tomorrow","The Weeknd;Giorgio Moroder",2025-01-31,225312,63,false,iarecippo,2025-01-31T18:54:13Z,"italo disco,disco","XO / Republic Records",0.322,0.335,0,-10.08,0,0.0292,0.468,0.00422,0.455,0.165,108.749,4
spotify:track:0K3w6WNawZlv6Izmsrye8o,"Give Me Mercy","Hurry Up Tomorrow","The Weeknd",2025-01-31,216431,63,false,iarecippo,2025-01-31T18:54:13Z,"","XO / Republic Records",0.646,0.666,10,-7.195,1,0.0553,0.158,0,0.131,0.312,101.142,4
spotify:track:6i5fDaCzwxRrZtuvvcqoIf,"Drive","Hurry Up Tomorrow","The Weeknd",2025-01-31,188645,65,false,iarecippo,2025-01-31T18:54:13Z,"","XO / Republic Records",0.581,0.558,0,-6.512,0,0.0311,0.174,0.00134,0.135,0.229,152.095,4
spotify:track:5ZDKPFRZC6QlJpf8bCIXTs,"The Abyss (feat. Lana Del Rey)","Hurry Up Tomorrow","The Weeknd;Lana Del Rey",2025-01-31,282873,79,false,iarecippo,2025-01-31T18:54:13Z,"","XO / Republic Records",0.192,0.401,0,-8.553,0,0.0325,0.231,0.00000369,0.177,0.0571,84.501,4
spotify:track:717s9KFmHhyy5t3xkStS56,"Red Terror","Hurry Up Tomorrow","The Weeknd",2025-01-31,231860,63,false,iarecippo,2025-01-31T18:54:13Z,"","XO / Republic Records",0.269,0.329,1,-11.148,1,0.0354,0.429,0.0000201,0.538,0.157,80.193,3
spotify:track:6n6GfXu4i22rdsmRKe2eIn,"Without a Warning","Hurry Up Tomorrow","The Weeknd",2025-01-31,297525,70,false,iarecippo,2025-01-31T18:54:13Z,"","XO / Republic Records",0.269,0.505,1,-8.168,0,0.042,0.161,0.00000428,0.672,0.0687,87.735,4
spotify:track:4TDPlp7OSOjuDU3l7PCM04,"Hurry Up Tomorrow","Hurry Up Tomorrow","The Weeknd",2025-01-31,291486,64,false,iarecippo,2025-01-31T18:54:13Z,"","XO / Republic Records",0.431,0.447,5,-8.875,1,0.0353,0.355,0.000198,0.131,0.0575,160.079,4
spotify:track:1jkLIvmFDQAG8olYiUGdTU,"Intro","SongBook","The Lazy Eyes",2022-04-21,98574,35,false,iarecippo,2025-02-05T12:23:47Z,"neo-psychedelic,psychedelic rock","The Lazy Eyes",0.283,0.81,1,-4.954,1,0.114,0.00112,0.892,0.354,0.59,151.21,4
spotify:track:5UAVjgRnJJ0zjSgDUXQGlJ,"The Seaside","SongBook","The Lazy Eyes",2022-04-21,399871,30,false,iarecippo,2025-02-05T12:23:47Z,"neo-psychedelic,psychedelic rock","The Lazy Eyes",0.564,0.691,0,-6.202,1,0.0388,0.134,0.000333,0.179,0.313,120.107,4
spotify:track:1rXmPbbxW2e2gHBwnHJwBW,"The Island","SongBook","The Lazy Eyes",2022-04-21,298200,30,false,iarecippo,2025-02-05T12:23:47Z,"neo-psychedelic,psychedelic rock","The Lazy Eyes",0.594,0.657,9,-6.419,0,0.0358,0.00596,0.0954,0.111,0.341,110.973,4
spotify:track:05Dyd2KfjELJ6LMPcaXTlU,"Tangerine","SongBook","The Lazy Eyes",2022-04-21,173550,28,false,iarecippo,2025-02-05T12:23:47Z,"neo-psychedelic,psychedelic rock","The Lazy Eyes",0.323,0.802,2,-6.618,1,0.126,0.00551,0.557,0.0908,0.194,79.97,4
spotify:track:1suoH2qGw6E4wzG3T0JIIA,"Hippo","SongBook","The Lazy Eyes",2022-04-21,140164,29,false,iarecippo,2025-02-05T12:23:47Z,"neo-psychedelic,psychedelic rock","The Lazy Eyes",0.587,0.767,9,-5.313,1,0.0682,0.123,0.445,0.369,0.542,121.96,4
spotify:track:6mlFhP0XF9CkSLrkO5Ol7V,"Starting Over","SongBook","The Lazy Eyes",2022-04-21,205529,23,false,iarecippo,2025-02-05T12:23:47Z,"neo-psychedelic,psychedelic rock","The Lazy Eyes",0.537,0.702,9,-6.194,1,0.0344,0.211,0.000205,0.154,0.594,113.956,4
spotify:track:3Pk8ZaUsbzUt4UaCuBh9Mc,"Fuzz Jam","SongBook","The Lazy Eyes",2022-04-21,266992,45,false,iarecippo,2025-02-05T12:23:47Z,"neo-psychedelic,psychedelic rock","The Lazy Eyes",0.685,0.747,4,-5.493,0,0.111,0.071,0.34,0.067,0.487,118.974,4
spotify:track:0dNiyFPepLodCLNE09eDV1,"Nobody Taught Me","SongBook","The Lazy Eyes",2022-04-21,227973,24,false,iarecippo,2025-02-05T12:23:47Z,"neo-psychedelic,psychedelic rock","The Lazy Eyes",0.348,0.676,9,-6.026,1,0.0457,0.0838,0.0000118,0.21,0.418,217.682,4
spotify:track:3g7BXSo55m8H86YnPDB0sU,"Trance","SongBook","The Lazy Eyes",2022-04-21,134843,22,false,iarecippo,2025-02-05T12:23:47Z,"neo-psychedelic,psychedelic rock","The Lazy Eyes",0.302,0.84,1,-4.201,0,0.0584,0.0327,0.762,0.346,0.187,112.522,4
spotify:track:5pBldI3YMOL2zzdikNd2wR,"Where's My Brain???","SongBook","The Lazy Eyes",2022-04-21,403449,38,false,iarecippo,2025-02-05T12:23:47Z,"neo-psychedelic,psychedelic rock","The Lazy Eyes",0.541,0.842,9,-6.718,1,0.0977,0.0692,0.286,0.326,0.416,176.085,4
spotify:track:0dXdVTTo1hVSWvqEJQ04Gy,"Imaginary Girl","SongBook","The Lazy Eyes",2022-04-21,261556,35,false,iarecippo,2025-02-05T12:23:47Z,"neo-psychedelic,psychedelic rock","The Lazy Eyes",0.364,0.521,7,-7.295,0,0.0337,0.541,0.00000476,0.126,0.263,116.846,4
spotify:track:0CRpnZvNy9Y0n9ibq7DzGt,"Cheesy Love Song","SongBook","The Lazy Eyes",2022-04-21,338452,24,false,iarecippo,2025-02-05T12:23:47Z,"neo-psychedelic,psychedelic rock","The Lazy Eyes",0.535,0.504,8,-6.777,1,0.0251,0.0438,0.000364,0.105,0.107,141.186,4
spotify:track:3Yub3anoLj8w58TVpEXUJv,"It Is Not Meant To Be","InnerSpeaker","Tame Impala",2010-05-21,321533,61,false,iarecippo,2025-03-01T03:16:48Z,"neo-psychedelic,indie","Universal Music Australia Pty. Ltd.",0.429,0.895,0,-4.677,1,0.0412,0.0133,0.00127,0.45,0.455,102.062,4
spotify:track:4LD5p1sSp97yp86E2zDZwK,"Desire Be Desire Go","InnerSpeaker","Tame Impala",2010-05-21,266306,56,false,iarecippo,2025-03-01T03:16:48Z,"neo-psychedelic,indie","Universal Music Australia Pty. Ltd.",0.372,0.853,1,-5.046,1,0.0559,0.069,0.00529,0.139,0.453,150.814,4
spotify:track:6SmV1Oo24nCZBPzIYkL4HZ,"Alter Ego","InnerSpeaker","Tame Impala",2010-05-21,287906,66,false,iarecippo,2025-03-01T03:16:48Z,"neo-psychedelic,indie","Universal Music Australia Pty. Ltd.",0.317,0.846,0,-3.624,1,0.0538,0.0146,0.13,0.1,0.198,129.01,4
spotify:track:4EC81w5nKG5tZlkHyKT2vO,"Lucidity","InnerSpeaker","Tame Impala",2010-05-21,271720,60,false,iarecippo,2025-03-01T03:16:48Z,"neo-psychedelic,indie","Universal Music Australia Pty. Ltd.",0.367,0.872,4,-6.301,1,0.0641,0.109,0.0944,0.351,0.496,147.015,4
spotify:track:4SgcE7RxpK3ydWrjoAQH1K,"Why Won't You Make Up Your Mind?","InnerSpeaker","Tame Impala",2010-05-21,199093,62,false,iarecippo,2025-03-01T03:16:48Z,"neo-psychedelic,indie","Universal Music Australia Pty. Ltd.",0.458,0.84,5,-4.812,1,0.0566,0.00747,0.204,0.23,0.543,129.03,4
spotify:track:2a2MbiJN2skOxohykOVcss,"Solitude Is Bliss","InnerSpeaker","Tame Impala",2010-05-21,235866,62,false,iarecippo,2025-03-01T03:16:48Z,"neo-psychedelic,indie","Universal Music Australia Pty. Ltd.",0.588,0.849,4,-5.027,0,0.0596,0.00811,0.000161,0.131,0.629,104.012,4
spotify:track:6hjVajm2JfjhXs803HqqMO,"Jeremy's Storm","InnerSpeaker","Tame Impala",2010-05-21,328813,52,false,iarecippo,2025-03-01T03:16:48Z,"neo-psychedelic,indie","Universal Music Australia Pty. Ltd.",0.449,0.945,3,-6.652,1,0.0858,0.0164,0.914,0.0912,0.155,127.956,4
spotify:track:1FnHpM2zimTALdIvuxFoNM,"Expectation","InnerSpeaker","Tame Impala",2010-05-21,362466,61,false,iarecippo,2025-03-01T03:16:48Z,"neo-psychedelic,indie","Universal Music Australia Pty. Ltd.",0.447,0.836,5,-5.137,1,0.0584,0.0209,0.00399,0.0736,0.177,139.94,3
spotify:track:7r7yAFxq6CwakQB5NrJskh,"The Bold Arrow Of Time","InnerSpeaker","Tame Impala",2010-05-21,265106,50,false,iarecippo,2025-03-01T03:16:48Z,"neo-psychedelic,indie","Universal Music Australia Pty. Ltd.",0.337,0.511,0,-6.645,1,0.0372,0.799,0.567,0.297,0.27,122.91,4
spotify:track:3iohh4bLsUKefmjHw5jhbq,"Runway Houses City Clouds","InnerSpeaker","Tame Impala",2010-05-21,435106,53,false,iarecippo,2025-03-01T03:16:48Z,"neo-psychedelic,indie","Universal Music Australia Pty. Ltd.",0.442,0.754,3,-6.098,1,0.0509,0.0715,0.0478,0.118,0.321,118.999,4
spotify:track:0j0majKoNlF7GkwA8xNQHG,"I Don't Really Mind","InnerSpeaker","Tame Impala",2010-05-21,227546,52,false,iarecippo,2025-03-01T03:16:48Z,"neo-psychedelic,indie","Universal Music Australia Pty. Ltd.",0.464,0.831,6,-6.006,1,0.0724,0.599,0.0203,0.131,0.268,137.059,4
spotify:track:0MAc9pefRKSDEjq8Q85Mky,"Coisas Naturais","Coisas Naturais","Marina Sena",2025-03-31,239779,70,false,iarecippo,2025-04-01T15:36:39Z,"brazilian pop,new mpb,mpb","Sony Music Entertainment",0.581,0.656,11,-6.399,0,0.191,0.249,0.227,0.112,0.424,87.227,4
spotify:track:5EMdMjFDucmNsD80Y0mjEI,"Numa Ilha","Coisas Naturais","Marina Sena",2025-03-31,249096,73,false,iarecippo,2025-04-01T15:36:39Z,"brazilian pop,new mpb,mpb","Sony Music Entertainment",0.703,0.534,11,-9.104,0,0.0306,0.646,0.158,0.0973,0.863,129.929,4
spotify:track:5h2S4Tob1xXcUiSxjMHb2B,"Desmitificar","Coisas Naturais","Marina Sena",2025-03-31,213719,72,false,iarecippo,2025-04-01T15:36:39Z,"brazilian pop,new mpb,mpb","Sony Music Entertainment",0.571,0.603,9,-8.034,0,0.0468,0.39,0.000338,0.104,0.561,179.867,4
spotify:track:0Z9L6VNvXpgsxnaWcdZgxa,"Anjo","Coisas Naturais","Marina Sena",2025-03-31,227830,64,false,iarecippo,2025-04-01T15:36:39Z,"brazilian pop,new mpb,mpb","Sony Music Entertainment",0.646,0.751,7,-6.134,1,0.0648,0.249,0.0034,0.321,0.626,137.954,4
spotify:track:1os5N47cdC2rycRhpMzgMP,"TOKITÔ","Coisas Naturais","Marina Sena;Gaia;Nenny",2025-03-31,186763,58,false,iarecippo,2025-04-01T15:36:39Z,"brazilian pop,new mpb,mpb,portuguese hip hop,kizomba","Sony Music Entertainment",0.86,0.574,10,-5.018,0,0.14,0.409,0.0344,0.11,0.468,95.033,4
spotify:track:6C8H63gGFeDqAYJ75uLPA6,"Sem Lei","Coisas Naturais","Marina Sena",2025-03-31,173198,60,false,iarecippo,2025-04-01T15:36:39Z,"brazilian pop,new mpb,mpb","Sony Music Entertainment",0.832,0.738,1,-4.674,0,0.0318,0.458,0.000136,0.363,0.96,133.955,4
spotify:track:64uJ4QVY4bsS9uSquePNGV,"SENSEI","Coisas Naturais","Marina Sena",2025-03-31,163960,59,false,iarecippo,2025-04-01T15:36:39Z,"brazilian pop,new mpb,mpb","Sony Music Entertainment",0.334,0.389,0,-13.405,0,0.0515,0.826,0.00443,0.101,0.398,168.106,4
spotify:track:6II8HGRVkvVUy0uIM4X5Qq,"Lua Cheia","Coisas Naturais","Marina Sena",2025-03-31,197030,75,false,iarecippo,2025-04-01T15:36:39Z,"brazilian pop,new mpb,mpb","Sony Music Entertainment",0.778,0.671,8,-6.984,1,0.0306,0.317,0.0000743,0.0891,0.66,132.004,4
spotify:track:1K64W9CWpVvreQhbT4zbrn,"Combo da Sorte","Coisas Naturais","Marina Sena",2025-03-31,219944,64,false,iarecippo,2025-04-01T15:36:39Z,"brazilian pop,new mpb,mpb","Sony Music Entertainment",0.669,0.71,2,-6.737,0,0.0304,0.0397,0.00411,0.0956,0.375,141.98,4
spotify:track:4au0grwuQZg2UUVnh0sKW8,"Mágico","Coisas Naturais","Marina Sena",2025-03-31,196516,67,false,iarecippo,2025-04-01T15:36:39Z,"brazilian pop,new mpb,mpb","Sony Music Entertainment",0.755,0.788,0,-6.224,1,0.0319,0.0415,0.0315,0.316,0.964,126.988,4
spotify:track:5p48T2Tqm7xX3ym7uslGOg,"Doçura","Coisas Naturais","Marina Sena;Çantamarta",2025-03-31,154960,71,false,iarecippo,2025-04-01T15:36:39Z,"brazilian pop,new mpb,mpb","Sony Music Entertainment",0.738,0.673,11,-5.539,0,0.219,0.202,0.000004,0.204,0.769,179.982,4
spotify:track:3CaW1cyS7f9PC8Bf0XCpZ6,"CARNAVAL","Coisas Naturais","Marina Sena",2025-03-31,73661,62,false,iarecippo,2025-04-01T15:36:39Z,"brazilian pop,new mpb,mpb","Sony Music Entertainment",0.753,0.602,8,-3.177,0,0.348,0.479,0.0538,0.0819,0.779,104.099,3
spotify:track:3JmULmAsT5nAEd9NrsJOLg,"Ouro de Tolo","Coisas Naturais","Marina Sena",2025-03-31,296567,64,false,iarecippo,2025-04-01T15:36:39Z,"brazilian pop,new mpb,mpb","Sony Music Entertainment",0.633,0.474,8,-9.988,0,0.0452,0.795,0.000187,0.326,0.751,129.962,4
spotify:track:4zQXB3sZrpT2gA3rgYl3sY,"My Boy - Twin Fantasy","Twin Fantasy","Car Seat Headrest",2018-02-16,172920,54,false,iarecippo,2025-04-09T01:43:08Z,"midwest emo,indie rock","Matador",0.568,0.308,9,-9.865,1,0.033,0.0871,0.0418,0.128,0.379,115.078,4
spotify:track:27aQH9DIJ3ozx3dC91Hhjg,"Beach Life-In-Death","Twin Fantasy","Car Seat Headrest",2018-02-16,798692,56,true,iarecippo,2025-04-09T01:43:08Z,"midwest emo,indie rock","Matador",0.247,0.792,0,-7.101,1,0.093,0.00393,0.0895,0.393,0.26,114.49,4
spotify:track:0WJuu78TRWIFeFt9zOsBTD,"Stop Smoking (We Love You)","Twin Fantasy","Car Seat Headrest",2018-02-16,89134,50,false,iarecippo,2025-04-09T01:43:08Z,"midwest emo,indie rock","Matador",0.706,0.223,9,-12.923,1,0.0305,0.887,0.00013,0.223,0.308,97.235,4
spotify:track:6kOHjAOLz9IvUiRGf72Kec,"Sober to Death","Twin Fantasy","Car Seat Headrest",2018-02-16,304427,67,false,iarecippo,2025-04-09T01:43:08Z,"midwest emo,indie rock","Matador",0.512,0.543,7,-6.857,1,0.0343,0.189,0.000649,0.323,0.236,114.963,4
spotify:track:4HfZE4MBRoOpjIbAD4BUa6,"Nervous Young Inhumans","Twin Fantasy","Car Seat Headrest",2018-02-16,325740,55,true,iarecippo,2025-04-09T01:43:08Z,"midwest emo,indie rock","Matador",0.485,0.32,6,-10.791,0,0.0353,0.0149,0.0962,0.419,0.335,134.032,4
spotify:track:1Pbs2eCcX9p2onaAvMYvhk,"Bodys","Twin Fantasy","Car Seat Headrest",2018-02-16,406934,60,false,iarecippo,2025-04-09T01:43:08Z,"midwest emo,indie rock","Matador",0.518,0.843,2,-7.361,1,0.0544,0.00136,0.0119,0.132,0.249,143.903,4
spotify:track:7AppWYIm98qFOGVMbNHJSB,"Cute Thing","Twin Fantasy","Car Seat Headrest",2018-02-16,339321,55,true,iarecippo,2025-04-09T01:43:08Z,"midwest emo,indie rock","Matador",0.308,0.744,10,-5.162,1,0.0524,0.00627,0.291,0.116,0.273,114.258,4
spotify:track:4puSnA2hoYbFW5fim9XWwz,"High to Death","Twin Fantasy","Car Seat Headrest",2018-02-16,459347,56,false,iarecippo,2025-04-09T01:43:08Z,"midwest emo,indie rock","Matador",0.505,0.423,0,-11.324,1,0.0383,0.131,0.0215,0.103,0.171,106.251,4
spotify:track:5LnFURDZ1n3psF1IhjKkfe,"Famous Prophets (Stars)","Twin Fantasy","Car Seat Headrest",2018-02-16,970464,52,false,iarecippo,2025-04-09T01:43:08Z,"midwest emo,indie rock","Matador",0.476,0.326,9,-9.597,1,0.0296,0.0982,0.228,0.33,0.173,137.963,4
spotify:track:650fmCxQjHBlMy33GehFLc,"Twin Fantasy (Those Boys)","Twin Fantasy","Car Seat Headrest",2018-02-16,414162,48,true,iarecippo,2025-04-09T01:43:08Z,"midwest emo,indie rock","Matador",0.335,0.352,7,-8.921,1,0.034,0.328,0.276,0.956,0.135,113.353,4
spotify:track:76srTYmIhZSZtWI7vZhyIs,"CCF (I'm Gonna Stay With You)","The Scholars","Car Seat Headrest",2025-05-02,491696,41,true,iarecippo,2025-05-05T05:20:57Z,"midwest emo,indie rock","Matador",0.536,0.761,9,-7.359,1,0.0438,0.192,0.00132,0.0743,0.407,149.935,4
spotify:track:57U5j6ypKlXKc49h3WWUx9,"Devereaux","The Scholars","Car Seat Headrest",2025-05-02,270996,40,false,iarecippo,2025-05-05T05:20:57Z,"midwest emo,indie rock","Matador",0.694,0.561,9,-6.581,1,0.0352,0.157,0.0000257,0.116,0.738,112.005,4
spotify:track:3wQoqj2VpBsFVIdDfNLpe6,"Lady Gay Approximately","The Scholars","Car Seat Headrest",2025-05-02,227665,39,false,iarecippo,2025-05-05T05:20:57Z,"midwest emo,indie rock","Matador",0.423,0.249,11,-12.503,0,0.0335,0.905,0.00789,0.103,0.396,70.113,4
spotify:track:2HKHccmnwpsx0FDGiehYoi,"The Catastrophe (Good Luck With That, Man)","The Scholars","Car Seat Headrest",2025-05-02,328052,44,false,iarecippo,2025-05-05T05:20:57Z,"midwest emo,indie rock","Matador",0.617,0.848,5,-5.326,1,0.0565,0.129,0.00766,0.488,0.47,95.932,4
spotify:track:74nPzST89hVhtZMJ0UNJeW,"Equals","The Scholars","Car Seat Headrest",2025-05-02,251891,37,false,iarecippo,2025-05-05T05:20:57Z,"midwest emo,indie rock","Matador",0.678,0.53,4,-7.415,1,0.0483,0.0377,0.005,0.084,0.466,130.065,4
spotify:track:1T6jzRht9aXUFukdOgZgIL,"Gethsemane","The Scholars","Car Seat Headrest",2025-05-02,651992,39,true,iarecippo,2025-05-05T05:20:57Z,"midwest emo,indie rock","Matador",0.525,0.656,4,-7.065,0,0.0539,0.631,0.0276,0.0819,0.239,147.922,4
spotify:track:2ui8Zgp3olfNSuEHjQYkyD,"Reality","The Scholars","Car Seat Headrest",2025-05-02,673670,37,false,iarecippo,2025-05-05T05:20:57Z,"midwest emo,indie rock","Matador",0.522,0.393,7,-10.115,1,0.0329,0.384,0.0158,0.0732,0.0536,77.002,4
spotify:track:70BEMx0gTdwmslq5XnZ2de,"Planet Desperation","The Scholars","Car Seat Headrest",2025-05-02,1132239,35,false,iarecippo,2025-05-05T05:20:57Z,"midwest emo,indie rock","Matador",0.371,0.547,0,-8.195,1,0.0528,0.408,0.00483,0.0735,0.108,115.543,4
spotify:track:2LP9KKbRIACmSpXro9i1P5,"True/False Lover","The Scholars","Car Seat Headrest",2025-05-02,208621,35,false,iarecippo,2025-05-05T05:20:57Z,"midwest emo,indie rock","Matador",0.5,0.666,0,-5.827,1,0.0463,0.000828,0.0000273,0.22,0.74,148.023,4
spotify:track:5qspeKX1xBacLJMm2t3Yc0,"A Lot's Gonna Change","Titanic Rising","Weyes Blood",2019-04-05,261946,61,false,iarecippo,2025-05-05T06:31:54Z,"art pop,baroque pop","Sub Pop Records",0.222,0.342,1,-10.164,1,0.0308,0.635,0.000808,0.124,0.0997,140.057,4
spotify:track:51EMSRpNm9Rg5rGViVCczv,"Andromeda","Titanic Rising","Weyes Blood",2019-04-05,280186,70,false,iarecippo,2025-05-05T06:31:54Z,"art pop,baroque pop","Sub Pop Records",0.467,0.461,1,-7.94,0,0.0274,0.368,0.00115,0.358,0.188,131.325,4
spotify:track:2VYqgye3Wf9ySE4qYM3iJn,"Everyday","Titanic Rising","Weyes Blood",2019-04-05,307013,50,false,iarecippo,2025-05-05T06:31:54Z,"art pop,baroque pop","Sub Pop Records",0.483,0.57,2,-7.245,1,0.0308,0.269,0.0000443,0.0938,0.423,112.975,4
spotify:track:30TCAxiC8zVb5NVdUoUuCS,"Something to Believe","Titanic Rising","Weyes Blood",2019-04-05,285560,55,false,iarecippo,2025-05-05T06:31:54Z,"art pop,baroque pop","Sub Pop Records",0.31,0.391,4,-8.594,1,0.0274,0.625,0.0000162,0.319,0.188,136.964,4
spotify:track:1ki6pB2iYh9nSmlG4WPdqf,"Titanic Rising","Titanic Rising","Weyes Blood",2019-04-05,96211,44,false,iarecippo,2025-05-05T06:31:54Z,"art pop,baroque pop","Sub Pop Records",0.162,0.293,9,-19.144,0,0.033,0.868,0.996,0.079,0.0345,82.348,4
spotify:track:6f4itfvWzS59Qu7JWorhxn,"Movies","Titanic Rising","Weyes Blood",2019-04-05,353732,59,false,iarecippo,2025-05-05T06:31:54Z,"art pop,baroque pop","Sub Pop Records",0.086,0.362,7,-8.932,0,0.0347,0.636,0.404,0.106,0.089,71.398,4
spotify:track:2ujzo6cl7jAcLCnyKyYWwM,"Mirror Forever","Titanic Rising","Weyes Blood",2019-04-05,305815,48,false,iarecippo,2025-05-05T06:31:54Z,"art pop,baroque pop","Sub Pop Records",0.362,0.284,0,-11.058,1,0.0309,0.499,0.0036,0.0811,0.146,109.577,4
spotify:track:5V25JNAs17PQ3dJfmMIqSG,"Wild Time","Titanic Rising","Weyes Blood",2019-04-05,369265,52,false,iarecippo,2025-05-05T06:31:54Z,"art pop,baroque pop","Sub Pop Records",0.382,0.423,7,-9.929,1,0.0269,0.551,0.0065,0.21,0.233,141.359,4
spotify:track:6Jy6p1xGv0n4c5hH0CH3VP,"Picture Me Better","Titanic Rising","Weyes Blood",2019-04-05,221880,53,false,iarecippo,2025-05-05T06:31:54Z,"art pop,baroque pop","Sub Pop Records",0.232,0.159,8,-14.676,1,0.0329,0.931,0.0000368,0.105,0.0789,74.186,4
spotify:track:7s9I4aCM8cfe2cSgPaPezg,"Nearer to Thee","Titanic Rising","Weyes Blood",2019-04-05,65866,41,false,iarecippo,2025-05-05T06:31:54Z,"art pop,baroque pop","Sub Pop Records",0.173,0.117,1,-19.339,1,0.0469,0.785,0.943,0.0891,0.0712,87.417,1
spotify:track:2HcMkGeghyXdJRT1g85u0t,"To Ease You","Equus Caballus","Men I Trust",2025-05-06,192798,57,false,iarecippo,2025-05-14T12:43:44Z,"bedroom pop,indie pop,dream pop","Independent",0.788,0.441,0,-11.144,0,0.0277,0.197,0.83,0.1,0.853,108.99,4
spotify:track:04H7h3KJAQp9JHCSPGlp9A,"Come Back Down","Equus Caballus","Men I Trust",2025-05-06,195126,63,false,iarecippo,2025-05-14T12:43:44Z,"bedroom pop,indie pop,dream pop","Independent",0.746,0.456,11,-13.764,1,0.065,0.188,0.568,0.139,0.859,119.009,4
spotify:track:6R2YSITVeRTFwDczaxSnQS,"Hard To See","Equus Caballus","Men I Trust",2025-05-06,212321,50,false,iarecippo,2025-05-14T12:43:44Z,"bedroom pop,indie pop,dream pop","Independent",0.708,0.433,8,-12.893,0,0.0485,0.868,0.688,0.107,0.368,167.989,4
spotify:track:13UqmpJo3DKZOJkGA6aH5U,"Ring Of Past (2025)","Equus Caballus","Men I Trust",2025-05-06,202821,48,false,iarecippo,2025-05-14T12:43:44Z,"bedroom pop,indie pop,dream pop","Independent",0.693,0.462,9,-12.565,1,0.0462,0.198,0.939,0.0851,0.811,104.022,4
spotify:track:5RHhmGMV3FKxRa63AIfIgZ,"Another Stone","Equus Caballus","Men I Trust",2025-05-06,190280,54,false,iarecippo,2025-05-14T12:43:44Z,"bedroom pop,indie pop,dream pop","Independent",0.631,0.445,5,-12.517,0,0.031,0.719,0.529,0.0913,0.707,89.016,4
spotify:track:3DjcaX0PRpvbC19ffTsz9z,"Husk (2025)","Equus Caballus","Men I Trust",2025-05-06,201860,46,false,iarecippo,2025-05-14T12:43:44Z,"bedroom pop,indie pop,dream pop","Independent",0.78,0.557,10,-11.487,1,0.0353,0.315,0.933,0.0625,0.558,128.971,4
spotify:track:50ASFow3YrVJJpqdzaM1YD,"Carried Away","Equus Caballus","Men I Trust",2025-05-06,207500,60,false,iarecippo,2025-05-14T12:43:44Z,"bedroom pop,indie pop,dream pop","Independent",0.807,0.548,10,-11.662,0,0.0296,0.559,0.37,0.0955,0.768,95.993,4
spotify:track:4hrL6mHfQ6JjnLt83vLkpl,"Where I Sit","Equus Caballus","Men I Trust",2025-05-06,195877,48,false,iarecippo,2025-05-14T12:43:44Z,"bedroom pop,indie pop,dream pop","Independent",0.623,0.57,0,-10.692,0,0.0336,0.16,0.806,0.102,0.952,171.041,4
spotify:track:01V9eIxh3ctGIuRxcS7Ppg,"In My Years","Equus Caballus","Men I Trust",2025-05-06,197086,52,false,iarecippo,2025-05-14T12:43:44Z,"bedroom pop,indie pop,dream pop","Independent",0.564,0.622,8,-13.173,0,0.035,0.364,0.73,0.0961,0.668,75.5,4
spotify:track:1lLdJqarIvtSMNYt9xUc7O,"Billie Toppy (2025)","Equus Caballus","Men I Trust",2025-05-06,196833,50,false,iarecippo,2025-05-14T12:43:44Z,"bedroom pop,indie pop,dream pop","Independent",0.75,0.543,2,-11.112,0,0.0437,0.241,0.751,0.113,0.615,168.922,4
spotify:track:0zHDv0mH8XLB22SoMnhYZz,"The Better Half","Equus Caballus","Men I Trust",2025-05-06,235105,46,false,iarecippo,2025-05-14T12:43:44Z,"bedroom pop,indie pop,dream pop","Independent",0.703,0.376,7,-12.172,1,0.12,0.513,0.625,0.101,0.45,190.087,4
spotify:track:7FmpGCXVD5CeFkbFgjkNe3,"Worn Down","Equus Caballus","Men I Trust",2025-05-06,155462,45,false,iarecippo,2025-05-14T12:43:44Z,"bedroom pop,indie pop,dream pop","Independent",0.607,0.778,9,-11.872,1,0.0348,0.799,0.876,0.128,0.835,173.067,4
spotify:track:4avSF93B7deHMMR1fSYdee,"Eris (Wait)","Equus Caballus","Men I Trust",2025-05-06,118260,41,false,iarecippo,2025-05-14T12:43:44Z,"bedroom pop,indie pop,dream pop","Independent",0.67,0.176,2,-17.383,1,0.0326,0.457,0.851,0.106,0.511,137.791,4
spotify:track:5gR6gTGOGsg9zcR7JhvwQz,"Man Made of Meat","viagr aboys","Viagra Boys",2025-04-25,189947,61,false,iarecippo,2025-05-14T13:39:16Z,"post-punk,egg punk","Shrimptech Enterprises",0.624,0.89,7,-3.69,1,0.105,0.00395,0.0717,0.0568,0.716,143.952,4
spotify:track:70ivy0IJQyLJTMqIqfRl27,"The Bog Body","viagr aboys","Viagra Boys",2025-04-25,173310,51,false,iarecippo,2025-05-14T13:39:16Z,"post-punk,egg punk","Shrimptech Enterprises",0.365,0.951,4,-3.955,1,0.0939,0.0293,0.562,0.216,0.545,163.546,4
spotify:track:4GCXxLQnqf6pP6SI7ljbZV,"Uno II","viagr aboys","Viagra Boys",2025-04-25,135831,58,true,iarecippo,2025-05-14T13:39:16Z,"post-punk,egg punk","Shrimptech Enterprises",0.753,0.754,11,-6.431,0,0.0385,0.0166,0.0639,0.566,0.872,136.965,4
spotify:track:7lExkbenXgL24heVOcOXa2,"Pyramid of Health","viagr aboys","Viagra Boys",2025-04-25,195349,58,false,iarecippo,2025-05-14T13:39:16Z,"post-punk,egg punk","Shrimptech Enterprises",0.534,0.884,5,-5.425,1,0.0374,0.0232,0.281,0.708,0.542,88.008,4
spotify:track:2ddxasTLdkVI4tMzV9B9Jj,"Dirty Boyz","viagr aboys","Viagra Boys",2025-04-25,224591,50,true,iarecippo,2025-05-14T13:39:16Z,"post-punk,egg punk","Shrimptech Enterprises",0.566,0.731,9,-4.892,0,0.054,0.011,0.484,0.551,0.235,117.98,4
spotify:track:3HIoSF8128M5EbJnJTkEQB,"Medicine for Horses","viagr aboys","Viagra Boys",2025-04-25,170901,53,false,iarecippo,2025-05-14T13:39:16Z,"post-punk,egg punk","Shrimptech Enterprises",0.557,0.465,1,-7.539,0,0.0287,0.208,0.183,0.133,0.153,92.187,4
spotify:track:2Nyztwz6fs4sXGCqIhAwIO,"Waterboy","viagr aboys","Viagra Boys",2025-04-25,178497,54,true,iarecippo,2025-05-14T13:39:16Z,"post-punk,egg punk","Shrimptech Enterprises",0.663,0.687,9,-6.346,0,0.0696,0.0187,0.00203,0.504,0.714,131.913,4
spotify:track:5zDAxTfF1DrCsqXQUpZsg0,"Store Policy","viagr aboys","Viagra Boys",2025-04-25,215723,46,false,iarecippo,2025-05-14T13:39:16Z,"post-punk,egg punk","Shrimptech Enterprises",0.54,0.704,4,-4.581,1,0.115,0.106,0.00105,0.181,0.454,164.929,4
spotify:track:1xYF92gHczGqHPHaMfMnOl,"You N33d Me","viagr aboys","Viagra Boys",2025-04-25,233571,47,true,iarecippo,2025-05-14T13:39:16Z,"post-punk,egg punk","Shrimptech Enterprises",0.437,0.881,1,-4.976,1,0.153,0.00139,0.432,0.158,0.69,165.361,4
spotify:track:2jVR7cFjuVKsaBWwy9kKe3,"Best In Show pt. IV","viagr aboys","Viagra Boys",2025-04-25,328214,42,false,iarecippo,2025-05-14T13:39:16Z,"post-punk,egg punk","Shrimptech Enterprises",0.374,0.753,4,-6.122,0,0.044,0.314,0.016,0.136,0.435,150.078,4
spotify:track:46yyHXSHWVsTPw7ws6eRC2,"River King","viagr aboys","Viagra Boys",2025-04-25,196205,42,false,iarecippo,2025-05-14T13:39:16Z,"post-punk,egg punk","Shrimptech Enterprises",0.345,0.16,7,-14.959,1,0.0311,0.971,0.0461,0.104,0.199,94.496,4
spotify:track:3Vnjs3bBWtJmrjZcDilJvN,"Dia de Sol","RAIO","Tagua Tagua",2025-05-16,80625,10,false,iarecippo,2025-05-16T19:07:41Z,"new mpb","WONDERWHEEL RECORDINGS",0.582,0.764,2,-5.117,0,0.0587,0.259,0.762,0.164,0.45,173.958,3
spotify:track:2kf91YAOlJNUNKVFodCNoi,"Let It Go","RAIO","Tagua Tagua",2025-05-16,199125,19,false,iarecippo,2025-05-16T19:07:41Z,"new mpb","WONDERWHEEL RECORDINGS",0.693,0.911,0,-6.308,1,0.0446,0.0155,0.229,0.434,0.954,123.981,4
spotify:track:77cUJMMv2mrVpBO8KqDxc3,"Raio","RAIO","Tagua Tagua",2025-05-16,174589,11,false,iarecippo,2025-05-16T19:07:41Z,"new mpb","WONDERWHEEL RECORDINGS",0.573,0.872,11,-5.313,0,0.0384,0.206,0.0898,0.319,0.758,79.949,4
spotify:track:6d7NO8plWJE4pwAh6sh3Yu,"Lado a Lado","RAIO","Tagua Tagua;White Denim",2025-05-16,188307,13,false,iarecippo,2025-05-16T19:07:41Z,"new mpb,neo-psychedelic","WONDERWHEEL RECORDINGS",0.624,0.783,4,-6.796,0,0.0397,0.201,0.00449,0.201,0.852,92.004,3
spotify:track:4TmL55EBovI38LDK1DiGKw,"Artificial","RAIO","Tagua Tagua",2025-05-16,201960,12,false,iarecippo,2025-05-16T19:07:41Z,"new mpb","WONDERWHEEL RECORDINGS",0.725,0.721,9,-6.217,0,0.0311,0.056,0.273,0.122,0.841,116.951,4
spotify:track:5bHlFdXRboneFhBVcyWRSy,"Química","RAIO","Tagua Tagua",2025-05-16,199505,7,false,iarecippo,2025-05-16T19:07:41Z,"new mpb","WONDERWHEEL RECORDINGS",0.698,0.731,11,-6.633,0,0.0297,0.0313,0.487,0.34,0.851,117.986,4
spotify:track:7CHRKLz0tNbJFNoygGcjQi,"Come a Little Closer","RAIO","Tagua Tagua",2025-05-16,188163,7,false,iarecippo,2025-05-16T19:07:41Z,"new mpb","WONDERWHEEL RECORDINGS",0.66,0.685,9,-5.674,0,0.0316,0.0674,0.0404,0.135,0.833,101.024,4
spotify:track:0HIEhtwE9VRNjKN7cR8fxE,"Talvez","RAIO","Tagua Tagua",2025-05-16,196807,8,false,iarecippo,2025-05-16T19:07:41Z,"new mpb","WONDERWHEEL RECORDINGS",0.611,0.845,8,-5.222,1,0.039,0.0153,0.187,0.346,0.824,99.951,4
spotify:track:6PsyYHSyuBw9tZb58FM6Bt,"Rito de Passagem","RAIO","Tagua Tagua",2025-05-16,168270,13,false,iarecippo,2025-05-16T19:07:41Z,"new mpb","WONDERWHEEL RECORDINGS",0.623,0.639,7,-8.389,1,0.0417,0.0611,0.849,0.0669,0.732,139.943,4
spotify:track:1WmBVbFmLt0w6zPP37TeCG,"Illegal","Fancy That","PinkPantheress",2025-05-09,149666,83,false,iarecippo,2025-05-19T20:08:45Z,"bedroom pop","Warner Records",0.624,0.89,0,-5.209,0,0.0476,0.0684,0.00149,0.187,0.518,141.47,4
spotify:track:7aYGCP34Xo6XujY7Ix1DxB,"Girl Like Me","Fancy That","PinkPantheress",2025-05-09,145520,84,false,iarecippo,2025-05-19T20:08:45Z,"bedroom pop","Warner Records",0.682,0.995,6,-3.846,0,0.0781,0.0229,0.000381,0.305,0.771,137.436,4
spotify:track:5QCfOMH5K7bS4dH7H7PNeI,"Tonight","Fancy That","PinkPantheress",2025-05-09,174880,75,false,iarecippo,2025-05-19T20:08:45Z,"bedroom pop","Warner Records",0.726,0.919,10,-4.441,0,0.0894,0.0128,0.00143,0.25,0.84,141.419,4
spotify:track:0ZzHRRPxUmNVr4vWNnlDAe,"Stars","Fancy That","PinkPantheress",2025-05-09,141866,71,false,iarecippo,2025-05-19T20:08:45Z,"bedroom pop","Warner Records",0.757,0.881,8,-4.13,1,0.154,0.0163,0.0293,0.272,0.858,138.763,4
spotify:track:6nlIvHKnWYZ1cEZBEANp5V,"Intermission","Fancy That","PinkPantheress",2025-05-09,24360,21,false,iarecippo,2025-05-19T20:08:45Z,"bedroom pop","Warner Records",0.322,0.688,1,-17.176,1,0.84,0.665,0.96,0.17,0.215,159.921,5
spotify:track:3dTyQ8CON5t5jreYf2GRhA,"Noises","Fancy That","PinkPantheress",2025-05-09,104813,63,true,iarecippo,2025-05-19T20:08:45Z,"bedroom pop","Warner Records",0.599,0.771,10,-5.949,0,0.0838,0.132,0.427,0.123,0.255,168.366,4
spotify:track:39BYU2nLFR8Q1RcPdVvUMn,"Nice to Know You","Fancy That","PinkPantheress",2025-05-09,170466,65,false,iarecippo,2025-05-19T20:08:45Z,"bedroom pop","Warner Records",0.554,0.844,11,-4.515,0,0.0429,0.0312,0.00386,0.356,0.427,138.066,4
spotify:track:5UBfLYnkImP1RKMMy4TGs8,"Stateside","Fancy That","PinkPantheress",2025-05-09,168040,75,false,iarecippo,2025-05-19T20:08:45Z,"bedroom pop","Warner Records",0.68,0.896,10,-5.343,0,0.0455,0.172,0.00741,0.134,0.624,123.419,4
spotify:track:6POxiQbr5dFg2gU68yh4NK,"Romeo","Fancy That","PinkPantheress",2025-05-09,154213,68,false,iarecippo,2025-05-19T20:08:45Z,"bedroom pop","Warner Records",0.606,0.828,10,-4.905,0,0.0721,0.0755,0.0000103,0.109,0.869,157.01,4
spotify:track:37pKTyMwalomKCZjxTc2QZ,"Cherry-coloured Funk","Heaven or Las Vegas","Cocteau Twins",1990-09-17,192466,75,false,iarecippo,2025-05-22T18:24:22Z,"dream pop,shoegaze","4AD",0.49,0.652,2,-5.813,1,0.0274,0.00196,0.0000624,0.0991,0.339,90.085,4
spotify:track:1DXD0wVXXHwUYo9AXbcMMI,"Pitch the Baby","Heaven or Las Vegas","Cocteau Twins",1990-09-17,194080,66,false,iarecippo,2025-05-22T18:24:22Z,"dream pop,shoegaze","4AD",0.478,0.821,7,-6.729,0,0.0407,0.438,0.324,0.559,0.975,178.131,4
spotify:track:0Coai3QxvjCXWMhVN1hpgE,"Iceblink Luck","Heaven or Las Vegas","Cocteau Twins",1990-09-17,198666,60,false,iarecippo,2025-05-22T18:24:22Z,"dream pop,shoegaze","4AD",0.396,0.812,9,-5.704,1,0.0331,0.0000719,0.0117,0.328,0.5,102.151,4
spotify:track:2vDC9iyQpY3EsioJD8pRiW,"Fifty-fifty Clown","Heaven or Las Vegas","Cocteau Twins",1990-09-17,190213,60,false,iarecippo,2025-05-22T18:24:22Z,"dream pop,shoegaze","4AD",0.481,0.694,0,-7.38,0,0.0272,0.0488,0.0738,0.111,0.374,180.117,3
spotify:track:0AxZUYeQ9bZwSdt1LmZuok,"Heaven or Las Vegas","Heaven or Las Vegas","Cocteau Twins",1990-09-17,298400,75,false,iarecippo,2025-05-22T18:24:22Z,"dream pop,shoegaze","4AD",0.202,0.804,7,-5.465,1,0.0383,0.0000697,0.00775,0.081,0.418,179.911,4
spotify:track:20nCwr4GiOZ02PVePsuLEd,"I Wear Your Ring","Heaven or Las Vegas","Cocteau Twins",1990-09-17,209346,58,false,iarecippo,2025-05-22T18:24:22Z,"dream pop,shoegaze","4AD",0.451,0.839,2,-5.481,0,0.0286,0.121,0.00185,0.144,0.608,140.032,4
spotify:track:5SuIuaAjFbaxJq9W1qKGw2,"Fotzepolitic","Heaven or Las Vegas","Cocteau Twins",1990-09-17,210933,55,false,iarecippo,2025-05-22T18:24:22Z,"dream pop,shoegaze","4AD",0.311,0.731,7,-7.213,1,0.0414,0.000016,0.44,0.117,0.133,66.748,4
spotify:track:5Cg9aQIEM2exLNBPupf6V4,"Wolf in the Breast","Heaven or Las Vegas","Cocteau Twins",1990-09-17,211200,63,false,iarecippo,2025-05-22T18:24:22Z,"dream pop,shoegaze","4AD",0.53,0.781,9,-4.532,1,0.0326,0.0187,0.00000878,0.0846,0.728,113.085,4
spotify:track:6MJ8YgmhMphGcCX5OVS28W,"Road, River and Rail","Heaven or Las Vegas","Cocteau Twins",1990-09-17,201146,53,false,iarecippo,2025-05-22T18:24:22Z,"dream pop,shoegaze","4AD",0.138,0.648,0,-5.451,1,0.0322,0.000184,0.227,0.098,0.333,95.032,3
spotify:track:6i18oi8cbvlv9Y2QVBSzkB,"Frou-frou Foxes in Midsummer Fires","Heaven or Las Vegas","Cocteau Twins",1990-09-17,338053,71,false,iarecippo,2025-05-22T18:24:22Z,"dream pop,shoegaze","4AD",0.405,0.619,10,-6.003,1,0.0264,0.00996,0.0000902,0.212,0.243,160.074,4
spotify:track:6FfQnYLe44XiGJBqNkUlJc,"É o Fim (Bye-Bye)","Sofá 7","A VIRGO",2020-07-09,188000,2,false,iarecippo,2025-05-30T17:59:43Z,"","A VIRGO",0.562,0.317,4,-14.273,0,0.0315,0.16,0.00194,0.0857,0.541,130.018,3
spotify:track:5PPcHniqs23ETAAUDPta0j,"Insônia","Sofá 7","A VIRGO",2020-07-09,148000,1,false,iarecippo,2025-05-30T17:59:43Z,"","A VIRGO",0.739,0.477,3,-14.765,0,0.0381,0.0186,0.0884,0.0998,0.62,137.032,4
spotify:track:11nZLnLbi8DkDXGpEwNPCa,"30/40","Sofá 7","A VIRGO",2020-07-09,177500,0,false,iarecippo,2025-05-30T17:59:43Z,"","A VIRGO",0.643,0.558,8,-11.784,1,0.0372,0.0502,0.0004,0.123,0.632,149.972,4
spotify:track:6Vw1k0j0X6OUcTFqeEFO7t,"Sofá 7 (Intro)","Sofá 7","A VIRGO",2020-07-09,17910,0,false,iarecippo,2025-05-30T17:59:43Z,"","A VIRGO",0.328,0.191,5,-31.804,0,0.366,0.853,0.0145,0.411,0.0334,87.403,4
spotify:track:4T2Bn8b7Hb5MG84YgcV08d,"Sofá 7","Sofá 7","A VIRGO",2020-07-09,296220,3,false,iarecippo,2025-05-30T17:59:43Z,"","A VIRGO",0.716,0.355,6,-13.925,0,0.0373,0.657,0.0000801,0.145,0.391,109.955,4
spotify:track:3ygiTyWc77dgvXAgP8a8d2,"419 Tupi","Sofá 7","A VIRGO",2020-07-09,345000,0,false,iarecippo,2025-05-30T17:59:43Z,"","A VIRGO",0.442,0.364,0,-14.584,0,0.0427,0.116,0.00436,0.366,0.636,134.968,4
spotify:track:1B9IsmlgLr02P6zDmumn2g,"Camel Blue (Intro)","Sofá 7","A VIRGO",2020-07-09,26410,0,false,iarecippo,2025-05-30T17:59:43Z,"","A VIRGO",0.654,0.329,3,-32.095,1,0.809,0.68,0,0.586,0.0348,105.135,4
spotify:track:3jetydtYJLQ3rqouncdkCM,"Camel Blue","Sofá 7","A VIRGO",2020-07-09,214600,8,false,iarecippo,2025-05-30T17:59:43Z,"","A VIRGO",0.708,0.383,7,-14.159,0,0.0376,0.46,0.00000394,0.111,0.662,109.991,4
spotify:track:5wiBvDhCqvY594R5bsh99B,"30/40 Revisitada - Remix","Sofá 7","A VIRGO",2020-07-09,243000,0,false,iarecippo,2025-05-30T17:59:43Z,"","A VIRGO",0.747,0.243,10,-15.839,0,0.0344,0.0642,0.00019,0.0955,0.373,134.983,4
spotify:track:5VT4RgkfO0iHK2Jqwh8Sbn,"Livre Live South","Sofá 7","A VIRGO",2020-07-09,209000,0,false,iarecippo,2025-05-30T17:59:43Z,"","A VIRGO",0.658,0.492,2,-12.677,0,0.0296,0.0354,0.0000407,0.263,0.754,129.989,4
spotify:track:762ubLI1T1bRDNeSnbSMH8,"Never Gonna Get You","Sofá 7","A VIRGO",2020-07-09,358000,1,false,iarecippo,2025-05-30T17:59:43Z,"","A VIRGO",0.614,0.316,2,-14.628,0,0.0333,0.6,0.00549,0.254,0.346,114.998,3
spotify:track:6jQEr16l3qGnkmo2KFHCp0,"Malícia","Sofá 7","A VIRGO",2020-07-09,118880,0,false,iarecippo,2025-05-30T17:59:43Z,"","A VIRGO",0.61,0.339,6,-13.868,0,0.0348,0.515,0.0209,0.0966,0.734,82.48,4
spotify:track:2QwNvABe1GNh5afyLYUBOB,"Elisa","Sofá 7","A VIRGO",2020-07-09,168000,1,false,iarecippo,2025-05-30T17:59:43Z,"","A VIRGO",0.554,0.366,5,-13.907,1,0.0362,0.532,0.0000177,0.163,0.43,75.035,4
spotify:track:6wU5wxLJBGy1jtvzRyiNNT,"Puma Blue","Sofá 7","A VIRGO",2020-07-09,232500,0,false,iarecippo,2025-05-30T17:59:43Z,"","A VIRGO",0.596,0.464,9,-15.486,0,0.031,0.452,0.0731,0.116,0.691,159.99,4
spotify:track:1hdmirNUyiQXmAjbh72x4o,"Gin","Sofá 7","A VIRGO;Luke Balmain",2020-07-09,217000,1,true,iarecippo,2025-05-30T17:59:43Z,"","A VIRGO",0.574,0.455,7,-13.445,0,0.0451,0.535,0,0.512,0.562,120.004,4
spotify:track:3MLRr1id7txniZBQW4i0HG,"Noite de Verão","Sofá 7","A VIRGO",2020-07-09,262750,5,true,iarecippo,2025-05-30T17:59:43Z,"","A VIRGO",0.394,0.696,1,-10.602,1,0.0475,0.0559,0.000137,0.147,0.645,90.465,4
spotify:track:4uxdsY85Opc98zxwZHCtyL,"Little Fishes","Cha","Catavento",2016-08-12,272000,1,false,iarecippo,2025-06-02T21:36:01Z,"neo-psychedelic","Honey Bomb Records [dist. Tratore]",0.157,0.773,9,-5.795,0,0.0496,0.000958,0.0227,0.154,0.141,137.091,3
spotify:track:1pVIryW3ZOz7Pf0hIPYhLg,"Red Lagoa","Cha","Catavento",2016-08-12,180000,3,false,iarecippo,2025-06-02T21:36:01Z,"neo-psychedelic","Honey Bomb Records [dist. Tratore]",0.328,0.949,9,-5.849,1,0.0541,0.00000425,0.0319,0.435,0.649,128.388,4
spotify:track:29BZnUveUMtyJyUb1vJQH3,"City's Angels","Cha","Catavento",2016-08-12,210002,2,false,iarecippo,2025-06-02T21:36:01Z,"neo-psychedelic","Honey Bomb Records [dist. Tratore]",0.315,0.922,7,-8.146,1,0.05,0.00000184,0.499,0.0874,0.523,128.448,4
spotify:track:1qyzbyQRCSXg6KdnLOViPW,"The Sky","Cha","Catavento",2016-08-12,378039,2,false,iarecippo,2025-06-02T21:36:01Z,"neo-psychedelic","Honey Bomb Records [dist. Tratore]",0.196,0.817,2,-6.795,1,0.04,0.00000494,0.556,0.268,0.474,104.382,4
spotify:track:6nmKGhTpGJ7vpNkZkqG1ow,"Rooftop","Cha","Catavento",2016-08-12,290000,3,false,iarecippo,2025-06-02T21:36:01Z,"neo-psychedelic","Honey Bomb Records [dist. Tratore]",0.171,0.695,4,-9.138,0,0.0515,0.00000811,0.000136,0.0869,0.402,126.34,4
spotify:track:3FBR1ItNarhgoGpYwUnDOo,"Plantinha","Cha","Catavento",2016-08-12,237641,2,false,iarecippo,2025-06-02T21:36:01Z,"neo-psychedelic","Honey Bomb Records [dist. Tratore]",0.354,0.937,6,-7.48,0,0.0746,0.0000276,0.76,0.376,0.493,130.528,4
spotify:track:2ISUbqKe8cO0ZAjwxCMg4Z,"Thanks a Lot","Cha","Catavento",2016-08-12,100001,0,false,iarecippo,2025-06-02T21:36:01Z,"neo-psychedelic","Honey Bomb Records [dist. Tratore]",0.221,0.961,9,-7.424,1,0.067,0.000037,0.711,0.369,0.634,141.952,4
spotify:track:4sBs4oQwpJ9HgrL1FDrSBt,"Illinoia","Cha","Catavento",2016-08-12,187783,1,false,iarecippo,2025-06-02T21:36:01Z,"neo-psychedelic","Honey Bomb Records [dist. Tratore]",0.189,0.984,10,-5.52,1,0.12,0.00000164,0.937,0.417,0.281,91.102,4
spotify:track:0QHWhdpolS3otMnVPiFnsq,"It Tangles It Never Breaks","Cha","Catavento",2016-08-12,405000,0,false,iarecippo,2025-06-02T21:36:01Z,"neo-psychedelic","Honey Bomb Records [dist. Tratore]",0.168,0.808,2,-6.515,0,0.0605,0.000914,0.0247,0.261,0.05,110.396,4
spotify:track:3wXCtYf0enkj9JIcfAXi9C,"That is How We Came","The Early Years: 2008 - 2010","Pond",2025-06-04,353250,11,false,iarecippo,2025-06-04T16:48:23Z,"neo-psychedelic,psychedelic rock","Spinning Top Records",0.229,0.939,9,-10.043,1,0.169,0.372,0.172,0.326,0.0665,112.737,4
spotify:track:0ISFN0MmB7F8NOiu6vteaV,"Psychedelic Mango Vision","The Early Years: 2008 - 2010","Pond",2025-06-04,281187,13,false,iarecippo,2025-06-04T16:48:23Z,"neo-psychedelic,psychedelic rock","Spinning Top Records",0.351,0.574,2,-9.169,0,0.0586,0.186,0.00162,0.232,0.183,127.772,4
spotify:track:4IpgE06AUnzEJsWSoydRGp,"Don’t Look at the Sun or You’ll Go Blind","The Early Years: 2008 - 2010","Pond",2025-06-04,167128,15,false,iarecippo,2025-06-04T16:48:23Z,"neo-psychedelic,psychedelic rock","Spinning Top Records",0.393,0.51,9,-11.167,1,0.041,0.467,0.213,0.142,0.183,133.458,4
spotify:track:7zREPdMDKMeQEm0VSgwrmy,"Sweet Loretta","The Early Years: 2008 - 2010","Pond",2025-06-04,484406,11,false,iarecippo,2025-06-04T16:48:23Z,"neo-psychedelic,psychedelic rock","Spinning Top Records",0.438,0.62,0,-8.927,1,0.0303,0.00887,0.869,0.435,0.308,108.488,4
spotify:track:5J5EZlvEe8u3wAbxnonnCQ,"Mist in my Brain Forest","The Early Years: 2008 - 2010","Pond",2025-06-04,435593,12,false,iarecippo,2025-06-04T16:48:23Z,"neo-psychedelic,psychedelic rock","Spinning Top Records",0.2,0.738,1,-7.334,0,0.0423,0.000052,0.902,0.102,0.246,152.322,4
spotify:track:399KEcdGYms5gbi1djnmIz,"Betty Davis","The Early Years: 2008 - 2010","Pond",2025-06-04,129733,11,false,iarecippo,2025-06-04T16:48:23Z,"neo-psychedelic,psychedelic rock","Spinning Top Records",0.162,0.612,11,-8.65,0,0.059,0.00176,0.01,0.279,0.139,151.278,4
spotify:track:1M4DnxHtl1VKHx9hN4LKer,"Torn Asunder","The Early Years: 2008 - 2010","Pond",2025-06-04,281453,10,false,iarecippo,2025-06-04T16:48:23Z,"neo-psychedelic,psychedelic rock","Spinning Top Records",0.205,0.528,9,-8.205,1,0.0332,0.00413,0.166,0.175,0.326,174.217,4
spotify:track:5MjPB9YNY0yqZ7oLntJ5ZQ,"Annie Orangetree","The Early Years: 2008 - 2010","Pond",2025-06-04,207062,14,false,iarecippo,2025-06-04T16:48:23Z,"neo-psychedelic,psychedelic rock","Spinning Top Records",0.426,0.792,9,-6.821,1,0.0381,0.0709,0.000013,0.356,0.403,124.216,4
spotify:track:6BFFlUpBIEGKgGkIXgm3VK,"Mussels Tonight","The Early Years: 2008 - 2010","Pond",2025-06-04,277500,12,false,iarecippo,2025-06-04T16:48:23Z,"neo-psychedelic,psychedelic rock","Spinning Top Records",0.446,0.764,2,-8.045,1,0.0832,0.0744,0.516,0.107,0.161,120.969,4
spotify:track:3dHI2wtwkdQIxlnwMS9K4B,"Sunlight Cardigan","The Early Years: 2008 - 2010","Pond",2025-06-04,261437,15,false,iarecippo,2025-06-04T16:48:23Z,"neo-psychedelic,psychedelic rock","Spinning Top Records",0.569,0.619,1,-8.043,1,0.0263,0.374,0.17,0.111,0.21,134.021,4
spotify:track:1vWDii7M7wEGVwYh6nDDBK,"Frond","The Early Years: 2008 - 2010","Pond",2025-06-04,529000,17,false,iarecippo,2025-06-04T16:48:23Z,"neo-psychedelic,psychedelic rock","Spinning Top Records",0.374,0.605,0,-7.238,1,0.0332,0.242,0.428,0.121,0.102,140.049,4
spotify:track:3gy54wriHKgr9zGy8vubTB,"V.I.S.","uLu Selects Vol #2","Portugal. The Man",2025-06-06,225053,20,false,iarecippo,2025-06-06T14:32:50Z,"","Approaching AIRballoons",0.605,0.701,0,-5.113,1,0.0251,0.00683,0.000177,0.213,0.376,95.013,4
spotify:track:4TUuuk5ZIiUmQX6t97TfQU,"Silver Spoons","uLu Selects Vol #2","Portugal. The Man;Lucius",2025-06-06,206360,29,true,iarecippo,2025-06-06T14:32:50Z,"","Approaching AIRballoons",0.582,0.918,0,-4.35,1,0.0544,0.00846,0.00000245,0.246,0.591,138.04,4
spotify:track:79ov52jfDx0aCMHW7MXf5C,"Big Baby Bogotá","uLu Selects Vol #2","Portugal. The Man;Francisca Valenzuela;Estereomance",2025-06-06,186600,22,false,iarecippo,2025-06-06T14:32:50Z,"latin indie,mexican indie,latin alternative","Approaching AIRballoons",0.698,0.908,9,-4.944,0,0.0343,0.19,0.0000524,0.2,0.932,144.004,4
spotify:track:6pjUhdnqX0ZC1KqtPLI8Dt,"I Got This","uLu Selects Vol #2","Portugal. The Man;Paul Williams",2025-06-06,195146,18,true,iarecippo,2025-06-06T14:32:50Z,"","Approaching AIRballoons",0.638,0.787,2,-5.685,0,0.206,0.0346,0.0000622,0.0812,0.469,144.996,4
spotify:track:20kfSemlOU2CpCmh7GRSRv,"Thief","Lotus","Little Simz",2025-06-06,240379,45,true,iarecippo,2025-06-06T15:36:40Z,"","Little Simz",0.744,0.577,9,-8.647,0,0.0342,0.365,0.545,0.112,0.58,120.034,4
spotify:track:3m9g8ua3M51JvqmS8rh6bS,"Flood","Lotus","Little Simz;Obongjayar;Moonchild Sanelly",2025-06-06,167544,47,true,iarecippo,2025-06-06T15:36:40Z,"alté,gqom","Little Simz",0.848,0.63,4,-10.961,0,0.188,0.153,0.824,0.117,0.634,112.029,4
spotify:track:1MQKhg5Kbn3cd07LQ5JPRK,"Young","Lotus","Little Simz",2025-06-06,170080,44,true,iarecippo,2025-06-06T15:36:40Z,"","Little Simz",0.882,0.509,11,-5.439,0,0.342,0.0268,0,0.0748,0.736,150.142,4
spotify:track:6jJTlYkddJONCQQVzWFzcQ,"Only","Lotus","Little Simz;Lydia Kitto",2025-06-06,215986,51,false,iarecippo,2025-06-06T15:36:40Z,"retro soul","Little Simz",0.486,0.468,10,-10.417,0,0.106,0.299,0.00161,0.12,0.849,88.477,4
spotify:track:05n0mwlh1y3cwjGmHnfVjh,"Free","Lotus","Little Simz",2025-06-06,215594,54,true,iarecippo,2025-06-06T15:36:40Z,"","Little Simz",0.764,0.654,8,-7.639,0,0.0741,0.434,0.00351,0.153,0.778,92.039,4
spotify:track:1DOagLRXZ5KtZ1GLuTceSq,"Peace","Lotus","Little Simz;Moses Sumney;Miraa May",2025-06-06,267535,41,false,iarecippo,2025-06-06T15:36:40Z,"art pop,indie soul,uk r&b,alternative r&b","Little Simz",0.623,0.363,8,-9.849,1,0.0408,0.861,0.0000037,0.0951,0.443,97.736,4
spotify:track:0BFG4mvQhFttosErqHmN2K,"Hollow","Lotus","Little Simz",2025-06-06,174972,36,true,iarecippo,2025-06-06T15:36:40Z,"","Little Simz",0.419,0.385,3,-10.48,1,0.0517,0.893,0.00000963,0.567,0.389,75.83,4
spotify:track:2JnMEz1aD9m6bZAXUXFliU,"Lion","Lotus","Little Simz;Obongjayar",2025-06-06,177718,52,true,iarecippo,2025-06-06T15:36:40Z,"alté","Little Simz",0.879,0.564,10,-10.944,0,0.0614,0.52,0.515,0.115,0.91,100.033,4
spotify:track:1HmK8lrO7XCaMEn0CWbDWB,"Enough","Lotus","Little Simz;Yukimi",2025-06-06,182173,41,true,iarecippo,2025-06-06T15:36:40Z,"","Little Simz",0.867,0.529,11,-8.3,0,0.078,0.0511,0.0848,0.123,0.433,126.986,4
spotify:track:3E1q57YmMqnpdcRu9ASuly,"Blood","Lotus","Little Simz;Wretch 32;Cashh",2025-06-06,268387,39,true,iarecippo,2025-06-06T15:36:40Z,"grime,uk grime,afroswing,uk r&b","Little Simz",0.774,0.511,9,-9.734,0,0.242,0.635,0.000979,0.117,0.559,130.098,4
spotify:track:4xwuXvpgYhgxsp8YworEYe,"Lotus","Lotus","Little Simz;Michael Kiwanuka;Yussef Dayes",2025-06-06,395725,43,true,iarecippo,2025-06-06T15:36:40Z,"soul,nu jazz,indie jazz,jazz fusion","Little Simz",0.403,0.737,4,-7.705,0,0.266,0.0741,0.00158,0.337,0.369,169.889,3
spotify:track:2QfRYZYXbmRzNijwHcheqN,"Lonely","Lotus","Little Simz",2025-06-06,265613,38,true,iarecippo,2025-06-06T15:36:40Z,"","Little Simz",0.673,0.513,0,-8.629,1,0.0396,0.453,0.505,0.0974,0.422,93.061,4
spotify:track:46PSL97D6XVVMWzalBD7xb,"Blue","Lotus","Little Simz;Sampha",2025-06-06,253827,38,true,iarecippo,2025-06-06T15:36:40Z,"indie soul","Little Simz",0.687,0.437,7,-11.702,1,0.0327,0.916,0.00105,0.128,0.606,124.089,4
spotify:track:3fm4VucelGWDoobYPmI9mj,"eu sei (nada vai mudar)","dois verões ou a viagem de sífero","A VIRGO",2025-05-09,227000,3,false,iarecippo,2025-06-07T22:42:48Z,"","A VIRGO",0.518,0.684,7,-10.699,0,0.058,0.699,0.111,0.54,0.577,125.292,4
spotify:track:1MGOaDXOiM4hWBEVzNcpcN,"a viagem de sífero","dois verões ou a viagem de sífero","A VIRGO",2025-05-09,257232,3,true,iarecippo,2025-06-07T22:42:48Z,"","A VIRGO",0.351,0.764,8,-6.677,0,0.0638,0.559,0.293,0.348,0.526,123.29,1
spotify:track:2pdz32unPm04tRxtaBV8Bf,"e já passou da hora","dois verões ou a viagem de sífero","A VIRGO",2025-05-09,205000,2,false,iarecippo,2025-06-07T22:42:48Z,"","A VIRGO",0.657,0.564,6,-9.187,0,0.0334,0.0105,0.00222,0.119,0.657,117.018,4
spotify:track:2FEgumt7i0nF0mlcYe8qmk,"não conte comigo","dois verões ou a viagem de sífero","A VIRGO",2025-05-09,260000,4,false,iarecippo,2025-06-07T22:42:48Z,"","A VIRGO",0.423,0.569,4,-7.399,1,0.0389,0.0412,0.0000425,0.201,0.297,110.203,3
spotify:track:7KSNYSPkDy8gDsyGw0nJ9Z,"álamo","dois verões ou a viagem de sífero","A VIRGO",2025-05-09,195996,1,false,iarecippo,2025-06-07T22:42:48Z,"","A VIRGO",0.2,0.582,7,-8.857,1,0.0524,0.55,0.00451,0.958,0.127,110.431,4
spotify:track:5LDMaVv7gEBWESIh0bcVoY,"ao vivo na oma","dois verões ou a viagem de sífero","A VIRGO",2025-05-09,194375,1,false,iarecippo,2025-06-07T22:42:48Z,"","A VIRGO",0.275,0.818,9,-5.869,1,0.0895,0.0753,0.705,0.699,0.232,118.935,4
spotify:track:6C8tMnZlVPJHuyidT1Yxkz,"av. paraguassú","dois verões ou a viagem de sífero","A VIRGO",2025-05-09,209056,1,false,iarecippo,2025-06-07T22:42:48Z,"","A VIRGO",0.623,0.517,2,-10.158,0,0.0317,0.059,0.333,0.0529,0.4,116.992,4
spotify:track:4EfA86BhZUMprP1LuGlxrS,"mergulho à vida","dois verões ou a viagem de sífero","A VIRGO",2025-05-09,257496,1,false,iarecippo,2025-06-07T22:42:48Z,"","A VIRGO",0.376,0.768,4,-5.099,1,0.0404,0.106,0.0329,0.388,0.248,125.079,4
spotify:track:7pehpGjCwpGkzVvqxeTs75,"fim dos tempos","dois verões ou a viagem de sífero","A VIRGO;Zilladxg",2025-05-09,206500,2,false,iarecippo,2025-06-07T22:42:48Z,"boom bap","A VIRGO",0.531,0.916,5,-6.284,0,0.194,0.0727,0.00295,0.0887,0.694,154.992,5
spotify:track:5jUXKb053s0O34PMlBZWvG,"tô pensando em parar//tô sem fogo","dois verões ou a viagem de sífero","A VIRGO",2025-05-09,424000,1,false,iarecippo,2025-06-07T22:42:48Z,"","A VIRGO",0.242,0.881,0,-6.534,0,0.103,0.24,0.00124,0.183,0.166,120.165,3
spotify:track:2tPbma2wh8duxhevDoVr5w,"Return to Hot Chicken","I Can Hear The Heart Beating As One","Yo La Tengo",1997,99733,8,false,iarecippo,2025-06-16T17:37:20Z,"dream pop,slowcore","Matador",0.371,0.217,0,-17.019,1,0.0344,0.862,0.808,0.104,0.397,105.479,4
spotify:track:13SdDI6SRwPdpXkh5R1f2K,"Moby Octopad","I Can Hear The Heart Beating As One","Yo La Tengo",1997,348693,8,false,iarecippo,2025-06-16T17:37:20Z,"dream pop,slowcore","Matador",0.6,0.527,7,-9.999,1,0.0354,0.415,0.79,0.117,0.894,120.95,4
spotify:track:7wiUAk08mMTY7IyDUuvNm3,"Sugarcube","I Can Hear The Heart Beating As One","Yo La Tengo",1997,201000,16,false,iarecippo,2025-06-16T17:37:20Z,"dream pop,slowcore","Matador",0.257,0.587,4,-7.54,1,0.0368,0.0013,0.838,0.18,0.22,77.201,4
spotify:track:3SpDJwFD35m4F8R5DcFpmR,"Damage","I Can Hear The Heart Beating As One","Yo La Tengo",1997,279200,7,false,iarecippo,2025-06-16T17:37:20Z,"dream pop,slowcore","Matador",0.225,0.45,10,-15.12,1,0.0348,0.632,0.927,0.126,0.178,173.247,3
spotify:track:5NtszEfzW6JPcTbIjqfQ5l,"Deeper into Movies","I Can Hear The Heart Beating As One","Yo La Tengo",1997,323133,4,false,iarecippo,2025-06-16T17:37:20Z,"dream pop,slowcore","Matador",0.214,0.786,11,-5.701,1,0.0587,0.255,0.704,0.128,0.104,136.568,4
spotify:track:5GT5PtTcxRrcVs6Rq0acXe,"Shadows","I Can Hear The Heart Beating As One","Yo La Tengo",1997,147040,7,false,iarecippo,2025-06-16T17:37:20Z,"dream pop,slowcore","Matador",0.664,0.27,2,-16.686,1,0.0336,0.904,0.0195,0.114,0.177,114.827,4
spotify:track:7Bdvmz6yylItZv6MHm0rAj,"Stockholm Syndrome","I Can Hear The Heart Beating As One","Yo La Tengo",1997,171093,8,false,iarecippo,2025-06-16T17:37:20Z,"dream pop,slowcore","Matador",0.584,0.684,4,-11.121,0,0.0313,0.547,0.00179,0.162,0.903,137.753,4
spotify:track:01nLKbpSV14KyZwujAPRgV,"Autumn Sweater","I Can Hear The Heart Beating As One","Yo La Tengo",1997,318373,22,false,iarecippo,2025-06-16T17:37:20Z,"dream pop,slowcore","Matador",0.628,0.455,7,-12.436,1,0.0427,0.142,0.693,0.135,0.858,102.09,4
spotify:track:0gCWKhKf3xhVj8axQZK4Ca,"Little Honda","I Can Hear The Heart Beating As One","Yo La Tengo",1997,187093,4,false,iarecippo,2025-06-16T17:37:20Z,"dream pop,slowcore","Matador",0.341,0.586,2,-9.009,1,0.0384,0.0714,0.769,0.347,0.373,133.682,4
spotify:track:1bJ95d8h7KpCNpqRQ26mt6,"Green Arrow","I Can Hear The Heart Beating As One","Yo La Tengo",1997,343800,20,false,iarecippo,2025-06-16T17:37:20Z,"dream pop,slowcore","Matador",0.176,0.15,7,-19.388,0,0.0335,0.798,0.827,0.0871,0.078,174.185,4
spotify:track:4MR1JU2FivxKFTXeFGIfX6,"One PM Again","I Can Hear The Heart Beating As One","Yo La Tengo",1997,145666,5,false,iarecippo,2025-06-16T17:37:20Z,"dream pop,slowcore","Matador",0.499,0.386,0,-14.19,1,0.0292,0.779,0.95,0.0951,0.425,141.035,4
spotify:track:2sJohjikp9mWFOHr5tLb4u,"The Lie and How We Told It","I Can Hear The Heart Beating As One","Yo La Tengo",1997,199266,4,false,iarecippo,2025-06-16T17:37:20Z,"dream pop,slowcore","Matador",0.466,0.438,2,-11.738,1,0.0308,0.604,0.891,0.101,0.315,136.693,4
spotify:track:3HcqlbDWuf1PvFcppLMQhK,"Center of Gravity","I Can Hear The Heart Beating As One","Yo La Tengo",1997,162306,14,false,iarecippo,2025-06-16T17:37:20Z,"dream pop,slowcore","Matador",0.817,0.356,2,-13.663,1,0.454,0.17,0.604,0.0706,0.968,159.59,4
spotify:track:6lYYtqPYXawJ7pFWTS56FB,"Spec Bebop","I Can Hear The Heart Beating As One","Yo La Tengo",1997,640560,1,false,iarecippo,2025-06-16T17:37:20Z,"dream pop,slowcore","Matador",0.44,0.715,0,-7.394,1,0.0416,0.655,0.606,0.102,0.227,137.255,4
spotify:track:13aAGQZMiMBOUkCptPQ9ac,"We're an American Band","I Can Hear The Heart Beating As One","Yo La Tengo",1997,385466,2,false,iarecippo,2025-06-16T17:37:20Z,"dream pop,slowcore","Matador",0.099,0.56,2,-8.643,1,0.0373,0.665,0.915,0.121,0.194,89.488,4
spotify:track:7i0TA0w5sGJ2jHFwy11Ui0,"My Little Corner of the World","I Can Hear The Heart Beating As One","Yo La Tengo",1997,145573,16,false,iarecippo,2025-06-16T17:37:20Z,"dream pop,slowcore","Matador",0.567,0.333,3,-14.596,1,0.0289,0.86,0.929,0.0972,0.625,130.459,4
spotify:track:6nfrWY3igirVpID6QaLKRV,"I'm In Your Mind","I'm In Your Mind Fuzz","King Gizzard & The Lizard Wizard",2014-10-31,213590,0,false,iarecippo,2025-06-17T15:07:53Z,"neo-psychedelic,psychedelic rock","KGLW (King Gizzard & the Lizard Wizard)",0.274,0.776,6,-5.63,0,0.06,0.00595,0.809,0.597,0.408,93.378,4
spotify:track:2Q0lZCA4heZznZPQenLCFu,"I'm Not In Your Mind","I'm In Your Mind Fuzz","King Gizzard & The Lizard Wizard",2014-10-31,178261,0,false,iarecippo,2025-06-17T15:07:53Z,"neo-psychedelic,psychedelic rock","KGLW (King Gizzard & the Lizard Wizard)",0.317,0.739,6,-6.197,0,0.0479,0.000414,0.839,0.0931,0.531,91.535,4
spotify:track:0R0G0M1i5FxBzzFKNL9XLb,"Cellophane","I'm In Your Mind Fuzz","King Gizzard & The Lizard Wizard",2014-10-31,190785,0,false,iarecippo,2025-06-17T15:07:53Z,"neo-psychedelic,psychedelic rock","KGLW (King Gizzard & the Lizard Wizard)",0.43,0.887,7,-6.175,1,0.122,0.00213,0.914,0.12,0.356,93.086,4
spotify:track:5Ja4ofYIjXMGiZem3XfVGs,"I'm In Your Mind Fuzz","I'm In Your Mind Fuzz","King Gizzard & The Lizard Wizard",2014-10-31,171829,0,false,iarecippo,2025-06-17T15:07:53Z,"neo-psychedelic,psychedelic rock","KGLW (King Gizzard & the Lizard Wizard)",0.335,0.821,6,-6.155,0,0.0603,0.0169,0.98,0.563,0.261,94.533,4
spotify:track:3YigkIZCEiqMnlkwU50BkG,"Empty","I'm In Your Mind Fuzz","King Gizzard & The Lizard Wizard",2014-10-31,250699,0,false,iarecippo,2025-06-17T15:07:53Z,"neo-psychedelic,psychedelic rock","KGLW (King Gizzard & the Lizard Wizard)",0.283,0.847,9,-6.217,1,0.105,0.0827,0.168,0.371,0.29,157.514,3
spotify:track:4WRXWZSkpuNphjFdvn5PJN,"Hot Water","I'm In Your Mind Fuzz","King Gizzard & The Lizard Wizard",2014-10-31,203787,0,false,iarecippo,2025-06-17T15:07:53Z,"neo-psychedelic,psychedelic rock","KGLW (King Gizzard & the Lizard Wizard)",0.627,0.609,9,-9.387,1,0.0332,0.859,0.891,0.116,0.734,86.863,4
spotify:track:1sUjjFYMb6YcRfljjExr7f,"Am I in Heaven?","I'm In Your Mind Fuzz","King Gizzard & The Lizard Wizard",2014-10-31,425872,0,false,iarecippo,2025-06-17T15:07:53Z,"neo-psychedelic,psychedelic rock","KGLW (King Gizzard & the Lizard Wizard)",0.229,0.903,6,-4.323,1,0.0973,0.00786,0.0372,0.484,0.145,104.387,4
spotify:track:3jww6jMhelPsHnXO7Bar9v,"Slow Jam 1","I'm In Your Mind Fuzz","King Gizzard & The Lizard Wizard",2014-10-31,174563,0,false,iarecippo,2025-06-17T15:07:53Z,"neo-psychedelic,psychedelic rock","KGLW (King Gizzard & the Lizard Wizard)",0.422,0.732,6,-7.762,1,0.0892,0.353,0.808,0.365,0.734,175.43,4
spotify:track:56jsrcZ5bn4ja9qDYoJWu7,"Satan Speeds Up","I'm In Your Mind Fuzz","King Gizzard & The Lizard Wizard",2014-10-31,219083,0,false,iarecippo,2025-06-17T15:07:53Z,"neo-psychedelic,psychedelic rock","KGLW (King Gizzard & the Lizard Wizard)",0.247,0.692,7,-6.296,1,0.0569,0.959,0.772,0.247,0.364,76.554,4
spotify:track:7cbfx6Aavq0XK1vCOFgx7K,"Her and I (Slow Jam 2)","I'm In Your Mind Fuzz","King Gizzard & The Lizard Wizard",2014-10-31,495215,0,false,iarecippo,2025-06-17T15:07:53Z,"neo-psychedelic,psychedelic rock","KGLW (King Gizzard & the Lizard Wizard)",0.538,0.858,4,-7.114,1,0.0633,0.0125,0.0792,0.251,0.547,117.042,4
spotify:track:2w6lE6nG07zssg5fnDlafW,"AURA","CURSE","Unknown Mortal Orchestra",2025-06-18,70588,24,false,iarecippo,2025-06-23T23:41:31Z,"neo-psychedelic","Jagjaguwar",0.342,0.511,7,-11.239,0,0.0461,0.893,0.104,0.426,0.143,98.073,4
spotify:track:7ApBgRUeHjs5VpHRYdWya9,"BOYS WITH THE CHARACTERISTICS OF WOLVES","CURSE","Unknown Mortal Orchestra",2025-06-18,182123,40,false,iarecippo,2025-06-23T23:41:31Z,"neo-psychedelic","Jagjaguwar",0.634,0.441,8,-10.461,0,0.0366,0.691,0.00044,0.125,0.424,119.979,4
spotify:track:7xkyqFdogcqpGKkn3baJ6d,"DEATH COMES FROM THE SKY","CURSE","Unknown Mortal Orchestra",2025-06-18,148525,38,false,iarecippo,2025-06-23T23:41:31Z,"neo-psychedelic","Jagjaguwar",0.731,0.605,1,-6.888,1,0.0333,0.396,0.0000606,0.187,0.865,83.008,4
spotify:track:5hdrbks3ryBnWAtYXSlMdf,"ONE HUNDRED BATS","CURSE","Unknown Mortal Orchestra",2025-06-18,202329,31,false,iarecippo,2025-06-23T23:41:31Z,"neo-psychedelic","Jagjaguwar",0.416,0.548,5,-10.273,0,0.114,0.689,0.801,0.0902,0.25,73.548,4
spotify:track:0ZbYbvCWK6otVJVNgyoDP2,"SORCERERS OF SILENCE","CURSE","Unknown Mortal Orchestra",2025-06-18,95996,28,false,iarecippo,2025-06-23T23:41:31Z,"neo-psychedelic","Jagjaguwar",0.574,0.368,3,-8.002,1,0.0357,0.755,0.237,0.198,0.728,99.691,4
spotify:track:3v9YWtSMN0NQBqGVsdIm9O,"CURSE","CURSE","Unknown Mortal Orchestra",2025-06-18,59221,25,false,iarecippo,2025-06-23T23:41:31Z,"neo-psychedelic","Jagjaguwar",0.532,0.041,8,-16.458,1,0.0596,0.994,0.0289,0.111,0.318,135.078,4
spotify:track:01U0X0ToQhK0AgvNUdyXQe,"Hammer","Virgin","Lorde",2025-06-27,193443,64,true,iarecippo,2025-06-27T20:27:14Z,"","Universal Music New Zealand Limited",0.44,0.608,2,-7.359,1,0.388,0.445,0.0000316,0.104,0.205,95.194,3
spotify:track:7hGCCQkdyF1MX6uk339uBS,"What Was That","Virgin","Lorde",2025-06-27,209286,75,false,iarecippo,2025-06-27T20:27:14Z,"","Universal Music New Zealand Limited",0.603,0.612,0,-6.732,1,0.159,0.352,0.0000268,0.103,0.174,126.612,4
spotify:track:0vtgMfyOVM2Y97DcVVJw3m,"Shapeshifter","Virgin","Lorde",2025-06-27,257065,68,false,iarecippo,2025-06-27T20:27:14Z,"","Universal Music New Zealand Limited",0.574,0.632,0,-5.756,1,0.0618,0.41,0.00735,0.112,0.304,139.914,4
spotify:track:1gvOEwQbIEjkpLdcZwtBoB,"Man Of The Year","Virgin","Lorde",2025-06-27,180433,67,false,iarecippo,2025-06-27T20:27:14Z,"","Universal Music New Zealand Limited",0.421,0.194,7,-5.489,1,0.0401,0.71,0.00152,0.107,0.116,176.999,3
spotify:track:6FRKxwDHTDGr1lqQ0SEprH,"Favourite Daughter","Virgin","Lorde",2025-06-27,208696,66,false,iarecippo,2025-06-27T20:27:14Z,"","Universal Music New Zealand Limited",0.735,0.481,7,-4.324,1,0.0779,0.396,0,0.257,0.392,134.984,4
spotify:track:1cQQB9z7fNQQ2VzSkslt7Y,"Current Affairs","Virgin","Lorde",2025-06-27,198484,65,true,iarecippo,2025-06-27T20:27:14Z,"","Universal Music New Zealand Limited",0.609,0.417,1,-8.349,1,0.0388,0.77,0.000894,0.108,0.204,127.858,4
spotify:track:5IOucMoMeoBw64mEQ68MjE,"Clearblue","Virgin","Lorde",2025-06-27,117364,59,false,iarecippo,2025-06-27T20:27:14Z,"","Universal Music New Zealand Limited",0.542,0.39,9,-7.531,1,0.918,0.52,0,0.247,0.396,187.381,4
spotify:track:6nYlU9iIBRwEnCdXudBJl4,"GRWM","Virgin","Lorde",2025-06-27,155475,59,false,iarecippo,2025-06-27T20:27:14Z,"","Universal Music New Zealand Limited",0.636,0.501,6,-6.657,1,0.276,0.329,0.00938,0.164,0.306,139.768,4
spotify:track:6xCKXznjcHv2hZWDA0pRIe,"Broken Glass","Virgin","Lorde",2025-06-27,194038,64,false,iarecippo,2025-06-27T20:27:14Z,"","Universal Music New Zealand Limited",0.54,0.513,7,-5.695,1,0.458,0.452,0,0.168,0.654,64.976,4
spotify:track:75GHF6q3DHtjNDVISy62rk,"If She Could See Me Now","Virgin","Lorde",2025-06-27,176829,61,false,iarecippo,2025-06-27T20:27:14Z,"","Universal Music New Zealand Limited",0.56,0.519,8,-5.753,1,0.0768,0.594,0,0.165,0.467,147.023,4
spotify:track:6ghDayhHeBXAP4OOnnrFW9,"David","Virgin","Lorde",2025-06-27,204988,77,false,iarecippo,2025-06-27T20:27:14Z,"","Universal Music New Zealand Limited",0.444,0.272,0,-9.621,1,0.0734,0.921,0.00000645,0.158,0.35,79.776,4
spotify:track:0Q9kIg9o8w1XKepXWmDUmT,"New York","Addison","Addison Rae",2025-06-06,152495,66,false,iarecippo,2025-06-30T16:53:56Z,"","Columbia",0.596,0.625,9,-8.783,0,0.0962,0.0299,0.00000733,0.239,0.28,148.005,4
spotify:track:6ouhsRJ7gExB7LCYjITk4Y,"Diet Pepsi","Addison","Addison Rae",2025-06-06,169697,83,false,iarecippo,2025-06-30T16:53:56Z,"","Columbia",0.668,0.56,10,-6.54,1,0.0416,0.499,0.00661,0.0953,0.82,150.066,4
spotify:track:0yKuz6SU0TN3ViDaydV9ti,"Money is Everything","Addison","Addison Rae",2025-06-06,122579,67,false,iarecippo,2025-06-30T16:53:56Z,"","Columbia",0.604,0.539,1,-8.378,0,0.0318,0.00279,0.0132,0.129,0.512,147.927,4
spotify:track:3kDO0ttXrVCWbKCS3sQeC1,"Aquamarine","Addison","Addison Rae",2025-06-06,162814,71,false,iarecippo,2025-06-30T16:53:56Z,"","Columbia",0.569,0.828,7,-8.267,0,0.0326,0.0752,0.0259,0.095,0.687,112.034,4
spotify:track:3EYDZ99D1QHq2QoBBjJu22,"Lost & Found","Addison","Addison Rae",2025-06-06,48347,57,false,iarecippo,2025-06-30T16:53:56Z,"","Columbia",0.339,0.337,0,-13.704,0,0.0387,0.835,0.96,0.101,0.435,91.038,4
spotify:track:7KwPWmB1gA9zRubseJ7OB2,"High Fashion","Addison","Addison Rae",2025-06-06,198172,67,true,iarecippo,2025-06-30T16:53:56Z,"","Columbia",0.53,0.662,0,-9.58,0,0.0349,0.0441,0.0307,0.372,0.18,91.015,4
spotify:track:6RbbysHL9wr8gTRhBlYBbq,"Summer Forever","Addison","Addison Rae",2025-06-06,227735,66,false,iarecippo,2025-06-30T16:53:56Z,"","Columbia",0.648,0.47,11,-8.017,0,0.0279,0.617,0.00179,0.129,0.462,122.003,4
spotify:track:3UDqYP3Sa9phBFAATXOixA,"In The Rain","Addison","Addison Rae",2025-06-06,213960,66,false,iarecippo,2025-06-30T16:53:56Z,"","Columbia",0.703,0.659,7,-8.473,0,0.0448,0.136,0.00252,0.149,0.357,119.043,4
spotify:track:7B3BwNecBhKvNwSMOOl7Gk,"Fame is a Gun","Addison","Addison Rae",2025-06-06,183237,87,false,iarecippo,2025-06-30T16:53:56Z,"","Columbia",0.692,0.399,3,-7.325,0,0.035,0.165,0.00109,0.1,0.411,137.976,4
spotify:track:01fzY6YKwKQ3LxCpIP6buB,"Times Like These","Addison","Addison Rae",2025-06-06,232597,65,false,iarecippo,2025-06-30T16:53:56Z,"","Columbia",0.622,0.627,7,-8.07,1,0.0276,0.583,0.0552,0.11,0.248,109.982,4
spotify:track:6ZgUTCrKgFkIsobRRoroFr,"Life's No Fun Through Clear Waters","Addison","Addison Rae",2025-06-06,57013,56,false,iarecippo,2025-06-30T16:53:56Z,"","Columbia",0.186,0.233,1,-16.157,0,0.0288,0.694,0.0515,0.283,0.256,58.732,5
spotify:track:3H6xZgwRZx8McVUJzmMxWe,"Headphones On","Addison","Addison Rae",2025-06-06,240308,71,false,iarecippo,2025-06-30T16:53:56Z,"","Columbia",0.605,0.819,6,-7.041,0,0.04,0.0236,0.0166,0.149,0.854,94.01,4
spotify:track:7BOQ0hgbElO1Rfg2cux1zB,"1996 (INTRO)","MPC (Música Popular Carioca)","Papatinho;Furacão 2000",2025-05-30,41250,30,false,iarecippo,2025-07-05T21:47:14Z,"brazilian hip hop,brazilian trap,funk melody,funk carioca,miami bass,brazilian funk,axé","Universal Music Ltda.",0.937,0.744,1,-3.415,1,0.0637,0.194,0.234,0.345,0.199,125.975,4
spotify:track:01pJihjyjMOooJSpEJBuLu,"BONDE DOS ESTRAGA FESTA","MPC (Música Popular Carioca)","Papatinho;Major RD;Mc Carol;CALIFFA",2025-05-30,139453,39,false,iarecippo,2025-07-05T21:47:14Z,"brazilian hip hop,brazilian trap,trap,trap funk,brega funk,brazilian funk,brazilian pop,funk pop","Universal Music Ltda.",0.945,0.797,4,-4.216,0,0.185,0.0433,0.0000276,0.127,0.845,127.978,4
spotify:track:5X900bQ6Zo81X11pSzfetV,"SOLTA O PANCADÃO","MPC (Música Popular Carioca)","Papatinho;Tz da Coronel;Mc Cidinho General",2025-05-30,192923,38,false,iarecippo,2025-07-05T21:47:14Z,"brazilian hip hop,brazilian trap,trap funk,trap,funk consciente,brazilian funk,funk carioca","Universal Music Ltda.",0.785,0.827,1,-3.179,1,0.0597,0.0185,0.000315,0.3,0.456,129.883,4
spotify:track:3bvIkHpcpgw4vFXpAvrwZx,"CONJUNTÃO DE TIME","MPC (Música Popular Carioca)","Papatinho;MC Cabelinho;Anitta",2025-05-30,154350,43,false,iarecippo,2025-07-05T21:47:14Z,"brazilian hip hop,brazilian trap,trap funk,trap,funk consciente,brazilian pop,funk pop,brazilian funk,funk carioca","Universal Music Ltda.",0.764,0.785,3,-4.22,0,0.0479,0.437,0.0000187,0.124,0.908,131.93,4
spotify:track:3kLWlAOiKe3aXk0qBFzrrZ,"MEU VÍCIO","MPC (Música Popular Carioca)","Papatinho;MC Kevin o Chris",2025-05-30,160952,36,false,iarecippo,2025-07-05T21:47:14Z,"brazilian hip hop,brazilian trap,brazilian funk,funk carioca,brega funk","Universal Music Ltda.",0.79,0.79,6,-5.078,1,0.163,0.125,0.00904,0.3,0.603,125.955,4
spotify:track:7pNRL7S26wxE7afedHhQPt,"PASSE A RESPEITAR","MPC (Música Popular Carioca)","Papatinho;Naldo Benny;Fernanda Abreu;BK;DJ Chernobyl",2025-05-30,114461,44,false,iarecippo,2025-07-05T21:47:14Z,"brazilian hip hop,brazilian trap,funk melody,samba,mpb,brazilian pop,brazilian rock,boom bap,miami bass,brazilian phonk","Universal Music Ltda.",0.866,0.802,5,-3.74,0,0.0628,0.17,0,0.0783,0.746,129.965,4
spotify:track:7m0VqTlGjyR123V2VhBXKk,"PIXADÃO NO BAILE","MPC (Música Popular Carioca)","Papatinho;L7NNON;LEALL",2025-05-30,144000,43,false,iarecippo,2025-07-05T21:47:14Z,"brazilian hip hop,brazilian trap,trap funk,trap,funk carioca,boom bap,grime","Universal Music Ltda.",0.841,0.642,9,-3.659,1,0.0389,0.167,0.0503,0.125,0.306,129.988,4
spotify:track:1SQWvSqxIGc1OwYnrFPvyN,"GOSTINHO DO AMOR","MPC (Música Popular Carioca)","Papatinho;MC Maneirinho;Duda do Borel",2025-05-30,124687,35,false,iarecippo,2025-07-05T21:47:14Z,"brazilian hip hop,brazilian trap,trap funk,brazilian funk,funk carioca,trap,funk consciente,miami bass","Universal Music Ltda.",0.772,0.73,1,-4.627,1,0.0519,0.12,0,0.186,0.852,128.093,4
spotify:track:07mbFgykKDXhnbeRDXeQdA,"HIPNOTIZA","MPC (Música Popular Carioca)","Papatinho;MC Marcinho;Xamã",2025-05-30,154285,34,false,iarecippo,2025-07-05T21:47:14Z,"brazilian hip hop,brazilian trap,funk melody,brazilian funk,funk carioca,trap funk,trap","Universal Music Ltda.",0.759,0.854,5,-4.891,0,0.0575,0.173,0,0.274,0.675,132.933,4
spotify:track:4uD8yvQdQFPBQHHFEX8uSO,"MELÔ DO TRENZÃO","MPC (Música Popular Carioca)","Papatinho;MD Chefe;MC Kevin o Chris;Dreebeatmaker",2025-05-30,132923,36,false,iarecippo,2025-07-05T21:47:14Z,"brazilian hip hop,brazilian trap,trap,trap funk,brazilian funk,funk carioca,brega funk","Universal Music Ltda.",0.804,0.66,8,-5.792,1,0.0359,0.0692,0.00011,0.0908,0.347,130.03,4
spotify:track:6p7TxcKLGvQir6OaQtd2dz,"COME BACK","MPC (Música Popular Carioca)","Papatinho;Stevie B;Ari;Chris Beats Zn",2025-05-30,147969,34,false,iarecippo,2025-07-05T21:47:14Z,"brazilian hip hop,brazilian trap,funk melody,freestyle,miami bass,latin hip hop,mpb,trap funk,trap","Universal Music Ltda.",0.819,0.76,11,-4.547,0,0.115,0.00814,0.000346,0.0853,0.689,133.023,4
spotify:track:0K7FxrnT2QE5O4EqjQU7kO,"CPR","moisturizer","Wet Leg",2025-07-11,170337,62,false,iarecippo,2025-07-11T14:33:06Z,"indie rock,indie","Domino Recording Co",0.766,0.494,0,-6.365,1,0.0403,0.000383,0.0255,0.34,0.747,115.519,4
spotify:track:7qLc5KYxAvBPgjUkqUozVn,"liquidize","moisturizer","Wet Leg",2025-07-11,147754,59,true,iarecippo,2025-07-11T14:33:06Z,"indie rock,indie","Domino Recording Co",0.572,0.715,1,-6.591,0,0.0287,0.00566,0.0106,0.251,0.624,125.083,4
spotify:track:5yz4ZfLeZ3VdqDM2l8wjjg,"catch these fists","moisturizer","Wet Leg",2025-07-11,188514,65,false,iarecippo,2025-07-11T14:33:06Z,"indie rock,indie","Domino Recording Co",0.654,0.77,6,-6.055,0,0.0486,0.000156,0.00806,0.0612,0.475,127.983,4
spotify:track:4KVYz4U1Vm3pvjhhhS1E6s,"davina mccall","moisturizer","Wet Leg",2025-07-11,227794,62,true,iarecippo,2025-07-11T14:33:06Z,"indie rock,indie","Domino Recording Co",0.808,0.702,4,-7.365,1,0.0303,0.143,0.0036,0.105,0.67,123.014,4
spotify:track:0r63pKmkCAYK7HDi2W6ubc,"jennifer's body","moisturizer","Wet Leg",2025-07-11,146021,53,true,iarecippo,2025-07-11T14:33:06Z,"indie rock,indie","Domino Recording Co",0.637,0.762,11,-6.323,0,0.0337,0.000352,0.12,0.222,0.628,126.996,4
spotify:track:5UW4tA4j23YL6kDfRw3rWT,"mangetout","moisturizer","Wet Leg",2025-07-11,204475,75,true,iarecippo,2025-07-11T14:33:06Z,"indie rock,indie","Domino Recording Co",0.742,0.588,0,-5.358,1,0.0282,0.00876,0.455,0.201,0.477,127.962,4
spotify:track:7uX75Chj1OWg2rMZNaDIT8,"pond song","moisturizer","Wet Leg",2025-07-11,178101,52,false,iarecippo,2025-07-11T14:33:06Z,"indie rock,indie","Domino Recording Co",0.718,0.715,2,-6.932,1,0.03,0.000934,0.567,0.115,0.758,125.01,4
spotify:track:0XMO3PiZ4gtXRvIJCgHsLl,"pokemon","moisturizer","Wet Leg",2025-07-11,206772,63,false,iarecippo,2025-07-11T14:33:06Z,"indie rock,indie","Domino Recording Co",0.707,0.563,9,-7.48,1,0.0338,0.326,0.13,0.108,0.436,81.508,4
spotify:track:4naHtz5EZwPfoNMRgraI5a,"pillow talk","moisturizer","Wet Leg",2025-07-11,176669,52,true,iarecippo,2025-07-11T14:33:06Z,"indie rock,indie","Domino Recording Co",0.638,0.809,0,-5.743,1,0.0435,0.000658,0.241,0.115,0.218,147.028,4
spotify:track:1jCmpit7FUubPk9YPJkiAa,"don’t speak","moisturizer","Wet Leg",2025-07-11,193376,50,false,iarecippo,2025-07-11T14:33:06Z,"indie rock,indie","Domino Recording Co",0.649,0.821,2,-5.289,1,0.0276,0.00425,0.886,0.135,0.575,127.018,4
spotify:track:1lS94XTns132WPcnBeu8Nb,"11:21","moisturizer","Wet Leg",2025-07-11,226434,49,false,iarecippo,2025-07-11T14:33:06Z,"indie rock,indie","Domino Recording Co",0.72,0.386,9,-9.008,0,0.0302,0.336,0.00953,0.142,0.183,117.98,4
spotify:track:3n3rG8qFRwBgl0N7LzNeem,"u and me at home","moisturizer","Wet Leg",2025-07-11,241722,53,false,iarecippo,2025-07-11T14:33:06Z,"indie rock,indie","Domino Recording Co",0.589,0.788,7,-5.851,1,0.0348,0.000235,0.0137,0.0845,0.552,133.973,4
spotify:track:4sLvxpKLvagQ4lZHUpymza,"Big Poe (feat. Sk8brd)","DON'T TAP THE GLASS","Tyler, The Creator;Pharrell Williams",2025-07-21,182401,70,true,iarecippo,2025-07-21T13:31:05Z,"","Columbia",0.711,0.71,9,-4.612,1,0.297,0.117,0,0.0875,0.567,109.975,4
spotify:track:6xV7Be6XEvkSnighmh2Tzj,"Sugar On My Tongue","DON'T TAP THE GLASS","Tyler, The Creator",2025-07-21,153332,82,true,iarecippo,2025-07-21T13:31:05Z,"","Columbia",0.703,0.501,11,-7.037,1,0.101,0.0327,0,0.193,0.463,126.073,4
spotify:track:7DIMKlmJ0CL6eROkbptoqi,"Sucka Free","DON'T TAP THE GLASS","Tyler, The Creator",2025-07-21,161051,68,true,iarecippo,2025-07-21T13:31:05Z,"","Columbia",0.749,0.764,11,-6.36,1,0.189,0.0865,0,0.118,0.63,102.769,4
spotify:track:3WgFhZfyk5nb6v7hkwPmD4,"Mommanem","DON'T TAP THE GLASS","Tyler, The Creator",2025-07-21,75386,64,true,iarecippo,2025-07-21T13:31:05Z,"","Columbia",0.656,0.893,8,-5.396,1,0.43,0.505,0,0.712,0.592,152.708,4
spotify:track:1IF3hx6HU46Pitm0dOdVJO,"Stop Playing With Me","DON'T TAP THE GLASS","Tyler, The Creator",2025-07-21,133307,64,true,iarecippo,2025-07-21T13:31:05Z,"","Columbia",0.77,0.87,1,-5.767,0,0.129,0.094,0,0.151,0.289,115.295,4
spotify:track:1lTqq0aC6r2bXLviQ3oaVt,"Ring Ring Ring","DON'T TAP THE GLASS","Tyler, The Creator",2025-07-21,201869,75,true,iarecippo,2025-07-21T13:31:05Z,"","Columbia",0.756,0.718,6,-5.867,1,0.0531,0.246,0,0.601,0.69,119.022,4
spotify:track:5DRS7YEe1bwGJLDGviT3CD,"Don't Tap That Glass / Tweakin'","DON'T TAP THE GLASS","Tyler, The Creator",2025-07-21,222124,64,true,iarecippo,2025-07-21T13:31:05Z,"","Columbia",0.537,0.85,2,-5.611,1,0.447,0.151,0,0.19,0.51,133.347,4
spotify:track:45mVT3DCE7AATXgESSdfee,"Don't You Worry Baby (feat. Madison McFerrin)","DON'T TAP THE GLASS","Tyler, The Creator;Madison McFerrin",2025-07-21,178135,70,true,iarecippo,2025-07-21T13:31:05Z,"alternative r&b","Columbia",0.665,0.786,6,-5.34,0,0.0526,0.0625,0,0.715,0.456,118.641,4
spotify:track:4waPZF96vX1Oz5pzH6dB0h,"I'll Take Care of You (feat. Yebba)","DON'T TAP THE GLASS","Tyler, The Creator;Yebba",2025-07-21,200860,76,true,iarecippo,2025-07-21T13:31:05Z,"","Columbia",0.712,0.831,11,-4.113,0,0.0528,0.565,0.000336,0.109,0.359,133.794,4
spotify:track:4UddKz4WBKn5b9tDB6tq2L,"Tell Me What It Is","DON'T TAP THE GLASS","Tyler, The Creator",2025-07-21,202133,62,false,iarecippo,2025-07-21T13:31:05Z,"","Columbia",0.586,0.645,5,-6.899,1,0.0462,0.482,0.000121,0.087,0.372,79.903,4
spotify:track:4Uks2w1MDbQ5My5sX7aEbc,"Stuck Up","BLACK STAR","Amaarae",2025-08-08,151000,41,true,iarecippo,2025-08-11T13:26:37Z,"alté,afrobeats,afro r&b","Golden Angel/ Interscope Records",0.835,0.865,0,-3.304,0,0.0585,0.0941,0,0.0791,0.599,129.964,4
spotify:track:3S1fiHR7CUe9Nqa8h4H0u4,"Starkilla (with Bree Runway & Starkillers)","BLACK STAR","Amaarae;Bree Runway;Starkillers",2025-08-08,188307,43,true,iarecippo,2025-08-11T13:26:37Z,"alté,afrobeats,afro r&b,ballroom vogue","Golden Angel/ Interscope Records",0.815,0.541,7,-5.978,1,0.0602,0.493,0.00000646,0.161,0.684,130.038,4
spotify:track:0o7tLK6IhK97l3d6pRy2Xs,"ms60 (with Naomi Campbell)","BLACK STAR","Amaarae;Naomi Campbell",2025-08-08,148571,41,true,iarecippo,2025-08-11T13:26:37Z,"alté,afrobeats,afro r&b","Golden Angel/ Interscope Records",0.854,0.6,1,-4.57,1,0.0871,0.0313,0.0882,0.134,0.213,126.027,4
spotify:track:4SC29UjZqGD3DaZNipthGk,"Kiss Me Thru The Phone pt 2 (with PinkPantheress)","BLACK STAR","Amaarae;PinkPantheress",2025-08-08,218117,56,false,iarecippo,2025-08-11T13:26:37Z,"alté,afrobeats,afro r&b,bedroom pop","Golden Angel/ Interscope Records",0.751,0.637,1,-7.726,0,0.0943,0.733,0.00000961,0.362,0.504,130.057,4
spotify:track:2T5NqoiHanCDbjPfsusKt4,"B2B","BLACK STAR","Amaarae",2025-08-08,257212,38,true,iarecippo,2025-08-11T13:26:37Z,"alté,afrobeats,afro r&b","Golden Angel/ Interscope Records",0.746,0.582,4,-9.72,0,0.055,0.652,0.00111,0.139,0.158,129.049,4
spotify:track:4muAFkxFJNYTBYaLkjLSsK,"She Is My Drug","BLACK STAR","Amaarae",2025-08-08,208572,39,false,iarecippo,2025-08-11T13:26:37Z,"alté,afrobeats,afro r&b","Golden Angel/ Interscope Records",0.708,0.678,2,-8.322,0,0.112,0.885,0.0109,0.265,0.303,125.101,4
spotify:track:4IBWskcFEzOD09BtUBCKC1,"Girlie-Pop!","BLACK STAR","Amaarae",2025-08-08,123950,43,false,iarecippo,2025-08-11T13:26:37Z,"alté,afrobeats,afro r&b","Golden Angel/ Interscope Records",0.779,0.765,1,-6.758,1,0.317,0.203,0.0000488,0.0675,0.29,140.137,4
spotify:track:7iYrk5G9jTqY5oG8k7Lj0B,"S.M.O.","BLACK STAR","Amaarae",2025-08-08,270329,49,true,iarecippo,2025-08-11T13:26:37Z,"alté,afrobeats,afro r&b","Golden Angel/ Interscope Records",0.68,0.817,1,-6.342,0,0.0365,0.127,0.035,0.103,0.456,128.015,4
spotify:track:0uYNYSkMBQzU0UmVh20BzW,"Fineshyt","BLACK STAR","Amaarae",2025-08-08,220167,50,true,iarecippo,2025-08-11T13:26:37Z,"alté,afrobeats,afro r&b","Golden Angel/ Interscope Records",0.787,0.745,1,-5.27,0,0.0472,0.696,0.0357,0.121,0.159,140.048,4
spotify:track:22ttBxXz0awL8AuRwjBeCN,"Dove Cameron","BLACK STAR","Amaarae",2025-08-08,153124,38,true,iarecippo,2025-08-11T13:26:37Z,"alté,afrobeats,afro r&b","Golden Angel/ Interscope Records",0.441,0.468,9,-6.673,0,0.253,0.67,0.0211,0.137,0.477,81.262,5
spotify:track:5KZSB6fM4ATvFpf17jhDZX,"Dream Scenario (with Charlie Wilson)","BLACK STAR","Amaarae;Charlie Wilson",2025-08-08,299000,35,true,iarecippo,2025-08-11T13:26:37Z,"alté,afrobeats,afro r&b,sexy drill","Golden Angel/ Interscope Records",0.52,0.555,10,-5.765,0,0.0333,0.706,0.00000298,0.11,0.368,145.808,4
spotify:track:17vwsnru3IjmrrmtAkiX59,"100DRUM (feat. Zacari)","BLACK STAR","Amaarae;Zacari",2025-08-08,224740,38,false,iarecippo,2025-08-11T13:26:37Z,"alté,afrobeats,afro r&b","Golden Angel/ Interscope Records",0.553,0.724,9,-5.323,0,0.0616,0.34,0.0000662,0.443,0.441,129.927,4
spotify:track:4Sls4ZAghognm4fu3rzPBs,"FREE THE YOUTH","BLACK STAR","Amaarae",2025-08-08,188815,39,false,iarecippo,2025-08-11T13:26:37Z,"alté,afrobeats,afro r&b","Golden Angel/ Interscope Records",0.74,0.864,1,-4.15,0,0.0563,0.0178,0.000095,0.187,0.474,134.98,4
spotify:track:4FwcBvVwrlPVeWYEuMl7J0,"HYPERYOUTH","HYPERYOUTH","Joey Valence & Brae",2025-08-15,167576,48,true,iarecippo,2025-08-15T11:39:11Z,"","JVB Entertainment/RCA Records",0.778,0.937,8,-2.372,1,0.114,0.00677,0,0.657,0.174,114.989,4
spotify:track:38KUOtXulnQmigscma1lpg,"BUST DOWN (feat. TiaCorine)","HYPERYOUTH","Joey Valence & Brae;TiaCorine",2025-08-15,165600,56,true,iarecippo,2025-08-15T11:39:11Z,"","JVB Entertainment/RCA Records",0.931,0.78,11,-1.867,1,0.293,0.0297,0,0.0593,0.834,99.97,4
spotify:track:7xvWCrjw6cO2oyGX8J1A0V,"GIVE IT TO ME","HYPERYOUTH","Joey Valence & Brae",2025-08-15,145506,47,true,iarecippo,2025-08-15T11:39:11Z,"","JVB Entertainment/RCA Records",0.526,0.851,11,-3.43,1,0.195,0.00843,0,0.66,0.307,100.039,4
spotify:track:4SrhXzAN9P1LJlkvs91PKe,"IS THIS LOVE","HYPERYOUTH","Joey Valence & Brae",2025-08-15,180724,47,true,iarecippo,2025-08-15T11:39:11Z,"","JVB Entertainment/RCA Records",0.815,0.808,8,-4.601,1,0.0526,0.0221,0.00000103,0.0863,0.156,125.092,4
spotify:track:0mxBL9v4xZM0q4GAhJWbHB,"SEE U DANCE (feat. Rebecca Black)","HYPERYOUTH","Joey Valence & Brae;Rebecca Black",2025-08-15,166177,52,true,iarecippo,2025-08-15T11:39:11Z,"hyperpop","JVB Entertainment/RCA Records",0.869,0.865,11,-2.091,1,0.0701,0.0279,0,0.278,0.687,119.944,4
spotify:track:0bWMvwYlee7nyNwLmFcP7J,"PARTY'S OVER","HYPERYOUTH","Joey Valence & Brae",2025-08-15,220492,42,false,iarecippo,2025-08-15T11:39:11Z,"","JVB Entertainment/RCA Records",0.469,0.74,6,-3.102,0,0.0415,0.111,0,0.418,0.521,80.23,3
spotify:track:0mvXXIXYaMNaHFU9oe7d2p,"LIVE RIGHT","HYPERYOUTH","Joey Valence & Brae",2025-08-15,219155,44,true,iarecippo,2025-08-15T11:39:11Z,"","JVB Entertainment/RCA Records",0.672,0.876,0,-2.074,1,0.102,0.00306,0,0.369,0.25,97.01,4
spotify:track:7kk5OT70FBurIIV1wibdsk,"BILLIE JEAN","HYPERYOUTH","Joey Valence & Brae",2025-08-15,168404,44,true,iarecippo,2025-08-15T11:39:11Z,"","JVB Entertainment/RCA Records",0.883,0.654,1,-3.803,1,0.357,0.0187,0,0.0618,0.905,75.031,4
spotify:track:3QL73T0pV688yHpVmCHva3,"HAVE TO CRY","HYPERYOUTH","Joey Valence & Brae",2025-08-15,178823,43,true,iarecippo,2025-08-15T11:39:11Z,"","JVB Entertainment/RCA Records",0.723,0.76,1,-1.405,1,0.328,0.028,0,0.425,0.764,101.998,4
spotify:track:4tJXLJqKQD0H4FlxUu6ks2,"THE PARTY SONG","HYPERYOUTH","Joey Valence & Brae",2025-08-15,189000,44,true,iarecippo,2025-08-15T11:39:11Z,"","JVB Entertainment/RCA Records",0.538,0.935,8,-2.493,1,0.341,0.0198,0,0.404,0.833,149.517,4
spotify:track:4FkdvRVrTBi3LLszmtq0Gv,"MYSELF","HYPERYOUTH","Joey Valence & Brae",2025-08-15,197143,40,true,iarecippo,2025-08-15T11:39:11Z,"","JVB Entertainment/RCA Records",0.694,0.777,0,-4.773,1,0.155,0.0867,0,0.236,0.271,99.938,4
spotify:track:3XbJL25pekZFFv1pd8ytZe,"GO HARD","HYPERYOUTH","Joey Valence & Brae",2025-08-15,166666,43,true,iarecippo,2025-08-15T11:39:11Z,"","JVB Entertainment/RCA Records",0.816,0.929,1,-2.038,1,0.231,0.00782,0,0.659,0.467,126.021,4
spotify:track:0BLAbNPYQspTAF7mKmS4Kb,"DISCO TOMORROW","HYPERYOUTH","Joey Valence & Brae",2025-08-15,297360,43,true,iarecippo,2025-08-15T11:39:11Z,"","JVB Entertainment/RCA Records",0.547,0.886,11,-2.835,0,0.141,0.028,0,0.263,0.358,151.962,4
spotify:track:42a9PusvgFnyH0WgdCn6PV,"London Song","I Love My Computer","Ninajirachi",2025-08-08,195049,60,false,iarecippo,2025-08-20T13:26:50Z,"hyperpop,electroclash","NLV Records",0.807,0.867,1,-4.781,1,0.127,0.00494,0.0119,0.109,0.931,127.998,4
spotify:track:1xqT27jSG1Y15vOXfsV0gv,"iPod Touch","I Love My Computer","Ninajirachi",2025-08-08,196522,71,false,iarecippo,2025-08-20T13:26:50Z,"hyperpop,electroclash","NLV Records",0.641,0.867,5,-4.538,0,0.131,0.00353,0.00498,0.388,0.734,137.948,4
spotify:track:5ZbztTcvj6QWWbeYsL4GTa,"Fuck My Computer","I Love My Computer","Ninajirachi",2025-08-08,190577,69,true,iarecippo,2025-08-20T13:26:50Z,"hyperpop,electroclash","NLV Records",0.639,0.692,0,-3.841,0,0.161,0.0000985,0.0649,0.0836,0.834,135.933,3
spotify:track:33nOHyNeOKwwjKMrF9VN4V,"CSIRAC","I Love My Computer","Ninajirachi",2025-08-08,201931,62,false,iarecippo,2025-08-20T13:26:50Z,"hyperpop,electroclash","NLV Records",0.744,0.952,11,-5.49,0,0.0719,0.0765,0.79,0.161,0.562,145.061,4
spotify:track:0CVbCtcdXAIw00YBXXbneu,"Delete","I Love My Computer","Ninajirachi",2025-08-08,231365,66,false,iarecippo,2025-08-20T13:26:50Z,"hyperpop,electroclash","NLV Records",0.471,0.673,3,-4.48,1,0.0455,0.0228,0.00000217,0.221,0.546,137.985,4
spotify:track:0qubDCNLgEKECDhRSq7Q38,"ฅ^•ﻌ•^ฅ","I Love My Computer","Ninajirachi",2025-08-08,66856,59,false,iarecippo,2025-08-20T13:26:50Z,"hyperpop,electroclash","NLV Records",0.632,0.622,7,-8.422,1,0.036,0.31,0.137,0.138,0.348,140.08,4
spotify:track:3CbF4eluvVhJ9v0axMj2Rk,"All I Am","I Love My Computer","Ninajirachi",2025-08-08,182690,63,false,iarecippo,2025-08-20T13:26:50Z,"hyperpop,electroclash","NLV Records",0.505,0.713,7,-6.004,1,0.0624,0.0164,0.0184,0.34,0.473,139.96,4
spotify:track:6CfromGdojo0R0vlgA7iU8,"Infohazard","I Love My Computer","Ninajirachi",2025-08-08,269365,63,false,iarecippo,2025-08-20T13:26:50Z,"hyperpop,electroclash","NLV Records",0.648,0.881,6,-5.058,0,0.0804,0.0462,0.00232,0.242,0.449,148.038,4
spotify:track:2XGJUQGZQXr5pHH11AL9oG,"Battery Death","I Love My Computer","Ninajirachi",2025-08-08,198183,57,false,iarecippo,2025-08-20T13:26:50Z,"hyperpop,electroclash","NLV Records",0.407,0.603,6,-2.465,0,0.0771,0.0292,0.000023,0.11,0.462,149.488,4
spotify:track:3n2t35gDOHQS0NMtxKKkZq,"Sing Good","I Love My Computer","Ninajirachi",2025-08-08,160019,54,false,iarecippo,2025-08-20T13:26:50Z,"hyperpop,electroclash","NLV Records",0.738,0.394,0,-16.701,1,0.173,0.827,0.313,0.11,0.332,180.042,3
spotify:track:6raYznZkOrvB3n7B2Ur3zr,"It's You","I Love My Computer","Ninajirachi;daine",2025-08-08,169856,61,false,iarecippo,2025-08-20T13:26:50Z,"hyperpop,electroclash","NLV Records",0.476,0.836,9,-4.661,0,0.301,0.00227,0,0.673,0.582,130.166,4
spotify:track:5ddKhEInw4xkOYzI6KIXsG,"All At Once","I Love My Computer","Ninajirachi",2025-08-08,326947,56,false,iarecippo,2025-08-20T13:26:50Z,"hyperpop,electroclash","NLV Records",0.674,0.721,8,-4.88,1,0.0804,0.00368,0.32,0.146,0.392,133.974,4
spotify:track:00xQgJ1ve8Pw8AkpMcFv8j,"os pelados sabem demais","Contato","Pelados",2025-08-21,158528,26,false,iarecippo,2025-08-26T14:55:23Z,"new mpb","RISCO",0.715,0.779,4,-12.035,1,0.0765,0.165,0.0213,0.554,0.71,102.9,4
spotify:track:6mPJgaOiLByS5KseQLvxO2,"planeta oxxo","Contato","Pelados;Felipe Vaqueiro",2025-08-21,190118,30,true,iarecippo,2025-08-26T14:55:23Z,"new mpb","RISCO",0.627,0.595,9,-13.43,1,0.0607,0.544,0.0126,0.0977,0.389,134.001,4
spotify:track:3KVcd0tbrEaZx4HzgoYw3d,"enel","Contato","Pelados",2025-08-21,95128,25,false,iarecippo,2025-08-26T14:55:23Z,"new mpb","RISCO",0.627,0.783,7,-11.549,1,0.0504,0.161,0.111,0.338,0.625,121.06,4
spotify:track:7iOMYbUISzTDEZtjafY8qz,"não sei fazer refrão","Contato","Pelados",2025-08-21,128343,23,false,iarecippo,2025-08-26T14:55:23Z,"new mpb","RISCO",0.725,0.505,11,-10.495,1,0.0636,0.248,0.706,0.0984,0.883,77.496,4
spotify:track:0JAIC07OQlik4C1Veqe2WJ,"whatsapp 2","Contato","Pelados",2025-08-21,174580,24,false,iarecippo,2025-08-26T14:55:23Z,"new mpb","RISCO",0.823,0.708,1,-11.823,1,0.0942,0.0828,0.549,0.202,0.776,110.982,4
spotify:track:2nQfokBdzcjbkX4xCEKDaL,"mommy empresta o carro","Contato","Pelados",2025-08-21,162142,20,false,iarecippo,2025-08-26T14:55:23Z,"new mpb","RISCO",0.599,0.359,0,-16.829,0,0.0258,0.324,0.139,0.0676,0.524,96.012,4
spotify:track:6fddxIpMbkliDwYP93ws6W,"modrić","Contato","Pelados",2025-08-21,276922,31,false,iarecippo,2025-08-26T14:55:23Z,"new mpb","RISCO",0.723,0.47,5,-13.833,1,0.0485,0.0445,0.0462,0.0905,0.264,104.051,4
spotify:track:6fqhWRpuJoToipyJ9Kse9g,"estranho efeito","Contato","Pelados",2025-08-21,185554,27,false,iarecippo,2025-08-26T14:55:23Z,"new mpb","RISCO",0.46,0.427,0,-15.117,1,0.0814,0.154,0.191,0.257,0.572,138.727,4
spotify:track:109x8MvebgkNncoE1bk3mU,"boy meets girl","Contato","Pelados",2025-08-21,209600,21,false,iarecippo,2025-08-26T14:55:23Z,"new mpb","RISCO",0.401,0.365,8,-14.768,0,0.0374,0.572,0.496,0.431,0.365,138.225,4
spotify:track:70zeFE32wv3BV15y2PZha7,"boy, so confusing (lauiz e doutor smirnoff enfrentam seus fantasmas no planeta xcx)","Contato","Pelados",2025-08-21,177275,20,false,iarecippo,2025-08-26T14:55:23Z,"new mpb","RISCO",0.722,0.478,10,-12.608,1,0.0768,0.000883,0.766,0.478,0.688,130.007,4
spotify:track:3gGXEQieiJoAnRIZ3l4wUa,"e aí, beleza?","Contato","Pelados",2025-08-21,102414,17,false,iarecippo,2025-08-26T14:55:23Z,"new mpb","RISCO",0.432,0.394,2,-12.637,1,0.0623,0.58,0.812,0.322,0.112,143.082,3
spotify:track:6x1hWkh3BO4iuHbzeOH2LV,"music is supposed to be fun","Contato","Pelados",2025-08-21,300239,19,false,iarecippo,2025-08-26T14:55:23Z,"new mpb","RISCO",0.809,0.451,4,-16.81,0,0.0663,0.117,0.0846,0.138,0.299,103.983,4
spotify:track:6XvrUaPBT4FH1PF9TqbyzU,"star trek: o primeiro contato","Contato","Pelados",2025-08-21,90025,15,false,iarecippo,2025-08-26T14:55:23Z,"new mpb","RISCO",0.226,0.37,1,-18.119,1,0.044,0.892,0.749,0.103,0.11,134.427,1
spotify:track:7L6nmvYdu0Np8vmYvQLHSg,"instruções para descongelar o gilberto gil no espaço","Contato","Pelados",2025-08-21,159128,17,false,iarecippo,2025-08-26T14:55:23Z,"new mpb","RISCO",0.697,0.463,7,-15.463,1,0.0466,0.0238,0.786,0.108,0.707,130.045,1
spotify:track:6tp670G39fAwx8Hjrb4HqV,"i hate this tune","hickey","Royel Otis",2025-08-21,211221,63,false,iarecippo,2025-08-22T20:23:46Z,"indie","Ourness / Capitol Records",0.494,0.857,1,-5.787,0,0.0307,0.0783,0.901,0.275,0.32,171.029,4
spotify:track:4ofiY1hyMhmMlB0AbmK8eA,"moody","hickey","Royel Otis",2025-08-21,175795,35,false,iarecippo,2025-08-22T20:23:46Z,"indie","Ourness / Capitol Records",0.618,0.777,7,-5.111,1,0.0426,0.101,0.000202,0.323,0.811,171.057,4
spotify:track:5n5dBYjAXJxx4GMJUdL1dd,"good times","hickey","Royel Otis",2025-08-21,158191,48,false,iarecippo,2025-08-22T20:23:46Z,"indie","Ourness / Capitol Records",0.589,0.641,9,-6.127,0,0.0288,0.456,0.00000704,0.137,0.724,114.95,4
spotify:track:0T7rlAbpFnnlqNjZRq2za8,"torn jeans","hickey","Royel Otis",2025-08-21,202901,45,false,iarecippo,2025-08-22T20:23:46Z,"indie","Ourness / Capitol Records",0.754,0.525,11,-7.041,0,0.0275,0.665,0.0194,0.247,0.653,110.006,4
spotify:track:6w3CSbuIdGs490RfvcxLrG,"come on home","hickey","Royel Otis",2025-08-21,176537,70,false,iarecippo,2025-08-22T20:23:46Z,"indie","Ourness / Capitol Records",0.765,0.645,2,-4.544,1,0.0312,0.585,0.0154,0.108,0.464,123.943,4
spotify:track:2TugrDKkd55mfVOMVZsfO8,"who’s your boyfriend","hickey","Royel Otis",2025-08-21,173426,72,false,iarecippo,2025-08-22T20:23:46Z,"indie","Ourness / Capitol Records",0.507,0.881,9,-5.93,1,0.0326,0.000267,0.42,0.143,0.866,145.018,4
spotify:track:6J9VkPveNBXDC7ybLPOrLJ,"car","hickey","Royel Otis",2025-08-21,197396,71,false,iarecippo,2025-08-22T20:23:46Z,"indie","Ourness / Capitol Records",0.585,0.681,1,-6.573,0,0.0388,0.00258,0.000121,0.109,0.456,165.055,4
spotify:track:113oG9WZgs13kI30N9dNa4,"shut up","hickey","Royel Otis",2025-08-21,161913,48,false,iarecippo,2025-08-22T20:23:46Z,"indie","Ourness / Capitol Records",0.691,0.593,0,-6.875,1,0.0311,0.323,0.573,0.154,0.419,101.995,4
spotify:track:0iC3l0m3AnzB8d1hErqklB,"dancing with myself","hickey","Royel Otis",2025-08-21,189745,50,false,iarecippo,2025-08-22T20:23:46Z,"indie","Ourness / Capitol Records",0.625,0.772,4,-4.282,0,0.0297,0.0829,0.00000174,0.185,0.786,130.021,4
spotify:track:5QrXG4SLiyAo58HaHEJi19,"say something","hickey","Royel Otis",2025-08-21,144544,64,false,iarecippo,2025-08-22T20:23:46Z,"indie","Ourness / Capitol Records",0.525,0.815,0,-4.573,1,0.0485,0.00162,0.00307,0.0667,0.773,179.999,4
spotify:track:6eD8Vs1zxaDvXzEiBlmKtH,"she’s got a gun","hickey","Royel Otis",2025-08-21,148430,43,false,iarecippo,2025-08-22T20:23:46Z,"indie","Ourness / Capitol Records",0.822,0.634,9,-4.408,0,0.0378,0.228,0.0033,0.0853,0.825,130.024,4
spotify:track:3cQTIOOJeyRiZPsaAhBFa8,"more to lose","hickey","Royel Otis",2025-08-21,174169,50,false,iarecippo,2025-08-22T20:23:46Z,"indie","Ourness / Capitol Records",0.506,0.877,4,-5.677,1,0.0519,0.0238,0.0307,0.263,0.302,136.99,4
spotify:track:0LqqWpieFCkt7jtA6RafAG,"jazz burger","hickey","Royel Otis",2025-08-21,191049,44,false,iarecippo,2025-08-22T20:23:46Z,"indie","Ourness / Capitol Records",0.707,0.631,1,-4.703,1,0.0257,0.658,0.0036,0.0912,0.471,107.015,4
spotify:track:7CwUi985m99CMowYnMx09J,"Dirty","Burnt Crispy Beats","Wah Wah Wah",2024-02-22,473976,21,false,iarecippo,2025-08-26T17:34:29Z,"garage rock","Good Boy Records",0.229,0.96,9,-5.932,1,0.0928,0.00015,0.451,0.607,0.483,90.014,4
spotify:track:3lRX9GTRNR3O3CXjzh5zRY,"Alternate Universe","Burnt Crispy Beats","Wah Wah Wah",2024-02-22,207216,12,false,iarecippo,2025-08-26T17:34:29Z,"garage rock","Good Boy Records",0.585,0.86,2,-4.522,1,0.0398,0.00143,0.0000552,0.107,0.871,124.966,4
spotify:track:73tAS4jqBKautpf7wrOFnC,"Stretched Time","Burnt Crispy Beats","Wah Wah Wah",2024-02-22,196541,17,false,iarecippo,2025-08-26T17:34:29Z,"garage rock","Good Boy Records",0.477,0.895,2,-5.582,1,0.193,0.0002,0.541,0.155,0.649,180.202,4
spotify:track:6yMvcKPwNy5gSmievpfCmt,"Upside/Downside","Burnt Crispy Beats","Wah Wah Wah",2024-02-22,256048,12,false,iarecippo,2025-08-26T17:34:29Z,"garage rock","Good Boy Records",0.37,0.908,2,-5.402,1,0.0652,0.000631,0.0000967,0.179,0.709,180.105,4
spotify:track:0cYBQxqkQdlWLqqC2x4Odv,"Brain Overload","Burnt Crispy Beats","Wah Wah Wah",2024-02-22,236526,10,false,iarecippo,2025-08-26T17:34:29Z,"garage rock","Good Boy Records",0.349,0.852,0,-5.542,1,0.0453,0.00622,0.00858,0.0629,0.401,180.046,4
spotify:track:1bhAeU4hPVfi2eDSmNpM9M,"Tunnel Vision","Burnt Crispy Beats","Wah Wah Wah",2024-02-22,112131,9,false,iarecippo,2025-08-26T17:34:29Z,"garage rock","Good Boy Records",0.35,0.991,7,-5.146,1,0.104,0.000108,0.0093,0.0752,0.61,180.002,4
spotify:track:0pFEkWISRqthvcWFVukLKW,"Out","Burnt Crispy Beats","Wah Wah Wah",2024-02-22,208200,9,false,iarecippo,2025-08-26T17:34:29Z,"garage rock","Good Boy Records",0.467,0.738,2,-5.632,1,0.0284,0.00513,0.018,0.191,0.92,105.018,4
spotify:track:1VOhBl9lq8pq4O1MPWz6ZE,"Chihuahua","Burnt Crispy Beats","Wah Wah Wah",2024-02-22,284829,50,false,iarecippo,2025-08-26T17:34:29Z,"garage rock","Good Boy Records",0.46,0.958,9,-5.782,1,0.15,0.000382,0.769,0.151,0.204,150.007,4
spotify:track:1NETtO3tTrM9ZdO5IzjUHS,"The Portal","Portal","Balu Brigada",2025-08-29,60093,49,false,iarecippo,2025-08-29T14:21:01Z,"","WM Australia",0.109,0.0891,3,-12.287,0,0.0388,0.0134,0.284,0.385,0.627,83.341,3
spotify:track:2SGyf0hCuB81F85cHXuRjl,"So Cold","Portal","Balu Brigada",2025-08-29,201133,79,false,iarecippo,2025-08-29T14:21:01Z,"","WM Australia",0.658,0.771,10,-6.09,0,0.072,0.000893,0.001,0.0767,0.79,111.057,4
spotify:track:4kxOdv2xqOF9X5LrC8fhfG,"Golden Gate Girl","Portal","Balu Brigada",2025-08-29,197800,63,false,iarecippo,2025-08-29T14:21:01Z,"","WM Australia",0.665,0.831,0,-5.982,1,0.126,0.014,0.342,0.114,0.43,133.521,4
spotify:track:6GCcY6dVDVGxo52OZq9HVW,"Sideways","Portal","Balu Brigada",2025-08-29,187733,73,false,iarecippo,2025-08-29T14:21:01Z,"","WM Australia",0.661,0.841,2,-6.397,1,0.0395,0.00289,0.00172,0.0676,0.795,137.016,4
spotify:track:45HpGpUNFlaYl2LhOalNaW,"Birthday Interlude","Portal","Balu Brigada",2025-08-29,77466,49,false,iarecippo,2025-08-29T14:21:01Z,"","WM Australia",0.158,0.46,2,-10.06,1,0.0339,0.799,0.0094,0.147,0.0723,98.866,4
spotify:track:7j6PWLaubVavCLE4peea8S,"Backseat","Portal","Balu Brigada",2025-08-29,383400,78,false,iarecippo,2025-08-29T14:21:01Z,"","WM Australia",0.345,0.812,1,-5.407,1,0.167,0.000921,0.00248,0.678,0.216,126.065,4
spotify:track:2rSp12ZJ679lU7dalojvVZ,"Politix","Portal","Balu Brigada",2025-08-29,272933,67,false,iarecippo,2025-08-29T14:21:01Z,"","WM Australia",0.663,0.66,0,-6.758,1,0.0485,0.00201,0.000555,0.0395,0.638,129.999,4
spotify:track:2rkrHfK24hPStO9qZnJm7C,"The Question","Portal","Balu Brigada",2025-08-29,196533,63,false,iarecippo,2025-08-29T14:21:01Z,"","WM Australia",0.665,0.875,10,-5.31,1,0.0344,0.027,0.0323,0.37,0.697,99.988,4
spotify:track:2cjQAWtDFoWVWdXr0oKfef,"4:25","Portal","Balu Brigada",2025-08-29,277000,66,true,iarecippo,2025-08-29T14:21:01Z,"","WM Australia",0.636,0.739,9,-7.629,1,0.0382,0.0267,0.00203,0.0716,0.595,159.047,3
spotify:track:4gvvQm6eGst8NoS27JG3eo,"Isolation","Portal","Balu Brigada",2025-08-29,241666,52,false,iarecippo,2025-08-29T14:21:01Z,"","WM Australia",0.639,0.61,6,-8.582,1,0.0366,0.277,0.531,0.105,0.348,118.001,4
spotify:track:0zHlRgVg4xJYZ2oFw3QyPy,"What Do We Ever Really Know?","Portal","Balu Brigada",2025-08-29,233000,66,false,iarecippo,2025-08-29T14:21:01Z,"","WM Australia",0.592,0.874,11,-6.142,0,0.108,0.00141,0.000692,0.398,0.643,138.05,4
spotify:track:0ihrJQ8D7AbJShegSGhTVU,"Butterfly Boy","Portal","Balu Brigada",2025-08-29,302333,61,false,iarecippo,2025-08-29T14:21:01Z,"","WM Australia",0.72,0.699,4,-6.223,1,0.0438,0.119,0.0278,0.0946,0.831,108.001,4
spotify:track:0Ct2XTT4UBt9Y196i0Ido2,"Get Innocuous!","Sound of Silver","LCD Soundsystem",2007-03-12,431520,53,false,iarecippo,2025-09-04T11:24:14Z,"alternative dance,new rave","Parlophone UK",0.696,0.963,2,-6.625,0,0.0398,0.0105,0.857,0.0872,0.574,118.01,4
spotify:track:18GKzOdnC7i30f7PraM5Ui,"Time to Get Away","Sound of Silver","LCD Soundsystem",2007-03-12,251946,51,false,iarecippo,2025-09-04T11:24:14Z,"alternative dance,new rave","Parlophone UK",0.911,0.551,7,-7.25,1,0.1,0.00366,0.0683,0.137,0.733,124.961,4
spotify:track:29ufIwomYfLbWBxPMdaUZm,"North American Scum","Sound of Silver","LCD Soundsystem",2007-03-12,328706,59,false,iarecippo,2025-09-04T11:24:14Z,"alternative dance,new rave","Parlophone UK",0.882,0.842,9,-4.534,1,0.0933,0.0136,0.0345,0.262,0.682,138.02,4
spotify:track:2VGDntFPvgvqSiUf9ITEfW,"Someone Great","Sound of Silver","LCD Soundsystem",2007-03-12,390013,65,false,iarecippo,2025-09-04T11:24:14Z,"alternative dance,new rave","Parlophone UK",0.722,0.894,7,-5.903,1,0.0325,0.0418,0.00374,0.11,0.396,113.003,4
spotify:track:2Ud3deeqLAG988pfW0Kwcl,"All My Friends","Sound of Silver","LCD Soundsystem",2007-03-12,462266,69,false,iarecippo,2025-09-04T11:24:14Z,"alternative dance,new rave","Parlophone UK",0.701,0.788,2,-5.611,1,0.0425,0.148,0.625,0.0977,0.795,142.584,4
spotify:track:6shyEhv7EqbnL2ZGcMdaHo,"Us V Them","Sound of Silver","LCD Soundsystem",2007-03-12,509733,48,false,iarecippo,2025-09-04T11:24:14Z,"alternative dance,new rave","Parlophone UK",0.72,0.914,7,-6.07,1,0.0462,0.00128,0.69,0.0762,0.716,132.469,4
spotify:track:4tzg6aQGUBL6YMOASdLkjN,"Watch the Tapes","Sound of Silver","LCD Soundsystem",2007-03-12,235226,45,false,iarecippo,2025-09-04T11:24:14Z,"alternative dance,new rave","Parlophone UK",0.828,0.895,7,-5.528,1,0.0615,0.192,0.0122,0.432,0.972,153.024,4
spotify:track:442bPYh5CaoKNSadk699eG,"Sound of Silver","Sound of Silver","LCD Soundsystem",2007-03-12,427160,43,false,iarecippo,2025-09-04T11:24:14Z,"alternative dance,new rave","Parlophone UK",0.865,0.774,10,-11.215,1,0.0518,0.173,0.618,0.311,0.595,119.991,4
spotify:track:5rAff9XfcWx7rguN3t0fkW,"New York, I Love You but You're Bringing Me Down","Sound of Silver","LCD Soundsystem",2007-03-12,335480,62,false,iarecippo,2025-09-04T11:24:14Z,"alternative dance,new rave","Parlophone UK",0.39,0.37,7,-8.288,0,0.0457,0.474,0.00013,0.115,0.0909,176.526,3
spotify:track:7IWtJXXg44zZgxtbgUT6EZ,"Essa Noite Eu Vou Pro Rock","Rock Doido","Gaby Amarantos",2025-08-29,73945,49,false,iarecippo,2025-09-04T17:05:53Z,"tecnobrega,brega,brazilian pop,new mpb","Deck",0.528,0.877,10,-2.981,0,0.17,0.0243,0,0.225,0.967,185.068,4
spotify:track:0KQFarVv5ZIqQAQ1q47RN9,"Arrume-se Comigo","Rock Doido","Gaby Amarantos",2025-08-29,80842,45,false,iarecippo,2025-09-04T17:05:53Z,"tecnobrega,brega,brazilian pop,new mpb","Deck",0.749,0.958,7,-3.534,1,0.211,0.0585,0.00249,0.598,0.672,95.097,4
spotify:track:1lUUNThFBW8tz0AIRLy01w,"Short Beira Cu","Rock Doido","Gaby Amarantos",2025-08-29,136421,47,true,iarecippo,2025-09-04T17:05:53Z,"tecnobrega,brega,brazilian pop,new mpb","Deck",0.834,0.895,4,-4.332,0,0.191,0.113,0,0.151,0.954,95.063,4
spotify:track:2jDrL5ICMa9Cr2zySLhWW9,"Mamãe Mandou","Rock Doido","Gaby Amarantos",2025-08-29,88215,44,false,iarecippo,2025-09-04T17:05:53Z,"tecnobrega,brega,brazilian pop,new mpb","Deck",0.729,0.882,8,-4.074,1,0.0478,0.226,0.0000114,0.144,0.766,92.486,4
spotify:track:0AwC9dvtLDRb3FyGPb38BD,"Te Amo Fudido","Rock Doido","Gaby Amarantos;Viviane Batidão",2025-08-29,163764,48,true,iarecippo,2025-09-04T17:05:53Z,"tecnobrega,brega,brazilian pop,new mpb","Deck",0.627,0.856,6,-3.411,0,0.0607,0.122,0.00000375,0.163,0.822,170.004,4
spotify:track:0RbSlxSKLv5Pz2A47o7vm6,"Não Vou Chorar","Rock Doido","Gaby Amarantos;Lauana Prado",2025-08-29,145946,42,false,iarecippo,2025-09-04T17:05:53Z,"tecnobrega,brega,brazilian pop,new mpb,sertanejo,sertanejo universitário","Deck",0.639,0.816,7,-4.477,0,0.0401,0.1,0,0.718,0.634,92.498,4
spotify:track:5OguRJQwtHTKMuM2gGLJTE,"Interlúdio Égua Mana","Rock Doido","Gaby Amarantos",2025-08-29,36324,41,true,iarecippo,2025-09-04T17:05:53Z,"tecnobrega,brega,brazilian pop,new mpb","Deck",0.699,0.688,8,-4.333,0,0.0486,0.143,0,0.066,0.77,92.506,4
spotify:track:7MGgWDjow9LaVcCHQDcomX,"Dá-Lhe Sal","Rock Doido","Gaby Amarantos",2025-08-29,113230,45,true,iarecippo,2025-09-04T17:05:53Z,"tecnobrega,brega,brazilian pop,new mpb","Deck",0.727,0.855,0,-4.188,0,0.0492,0.0124,0.294,0.0889,0.905,97.477,4
spotify:track:14nbQHwBSpJ7snsMQQeahA,"Tumbalatum","Rock Doido","Gaby Amarantos;Gang Do Eletro",2025-08-29,144615,43,true,iarecippo,2025-09-04T17:05:53Z,"tecnobrega,brega,brazilian pop,new mpb","Deck",0.831,0.953,4,-2.924,0,0.161,0.117,0,0.333,0.725,97.51,4
spotify:track:1xQO3GAFVS4SWuD7JjKpEc,"Viciada em Seduzir","Rock Doido","Gaby Amarantos",2025-08-29,127333,41,false,iarecippo,2025-09-04T17:05:53Z,"tecnobrega,brega,brazilian pop,new mpb","Deck",0.699,0.733,0,-5.167,0,0.0878,0.374,0,0.195,0.611,90.069,4
spotify:track:1qk26emY1Ze0HbsXeF07d2,"Eu Tô Solteira","Rock Doido","Gaby Amarantos",2025-08-29,68666,44,false,iarecippo,2025-09-04T17:05:53Z,"tecnobrega,brega,brazilian pop,new mpb","Deck",0.647,0.845,9,-3.962,0,0.0996,0.171,0,0.505,0.902,180.132,4
spotify:track:0W6aXi2B0UlwY0sPckvrmT,"Foguinho","Rock Doido","Gaby Amarantos",2025-08-29,82971,57,false,iarecippo,2025-09-04T17:05:53Z,"tecnobrega,brega,brazilian pop,new mpb","Deck",0.655,0.863,0,-4.552,1,0.0614,0.13,0.0095,0.0798,0.77,175.025,4
spotify:track:5Htp5DZKcuQIBPw3WDCAeb,"Abraço","Rock Doido","Gaby Amarantos",2025-08-29,97297,41,false,iarecippo,2025-09-04T17:05:53Z,"tecnobrega,brega,brazilian pop,new mpb","Deck",0.733,0.812,10,-4.816,0,0.0755,0.0764,0.0000856,0.309,0.368,92.569,4
spotify:track:3BtPIt8EXcRch8iRfCXuRW,"Interlúdio Rock Doido","Rock Doido","Gaby Amarantos",2025-08-29,30303,39,false,iarecippo,2025-09-04T17:05:53Z,"tecnobrega,brega,brazilian pop,new mpb","Deck",0.368,0.544,9,-8.373,1,0.0447,0.866,0.738,0.399,0.72,197.635,4
spotify:track:3sZvwp5lKntVtbE3Bnlzo1,"Crina Negra","Rock Doido","Gaby Amarantos",2025-08-29,102666,43,false,iarecippo,2025-09-04T17:05:53Z,"tecnobrega,brega,brazilian pop,new mpb","Deck",0.653,0.905,5,-4.288,0,0.0389,0.0496,0.00000837,0.108,0.933,89.968,4
spotify:track:4XmOmZRRhf1EbNj8cPxUMu,"BBBBBBB","Rock Doido","Gaby Amarantos",2025-08-29,112421,40,false,iarecippo,2025-09-04T17:05:53Z,"tecnobrega,brega,brazilian pop,new mpb","Deck",0.802,0.763,7,-3.937,1,0.0714,0.0845,0,0.144,0.73,94.964,4
spotify:track:5VIwMNXsYX8L5ibM8Ww01w,"Cerveja Voadora","Rock Doido","Gaby Amarantos;MC Dourado",2025-08-29,98526,40,false,iarecippo,2025-09-04T17:05:53Z,"tecnobrega,brega,brazilian pop,new mpb","Deck",0.653,0.853,11,-4.595,0,0.0501,0.0153,0,0.283,0.903,95.036,4
spotify:track:26sgFtPh0o9mLHepUAShpJ,"Parararurau","Rock Doido","Gaby Amarantos",2025-08-29,99666,40,false,iarecippo,2025-09-04T17:05:53Z,"tecnobrega,brega,brazilian pop,new mpb","Deck",0.685,0.876,7,-4.85,1,0.0423,0.00958,0.00124,0.159,0.836,89.988,4
spotify:track:73fCoVMn3eVyXSQKppVMvW,"Bonito Feio","Rock Doido","Gaby Amarantos",2025-08-29,148763,41,false,iarecippo,2025-09-04T17:05:53Z,"tecnobrega,brega,brazilian pop,new mpb","Deck",0.521,0.79,1,-4.989,0,0.0665,0.156,0,0.186,0.726,120.029,4
spotify:track:0P1dHBf0MqTA4JBGYSxd15,"Carregador de Aparelhagem","Rock Doido","Gaby Amarantos",2025-08-29,54857,44,false,iarecippo,2025-09-04T17:05:53Z,"tecnobrega,brega,brazilian pop,new mpb","Deck",0.619,0.941,10,-5.22,1,0.0682,0.00901,0.0286,0.301,0.923,175.051,4
spotify:track:49kad7foZIZ9RHDOA5w9x7,"Rock Doido é Meu Lugar","Rock Doido","Gaby Amarantos",2025-08-29,51428,37,false,iarecippo,2025-09-04T17:05:53Z,"tecnobrega,brega,brazilian pop,new mpb","Deck",0.56,0.763,1,-5.545,0,0.475,0.697,0,0.199,0.961,139.013,4
spotify:track:1A99C9CRHCJbVAeNeWcdg8,"Deixa","Rock Doido","Gaby Amarantos",2025-08-29,154951,38,false,iarecippo,2025-09-04T17:05:53Z,"tecnobrega,brega,brazilian pop,new mpb","Deck",0.72,0.788,5,-5.384,1,0.0552,0.228,0.0571,0.102,0.584,102.966,4
spotify:track:794MnAJvd8c84vWQxdFLAN,"Gnarly","BEAUTIFUL CHAOS","KATSEYE",2025-06-27,137316,63,true,iarecippo,2025-09-11T20:08:20Z,"k-pop","HYBE/Geffen",0.784,0.819,0,-5.213,0,0.387,0.159,0,0.12,0.687,135.005,4
spotify:track:55hTqqpz8k2TNRLhHKbbDx,"Gabriela","BEAUTIFUL CHAOS","KATSEYE",2025-06-27,197226,63,false,iarecippo,2025-09-11T20:08:20Z,"k-pop","HYBE/Geffen",0.661,0.748,7,-4.548,1,0.0661,0.197,0,0.363,0.61,145.908,4
spotify:track:2f1WulnyiYYnseSQWI8Oi9,"Gameboy","BEAUTIFUL CHAOS","KATSEYE",2025-06-27,185598,77,false,iarecippo,2025-09-11T20:08:20Z,"k-pop","HYBE/Geffen",0.701,0.797,11,-4.397,1,0.053,0.282,0.00000261,0.0617,0.658,119.999,4
spotify:track:4vyQ2NdodXhtMGsaaMBqSt,"M.I.A","BEAUTIFUL CHAOS","KATSEYE",2025-06-27,129683,83,true,iarecippo,2025-09-11T20:08:20Z,"k-pop","HYBE/Geffen",0.736,0.893,1,-4.858,1,0.202,0.03,0.00392,0.281,0.669,128.029,4
spotify:track:0Ji9UonfwC90rbZ4IaQhOb,"City Walls","Breach","Twenty One Pilots",2025-09-12,322066,73,false,iarecippo,2025-09-12T13:55:50Z,"","Fueled By Ramen",0.546,0.861,11,-5.18,0,0.0647,0.00867,0.00000207,0.339,0.274,93.992,4
spotify:track:43ee3gqWBlPKe2MeGJ2S6I,"RAWFEAR","Breach","Twenty One Pilots",2025-09-12,202266,74,false,iarecippo,2025-09-12T13:55:50Z,"","Fueled By Ramen",0.418,0.811,9,-5.132,1,0.0392,0.112,0,0.471,0.419,110.078,4
spotify:track:20BFo9REyGdCxrlPmD3xph,"Drum Show","Breach","Twenty One Pilots",2025-09-12,203826,71,false,iarecippo,2025-09-12T13:55:50Z,"","Fueled By Ramen",0.442,0.919,1,-4.285,1,0.0871,0.00229,0.000013,0.0674,0.39,163.951,4
spotify:track:22BA9h34P0Q2PGZudsEBco,"The Contract","Breach","Twenty One Pilots",2025-09-12,225520,70,false,iarecippo,2025-09-12T13:55:50Z,"","Fueled By Ramen",0.466,0.886,7,-3.765,0,0.0914,0.0979,0,0.252,0.221,134.776,4
spotify:track:0d2Ik5rp9Icd1oqn4178x2,"Robot Voices","Breach","Twenty One Pilots",2025-09-12,237493,68,false,iarecippo,2025-09-12T13:55:50Z,"","Fueled By Ramen",0.47,0.75,0,-6.082,1,0.0434,0.00259,0.00000461,0.0639,0.377,163.963,4
spotify:track:2BHSRlGgJwzTPfYvAax28m,"Center Mass","Breach","Twenty One Pilots",2025-09-12,228173,71,false,iarecippo,2025-09-12T13:55:50Z,"","Fueled By Ramen",0.637,0.917,5,-5.056,1,0.212,0.0952,0,0.317,0.255,107.536,4
spotify:track:1aVDGnB6ydtXwudYLgUB6h,"Cottonwood","Breach","Twenty One Pilots",2025-09-12,188106,66,false,iarecippo,2025-09-12T13:55:50Z,"","Fueled By Ramen",0.565,0.768,9,-7.038,1,0.058,0.137,0.0000795,0.122,0.386,151.075,4
spotify:track:5QzlDlRuT9D5LdpybJoNYi,"One Way","Breach","Twenty One Pilots",2025-09-12,163160,73,false,iarecippo,2025-09-12T13:55:50Z,"","Fueled By Ramen",0.615,0.689,11,-6.211,1,0.0273,0.01,0,0.539,0.615,95.938,4
spotify:track:3yKIL7niCEJajKlVmMNBZA,"Days Lie Dormant","Breach","Twenty One Pilots",2025-09-12,206720,66,false,iarecippo,2025-09-12T13:55:50Z,"","Fueled By Ramen",0.438,0.743,0,-5.083,1,0.0545,0.00847,0,0.144,0.221,87.563,4
spotify:track:0DGf6s54MQ3Oht41mj6s6K,"Tally","Breach","Twenty One Pilots",2025-09-12,212760,71,false,iarecippo,2025-09-12T13:55:50Z,"","Fueled By Ramen",0.42,0.749,7,-4.57,1,0.0463,0.0415,0,0.325,0.338,141.998,4
spotify:track:3FbMtvXMcjmuAzlAhgwK0I,"Intentions","Breach","Twenty One Pilots",2025-09-12,135693,63,false,iarecippo,2025-09-12T13:55:50Z,"","Fueled By Ramen",0.238,0.0788,7,-17.199,1,0.0358,0.888,0.0324,0.0796,0.0761,60.486,4
spotify:track:0RxSL5kjZXO45l38vVerNO,"Crabs In A Bucket","Big Fish Theory","Vince Staples",2017-06-23,197800,47,true,iarecippo,2025-09-18T23:52:21Z,"","Def Jam Recordings",0.675,0.729,11,-7.494,0,0.124,0.197,0.00374,0.0863,0.0789,130.975,4
spotify:track:6eL1ncVDtQHgSm3E288TS7,"Big Fish","Big Fish Theory","Vince Staples",2017-06-23,198133,59,false,iarecippo,2025-09-18T23:52:21Z,"","Def Jam Recordings",0.898,0.549,3,-5.706,0,0.311,0.485,0.00000977,0.37,0.756,100.011,4
spotify:track:1AdmqWMl7MCSRMKpwiH0yU,"Alyssa Interlude","Big Fish Theory","Vince Staples",2017-06-23,158466,39,false,iarecippo,2025-09-18T23:52:21Z,"","Def Jam Recordings",0.705,0.704,3,-11.598,1,0.243,0.511,0.0327,0.0567,0.555,158.057,4
spotify:track:6q0wu4qjc9XVyqqRv7vlMZ,"Love Can Be...","Big Fish Theory","Vince Staples",2017-06-23,178826,43,true,iarecippo,2025-09-18T23:52:21Z,"","Def Jam Recordings",0.695,0.634,7,-6.742,1,0.0993,0.016,0.000694,0.459,0.339,123.946,4
spotify:track:2fRoKHW3lzNUKIUTade8nL,"745","Big Fish Theory","Vince Staples",2017-06-23,227560,55,false,iarecippo,2025-09-18T23:52:21Z,"","Def Jam Recordings",0.785,0.476,1,-9.805,1,0.113,0.115,0.0017,0.092,0.22,118.94,4
spotify:track:3hJkeEjwi8foYgWDZnWKTB,"Ramona Park Is Yankee Stadium","Big Fish Theory","Vince Staples",2017-06-23,51493,36,false,iarecippo,2025-09-18T23:52:21Z,"","Def Jam Recordings",0.316,0.806,8,-15.368,1,0.59,0.395,0.00519,0.253,0.0326,93.059,3
spotify:track:35tWhD29yvWwB0IDRr6zsL,"Yeah Right","Big Fish Theory","Vince Staples",2017-06-23,188946,55,true,iarecippo,2025-09-18T23:52:21Z,"","Def Jam Recordings",0.734,0.468,1,-9.029,1,0.0912,0.018,0,0.382,0.285,118,4
spotify:track:1qSI0rdziYSXKV7oRMO1ls,"Homage","Big Fish Theory","Vince Staples",2017-06-23,173040,43,true,iarecippo,2025-09-18T23:52:21Z,"","Def Jam Recordings",0.789,0.595,1,-5.192,1,0.182,0.00938,0.00124,0.0896,0.51,147.007,4
spotify:track:2kLI3WeOPoP5rLP1lXr6nH,"SAMO","Big Fish Theory","Vince Staples",2017-06-23,174493,41,true,iarecippo,2025-09-18T23:52:21Z,"","Def Jam Recordings",0.814,0.513,2,-7.169,1,0.0769,0.014,0.00000546,0.118,0.0833,77.991,4
spotify:track:2MIXhD9W7WL1Txd4Z7bU49,"Party People","Big Fish Theory","Vince Staples",2017-06-23,178506,45,true,iarecippo,2025-09-18T23:52:21Z,"","Def Jam Recordings",0.541,0.563,11,-6.75,1,0.0737,0.00195,0.117,0.193,0.105,115.399,4
spotify:track:5POEFQCKtD0QxYLfZ2kqEx,"BagBak","Big Fish Theory","Vince Staples",2017-06-23,160506,52,true,iarecippo,2025-09-18T23:52:21Z,"","Def Jam Recordings",0.76,0.828,1,-4.532,1,0.0789,0.0478,0.000425,0.0894,0.922,82.006,4
spotify:track:2zHmESGHFkWNllG1QvzBxT,"Rain Come Down","Big Fish Theory","Vince Staples",2017-06-23,281053,42,false,iarecippo,2025-09-18T23:52:21Z,"","Def Jam Recordings",0.882,0.398,8,-8.073,1,0.0554,0.415,0.000142,0.109,0.25,119.999,4
spotify:track:60VUIKuh5qGfmUHgFb2Ace,"All I Need","Shake Your Tailfeather","Loose Goose;Gus Dapperton;Amadelle",2025-09-19,261510,35,false,iarecippo,2025-09-19T13:13:16Z,"bedroom pop","ALTER Music LLC",0.721,0.755,7,-3.675,0,0.0467,0.0174,0.596,0.313,0.692,120.01,4
spotify:track:7GZ7D7ASx1VTXGImW0bPik,"Come & Go","Shake Your Tailfeather","Loose Goose;Gus Dapperton",2025-09-19,254009,27,false,iarecippo,2025-09-19T13:13:16Z,"bedroom pop","ALTER Music LLC",0.866,0.859,2,-4.122,0,0.0682,0.0952,0.000172,0.0681,0.879,124.985,4
spotify:track:6G1ZwzEZvgxyK2Ixh3Eq1Y,"Down Like This","Shake Your Tailfeather","Loose Goose;Gus Dapperton",2025-09-19,218251,17,true,iarecippo,2025-09-19T13:13:16Z,"bedroom pop","ALTER Music LLC",0.654,0.913,6,-4.044,0,0.0592,0.0137,0.255,0.121,0.947,127.018,4
spotify:track:60cMYiZf6705p4X6Od7I2Q,"She Got The Funk","Shake Your Tailfeather","Loose Goose;Gus Dapperton;hard life",2025-09-19,219128,16,false,iarecippo,2025-09-19T13:13:16Z,"bedroom pop","ALTER Music LLC",0.717,0.856,3,-5.139,0,0.0357,0.227,0.000136,0.335,0.865,138.001,4
spotify:track:5RqyRk24lcL4GkZDA4Tip7,"The Moment","Bite Reality","Cafuné",2025-09-12,137844,41,false,iarecippo,2025-09-19T18:46:54Z,"","Cafuné",0.292,0.893,10,-4.76,1,0.0569,0.000777,0.385,0.223,0.499,140.139,4
spotify:track:0pdE8KZQP8TjHPEflG7Fyh,"Attack + Release","Bite Reality","Cafuné",2025-09-12,242656,37,false,iarecippo,2025-09-19T18:46:54Z,"","Cafuné",0.452,0.8,8,-6.077,0,0.0392,0.452,0.162,0.134,0.419,123.922,4
spotify:track:0tceODK8jvT8JEYJJERi9F,"e-Asphyxiation","Bite Reality","Cafuné",2025-09-12,218235,45,true,iarecippo,2025-09-19T18:46:54Z,"","Cafuné",0.375,0.92,11,-4.038,1,0.101,0.00052,0.00000161,0.28,0.379,128.041,4
spotify:track:0ShIiSChhENx7N31rIAZd1,"Sore Spot","Bite Reality","Cafuné",2025-09-12,214202,33,false,iarecippo,2025-09-19T18:46:54Z,"","Cafuné",0.64,0.72,2,-7.462,1,0.07,0.637,0.0762,0.116,0.661,89.973,4
spotify:track:1G6YysAegkRtJaHxaG2l1R,"Stupid Justice","Bite Reality","Cafuné",2025-09-12,165642,29,true,iarecippo,2025-09-19T18:46:54Z,"","Cafuné",0.348,0.803,11,-4.814,0,0.0621,0.000011,0.0000155,0.165,0.611,128.946,4
spotify:track:30MXT00BZH7D9L3V3LJiyo,"A Clean Heart","Bite Reality","Cafuné",2025-09-12,233496,33,true,iarecippo,2025-09-19T18:46:54Z,"","Cafuné",0.571,0.64,7,-7.62,1,0.0337,0.731,0.0254,0.101,0.22,92.986,4
spotify:track:2ZO4EidiOqngPkhNlSY5Zl,"In My Pocket","Bite Reality","Cafuné",2025-09-12,238223,41,false,iarecippo,2025-09-19T18:46:54Z,"","Cafuné",0.558,0.841,3,-4.98,1,0.0347,0.108,0,0.34,0.668,118.009,4
spotify:track:5pVtYSFxxpzSKGqEudAZdF,"Can't Help It","Bite Reality","Cafuné",2025-09-12,171261,31,true,iarecippo,2025-09-19T18:46:54Z,"","Cafuné",0.435,0.757,11,-5.586,1,0.0334,0.0228,0.0000387,0.132,0.477,102.919,4
spotify:track:693a4V9nPByJK6JpamifWt,"Avid Athlete","Bite Reality","Cafuné",2025-09-12,218614,42,false,iarecippo,2025-09-19T18:46:54Z,"","Cafuné",0.606,0.607,0,-6.612,1,0.0262,0.136,0.000109,0.131,0.401,115.005,4
spotify:track:6Rd02bIAp7wg6gMhlmSSD9,"justwhenuthought","Bite Reality","Cafuné",2025-09-12,154925,28,false,iarecippo,2025-09-19T18:46:54Z,"","Cafuné",0.256,0.627,10,-5.145,0,0.0639,0.0000177,0.828,0.465,0.322,76.101,4
spotify:track:0K4wO2geRHyeQGNUKD6fRu,"Temporary Lover","Bite Reality","Cafuné;Riovaz",2025-09-12,186344,42,false,iarecippo,2025-09-19T18:46:54Z,"","Cafuné",0.404,0.846,3,-5.542,0,0.0956,0.0195,0.0137,0.337,0.419,157.035,4
spotify:track:2q5g6HE2pMsc0p8p7TiVMe,"Old Issues","Bite Reality","Cafuné",2025-09-12,234766,31,false,iarecippo,2025-09-19T18:46:54Z,"","Cafuné",0.483,0.773,2,-5.97,1,0.0566,0.0261,0.000122,0.151,0.556,129.067,4
spotify:track:2Wq2KQtSo8sylXZ5DeWw6V,"Walking In The Rain","Hole Erth","Toro y Moi",2024-09-06,214973,28,false,iarecippo,2025-09-22T20:05:22Z,"chillwave","Dead Oceans",0.683,0.603,10,-8.907,0,0.034,0.00557,0.0000021,0.361,0.42,124.011,4
spotify:track:3O2bJXHcrHii4SHGAEc0Wc,"CD-R","Hole Erth","Toro y Moi",2024-09-06,156093,28,true,iarecippo,2025-09-22T20:05:22Z,"chillwave","Dead Oceans",0.848,0.479,11,-9.37,0,0.389,0.577,0,0.068,0.361,144.956,4
spotify:track:62ik7tuPPdoFrDMkpBC7yt,"HOV","Hole Erth","Toro y Moi",2024-09-06,228240,25,true,iarecippo,2025-09-22T20:05:22Z,"chillwave","Dead Oceans",0.391,0.597,3,-7.337,1,0.0434,0.224,0.00133,0.411,0.133,82.332,4
spotify:track:7sNXFpfYRWrXNzHTqqw3Qb,"Tuesday","Hole Erth","Toro y Moi",2024-09-06,149600,36,false,iarecippo,2025-09-22T20:05:22Z,"chillwave","Dead Oceans",0.524,0.763,9,-3.653,1,0.0387,0.013,0,0.225,0.489,169.981,4
spotify:track:5NsV5awvlAnMcz01zJWPnQ,"Hollywood","Hole Erth","Toro y Moi;Benjamin Gibbard",2024-09-06,185346,30,true,iarecippo,2025-09-22T20:05:22Z,"chillwave,alt country","Dead Oceans",0.548,0.526,9,-8.832,1,0.0579,0.0447,0.0482,0.197,0.143,179.668,4
spotify:track:2wXWMGkC3JsegfqaqxS78R,"Reseda","Hole Erth","Toro y Moi;Duckwrth;Elijah Kessler",2024-09-06,152360,22,false,iarecippo,2025-09-22T20:05:22Z,"chillwave","Dead Oceans",0.537,0.719,8,-6.149,1,0.0853,0.0107,0,0.0916,0.27,169.863,4
spotify:track:2RE2hhS2SHaWfCrULjSxbr,"Babydaddy","Hole Erth","Toro y Moi",2024-09-06,192906,25,false,iarecippo,2025-09-22T20:05:22Z,"chillwave","Dead Oceans",0.47,0.53,7,-6.322,0,0.048,0.149,0.0000483,0.272,0.103,74.946,4
spotify:track:0cmFvQp6vy6TuwcGGdACZ6,"Madonna","Hole Erth","Toro y Moi;Don Toliver",2024-09-06,172893,43,false,iarecippo,2025-09-22T20:05:22Z,"chillwave","Dead Oceans",0.637,0.46,6,-7.783,1,0.0478,0.5,0.000186,0.108,0.231,132.026,4
spotify:track:0f1YjNHoDs4GVTGjFgt3Hc,"Undercurrent","Hole Erth","Toro y Moi;Don Toliver;Porches",2024-09-06,202826,40,true,iarecippo,2025-09-22T20:05:22Z,"chillwave","Dead Oceans",0.575,0.71,6,-5.937,0,0.0481,0.0431,0.0000283,0.118,0.246,145.292,4
spotify:track:07T9lpD5upejqZQqfYSqy3,"Off Road","Hole Erth","Toro y Moi",2024-09-06,192440,22,true,iarecippo,2025-09-22T20:05:22Z,"chillwave","Dead Oceans",0.712,0.574,1,-5.899,0,0.0294,0.199,0.000256,0.0752,0.575,110.028,4
spotify:track:2gADeCJv5lbeiSQZK2P77k,"Smoke","Hole Erth","Toro y Moi;Kenny Mason",2024-09-06,218386,28,false,iarecippo,2025-09-22T20:05:22Z,"chillwave","Dead Oceans",0.588,0.635,2,-7.365,1,0.107,0.35,0.00000242,0.135,0.191,144.059,4
spotify:track:6dghpjjJO91mBJ62Ev67Qu,"Heaven","Hole Erth","Toro y Moi;Kevin Abstract;Lev",2024-09-06,234866,31,false,iarecippo,2025-09-22T20:05:22Z,"chillwave","Dead Oceans",0.578,0.537,10,-5.77,1,0.0331,0.126,0,0.123,0.293,140.234,4
spotify:track:1LR7ZEfF2Jj9hhUCZ4TvnM,"Starlink","Hole Erth","Toro y Moi;glaive",2024-09-06,181840,24,true,iarecippo,2025-09-22T20:05:22Z,"chillwave,hyperpop,glitch","Dead Oceans",0.497,0.738,1,-5.257,0,0.0529,0.0345,0.00132,0.148,0.108,170.084,4
spotify:track:4KUJDp75LpqteFOiDqp8MC,"Alto do Goiás","Prática do acontecer das coisas","vnuvem",2025-09-26,263770,3,false,iarecippo,2025-09-26T03:06:53Z,"","vnuvem [dist. Tratore]",0.512,0.581,5,-7.949,1,0.0355,0.15,0.115,0.142,0.31,134.634,4
spotify:track:6ELZuR5cufBNVQuHSzjj9e,"Melô do Corumbá","Prática do acontecer das coisas","vnuvem",2025-09-26,258383,2,false,iarecippo,2025-09-26T03:06:53Z,"","vnuvem [dist. Tratore]",0.535,0.618,7,-7.093,1,0.0464,0.0821,0.819,0.0965,0.4,120.941,4
spotify:track:6RqcHDd0skh9GkV6UOdv48,"Canoa Carol","Prática do acontecer das coisas","vnuvem",2025-09-26,186385,1,false,iarecippo,2025-09-26T03:06:53Z,"","vnuvem [dist. Tratore]",0.655,0.591,1,-8.524,0,0.0312,0.359,0.852,0.0674,0.575,122.351,4
spotify:track:2usmiZBATsVF6nqBtGGCeT,"Tereza","Prática do acontecer das coisas","vnuvem",2025-09-26,340233,3,false,iarecippo,2025-09-26T03:06:53Z,"","vnuvem [dist. Tratore]",0.433,0.797,9,-6.407,0,0.0559,0.254,0.114,0.335,0.567,103.257,4
spotify:track:3dk3Q3XPrIfalILJPtnnHh,"Talha-mar","Prática do acontecer das coisas","vnuvem",2025-09-26,253224,2,false,iarecippo,2025-09-26T03:06:53Z,"","vnuvem [dist. Tratore]",0.703,0.515,6,-7.868,0,0.0297,0.165,0.8,0.14,0.701,102.493,4
spotify:track:6vIuHCl29bVhM2RvhelebZ,"Complexo","Prática do acontecer das coisas","vnuvem",2025-09-26,247415,2,false,iarecippo,2025-09-26T03:06:53Z,"","vnuvem [dist. Tratore]",0.402,0.576,2,-7.861,1,0.0276,0.256,0.767,0.108,0.262,136.412,4
spotify:track:0sdZfrQE7K1fL53riQl0oj,"Vinheta: Cobija","Prática do acontecer das coisas","vnuvem",2025-09-26,27729,0,false,iarecippo,2025-09-26T03:06:53Z,"","vnuvem [dist. Tratore]",0.472,0.0374,2,-27.861,0,0.0477,0.803,0,0.147,0.69,126.416,4
spotify:track:7n9uaMVQwRAVKrV7o6gLoP,"omaj","Prática do acontecer das coisas","vnuvem",2025-09-26,281947,1,false,iarecippo,2025-09-26T03:06:53Z,"","vnuvem [dist. Tratore]",0.397,0.705,0,-7.415,1,0.0344,0.199,0.766,0.109,0.573,124.305,4
spotify:track:4gfq0W7VJzxo73PJaPe0iM,"Dance","Deekapz FM","Deekapz;Fat Family",2025-08-06,231900,32,false,iarecippo,2025-09-30T15:23:36Z,"brazilian pop,mpb","Deekapz",0.555,0.872,9,-4.288,1,0.198,0.0114,0.00000139,0.121,0.265,123.872,4
spotify:track:12oiJJC32zB0mjAuRmfktB,"Vem Comigo","Deekapz FM","Deekapz;Maui",2025-08-06,171552,40,false,iarecippo,2025-09-30T15:23:36Z,"boom bap,brazilian hip hop","Deekapz",0.812,0.514,6,-6.706,0,0.169,0.128,0.00000143,0.11,0.596,130.021,4
spotify:track:1oIz969UuXgg7oEDIJq5ud,"Onde Anda O Meu Amor","Deekapz FM","Deekapz;Criolo;DJ Marky;Makoto",2025-08-06,265774,27,false,iarecippo,2025-09-30T15:23:36Z,"brazilian hip hop,samba,new mpb,mpb,liquid funk,drum and bass,jungle","Deekapz",0.636,0.851,10,-5.336,0,0.0447,0.0371,0.0328,0.0544,0.639,87.504,4
spotify:track:5RKerP4zLD8BXwgqkV0xux,"Eu Te Entendo","Deekapz FM","Deekapz;Luccas Carlos",2025-08-06,157437,24,false,iarecippo,2025-09-30T15:23:36Z,"brazilian hip hop,brazilian pop,brazilian trap","Deekapz",0.71,0.767,2,-5.532,1,0.13,0.118,0.00000967,0.101,0.296,122.237,4
spotify:track:1EEzTblhbT1FxxNc8SSVvW,"Detalha","Deekapz FM","Deekapz;Kaike",2025-08-06,174913,22,false,iarecippo,2025-09-30T15:23:36Z,"new mpb","Deekapz",0.696,0.482,0,-5.851,1,0.285,0.115,0.00365,0.242,0.352,234.121,4
spotify:track:7dB3gFaUSCODEA3WVUbWqe,"Riscos","Deekapz FM","Deekapz;Bibi Caetano",2025-08-06,216461,22,false,iarecippo,2025-09-30T15:23:36Z,"new mpb","Deekapz",0.69,0.773,6,-3.855,1,0.171,0.105,0.0000115,0.133,0.369,171.799,4
spotify:track:4yMpuIFyjLgLboA457l7Yf,"Repare","Deekapz FM","Deekapz;Tuyo",2025-08-06,202245,22,false,iarecippo,2025-09-30T15:23:36Z,"new mpb","Deekapz",0.784,0.594,1,-7.237,0,0.0347,0.128,0.48,0.364,0.389,116.994,4
spotify:track:10yWHeDIBSXPisww7Iyr7S,"Interlúdio","Deekapz FM","Deekapz",2025-08-06,87971,16,false,iarecippo,2025-09-30T15:23:36Z,"","Deekapz",0.635,0.633,7,-10.961,1,0.388,0.408,0,0.262,0.783,120.238,4
spotify:track:5WFr019xrk6EoOHls0yWXT,"Manias Disfuncionais","Deekapz FM","Deekapz;Gab Ferreira",2025-08-06,194497,21,false,iarecippo,2025-09-30T15:23:36Z,"","Deekapz",0.768,0.614,7,-10.208,0,0.0953,0.0974,0.0163,0.587,0.224,134.094,4
spotify:track:5JhxreARKFxSk5mlgcLGrM,"Bafora","Deekapz FM","Deekapz;Urias;Maffalda",2025-08-06,172826,37,false,iarecippo,2025-09-30T15:23:36Z,"brazilian pop","Deekapz",0.917,0.831,1,-4.907,1,0.214,0.0444,0.00295,0.519,0.306,125.98,4
spotify:track:4vEyyGcpZ8hTWgS2gutuD5,"Nóis é o Trem","Deekapz FM","Deekapz;Clara Lima",2025-08-06,126134,18,false,iarecippo,2025-09-30T15:23:36Z,"brazilian hip hop","Deekapz",0.831,0.899,6,-5.714,1,0.059,0.0745,0.000724,0.154,0.724,137.011,4
spotify:track:3pD4cjOEhgaKOVXEZCZRhR,"Ego","Deekapz FM","Deekapz;Nego Bala",2025-08-06,138235,17,false,iarecippo,2025-09-30T15:23:36Z,"","Deekapz",0.937,0.587,6,-5.081,0,0.218,0.13,0.000255,0.0963,0.594,131.96,4
spotify:track:5RNy6dyUFo08sn9qZaDQ7r,"Mundo Novo","Deekapz FM","Deekapz;Nill",2025-08-06,154706,19,false,iarecippo,2025-09-30T15:23:36Z,"boom bap,brazilian hip hop","Deekapz",0.809,0.595,6,-7.069,0,0.274,0.14,0.0000122,0.41,0.427,130.02,4
spotify:track:1qwRAswg9JPcZ5qowMhweT,"Party","Deekapz FM","Deekapz;Jamés Ventura",2025-08-06,176567,16,false,iarecippo,2025-09-30T15:23:36Z,"boom bap,brazilian hip hop","Deekapz",0.966,0.615,8,-5.307,1,0.134,0.014,0.00000165,0.166,0.312,125.045,4
spotify:track:3Zu0AWO9PN2lP2kCls5mkq,"Angel Of My Dreams","THAT'S SHOWBIZ BABY!","JADE",2025-09-12,197640,59,false,iarecippo,2025-10-01T12:57:31Z,"","RCA Records Label",0.509,0.751,6,-5.765,0,0.0567,0.0908,0.000215,0.296,0.332,127.924,4
spotify:track:0kiCW8500jwWh2Ld4ccSXq,"IT girl","THAT'S SHOWBIZ BABY!","JADE",2025-09-12,153720,53,true,iarecippo,2025-10-01T12:57:31Z,"","RCA Records Label",0.753,0.67,6,-6.536,1,0.097,0.145,0.0000971,0.487,0.565,121.974,4
spotify:track:5v5ESV1s4Y964nDJdxb2s4,"Plastic Box","THAT'S SHOWBIZ BABY!","JADE",2025-09-12,201053,56,true,iarecippo,2025-10-01T12:57:31Z,"","RCA Records Label",0.705,0.87,8,-6.049,1,0.0923,0.0812,0.000884,0.187,0.425,120.981,4
spotify:track:4zrnaKcJWGYVfGZqmCOELM,"Midnight Cowboy","THAT'S SHOWBIZ BABY!","JADE",2025-09-12,211013,48,true,iarecippo,2025-10-01T12:57:31Z,"","RCA Records Label",0.801,0.718,7,-7.553,1,0.0775,0.0976,0.00671,0.942,0.457,116.033,4
spotify:track:62PJTZB39yVCh6uso40aJi,"Fantasy","THAT'S SHOWBIZ BABY!","JADE",2025-09-12,216586,52,true,iarecippo,2025-10-01T12:57:31Z,"","RCA Records Label",0.669,0.74,9,-4.394,0,0.0381,0.03,0.000409,0.123,0.557,120.008,4
spotify:track:394f1gySTJHUskHFpTxTW9,"Unconditional","THAT'S SHOWBIZ BABY!","JADE",2025-09-12,212386,52,false,iarecippo,2025-10-01T12:57:31Z,"","RCA Records Label",0.657,0.787,5,-5.588,1,0.0382,0.0758,0.0000535,0.157,0.362,119.966,4
spotify:track:2Lq3oDn3NJgb1eWfttjoYW,"Self Saboteur","THAT'S SHOWBIZ BABY!","JADE",2025-09-12,266853,47,true,iarecippo,2025-10-01T12:57:31Z,"","RCA Records Label",0.652,0.835,1,-5.78,1,0.061,0.0331,0.00102,0.294,0.29,103.923,4
spotify:track:5bKogHKk8pvWG6l25Jw2Lw,"Lip Service","THAT'S SHOWBIZ BABY!","JADE",2025-09-12,147293,48,true,iarecippo,2025-10-01T12:57:31Z,"","RCA Records Label",0.839,0.65,0,-5.535,1,0.0491,0.49,0.00216,0.0886,0.965,96.023,4
spotify:track:4Ly5F3zQ7PrULKjaxu2GXM,"Headache","THAT'S SHOWBIZ BABY!","JADE",2025-09-12,164946,44,false,iarecippo,2025-10-01T12:57:31Z,"","RCA Records Label",0.75,0.761,8,-5.761,0,0.0688,0.0117,0,0.357,0.573,119.985,4
spotify:track:1A53OjzowpWKcAPvyDFwsF,"Natural at Disaster","THAT'S SHOWBIZ BABY!","JADE",2025-09-12,198186,46,false,iarecippo,2025-10-01T12:57:31Z,"","RCA Records Label",0.305,0.451,0,-6.865,1,0.0515,0.198,0,0.0799,0.243,179.462,3
spotify:track:427YDFALgy520LbhzWwbNf,"Glitch","THAT'S SHOWBIZ BABY!","JADE",2025-09-12,196560,45,true,iarecippo,2025-10-01T12:57:31Z,"","RCA Records Label",0.879,0.567,1,-5.725,1,0.0845,0.227,0,0.0796,0.456,111.03,4
spotify:track:3vbFjvzmJLrdttGuDhGrzi,"Before You Break My Heart","THAT'S SHOWBIZ BABY!","JADE",2025-09-12,196386,56,false,iarecippo,2025-10-01T12:57:31Z,"","RCA Records Label",0.632,0.671,11,-5.568,0,0.0434,0.00556,0.000039,0.202,0.502,116.038,4
spotify:track:51MY23GH5wPh3Y3fEZvPYy,"Silent Disco","THAT'S SHOWBIZ BABY!","JADE",2025-09-12,207493,47,false,iarecippo,2025-10-01T12:57:31Z,"","RCA Records Label",0.299,0.606,0,-6.068,1,0.0862,0.0757,0.0000263,0.0552,0.141,179.378,4
spotify:track:0p3Z91mhrLYYFbnmW3beN9,"Minha Mãe É Perfeita","Música do Esquecimento","Sophia Chablau e Uma Enorme Perda de Tempo",2023-09-06,92660,0,false,iarecippo,2025-10-02T13:30:56Z,"new mpb","RISCO",0.433,0.575,11,-10.771,0,0.257,0.0206,0.00000945,0.0835,0.487,118.212,4
spotify:track:17o3WyVnuZB0YtvQ6zjNMG,"Quem vai apagar a luz","Música do Esquecimento","Sophia Chablau e Uma Enorme Perda de Tempo;Negro Leo",2023-09-06,159229,0,false,iarecippo,2025-10-02T13:30:56Z,"new mpb","RISCO",0.572,0.809,11,-8.882,0,0.068,0.0456,0,0.13,0.837,140.13,4
spotify:track:3je84JgQJewoLhhWVr2PcJ,"Segredo","Música do Esquecimento","Sophia Chablau e Uma Enorme Perda de Tempo",2023-09-06,244826,0,true,iarecippo,2025-10-02T13:30:56Z,"new mpb","RISCO",0.506,0.751,6,-9.602,1,0.0625,0.000409,0.00000334,0.0821,0.727,156.041,4
spotify:track:6KTC2am0MmnIGZzthu9lEc,"Embaraço total","Música do Esquecimento","Sophia Chablau e Uma Enorme Perda de Tempo",2023-09-06,217694,0,false,iarecippo,2025-10-02T13:30:56Z,"new mpb","RISCO",0.523,0.496,9,-12.93,1,0.0453,0.177,0.00052,0.112,0.241,128.774,4
spotify:track:7BagsYTfSbjHw0VOAE73ti,"Qualquer canção","Música do Esquecimento","Sophia Chablau e Uma Enorme Perda de Tempo",2023-09-06,178275,0,false,iarecippo,2025-10-02T13:30:56Z,"new mpb","RISCO",0.271,0.293,6,-12.637,0,0.0345,0.349,0.000414,0.0895,0.0843,146.377,4
spotify:track:0ty7HdtrZPMOy9iPajky8t,"As coisas que não te ensinam na faculdade de filosofia","Música do Esquecimento","Sophia Chablau e Uma Enorme Perda de Tempo",2023-09-06,200737,0,false,iarecippo,2025-10-02T13:30:56Z,"new mpb","RISCO",0.44,0.36,5,-12.362,1,0.0366,0.697,0.0000238,0.0925,0.553,103.102,4
spotify:track:3JIQ8lAEv1S2jDUs2d0zR2,"Música do Esquecimento","Música do Esquecimento","Sophia Chablau e Uma Enorme Perda de Tempo",2023-09-06,242421,0,false,iarecippo,2025-10-02T13:30:56Z,"new mpb","RISCO",0.349,0.195,9,-16.221,1,0.0308,0.749,0.274,0.1,0.0732,99.701,4
spotify:track:6WUW5ilmnXpEfW6lEm3IYf,"Neurose","Música do Esquecimento","Sophia Chablau e Uma Enorme Perda de Tempo",2023-09-06,108810,0,false,iarecippo,2025-10-02T13:30:56Z,"new mpb","RISCO",0.382,0.897,9,-9.843,1,0.141,0.0506,0.00064,0.185,0.652,169.518,4
spotify:track:4DkJ8wKaHCsNAX9eLjy7Rq,"beijar morder trepar","Música do Esquecimento","Sophia Chablau e Uma Enorme Perda de Tempo",2023-09-06,75890,0,false,iarecippo,2025-10-02T13:30:56Z,"new mpb","RISCO",0.264,0.955,2,-11.587,1,0.181,0.004,0.278,0.248,0.215,168.096,4
spotify:track:1JluGTs8tpd7XXva4vQsfe,"No princípio era o Verbo","Música do Esquecimento","Sophia Chablau e Uma Enorme Perda de Tempo",2023-09-06,256023,0,false,iarecippo,2025-10-02T13:30:56Z,"new mpb","RISCO",0.24,0.259,7,-14.132,1,0.0341,0.589,0.754,0.101,0.0445,126.558,4
spotify:track:43RutvoNw9BQrSPK2lwOZ2,"Baby míssil","Música do Esquecimento","Sophia Chablau e Uma Enorme Perda de Tempo",2023-09-06,164973,0,false,iarecippo,2025-10-02T13:30:56Z,"new mpb","RISCO",0.562,0.695,6,-9.997,0,0.121,0.00543,0.000417,0.305,0.486,136.813,4
spotify:track:5fkrZIzTZdz8E0TdV92qOw,"Time to say goodnight","Música do Esquecimento","Sophia Chablau e Uma Enorme Perda de Tempo;Vitor Araújo",2023-09-06,271641,0,false,iarecippo,2025-10-02T13:30:56Z,"new mpb,brazilian jazz","RISCO",0.369,0.39,10,-15.139,1,0.0356,0.988,0.652,0.0947,0.263,101.206,4
spotify:track:5SQqeB508ey49RePasDpJt,"Deus Tesão","Música do Esquecimento","Sophia Chablau e Uma Enorme Perda de Tempo",2023-09-06,279467,0,false,iarecippo,2025-10-02T13:30:56Z,"new mpb","RISCO",0.318,0.424,11,-17.938,0,0.396,0.311,0,0.356,0.513,78.548,4
spotify:track:7FVKKaicBQr7K5ybvCPKYH,"Serena & Venus","Serena & Venus (Lado A)","Tasha & Tracie;Pizzol",2025-09-25,237726,44,true,iarecippo,2025-10-08T15:23:59Z,"brazilian hip hop,boom bap","EHXIS",0.683,0.632,7,-7.974,1,0.314,0.428,0,0.186,0.484,112.845,5
spotify:track:4RjwRCk0uUbnSVENh6afaU,"Top Shottas","Serena & Venus (Lado A)","Tasha & Tracie;Bitrinho;Pizzol",2025-09-25,153600,48,true,iarecippo,2025-10-08T15:23:59Z,"brazilian hip hop,boom bap","EHXIS",0.878,0.469,1,-9.919,1,0.276,0.207,0,0.507,0.46,100.039,4
spotify:track:5yXvnbakcpjieEGoTQQFZ7,"Amina","Serena & Venus (Lado A)","Tasha & Tracie;retroboy",2025-09-25,185666,68,true,iarecippo,2025-10-08T15:23:59Z,"brazilian hip hop,brazilian trap,trap","EHXIS",0.787,0.627,2,-5.506,1,0.354,0.18,0,0.124,0.505,134.969,4
spotify:track:0AycGcXhoPjW8kMFPPLqa6,"cRua","Serena & Venus (Lado A)","Tasha & Tracie;Pizzol",2025-09-25,171233,40,false,iarecippo,2025-10-08T15:23:59Z,"brazilian hip hop,boom bap","EHXIS",0.62,0.52,10,-9.421,0,0.225,0.0101,0,0.11,0.722,142.906,4
spotify:track:6zbThyyl1JflLOZP1kmzIP,"A Milhão","Serena & Venus (Lado A)","Tasha & Tracie;Pizzol",2025-09-25,203382,40,false,iarecippo,2025-10-08T15:23:59Z,"brazilian hip hop,boom bap","EHXIS",0.866,0.605,6,-11.073,1,0.217,0.128,0,0.108,0.595,102.04,4
spotify:track:3AZY6uoSvo4Z4NvGvVQLoo,"Simpatia","Serena & Venus (Lado A)","Tasha & Tracie;Liniker;Bivolt;Pizzol",2025-09-25,278816,43,false,iarecippo,2025-10-08T15:23:59Z,"brazilian hip hop,new mpb,mpb,brazilian pop,boom bap","EHXIS",0.791,0.565,6,-11.268,0,0.366,0.554,0.0000707,0.269,0.413,130.009,4
spotify:track:4Fcfh0NK7sP5NLPoAbqAX5,"Check Mate","Serena & Venus (Lado A)","Tasha & Tracie;Marvin",2025-09-25,138352,38,false,iarecippo,2025-10-08T15:23:59Z,"brazilian hip hop","EHXIS",0.531,0.406,6,-9.3,0,0.282,0.678,0,0.161,0.125,83.999,4
spotify:track:01BBxpACJV1KKJUD2rGWHl,"Flor de Plástico","Serena & Venus (Lado A)","Tasha & Tracie;Pizzol;DJ MF",2025-09-25,173584,39,false,iarecippo,2025-10-08T15:23:59Z,"brazilian hip hop,boom bap","EHXIS",0.575,0.857,1,-5.262,1,0.323,0.4,0.000473,0.0904,0.592,82.686,4
spotify:track:5xrvJLrXsMVyrZc9Y06Abx,"Interlúdio Neurose","Serena & Venus (Lado A)","Tasha & Tracie;Pizzol",2025-09-25,110836,34,false,iarecippo,2025-10-08T15:23:59Z,"brazilian hip hop,boom bap","EHXIS",0.748,0.351,1,-9.563,1,0.302,0.0268,0.00447,0.111,0.428,137.988,4
spotify:track:0yFWMmrTlcLtq7tGy7qVjg,"Cê é Loko","Serena & Venus (Lado A)","Tasha & Tracie;Afronta Meg;Nicolz",2025-09-25,10500,2,false,iarecippo,2025-10-08T15:23:59Z,"brazilian hip hop","EHXIS",,,,,,,,,,,,
spotify:track:0sp4Y1UYfCNlfQQXZabwZZ,"Sem Perceber","Serena & Venus (Lado A)","Tasha & Tracie;Pizzol;Dona Kelly",2025-09-25,306241,37,false,iarecippo,2025-10-08T15:23:59Z,"brazilian hip hop,boom bap","EHXIS",0.441,0.299,6,-16.637,0,0.373,0.415,0.00000129,0.108,0.351,76.641,1
spotify:track:4DVmYTMLo4ztqv37a3F2Sk,"To Trampando","Serena & Venus (Lado A)","Tasha & Tracie;Pizzol",2025-09-25,165600,39,false,iarecippo,2025-10-08T15:23:59Z,"brazilian hip hop,boom bap","EHXIS",0.776,0.528,6,-11.878,0,0.366,0.0577,0,0.0951,0.581,99.891,4
spotify:track:2dqAb3ULDZHXcwYLJ42unI,"Superstar","Serena & Venus (Lado A)","Tasha & Tracie;Pizzol",2025-09-25,198558,40,false,iarecippo,2025-10-08T15:23:59Z,"brazilian hip hop,boom bap","EHXIS",0.598,0.55,11,-10.118,0,0.393,0.152,0,0.118,0.541,127.959,4
spotify:track:5zooAT8my0NlTSoZgs92ac,"Karisma","Serena & Venus (Lado A)","Tasha & Tracie;Pizzol",2025-09-25,171428,58,false,iarecippo,2025-10-08T15:23:59Z,"brazilian hip hop,boom bap","EHXIS",0.738,0.574,7,-8.885,1,0.319,0.0286,0,0.109,0.571,161.241,4
spotify:track:4ok7raBNqgnd6VFVQqwSrs,"Segue o Baile","Serena & Venus (Lado A)","Tasha & Tracie;Afronta Meg;Nicolz",2025-09-25,13963,1,false,iarecippo,2025-10-08T15:23:59Z,"brazilian hip hop","EHXIS",,,,,,,,,,,,
spotify:track:4yEYW0KzXIRqG77xKYhtai,"Chefuxa","Serena & Venus (Lado A)","Tasha & Tracie;Nath Fischer;Caio Passos",2025-09-25,229846,36,false,iarecippo,2025-10-08T15:23:59Z,"brazilian hip hop,funk consciente,brazilian funk,trap funk,brazilian trap","EHXIS",0.573,0.551,5,-7.902,0,0.346,0.775,0.00000194,0.114,0.341,130.064,4
spotify:track:3R9pcq1bycApu5bTsLavLb,"Cara Fechada","Serena & Venus (Lado A)","Tasha & Tracie;MC Marks;Fahel;Stuani",2025-09-25,263816,44,false,iarecippo,2025-10-08T15:23:59Z,"brazilian hip hop,funk consciente,brazilian funk,trap funk,brazilian trap,trap","EHXIS",0.853,0.761,11,-5.161,0,0.203,0.596,0,0.0953,0.644,131.007,4
spotify:track:6bL6zUP3MhVwdpjQQKPCTn,"Eu Diria","Serena & Venus (Lado A)","Tasha & Tracie;retroboy;DJ MF",2025-09-25,117000,41,false,iarecippo,2025-10-08T15:23:59Z,"brazilian hip hop,brazilian trap,trap","EHXIS",0.735,0.517,1,-9.134,1,0.356,0.137,0,0.14,0.441,159.958,3
spotify:track:2QFZxKWN75qbbA9htSz3nR,"Dança","Serena & Venus (Lado A)","Tasha & Tracie;Pizzol",2025-09-25,195211,35,false,iarecippo,2025-10-08T15:23:59Z,"brazilian hip hop,boom bap","EHXIS",0.623,0.54,1,-10.621,1,0.371,0.0216,0,0.604,0.533,134.493,4
spotify:track:0uSI4ZBnEMBdAKDulLPX1b,"Umami","Serena & Venus (Lado A)","Tasha & Tracie;Pizzol",2025-09-25,287350,40,false,iarecippo,2025-10-08T15:23:59Z,"brazilian hip hop,boom bap","EHXIS",0.574,0.555,11,-8.437,0,0.312,0.202,0,0.468,0.545,155.942,4
spotify:track:4whkhyXTrTgHKZzkUvdwoq,"My Old Ways","Deadbeat","Tame Impala",2025-10-17,298783,78,true,iarecippo,2025-10-17T13:27:55Z,"neo-psychedelic,indie","Columbia",0.522,0.865,10,-5.734,0,0.0384,0.00163,0.0657,0.304,0.448,109.97,4
spotify:track:5x0zW1JcdON7Zli2umGEJg,"No Reply","Deadbeat","Tame Impala",2025-10-17,215079,68,false,iarecippo,2025-10-17T13:27:55Z,"neo-psychedelic,indie","Columbia",0.628,0.918,1,-4.909,1,0.0584,0.265,0.742,0.161,0.164,122.986,4
spotify:track:1NXbNEAcPvY5G1xvfN57aA,"Dracula","Deadbeat","Tame Impala",2025-10-17,205308,88,true,iarecippo,2025-10-17T13:27:55Z,"neo-psychedelic,indie","Columbia",0.415,0.731,3,-3.507,0,0.0586,0.0267,0.0000458,0.317,0.612,114.837,4
spotify:track:7bxaFZ1O3cHkgLKMsdC3xR,"Loser","Deadbeat","Tame Impala",2025-10-17,223069,92,true,iarecippo,2025-10-17T13:27:55Z,"neo-psychedelic,indie","Columbia",0.605,0.757,10,-3.847,0,0.0326,0.0194,0.000248,0.0801,0.821,82.957,4
spotify:track:1grOl5UNPBMDtrW96KbNdH,"Oblivion","Deadbeat","Tame Impala",2025-10-17,268968,65,false,iarecippo,2025-10-17T13:27:55Z,"neo-psychedelic,indie","Columbia",0.689,0.853,0,-3.594,1,0.048,0.0971,0.572,0.105,0.777,105.006,4
spotify:track:12wDKbddX9bUYHd1Rl8gmu,"Not My World","Deadbeat","Tame Impala",2025-10-17,254120,64,false,iarecippo,2025-10-17T13:27:55Z,"neo-psychedelic,indie","Columbia",0.648,0.847,1,-4.849,1,0.0305,0.0269,0.582,0.19,0.664,120.013,4
spotify:track:0gwCQvjDPCTFEq9790FGdC,"Piece Of Heaven","Deadbeat","Tame Impala",2025-10-17,284608,69,false,iarecippo,2025-10-17T13:27:55Z,"neo-psychedelic,indie","Columbia",0.579,0.605,1,-5.625,0,0.0408,0.266,0.00000593,0.0935,0.127,101.985,4
spotify:track:0On1SxfkvTOfzvjVgFLK7V,"Obsolete","Deadbeat","Tame Impala",2025-10-17,263640,70,true,iarecippo,2025-10-17T13:27:55Z,"neo-psychedelic,indie","Columbia",0.76,0.829,8,-2.966,0,0.0422,0.334,0.00102,0.1,0.915,103.587,4
spotify:track:7J4EeyDpz2z8LuDFTuxskK,"Ethereal Connection","Deadbeat","Tame Impala",2025-10-17,462304,63,false,iarecippo,2025-10-17T13:27:55Z,"neo-psychedelic,indie","Columbia",0.703,0.926,10,-7.988,1,0.045,0.00103,0.862,0.0647,0.137,134.987,4
spotify:track:4LqkSEGv7SpGzruiSTkfL5,"Afterthought","Deadbeat","Tame Impala",2025-10-17,241783,73,false,iarecippo,2025-10-17T13:27:55Z,"neo-psychedelic,indie","Columbia",0.638,0.903,7,-5.09,0,0.0429,0.0642,0.0000588,0.41,0.886,126.017,4
spotify:track:3McBKxKZLXbE4czUezk5QG,"End Of Summer","Deadbeat","Tame Impala",2025-10-17,432566,69,false,iarecippo,2025-10-17T13:27:55Z,"neo-psychedelic,indie","Columbia",0.679,0.961,1,-4.924,0,0.0814,0.00326,0.686,0.116,0.353,121.027,4
spotify:track:1oG4pF6HQpCdEh90q5SNxw,"Salsa Verde","Pogo Rodeo","Psychedelic Porn Crumpets",2025-10-29,204704,48,false,iarecippo,2025-10-29T14:56:44Z,"psychedelic rock,neo-psychedelic,acid rock,stoner rock","What Reality? Records",0.399,0.964,11,-4.2,1,0.0995,0.000103,0.0000413,0.38,0.408,171.91,4
spotify:track:2HAYMQVH6T9haMNv5iqfkK,"Born In the A.D's","Pogo Rodeo","Psychedelic Porn Crumpets",2025-10-29,273372,38,true,iarecippo,2025-10-29T14:56:44Z,"psychedelic rock,neo-psychedelic,acid rock,stoner rock","What Reality? Records",0.388,0.991,6,-3.552,0,0.12,0.0000543,0.00022,0.339,0.353,175.972,4
spotify:track:5MJmYfmVYed76JWf9NYT89,"Manny's Ready to Roll","Pogo Rodeo","Psychedelic Porn Crumpets",2025-10-29,221859,45,false,iarecippo,2025-10-29T14:56:44Z,"psychedelic rock,neo-psychedelic,acid rock,stoner rock","What Reality? Records",0.497,0.967,0,-4.219,1,0.0681,0.00002,0.173,0.269,0.564,131.967,4
spotify:track:683VmJIitSnjEHiMOz5FWT,"The Real Contra Band","Pogo Rodeo","Psychedelic Porn Crumpets",2025-10-29,189673,36,true,iarecippo,2025-10-29T14:56:44Z,"psychedelic rock,neo-psychedelic,acid rock,stoner rock","What Reality? Records",0.54,0.959,0,-4.159,1,0.0535,0.000043,0.158,0.315,0.753,140.027,4
spotify:track:0WdlA3a3rAz5aXaurEmgww,"Japan","Pogo Rodeo","Psychedelic Porn Crumpets",2025-10-29,262878,36,false,iarecippo,2025-10-29T14:56:44Z,"psychedelic rock,neo-psychedelic,acid rock,stoner rock","What Reality? Records",0.419,0.882,0,-5.175,1,0.0618,0.00095,0.0114,0.298,0.58,91.001,4
spotify:track:6LK4KHK1Yuz3UD81WVBl1Y,"Unconventional Daze","Pogo Rodeo","Psychedelic Porn Crumpets",2025-10-29,206509,31,false,iarecippo,2025-10-29T14:56:44Z,"psychedelic rock,neo-psychedelic,acid rock,stoner rock","What Reality? Records",0.539,0.926,5,-5.954,0,0.0405,0.00956,0.827,0.103,0.62,110.021,4
spotify:track:3wKq5meaEYkMwlepc5aCK9,"Texas Rangers","Pogo Rodeo","Psychedelic Porn Crumpets",2025-10-29,221826,32,false,iarecippo,2025-10-29T14:56:44Z,"psychedelic rock,neo-psychedelic,acid rock,stoner rock","What Reality? Records",0.494,0.954,9,-4.48,0,0.0608,0.000048,0.546,0.338,0.553,102.46,3
spotify:track:06z8SuefIh0lPcTG246sXs,"Watermelon","Pogo Rodeo","Psychedelic Porn Crumpets",2025-10-29,249496,29,false,iarecippo,2025-10-29T14:56:44Z,"psychedelic rock,neo-psychedelic,acid rock,stoner rock","What Reality? Records",0.504,0.89,3,-6.407,1,0.0513,0.0524,0.943,0.333,0.279,121.041,4
spotify:track:240JujTDhWMXsQs51CxH7p,"Bowling With Tim","Pogo Rodeo","Psychedelic Porn Crumpets",2025-10-29,233087,44,false,iarecippo,2025-10-29T14:56:44Z,"psychedelic rock,neo-psychedelic,acid rock,stoner rock","What Reality? Records",0.418,0.819,1,-5.986,0,0.0303,0.0276,0.828,0.108,0.342,166.06,4
spotify:track:0i6TIrj4X6qyS7qXcsdyIW,"Heading to Fringe","Pogo Rodeo","Psychedelic Porn Crumpets",2025-10-29,287067,30,false,iarecippo,2025-10-29T14:56:44Z,"psychedelic rock,neo-psychedelic,acid rock,stoner rock","What Reality? Records",0.403,0.797,2,-5.713,0,0.0378,0.00124,0.928,0.075,0.283,151.945,4
spotify:track:05GpuIn8RLiu5ubJfceJhf,"6000 dias - reprise","Manual (10th Anniversary Deluxe Edition)","Boogarins",2025-10-30,150000,8,false,iarecippo,2025-10-30T13:35:49Z,"neo-psychedelic,new mpb,psychedelic rock,space rock","Other Music",0.616,0.423,9,-12.506,1,0.0348,0.955,0.00644,0.122,0.548,145.879,4
spotify:track:0ywklhXLRJZdLyohS5qmwY,"AVALANCHE - Benkes 2014 mix","Manual (10th Anniversary Deluxe Edition)","Boogarins",2025-10-30,266240,8,false,iarecippo,2025-10-30T13:35:49Z,"neo-psychedelic,new mpb,psychedelic rock,space rock","Other Music",0.364,0.664,2,-8.691,1,0.0334,0.00387,0.663,0.12,0.377,134.46,3
spotify:track:7I6Zbv0WE7eX3pqkHjfSXV,"MARIO DE ANDRADE - extended","Manual (10th Anniversary Deluxe Edition)","Boogarins",2025-10-30,340955,15,false,iarecippo,2025-10-30T13:35:49Z,"neo-psychedelic,new mpb,psychedelic rock,space rock","Other Music",0.305,0.699,11,-7.212,0,0.033,0.003,0.839,0.249,0.442,130.782,4
spotify:track:1NJfqMQiPiMgVhRAmpQgTX,"SELVAGEM - 06 10 2013","Manual (10th Anniversary Deluxe Edition)","Boogarins",2025-10-30,144000,13,false,iarecippo,2025-10-30T13:35:49Z,"neo-psychedelic,new mpb,psychedelic rock,space rock","Other Music",0.368,0.648,4,-10.714,1,0.0439,0.000477,0.528,0.11,0.263,99.884,4
spotify:track:4Phfx2M7B1ttSnZd4gxfWT,"SEI LA - demo","Manual (10th Anniversary Deluxe Edition)","Boogarins",2025-10-30,88754,6,false,iarecippo,2025-10-30T13:35:49Z,"neo-psychedelic,new mpb,psychedelic rock,space rock","Other Music",0.321,0.51,9,-7.694,0,0.0274,0.0867,0.0115,0.203,0.579,70.672,3
spotify:track:6QN3BHxzNKqxCQvOcQwWxH,"BENZIN - demo","Manual (10th Anniversary Deluxe Edition)","Boogarins",2025-10-30,169598,6,false,iarecippo,2025-10-30T13:35:49Z,"neo-psychedelic,new mpb,psychedelic rock,space rock","Other Music",0.537,0.489,2,-12.007,1,0.0306,0.0796,0.799,0.12,0.204,125.701,4
spotify:track:4jMiu32a3qBEd3W4i0CBBm,"CUERDO - demo","Manual (10th Anniversary Deluxe Edition)","Boogarins",2025-10-30,94491,5,false,iarecippo,2025-10-30T13:35:49Z,"neo-psychedelic,new mpb,psychedelic rock,space rock","Other Music",0.833,0.374,3,-12.392,1,0.0561,0.801,0.00208,0.104,0.312,105.93,4
spotify:track:76EAt6j5Qnm0hvkydtF7JE,"CUERDO - Bootleg live in Hermosillo","Manual (10th Anniversary Deluxe Edition)","Boogarins",2025-10-30,495699,7,false,iarecippo,2025-10-30T13:35:49Z,"neo-psychedelic,new mpb,psychedelic rock,space rock","Other Music",0.327,0.493,3,-9.392,1,0.0286,0.84,0.609,0.332,0.103,104.651,4
spotify:track:5TDbmGq1r2QMpWtx2g2gBV,"CUERDO - soundcheck in Anchorage, Alaska","Manual (10th Anniversary Deluxe Edition)","Boogarins",2025-10-30,423000,6,false,iarecippo,2025-10-30T13:35:49Z,"neo-psychedelic,new mpb,psychedelic rock,space rock","Other Music",0.32,0.353,3,-14.264,1,0.0303,0.844,0.683,0.121,0.197,108.769,4
spotify:track:5bcPZElq9HX5u6BcgUW3ix,"FALSA FOLHA - Bootleg live in Hermosillo","Manual (10th Anniversary Deluxe Edition)","Boogarins",2025-10-30,463934,7,false,iarecippo,2025-10-30T13:35:49Z,"neo-psychedelic,new mpb,psychedelic rock,space rock","Other Music",0.347,0.555,10,-10.928,1,0.0403,0.395,0.296,0.142,0.42,116.579,4
spotify:track:1dp0MRcrgCxEESP1LrF2yA,"Sexo, Violencia y Llantas","LUX","ROSALÍA",2025-11-07,140760,73,false,iarecippo,2025-11-07T00:31:19Z,"latin","Columbia",0.323,0.11,2,-12.144,0,0.0429,0.954,0.0000155,0.116,0.153,80.059,3
spotify:track:4ORvXsPK9AJmDzm36BYcdy,"Reliquia","LUX","ROSALÍA",2025-11-07,230240,75,false,iarecippo,2025-11-07T00:31:19Z,"latin","Columbia",0.502,0.424,0,-8.463,1,0.162,0.871,0.00137,0.154,0.576,104.017,4
spotify:track:2JH26hQtnqWUNnQET8o2N1,"Divinize","LUX","ROSALÍA",2025-11-07,243240,69,false,iarecippo,2025-11-07T00:31:19Z,"latin","Columbia",0.652,0.625,8,-9.698,1,0.0883,0.87,0.00482,0.116,0.512,96.002,5
spotify:track:3hETtcSLmNncBjPMLHtVZs,"Porcelana","LUX","ROSALÍA;Dougie F",2025-11-07,248093,67,false,iarecippo,2025-11-07T00:31:19Z,"latin","Columbia",0.39,0.494,3,-9.155,0,0.0525,0.88,0.000861,0.237,0.326,132.08,3
spotify:track:0hVZnH3f3xmudcfCFLdw1V,"Mio Cristo Piange Diamanti","LUX","ROSALÍA",2025-11-07,269680,67,false,iarecippo,2025-11-07T00:31:19Z,"latin","Columbia",0.473,0.155,10,-10.715,1,0.0562,0.856,0,0.325,0.101,96.907,4
spotify:track:2T8yuUKl1nhmtaIocqWo4i,"Berghain","LUX","ROSALÍA;Björk;Yves Tumor",2025-11-07,178853,74,true,iarecippo,2025-11-07T00:31:19Z,"latin,art pop,trip hop","Columbia",0.423,0.442,9,-6.297,0,0.0441,0.294,0,0.217,0.221,124.854,4
spotify:track:4oVO4fGNRRvEn0CRuFO4qv,"La Perla","LUX","ROSALÍA;Yahritza Y Su Esencia",2025-11-07,195546,84,true,iarecippo,2025-11-07T00:31:19Z,"latin,sad sierreño,música mexicana","Columbia",0.651,0.335,4,-6.008,1,0.0584,0.906,0,0.119,0.427,146.974,3
spotify:track:1LFM6gtGwcTe8CXX6y1IK2,"Mundo Nuevo","LUX","ROSALÍA",2025-11-07,140373,64,false,iarecippo,2025-11-07T00:31:19Z,"latin","Columbia",0.234,0.131,7,-10.566,1,0.0427,0.865,0.00453,0.163,0.0381,83.137,3
spotify:track:3h64Lbm3TXMBSByfnRQyZE,"De Madrugá","LUX","ROSALÍA",2025-11-07,104400,67,false,iarecippo,2025-11-07T00:31:19Z,"latin","Columbia",0.317,0.368,4,-7.498,0,0.0365,0.716,0,0.441,0.519,69.723,4
spotify:track:6FdOGTRYvLCJ79d55YtGgZ,"Dios Es Un Stalker","LUX","ROSALÍA",2025-11-07,130506,71,false,iarecippo,2025-11-07T00:31:19Z,"latin","Columbia",0.662,0.476,1,-6.652,1,0.0786,0.65,0.00000579,0.544,0.626,97.366,4
spotify:track:7JKpS5rKsKWeVPZ0ojBqv9,"La Yugular","LUX","ROSALÍA",2025-11-07,258613,69,false,iarecippo,2025-11-07T00:31:19Z,"latin","Columbia",0.471,0.155,5,-11.031,0,0.0641,0.864,0.00000641,0.129,0.414,143.729,1
spotify:track:10uxlzuPGekUTay2ZpZ4pR,"Sauvignon Blanc","LUX","ROSALÍA",2025-11-07,162533,69,false,iarecippo,2025-11-07T00:31:19Z,"latin","Columbia",0.565,0.0904,8,-12.248,1,0.0459,0.962,0,0.13,0.554,120.067,4
spotify:track:7o76sIawH9bRWsltcWfQfd,"La Rumba Del Perdón","LUX","ROSALÍA;Estrella Morente;Sílvia Pérez Cruz",2025-11-07,251986,68,false,iarecippo,2025-11-07T00:31:19Z,"latin,flamenco,flamenco pop","Columbia",0.512,0.376,7,-7.487,0,0.0863,0.707,0.00000236,0.0833,0.415,94.972,4
spotify:track:4ukpy7Q6QmrB7ttNMSAcG2,"Memória","LUX","ROSALÍA;Carminho",2025-11-07,225400,65,false,iarecippo,2025-11-07T00:31:19Z,"latin,fado,samba,mpb","Columbia",0.409,0.0486,0,-13.878,1,0.0522,0.931,0,0.1,0.167,77.339,3
spotify:track:7GF92haKwJg9WUdnkTxRtr,"Magnolias","LUX","ROSALÍA",2025-11-07,194813,71,false,iarecippo,2025-11-07T00:31:19Z,"latin","Columbia",0.297,0.112,0,-12.846,1,0.0441,0.952,0.000035,0.104,0.342,60.506,3
spotify:track:1jhgSVa96fjzb1dsJw6kvB,"Denali","SHISH","Portugal. The Man",2025-11-07,255663,41,false,iarecippo,2025-11-07T14:09:14Z,"","KNIK",0.601,0.705,2,-7.337,1,0.0452,0.00594,0.117,0.133,0.137,130.024,4
spotify:track:02SxXNVYUVQNEWH8m6gdXZ,"Pittman Ralliers","SHISH","Portugal. The Man",2025-11-07,166062,31,false,iarecippo,2025-11-07T14:09:14Z,"","KNIK",0.197,0.959,1,-5.703,1,0.198,0.000287,0.201,0.403,0.0867,147.219,1
spotify:track:6E4GELe7in3j1zKgTO5Yb9,"Angoon","SHISH","Portugal. The Man",2025-11-07,277030,43,false,iarecippo,2025-11-07T14:09:14Z,"","KNIK",0.618,0.786,6,-4.907,0,0.0463,0.0523,0.0177,0.106,0.571,125.022,4
spotify:track:1JQN3gqqNUV83MeN8OLZax,"Knik","SHISH","Portugal. The Man",2025-11-07,338169,41,false,iarecippo,2025-11-07T14:09:14Z,"","KNIK",0.336,0.728,7,-5.211,1,0.0537,0.115,0.0701,0.112,0.204,125.093,4
spotify:track:0oPhzKcapNljvz0nSQUN9p,"Shish","SHISH","Portugal. The Man",2025-11-07,326173,38,false,iarecippo,2025-11-07T14:09:14Z,"","KNIK",0.419,0.642,2,-5.907,1,0.036,0.00807,0.0145,0.569,0.455,97.047,4
spotify:track:6Z8xkSrlazUC7LJufoYz0n,"Mush","SHISH","Portugal. The Man",2025-11-07,163055,34,false,iarecippo,2025-11-07T14:09:14Z,"","KNIK",0.354,0.93,4,-5.181,0,0.0658,0.00443,0.0183,0.107,0.418,194.842,4
spotify:track:2ZAeaGRzllwAm7SWGwsOet,"Tyonek","SHISH","Portugal. The Man",2025-11-07,270198,33,false,iarecippo,2025-11-07T14:09:14Z,"","KNIK",0.518,0.682,3,-8.531,1,0.0369,0.0653,0.212,0.208,0.298,127.946,4
spotify:track:2qOtcqZgmp2kfyx1ohRi3V,"Kokhanockers","SHISH","Portugal. The Man",2025-11-07,189936,33,false,iarecippo,2025-11-07T14:09:14Z,"","KNIK",0.615,0.497,7,-9.123,1,0.0428,0.62,0.099,0.124,0.416,147.924,4
spotify:track:2eTPYfu84D0msm8ibxZ1La,"Tanana","SHISH","Portugal. The Man",2025-11-07,199181,42,false,iarecippo,2025-11-07T14:09:14Z,"","KNIK",0.473,0.723,2,-6.338,1,0.0379,0.215,0.00062,0.112,0.563,159.988,4
spotify:track:69GH0JRBYr0SuwN21r175P,"Father Gun","SHISH","Portugal. The Man",2025-11-07,323718,33,false,iarecippo,2025-11-07T14:09:14Z,"","KNIK",0.514,0.738,7,-8.179,1,0.0587,0.219,0.000202,0.184,0.159,123.026,4
spotify:track:65NkqwmhV0BOxAQGdXwQkH,"Hung Up","Confessions On A Dance Floor (Twenty Years Edition)","Madonna",2025-11-07,336306,46,false,iarecippo,2025-11-10T13:25:27Z,"","Warner Records",0.652,0.647,9,-7.481,0,0.0475,0.00329,0.131,0.215,0.468,124.994,4
spotify:track:2D6vJwK5ycScTyyqub8gis,"Get Together","Confessions On A Dance Floor (Twenty Years Edition)","Madonna",2025-11-07,330066,44,false,iarecippo,2025-11-10T13:25:27Z,"","Warner Records",0.524,0.696,9,-7.536,0,0.0615,0.00625,0.00192,0.33,0.247,123.961,4
spotify:track:7vlqfkNGNVTYfhmuaV2br0,"Sorry","Confessions On A Dance Floor (Twenty Years Edition)","Madonna",2025-11-07,283720,45,false,iarecippo,2025-11-10T13:25:27Z,"","Warner Records",0.58,0.878,0,-6.508,0,0.0436,0.00116,0.0193,0.378,0.422,132.981,4
spotify:track:1RHOM2JsstqGnrDTim8yF3,"Future Lovers","Confessions On A Dance Floor (Twenty Years Edition)","Madonna",2025-11-07,291240,43,false,iarecippo,2025-11-10T13:25:27Z,"","Warner Records",0.537,0.908,2,-8.794,1,0.0416,0.00227,0.541,0.666,0.188,124.005,4
spotify:track:5RCTmhGrOBxsmmmYM2mcde,"I Love New York","Confessions On A Dance Floor (Twenty Years Edition)","Madonna",2025-11-07,251613,40,false,iarecippo,2025-11-10T13:25:27Z,"","Warner Records",0.6,0.948,9,-6.79,0,0.0354,0.000544,0.825,0.453,0.183,127.988,4
spotify:track:0y8WwU96Z3PADns6b2SZkS,"Let It Will Be","Confessions On A Dance Floor (Twenty Years Edition)","Madonna",2025-11-07,258546,40,false,iarecippo,2025-11-10T13:25:27Z,"","Warner Records",0.632,0.802,11,-6.225,0,0.0428,0.0236,0.000444,0.203,0.387,129.996,4
spotify:track:2jiVlTOLarG8B4K4CI9bnk,"Forbidden Love","Confessions On A Dance Floor (Twenty Years Edition)","Madonna",2025-11-07,262200,42,false,iarecippo,2025-11-10T13:25:27Z,"","Warner Records",0.605,0.738,6,-8.129,0,0.0391,0.00531,0.00276,0.189,0.37,118.95,4
spotify:track:18IUBbZWTl81Iz4RWDeISZ,"Jump","Confessions On A Dance Floor (Twenty Years Edition)","Madonna",2025-11-07,226466,43,false,iarecippo,2025-11-10T13:25:27Z,"","Warner Records",0.644,0.848,9,-6.671,1,0.0752,0.000856,0.0998,0.943,0.526,118.985,4
spotify:track:0geYyG7GJsXlEEALLLlblo,"How High","Confessions On A Dance Floor (Twenty Years Edition)","Madonna",2025-11-07,280066,45,false,iarecippo,2025-11-10T13:25:27Z,"","Warner Records",0.62,0.564,6,-7.734,1,0.0291,0.0302,0.00278,0.133,0.33,119.98,4
spotify:track:7iCXGD9tpJXjHkBgWimNdf,"Isaac","Confessions On A Dance Floor (Twenty Years Edition)","Madonna",2025-11-07,363533,39,false,iarecippo,2025-11-10T13:25:27Z,"","Warner Records",0.505,0.784,9,-7.349,0,0.0477,0.0851,0.0000134,0.273,0.452,132.966,4
spotify:track:7felQSNJpOXxsrNUAOcMCD,"Push","Confessions On A Dance Floor (Twenty Years Edition)","Madonna",2025-11-07,237013,37,false,iarecippo,2025-11-10T13:25:27Z,"","Warner Records",0.603,0.747,0,-6.61,1,0.0646,0.00164,0.000043,0.771,0.48,96.011,4
spotify:track:0IQ1XDs73enyYlIuF6hpRY,"Like It or Not","Confessions On A Dance Floor (Twenty Years Edition)","Madonna",2025-11-07,271426,37,false,iarecippo,2025-11-10T13:25:27Z,"","Warner Records",0.71,0.678,10,-4.958,0,0.0608,0.148,0.00119,0.124,0.384,119.998,4
spotify:track:0LtbETMkaBINMCa7PYU1Yh,"Fighting Spirit","Confessions On A Dance Floor (Twenty Years Edition)","Madonna",2025-11-07,212853,48,false,iarecippo,2025-11-10T13:25:27Z,"","Warner Records",0.725,0.57,0,-5.933,1,0.0335,0.0074,0.0841,0.0862,0.509,123.003,4
spotify:track:784mIEPJslfAXPOCxSuKy0,"Super Pop","Confessions On A Dance Floor (Twenty Years Edition)","Madonna",2025-11-07,221266,46,false,iarecippo,2025-11-10T13:25:27Z,"","Warner Records",0.788,0.621,11,-5.326,1,0.0324,0.00117,0.0533,0.0671,0.39,111.984,4
spotify:track:7BLJnZYuSWWmROOgpHIVdS,"History","Confessions On A Dance Floor (Twenty Years Edition)","Madonna",2025-11-07,355506,46,false,iarecippo,2025-11-10T13:25:27Z,"","Warner Records",0.65,0.699,5,-7.822,0,0.0443,0.00194,0.793,0.22,0.635,127,4
spotify:track:3fJLeIN1o9sdjFxjymvb0P,"Hung Up - Chus & Ceballos Remix","Confessions On A Dance Floor (Twenty Years Edition)","Madonna;DJ Chus;Pablo Ceballos",2025-11-07,623826,35,false,iarecippo,2025-11-10T13:25:27Z,"tribal house,latin house,afro house,tech house,afro tech","Warner Records",0.679,0.868,2,-7.401,1,0.0425,0.00124,0.585,0.0766,0.498,127.999,4
spotify:track:2PlH6ke7NkA3KsslFyotVq,"Sorry - PSB Maxi-Mix","Confessions On A Dance Floor (Twenty Years Edition)","Madonna",2025-11-07,515800,47,false,iarecippo,2025-11-10T13:25:27Z,"","Warner Records",0.579,0.858,8,-7.169,1,0.0284,0.00026,0.638,0.049,0.57,133.006,4
spotify:track:1iQxI0nrjXeOKHs4sN9UzW,"Get Together - Jacques Lu Cont Mix","Confessions On A Dance Floor (Twenty Years Edition)","Madonna;Jacques Lu Cont",2025-11-07,377906,32,false,iarecippo,2025-11-10T13:25:27Z,"","Warner Records",0.761,0.682,9,-8.876,0,0.147,0.00636,0.0691,0.055,0.657,126.008,4
spotify:track:2z7AglmDdzr1CkSzAYZSjK,"Jump - Axwell Remix","Confessions On A Dance Floor (Twenty Years Edition)","Madonna",2025-11-07,399946,40,false,iarecippo,2025-11-10T13:25:27Z,"","Warner Records",0.782,0.68,4,-6.907,0,0.342,0.00251,0.639,0.696,0.641,127.992,4
spotify:track:3rNQVtVMIxDF7Lj1PqKGxe,"Hung Up - Archigram Remix","Confessions On A Dance Floor (Twenty Years Edition)","Madonna;Archigram",2025-11-07,417963,33,false,iarecippo,2025-11-10T13:25:27Z,"","Warner Records",0.624,0.866,2,-7.505,0,0.0518,0.0000617,0.885,0.0837,0.336,126.999,4
spotify:track:0bbyII7PP0Gg6NWgclzZxE,"Love Crimes","EUSEXUA Afterglow","FKA twigs",2025-11-14,160564,57,false,iarecippo,2025-11-14T12:44:14Z,"art pop,alternative r&b","Atlantic Records",0.67,0.755,6,-8.892,0,0.0904,0.00888,0.733,0.205,0.44,133.939,4
spotify:track:5RpENLVvKQCDWLkFRIeAHT,"Slushy","EUSEXUA Afterglow","FKA twigs",2025-11-14,213584,51,false,iarecippo,2025-11-14T12:44:14Z,"art pop,alternative r&b","Atlantic Records",0.55,0.771,8,-9.707,1,0.0542,0.0424,0.683,0.537,0.268,164.964,4
spotify:track:4AvachE4yZUjWBBub9t8aT,"Wild And Alone (feat. PinkPantheress)","EUSEXUA Afterglow","FKA twigs;PinkPantheress",2025-11-14,245826,57,false,iarecippo,2025-11-14T12:44:14Z,"art pop,alternative r&b,bedroom pop","Atlantic Records",0.742,0.694,4,-6.949,0,0.127,0.0702,0.0127,0.473,0.405,144.929,4
spotify:track:5AzO8bswSqsYtJIfVA2BqX,"HARD","EUSEXUA Afterglow","FKA twigs",2025-11-14,214125,64,false,iarecippo,2025-11-14T12:44:14Z,"art pop,alternative r&b","Atlantic Records",0.69,0.904,4,-4.885,0,0.0466,0.0148,0.000248,0.0495,0.379,138.76,4
spotify:track:0e1uc5DXpXzLBzQqBc4r20,"Cheap Hotel","EUSEXUA Afterglow","FKA twigs",2025-11-14,212090,53,false,iarecippo,2025-11-14T12:44:14Z,"art pop,alternative r&b","Atlantic Records",0.537,0.519,4,-8.061,0,0.143,0.104,0.145,0.0797,0.135,82.404,4
spotify:track:2s9jJzbd988ltBhwn6ZhXo,"Touch A Girl","EUSEXUA Afterglow","FKA twigs",2025-11-14,179563,49,false,iarecippo,2025-11-14T12:44:14Z,"art pop,alternative r&b","Atlantic Records",0.519,0.452,0,-10.736,0,0.0586,0.421,0.557,0.124,0.254,77.968,4
spotify:track:7aTAZP56aFVsKdDhYHFKTh,"Predictable Girl","EUSEXUA Afterglow","FKA twigs",2025-11-14,147571,52,true,iarecippo,2025-11-14T12:44:14Z,"art pop,alternative r&b","Atlantic Records",0.809,0.615,8,-7.464,1,0.143,0.00473,0.0169,0.096,0.839,139.983,4
spotify:track:0hHDMvLvoJh8gYbJIi182A,"Sushi","EUSEXUA Afterglow","FKA twigs",2025-11-14,322505,63,false,iarecippo,2025-11-14T12:44:14Z,"art pop,alternative r&b","Atlantic Records",0.604,0.66,10,-5.714,0,0.166,0.0311,0.028,0.151,0.19,113.034,4
spotify:track:7HKtWDMF8zfIvxccWJjIPP,"Piece Of Mine","EUSEXUA Afterglow","FKA twigs",2025-11-14,195424,49,false,iarecippo,2025-11-14T12:44:14Z,"art pop,alternative r&b","Atlantic Records",0.666,0.512,1,-11.649,1,0.25,0.214,0.000704,0.114,0.586,140.137,4
spotify:track:4ssHISvyc7GBJSNjtGXFCL,"Lost All My Friends","EUSEXUA Afterglow","FKA twigs",2025-11-14,224564,47,false,iarecippo,2025-11-14T12:44:14Z,"art pop,alternative r&b","Atlantic Records",0.507,0.554,8,-10.513,1,0.0586,0.109,0.363,0.108,0.304,139.924,4
spotify:track:1nRWADK5ctY6x7zXg4eW8F,"Stereo Boy","EUSEXUA Afterglow","FKA twigs",2025-11-14,291568,50,false,iarecippo,2025-11-14T12:44:14Z,"art pop,alternative r&b","Atlantic Records",0.308,0.704,5,-6.137,1,0.0343,0.209,0.0000214,0.213,0.0818,112.085,3
spotify:track:6gafVG02AvcZou1oz7titv,"West End Girl","West End Girl","Lily Allen",2025-10-24,246293,61,false,iarecippo,2025-11-17T15:53:17Z,"","BMG Rights Management (UK) Ltd.",0.383,0.311,0,-12.113,1,0.0476,0.529,0.000097,0.156,0.354,133.203,4
spotify:track:0kJAopMxyyqtF1GiIIsgzn,"Ruminating","West End Girl","Lily Allen",2025-10-24,206800,59,true,iarecippo,2025-11-17T15:53:17Z,"","BMG Rights Management (UK) Ltd.",0.628,0.744,0,-8.009,1,0.0665,0.0588,0.00000777,0.222,0.663,77.606,4
spotify:track:0k6CuggnRkJAem9XowL1Zc,"Sleepwalking","West End Girl","Lily Allen",2025-10-24,177106,60,true,iarecippo,2025-11-17T15:53:17Z,"","BMG Rights Management (UK) Ltd.",0.493,0.441,3,-10.606,1,0.0524,0.424,0,0.114,0.22,169.53,3
spotify:track:6WQsY2YMdIQWoOm9MyZMWR,"Tennis","West End Girl","Lily Allen",2025-10-24,150733,62,true,iarecippo,2025-11-17T15:53:17Z,"","BMG Rights Management (UK) Ltd.",0.688,0.532,7,-8.265,1,0.0313,0.097,0,0.179,0.547,78.001,4
spotify:track:1GpM5w7maS7MGVkZdg6jPE,"Madeline","West End Girl","Lily Allen",2025-10-24,175413,62,true,iarecippo,2025-11-17T15:53:17Z,"","BMG Rights Management (UK) Ltd.",0.689,0.503,9,-8.277,0,0.0416,0.136,0,0.586,0.481,122.068,4
spotify:track:2CqK5vwJHSe0ZHXryUAElT,"Relapse","West End Girl","Lily Allen",2025-10-24,263373,58,true,iarecippo,2025-11-17T15:53:17Z,"","BMG Rights Management (UK) Ltd.",0.642,0.808,5,-6.553,1,0.0458,0.319,0.00125,0.126,0.495,132.007,4
spotify:track:73vfMXcXa6iY1E3lpf2fZO,"Pussy Palace","West End Girl","Lily Allen",2025-10-24,241693,64,true,iarecippo,2025-11-17T15:53:17Z,"","BMG Rights Management (UK) Ltd.",0.436,0.609,7,-6.604,1,0.0358,0.363,0.000287,0.192,0.161,150.877,3
spotify:track:3ef4NtBA4nOsYMCl07V4Dj,"4chan Stan","West End Girl","Lily Allen",2025-10-24,184893,61,false,iarecippo,2025-11-17T15:53:17Z,"","BMG Rights Management (UK) Ltd.",0.721,0.673,0,-7.054,1,0.0361,0.0524,0.000121,0.154,0.796,124.942,4
spotify:track:0dBRiasmDpHou4JmNBe8cq,"Nonmonogamummy","West End Girl","Lily Allen;Specialist Moss",2025-10-24,162853,60,true,iarecippo,2025-11-17T15:53:17Z,"jungle,drum and bass,uk garage","BMG Rights Management (UK) Ltd.",0.715,0.717,1,-5.236,0,0.0791,0.063,0.00328,0.0572,0.889,148.1,4
spotify:track:0KT2QiCsOLGQsxSobg61BM,"Just Enough","West End Girl","Lily Allen",2025-10-24,191040,55,false,iarecippo,2025-11-17T15:53:17Z,"","BMG Rights Management (UK) Ltd.",0.448,0.244,5,-13.136,0,0.0329,0.922,0.000902,0.124,0.434,155.886,3
spotify:track:1ECugAb7Pg6UDA501YYgH9,"Dallas Major","West End Girl","Lily Allen",2025-10-24,184333,60,false,iarecippo,2025-11-17T15:53:17Z,"","BMG Rights Management (UK) Ltd.",0.883,0.599,8,-9.893,1,0.0315,0.108,0.285,0.0923,0.963,106.958,4
spotify:track:66iAwSVdlwIV1JJDNcFE6s,"Beg For Me","West End Girl","Lily Allen",2025-10-24,183053,56,false,iarecippo,2025-11-17T15:53:17Z,"","BMG Rights Management (UK) Ltd.",0.769,0.471,5,-8.196,0,0.0328,0.0089,0,0.113,0.288,98.024,4
spotify:track:6N8YXUrIaV3WDmG2FlOJcA,"Let You W/In","West End Girl","Lily Allen",2025-10-24,129960,55,true,iarecippo,2025-11-17T15:53:17Z,"","BMG Rights Management (UK) Ltd.",0.775,0.423,2,-9.912,1,0.0367,0.829,0.0000404,0.0818,0.711,140.02,3
spotify:track:1zc7KTkIe77WBKaTOqMPxb,"Fruityloop","West End Girl","Lily Allen",2025-10-24,201533,56,true,iarecippo,2025-11-17T15:53:17Z,"","BMG Rights Management (UK) Ltd.",0.698,0.58,11,-10.441,1,0.0483,0.151,0.00583,0.116,0.833,146.026,4
spotify:track:7c4m4mrKZ6Sz60iGmOWBSM,"Everything Is On","Citrus","Asobi Seksu",2006-05-30,17200,1,false,iarecippo,2025-11-24T19:39:35Z,"shoegaze,dream pop","Friendly Fire Recordings",0.398,0.0395,2,-23.012,1,0.0272,0.981,0.757,0.103,0,73.702,5
spotify:track:0ZrHW2hJ1u9StOzrjfTOMj,"Strawberries","Citrus","Asobi Seksu",2006-05-30,237066,37,false,iarecippo,2025-11-24T19:39:35Z,"shoegaze,dream pop","Friendly Fire Recordings",0.228,0.872,11,-6.322,1,0.0546,0.000275,0.0631,0.0994,0.337,130.603,4
spotify:track:60mejYly40cbbGMYQDD6Bw,"New Years","Citrus","Asobi Seksu",2006-05-30,181693,25,false,iarecippo,2025-11-24T19:39:35Z,"shoegaze,dream pop","Friendly Fire Recordings",0.232,0.741,7,-5.184,1,0.0521,0.0000284,0.638,0.0983,0.258,185.265,3
spotify:track:3DiCOFDPnyUIU03qdmURN0,"Thursday","Citrus","Asobi Seksu",2006-05-30,257173,44,false,iarecippo,2025-11-24T19:39:35Z,"shoegaze,dream pop","Friendly Fire Recordings",0.375,0.719,2,-5.262,1,0.037,0.000125,0.739,0.136,0.229,147.437,4
spotify:track:3tjLt1bDcRbnS35xW4QOHy,"Strings","Citrus","Asobi Seksu",2006-05-30,327866,33,false,iarecippo,2025-11-24T19:39:35Z,"shoegaze,dream pop","Friendly Fire Recordings",0.233,0.588,9,-5.273,1,0.034,0.00101,0.521,0.11,0.127,148.27,4
spotify:track:6exTvnBhL3ayQGfRqYDniY,"Pink Cloud Tracing Paper","Citrus","Asobi Seksu",2006-05-30,207360,25,false,iarecippo,2025-11-24T19:39:35Z,"shoegaze,dream pop","Friendly Fire Recordings",0.153,0.87,4,-5.488,0,0.0564,0.00000551,0.808,0.342,0.316,152.745,4
spotify:track:1P9IqtwlTEfaYoIYaG3eKk,"Red Sea","Citrus","Asobi Seksu",2006-05-30,465373,27,false,iarecippo,2025-11-24T19:39:35Z,"shoegaze,dream pop","Friendly Fire Recordings",0.112,0.656,4,-6.137,1,0.0532,0.000104,0.559,0.117,0.0468,156.674,4
spotify:track:4Mi0dMG7NmnjqjU7hiUz3I,"Goodbye","Citrus","Asobi Seksu",2006-05-30,224200,26,false,iarecippo,2025-11-24T19:39:35Z,"shoegaze,dream pop","Friendly Fire Recordings",0.35,0.853,5,-3.692,1,0.0437,0.000805,0.0175,0.14,0.561,159.576,4
spotify:track:4FCDSkvfwK1JIwncEmZSPj,"Lions and Tigers","Citrus","Asobi Seksu",2006-05-30,248866,25,false,iarecippo,2025-11-24T19:39:35Z,"shoegaze,dream pop","Friendly Fire Recordings",0.333,0.723,4,-5.227,1,0.0333,0.0000327,0.71,0.0973,0.0965,94.313,4
spotify:track:6f02gnIGxZs7VwMovokoCy,"Nefi + Girly","Citrus","Asobi Seksu",2006-05-30,277733,23,false,iarecippo,2025-11-24T19:39:35Z,"shoegaze,dream pop","Friendly Fire Recordings",0.389,0.794,7,-6.183,1,0.0405,0.000288,0.672,0.374,0.382,81.646,4
spotify:track:1Hpm2T2pl7QNrf6ibYcpj0,"Exotic Animal Parade","Citrus","Asobi Seksu",2006-05-30,246960,21,false,iarecippo,2025-11-24T19:39:35Z,"shoegaze,dream pop","Friendly Fire Recordings",0.222,0.321,2,-8.803,1,0.0377,0.106,0.0132,0.115,0.0385,83.952,4
spotify:track:2JaQGa0gdxikHAc8ndlvPH,"Mizu Asobi","Citrus","Asobi Seksu",2006-05-30,160573,20,false,iarecippo,2025-11-24T19:39:35Z,"shoegaze,dream pop","Friendly Fire Recordings",0.385,0.926,4,-3.686,1,0.0312,0.0000114,0.0685,0.348,0.483,99.343,4
spotify:track:5WGr8oEBp2RBrorc5ZEx1K,"Trinidad","Getting Killed","Geese",2025-09-26,224824,61,false,iarecippo,2025-12-15T19:53:53Z,"art rock","Partisan / Play It Again Sam",0.528,0.63,7,-7.209,1,0.0275,0.0531,0.0314,0.183,0.623,82.784,3
spotify:track:7qOBKhD1a54OvLvVee2tGf,"Cobra","Getting Killed","Geese",2025-09-26,185152,69,false,iarecippo,2025-12-15T19:53:53Z,"art rock","Partisan / Play It Again Sam",0.531,0.83,7,-4.495,1,0.0327,0.256,0.0195,0.466,0.595,120.6,4
spotify:track:0xATIfA17cJDb9pYAuw70Y,"Husbands","Getting Killed","Geese",2025-09-26,248229,65,false,iarecippo,2025-12-15T19:53:53Z,"art rock","Partisan / Play It Again Sam",0.651,0.515,2,-7.312,1,0.0258,0.0225,0.00296,0.112,0.693,86.104,4
spotify:track:4gXvwRoP7GYoipYRTXQUxW,"Getting Killed","Getting Killed","Geese",2025-09-26,284532,62,true,iarecippo,2025-12-15T19:53:53Z,"art rock","Partisan / Play It Again Sam",0.336,0.886,8,-4.703,0,0.0379,0.00548,0.421,0.444,0.568,100.508,4
spotify:track:75DUBuQSZ5fXbp7GHbTmTV,"Islands of Men","Getting Killed","Geese",2025-09-26,354139,61,false,iarecippo,2025-12-15T19:53:53Z,"art rock","Partisan / Play It Again Sam",0.414,0.597,2,-7.498,1,0.0658,0.00579,0.3,0.0582,0.571,148.598,4
spotify:track:2JENu7srINnXlZC6JtLyEA,"100 Horses","Getting Killed","Geese",2025-09-26,226355,58,false,iarecippo,2025-12-15T19:53:53Z,"art rock","Partisan / Play It Again Sam",0.488,0.958,6,-4.553,1,0.0944,0.00368,0.00277,0.0658,0.58,95.083,4
spotify:track:0t5EGxGtcu4voodQuS9me4,"Half Real","Getting Killed","Geese",2025-09-26,202201,59,true,iarecippo,2025-12-15T19:53:53Z,"art rock","Partisan / Play It Again Sam",0.425,0.733,2,-6.666,1,0.0386,0.298,0.0272,0.239,0.277,78.078,4
spotify:track:1g9GiiPPaL7KcDHlDzu7lT,"Au Pays du Cocaine","Getting Killed","Geese",2025-09-26,210945,71,false,iarecippo,2025-12-15T19:53:53Z,"art rock","Partisan / Play It Again Sam",0.428,0.648,8,-6.125,1,0.0265,0.236,0.00167,0.126,0.543,79.034,4
spotify:track:5jR6zOQf3HtU2mifXWg6hE,"Bow Down","Getting Killed","Geese",2025-09-26,208287,60,false,iarecippo,2025-12-15T19:53:53Z,"art rock","Partisan / Play It Again Sam",0.428,0.934,7,-5.342,1,0.0651,0.0138,0.0436,0.0484,0.59,105.887,4
spotify:track:5cbDTZG8lBJqVVa2zqROPI,"Taxes","Getting Killed","Geese",2025-09-26,197661,67,false,iarecippo,2025-12-15T19:53:53Z,"art rock","Partisan / Play It Again Sam",0.338,0.813,6,-6.052,1,0.034,0.115,0.164,0.116,0.564,96.482,4
spotify:track:1oevydxCBM8J6aGHKymgl1,"Long Island City Here I Come","Getting Killed","Geese",2025-09-26,397019,58,false,iarecippo,2025-12-15T19:53:53Z,"art rock","Partisan / Play It Again Sam",0.292,0.906,8,-5.471,1,0.152,0.0316,0.118,0.0667,0.414,102.03,4
spotify:track:0BxcLVV1TfIyEYMbIJwS2Q,"The House That Doesn’t Exist","Unclouded","Melody's Echo Chamber",2025-12-05,143985,36,false,iarecippo,2025-12-07T20:45:09Z,"neo-psychedelic,dream pop,psychedelic rock","Domino Recording Co",0.515,0.745,11,-6.004,0,0.0345,0.000855,0.0191,0.257,0.693,89.952,4
spotify:track:5v9l2AXqrBJct206Qy4Hp4,"In The Stars","Unclouded","Melody's Echo Chamber",2025-12-05,159078,39,false,iarecippo,2025-12-07T20:45:09Z,"neo-psychedelic,dream pop,psychedelic rock","Domino Recording Co",0.528,0.657,0,-5.746,1,0.0337,0.0157,0.215,0.102,0.396,94.422,4
spotify:track:4cb4WxToCW1CgDOUkfqCPi,"Flowers Turn Into Gold","Unclouded","Melody's Echo Chamber",2025-12-05,90946,30,false,iarecippo,2025-12-07T20:45:09Z,"neo-psychedelic,dream pop,psychedelic rock","Domino Recording Co",0.433,0.591,5,-6.801,1,0.0258,0.00929,0.00146,0.0899,0.528,176.221,4
spotify:track:3E3UsYLAB7WkWfKzyxNY8X,"Eyes Closed","Unclouded","Melody's Echo Chamber",2025-12-05,177194,36,false,iarecippo,2025-12-07T20:45:09Z,"neo-psychedelic,dream pop,psychedelic rock","Domino Recording Co",0.553,0.886,7,-5.669,1,0.0433,0.0205,0.84,0.0884,0.57,95.982,4
spotify:track:3WTIiMKmQ7OADzbq3BAqiy,"Childhood Dream","Unclouded","Melody's Echo Chamber",2025-12-05,197683,33,false,iarecippo,2025-12-07T20:45:09Z,"neo-psychedelic,dream pop,psychedelic rock","Domino Recording Co",0.398,0.525,9,-10.51,0,0.0366,0.0178,0.0839,0.309,0.781,120.461,1
spotify:track:0UXu88TtcmqeWuWa972Mpm,"Memory’s Underground","Unclouded","Melody's Echo Chamber",2025-12-05,160882,27,false,iarecippo,2025-12-07T20:45:09Z,"neo-psychedelic,dream pop,psychedelic rock","Domino Recording Co",0.509,0.698,7,-6.838,1,0.0262,0.00273,0.00246,0.111,0.682,90.018,4
spotify:track:2SZgGFkU0G7mwD3Z9fikG8,"Broken Roses","Unclouded","Melody's Echo Chamber",2025-12-05,147052,28,false,iarecippo,2025-12-07T20:45:09Z,"neo-psychedelic,dream pop,psychedelic rock","Domino Recording Co",0.399,0.761,7,-5.969,0,0.0311,0.00463,0.0616,0.0781,0.353,165.036,3
spotify:track:4FO40gt6jTlVn5SOW7E67P,"Burning Man","Unclouded","Melody's Echo Chamber",2025-12-05,147182,28,false,iarecippo,2025-12-07T20:45:09Z,"neo-psychedelic,dream pop,psychedelic rock","Domino Recording Co",0.595,0.693,5,-7.902,1,0.0416,0.0261,0.477,0.0957,0.307,112.954,4
spotify:track:5OSAHbp7LCACTxswtIdghY,"Into Shadows","Unclouded","Melody's Echo Chamber",2025-12-05,167355,28,false,iarecippo,2025-12-07T20:45:09Z,"neo-psychedelic,dream pop,psychedelic rock","Domino Recording Co",0.654,0.889,7,-3.615,1,0.0279,0.000987,0.194,0.0756,0.554,129.976,4
spotify:track:7rdNc0ibZ2GFU9Z8PZpxRO,"How to Leave Misery Behind","Unclouded","Melody's Echo Chamber",2025-12-05,128954,26,false,iarecippo,2025-12-07T20:45:09Z,"neo-psychedelic,dream pop,psychedelic rock","Domino Recording Co",0.512,0.584,0,-6.228,1,0.0254,0.0654,0.0106,0.106,0.333,109.968,4
spotify:track:7eYw98qrdXwWoOIkvDLxdv,"Unclouded","Unclouded","Melody's Echo Chamber",2025-12-05,120879,29,false,iarecippo,2025-12-07T20:45:09Z,"neo-psychedelic,dream pop,psychedelic rock","Domino Recording Co",0.343,0.471,2,-10.104,1,0.0353,0.568,0.934,0.44,0.307,50.537,4
spotify:track:5gfyKXLGbs4XRC1DK953V4,"Daisy","Unclouded","Melody's Echo Chamber;El Michels Affair",2025-12-05,164780,31,false,iarecippo,2025-12-07T20:45:09Z,"neo-psychedelic,dream pop,psychedelic rock","Domino Recording Co",0.607,0.836,9,-6.22,1,0.0293,0.239,0,0.135,0.821,95.493,4
spotify:track:4CwyZAJWFBxV5E7YS9A8Es,"I Luv U","USB","Fred again..;Wallfacer",2025-12-12,197999,3,false,iarecippo,2025-12-17T15:51:03Z,"stutter house,house,edm","Atlantic Records UK",0.755,0.939,11,-7.388,0,0.0623,0.0874,0.902,0.109,0.267,140.011,4
spotify:track:6CI1NtFfoijWJZBkVoUrwN,"ICEY..","USB","Fred again..;BIA",2025-12-12,232727,2,false,iarecippo,2025-12-17T15:51:03Z,"stutter house,house,edm","Atlantic Records UK",0.714,0.761,0,-5.028,1,0.0596,0.00275,0.618,0.63,0.309,131.981,4
spotify:track:0aXembK4QS3tJl5qv5sIrA,"..FEISTY","USB","Fred again..;BIA",2025-12-12,171764,6,false,iarecippo,2025-12-17T15:51:03Z,"stutter house,house,edm","Atlantic Records UK",0.705,0.705,1,-4.843,1,0.312,0.0179,0.000156,0.332,0.558,203.851,4
spotify:track:1UO1PYJ5sltAPNroys7ArW,"Winny","USB","Fred again..;Sammy Virji;Winny",2025-12-12,264666,5,false,iarecippo,2025-12-17T15:51:03Z,"stutter house,house,edm,uk garage,bassline,bass house,alté,afro r&b","Atlantic Records UK",0.725,0.799,1,-5.964,1,0.0526,0.00288,0.00236,0.324,0.114,140.013,4
spotify:track:2IwMlR0X3LlF8P4yRdDdiL,"Beto’s Horns - fred remix","USB","Fred again..;CA7RIEL & Paco Amoroso",2025-12-12,226222,6,false,iarecippo,2025-12-17T15:51:03Z,"stutter house,house,edm","Atlantic Records UK",0.53,0.735,11,-6.799,0,0.243,0.0268,0.363,0.36,0.23,127.709,4
spotify:track:26vIeRYFA2Nh56W4jfkjp5,"Talk of the Town","USB","Fred again..;Sammy Virji;Reggie",2025-12-12,193846,8,true,iarecippo,2025-12-17T15:51:03Z,"stutter house,house,edm,uk garage,bassline,bass house","Atlantic Records UK",0.904,0.595,6,-6.028,0,0.0774,0.00794,0.697,0.0948,0.794,129.93,4
spotify:track:5GV52Kgz64yWqm8keYq1E0,"Ambery","USB","Fred again..;Floating Points",2025-12-12,451666,1,false,iarecippo,2025-12-17T15:51:03Z,"stutter house,house,edm,ambient jazz,idm,gnawa","Atlantic Records UK",0.646,0.938,2,-7.916,1,0.103,0.0113,0.79,0.461,0.406,143.993,4
spotify:track:08panpchw721lgwPyM7V2k,"the floor - fred remix","USB","Skin On Skin;BEAM;Fred again..",2025-12-12,341250,1,false,iarecippo,2025-12-17T15:51:03Z,"lo-fi house,stutter house,house,edm","Atlantic Records UK",0.678,0.85,10,-7.026,0,0.0676,0.0236,0.711,0.644,0.355,138.005,4
spotify:track:6T0rO9e3bHTPzvAPqmFspP,"OK OK","USB","Fred again..;Danny Brown;BEAM;PARISI;JPEGMAFIA",2025-12-12,206197,1,false,iarecippo,2025-12-17T15:51:03Z,"stutter house,house,edm,experimental hip hop,alternative hip hop,experimental","Atlantic Records UK",0.699,0.819,2,-6.4,1,0.0566,0.00311,0.047,0.255,0.447,142.034,4
spotify:track:2yGG7DTvI6mvDLnmUc7J0E,"you're a star","USB","Fred again..;Amyl and The Sniffers",2025-12-12,219130,2,false,iarecippo,2025-12-17T15:51:03Z,"stutter house,house,edm,riot grrrl,punk","Atlantic Records UK",0.656,0.833,6,-4.689,1,0.061,0.0078,0.0000306,0.633,0.492,137.994,4
spotify:track:6GHlbRqY19d9rh8PEh7FzI,"Victory Lap","USB","Fred again..;Skepta;PlaqueBoyMax",2025-12-12,165857,1,true,iarecippo,2025-12-17T15:51:03Z,"stutter house,house,edm,grime,uk grime","Atlantic Records UK",0.892,0.749,11,-3.087,1,0.11,0.165,0.00000201,0.0922,0.591,140.04,4
spotify:track:1ypO22GPllRtSpqOEWbpVV,"places to be - MESSIE remix","USB","Fred again..;Anderson .Paak;CHIKA;MESSIE",2025-12-12,219310,1,true,iarecippo,2025-12-17T15:51:03Z,"stutter house,house,edm,alternative r&b","Atlantic Records UK",0.634,0.829,2,-7.328,1,0.136,0.00667,0.0141,0.0541,0.761,173.893,4
spotify:track:4hPdnrevUw5PUKMElR09tU,"ItsNotREEAALLLLLLLL","USB","Fred again..;Duoteque;Orion Sun",2025-12-12,327508,1,false,iarecippo,2025-12-17T15:51:03Z,"stutter house,house,edm,alternative r&b,bedroom pop","Atlantic Records UK",0.787,0.723,10,-8.684,0,0.0648,0.302,0.82,0.1,0.0495,125.009,4
spotify:track:3XRhENEXtBIklV861z3ypc,"BerwynGesaffNeighbours","USB","Fred again..;BERWYN",2025-12-12,123607,1,true,iarecippo,2025-12-17T15:51:03Z,"stutter house,house,edm,uk r&b","Atlantic Records UK",0.406,0.636,2,-8.997,1,0.197,0.269,0.445,0.199,0.261,101.938,4
spotify:track:210lphIRrJCKXgFLxHwGN8,"stayinit","USB","Fred again..;Lil Yachty;Overmono",2025-12-12,274925,1,false,iarecippo,2025-12-17T15:51:03Z,"stutter house,house,edm,uk garage,breakbeat","Atlantic Records UK",0.687,0.755,7,-6.506,0,0.129,0.00295,0.00471,0.244,0.123,134.113,4
spotify:track:6IOTukhTcumU9dtAk1OLLF,"leavemealone","USB","Fred again..;Baby Keem",2025-12-12,222784,9,true,iarecippo,2025-12-17T15:51:03Z,"stutter house,house,edm","Atlantic Records UK",0.73,0.88,0,-4.503,1,0.0437,0.00492,0.0264,0.574,0.104,87.023,4
spotify:track:7ChXvbTy4bFou6VTn0XZKa,"Baby again..","USB","Fred again..;Skrillex;Four Tet",2025-12-12,319963,3,false,iarecippo,2025-12-17T15:51:03Z,"stutter house,house,edm,dubstep,electro,electronic,idm,electronica","Atlantic Records UK",0.847,0.725,2,-7.668,1,0.0469,0.00355,0.0035,0.0728,0.321,126.983,4
spotify:track:0ps1Oq8m38kcAJzd2xOSfO,"Rumble","USB","Skrillex;Fred again..;Flowdan",2025-12-12,146571,0,false,iarecippo,2025-12-17T15:51:03Z,"dubstep,edm,electro,electronic,stutter house,house,drum and bass,grime,uk garage","Atlantic Records UK",0.803,0.837,1,-7.721,0,0.0667,0.0536,0.224,0.0602,0.0664,140.052,4
spotify:track:5dSrUdJ8kivDMePdVQRswg,"Jungle","USB","Fred again..",2025-12-12,198805,7,true,iarecippo,2025-12-17T15:51:03Z,"stutter house,house,edm","Atlantic Records UK",0.668,0.726,1,-8.076,0,0.039,0.0101,0.381,0.172,0.401,133.918,4
spotify:track:5GokhlwBZGPiPbabpMdj1j,"Admit It (u dont want 2)","USB","Fred again..;I. JORDAN",2025-12-12,385074,0,false,iarecippo,2025-12-17T15:51:03Z,"stutter house,house,edm","Atlantic Records UK",0.762,0.964,6,-4.937,0,0.137,0.00888,0.00833,0.0983,0.479,134.016,4
spotify:track:5BFAhacuNNcMz27eWyRloV,"the floor - skin on skin remix","USB","Fred again..;BEAM;Skin On Skin",2025-12-12,234428,0,false,iarecippo,2025-12-17T15:51:03Z,"stutter house,house,edm,lo-fi house","Atlantic Records UK",0.712,0.626,6,-12.133,1,0.0532,0.0524,0.371,0.0782,0.534,140.023,4
spotify:track:28dXOti2Sy7YQJP4af9wM3,"Victory Lap Five","USB","Fred again..;Skepta;PlaqueBoyMax;Denzel Curry;Hanumankind;That Mexican OT;D Double E;LYNY",2025-12-12,344571,5,true,iarecippo,2025-12-17T15:51:03Z,"stutter house,house,edm,grime,uk grime,malayalam hip hop,desi hip hop,drum and bass,bass music","Atlantic Records UK",0.78,0.883,8,-1.888,1,0.0809,0.193,0,0.0563,0.6,140.053,4
spotify:track:4iAtPgGTSl9FXE0f0s2R8z,"places to be - CLIPZ remix","USB","Fred again..;Anderson .Paak;CHIKA;CLIPZ",2025-12-12,184827,0,true,iarecippo,2025-12-17T15:51:03Z,"stutter house,house,edm,alternative r&b,drum and bass,jungle","Atlantic Records UK",0.595,0.987,7,-3.394,0,0.0591,0.0322,0.0079,0.395,0.686,174.017,4
spotify:track:5X9Kv1YXQwO1fzdm1GjJWZ,"leavemealone - Nia Archives Remix","USB","Fred again..;Baby Keem;Nia Archives",2025-12-12,179441,0,true,iarecippo,2025-12-17T15:51:03Z,"stutter house,house,edm,jungle,drum and bass,uk garage","Atlantic Records UK",0.691,0.967,9,-3.879,1,0.0523,0.0411,0.0166,0.098,0.156,174.041,4
spotify:track:4aw8UIUfhgmnOu7adMwmVx,"Jungle - Rico Nasty Remix","USB","Fred again..;Rico Nasty",2025-12-12,213133,0,true,iarecippo,2025-12-17T15:51:03Z,"stutter house,house,edm","Atlantic Records UK",0.683,0.81,9,-6.408,1,0.0891,0.00321,0.0111,0.166,0.426,133.944,4
spotify:track:0Pzoc1rIyirjuim3Z7wnbz,"Lights Out (feat. Fred again..) - HAAi Remix","USB","Romy;HAAi;Fred again..",2025-12-12,375087,0,false,iarecippo,2025-12-17T15:51:03Z,"stutter house,house,edm","Atlantic Records UK",0.595,0.896,9,-8.101,1,0.0364,0.000806,0.42,0.112,0.274,133.004,4
