Track URI,Track Name,Album Name,Artist Name(s),Release Date,Duration (ms),Popularity,Explicit,Added By,Added At,Genres,Record Label,Danceability,Energy,Key,Loudness,Mode,Speechiness,Acousticness,Instrumentalness,Liveness,Valence,Tempo,Time Signature
spotify:track:6xdcjDv6fjoVRIEahC6q4C,"CARNAVAL","MARINADA vol.01","Marina Sena;Psirico",2025-12-18,162857,48,true,iarecippo,2025-12-20T11:18:58Z,"brazilian pop,new mpb,mpb,pagode baiano,axé","Sony Music Entertainment",0.861,0.706,9,-3.064,1,0.083,0.604,0.15,0.0959,0.608,139.939,4
spotify:track:1SfGsGvP8EkVAUZqxif6bt,"que delícia o verão","MARINADA vol.01","Marina Sena;Pabllo Vittar",2025-12-18,154416,49,false,iarecippo,2025-12-20T11:19:14Z,"brazilian pop,new mpb,mpb,funk pop,tecnobrega","Sony Music Entertainment",0.723,0.572,9,-6.718,0,0.0322,0.195,0.00000244,0.0824,0.882,142.928,4
spotify:track:6SQWckPAtkMdE28ZbFdACu,"Saí para ver o mar","MARINADA vol.01","Marina Sena;Rachel Reis",2025-12-18,191810,50,false,iarecippo,2025-12-20T11:19:14Z,"brazilian pop,new mpb,mpb","Sony Music Entertainment",0.756,0.658,6,-6.739,0,0.0334,0.712,0.00241,0.277,0.633,112.017,4
spotify:track:3cK41mXjvtXBHYDy6RLPxx,"Lua Cheia (Remix)","MARINADA vol.01","Marina Sena",2025-12-18,203166,57,false,iarecippo,2025-12-20T11:19:14Z,"brazilian pop,new mpb,mpb","Sony Music Entertainment",0.776,0.682,5,-7.494,0,0.0318,0.261,0.00000384,0.124,0.681,135.997,4
spotify:track:5WDxh4vIaPdblFlszw458i,"tá quente","MARINADA vol.01","Marina Sena",2025-12-18,219375,54,false,iarecippo,2025-12-20T11:19:14Z,"brazilian pop,new mpb,mpb","Sony Music Entertainment",0.762,0.767,4,-5.697,0,0.079,0.4,0.0000759,0.482,0.813,91.028,4
spotify:track:5wPKxH1ChhEQ2dgmdxsTLW,"Maravilhosa","MARINADA vol.01","Marina Sena",2025-12-18,218625,52,false,iarecippo,2025-12-20T11:19:14Z,"brazilian pop,new mpb,mpb","Sony Music Entertainment",0.62,0.659,8,-9.03,1,0.0613,0.359,0.00429,0.139,0.548,159.953,4
spotify:track:66wM8T14qRselu34qFBhC2,"Bloodsport","Pain to Power","Maruja",2025-09-12,222720,42,true,iarecippo,2026-01-06T11:24:45Z,"post-rock,art rock,noise rock,post-punk","Music For Nations",0.256,0.882,7,-5.002,1,0.224,0.0215,0.00154,0.405,0.322,89.395,4
spotify:track:3KQFlED2WlEBOFRK61eI05,"Look Down On Us","Pain to Power","Maruja",2025-09-12,598360,45,true,iarecippo,2026-01-06T11:24:45Z,"post-rock,art rock,noise rock,post-punk","Music For Nations",0.159,0.724,2,-5.961,0,0.0594,0.0512,0.0799,0.339,0.146,155.871,4
spotify:track:3g0xd9m1MxKRiIC2Xw4998,"Saoirse","Pain to Power","Maruja",2025-09-12,313746,45,false,iarecippo,2026-01-06T11:24:45Z,"post-rock,art rock,noise rock,post-punk","Music For Nations",0.236,0.54,10,-7.537,1,0.0391,0.471,0.327,0.108,0.251,137.695,3
spotify:track:3mBuyTkisnYVbkyDwo8DtV,"Born to Die","Pain to Power","Maruja",2025-09-12,604146,37,false,iarecippo,2026-01-06T11:24:45Z,"post-rock,art rock,noise rock,post-punk","Music For Nations",0.226,0.524,4,-8.128,0,0.0447,0.483,0.12,0.158,0.0713,119.095,4
spotify:track:6A5288oCKM2gN3tqzAqiYI,"Break the Tension","Pain to Power","Maruja",2025-09-12,225186,37,true,iarecippo,2026-01-06T11:24:45Z,"post-rock,art rock,noise rock,post-punk","Music For Nations",0.179,0.885,11,-4.498,1,0.0908,0.00678,0.000364,0.388,0.12,160.353,4
spotify:track:5eUz9zPSLjTnDjWvRZ11GW,"Trenches","Pain to Power","Maruja",2025-09-12,212653,39,true,iarecippo,2026-01-06T11:24:45Z,"post-rock,art rock,noise rock,post-punk","Music For Nations",0.342,0.909,5,-4.119,1,0.103,0.00207,0.0000828,0.186,0.485,80.007,4
spotify:track:51no8jQoHP0fLpZaTOzUeO,"Zaytoun","Pain to Power","Maruja",2025-09-12,260173,32,false,iarecippo,2026-01-06T11:24:45Z,"post-rock,art rock,noise rock,post-punk","Music For Nations",0.162,0.787,11,-7.941,0,0.0617,0.348,0.825,0.107,0.0619,129.739,4
spotify:track:7ySvWZyt3co0WkNey7qsxC,"Reconcile","Pain to Power","Maruja",2025-09-12,580226,36,false,iarecippo,2026-01-06T11:24:45Z,"post-rock,art rock,noise rock,post-punk","Music For Nations",0.234,0.851,4,-7.309,0,0.0808,0.563,0.55,0.101,0.207,131.107,4
spotify:track:2XUQ0AYl4HPE0oK0qt70qw,"2122","3D Country","Geese",2023-06-23,232851,60,false,iarecippo,2026-01-08T13:02:51Z,"art rock","Partisan / Play It Again Sam",0.338,0.862,1,-8.277,1,0.125,0.0145,0.00058,0.0825,0.563,96.414,4
spotify:track:1h0TAXegSmZzATP3MhqGbH,"3D Country","3D Country","Geese",2023-06-23,313577,62,true,iarecippo,2026-01-08T13:02:51Z,"art rock","Partisan / Play It Again Sam",0.646,0.727,2,-6.469,1,0.0469,0.257,0.00603,0.0802,0.909,120.977,4
spotify:track:5vtJPJsiwW5BZAYo8Nla0n,"Cowboy Nudes","3D Country","Geese",2023-06-23,170537,64,false,iarecippo,2026-01-08T13:02:51Z,"art rock","Partisan / Play It Again Sam",0.626,0.86,9,-6.697,1,0.0819,0.0203,0.0788,0.106,0.926,160.026,4
spotify:track:4gFFHAj5iwUEHwPpjZTdi5,"I See Myself","3D Country","Geese",2023-06-23,180807,65,false,iarecippo,2026-01-08T13:02:51Z,"art rock","Partisan / Play It Again Sam",0.77,0.61,5,-7.699,1,0.0382,0.167,0.0000214,0.459,0.892,131.948,4
spotify:track:1dYfU6HCAHFom8pfwnMaEV,"Undoer","3D Country","Geese",2023-06-23,419526,53,false,iarecippo,2026-01-08T13:02:51Z,"art rock","Partisan / Play It Again Sam",0.326,0.748,4,-8.036,1,0.0648,0.0669,0.0408,0.353,0.49,140.205,4
spotify:track:1m6aehT6ZJkTG89OkV7lAo,"Crusades","3D Country","Geese",2023-06-23,158891,63,false,iarecippo,2026-01-08T13:02:51Z,"art rock","Partisan / Play It Again Sam",0.658,0.691,5,-7.709,1,0.0307,0.0709,0,0.128,0.557,110.899,4
spotify:track:0ChW3R8Ce4vtrcrCpKLh9A,"Gravity Blues","3D Country","Geese",2023-06-23,241064,61,false,iarecippo,2026-01-08T13:02:51Z,"art rock","Partisan / Play It Again Sam",0.6,0.633,4,-8.154,1,0.0302,0.239,0.00333,0.264,0.434,131.966,4
spotify:track:6SRJRU4jsABJpJ6upuU90y,"Mysterious Love","3D Country","Geese",2023-06-23,195948,55,false,iarecippo,2026-01-08T13:02:51Z,"art rock","Partisan / Play It Again Sam",0.503,0.909,2,-7.192,1,0.0636,0.00799,0.000284,0.808,0.493,92.006,4
spotify:track:3QIeGR44ZkoPEIdXLoMg6e,"Domoto","3D Country","Geese",2023-06-23,228392,56,false,iarecippo,2026-01-08T13:02:51Z,"art rock","Partisan / Play It Again Sam",0.266,0.476,3,-10.051,1,0.03,0.295,0.0455,0.203,0.327,95.101,4
spotify:track:2PCKMPD6nfPXJvfUaCSMN3,"Tomorrow's Crusades","3D Country","Geese",2023-06-23,271718,56,false,iarecippo,2026-01-08T13:02:51Z,"art rock","Partisan / Play It Again Sam",0.552,0.734,10,-7.353,1,0.0358,0.126,0.00653,0.652,0.69,120.005,4
spotify:track:4AL7eNtRrXQtP8xkmUR6mB,"St. Elmo","3D Country","Geese",2023-06-23,200753,52,true,iarecippo,2026-01-08T13:02:51Z,"art rock","Partisan / Play It Again Sam",0.512,0.595,5,-8.101,1,0.029,0.191,0.00000297,0.119,0.75,168.01,4
spotify:track:1zoXDi9AY4TF5JoUuCCTL6,"NEVER ENOUGH","NEVER ENOUGH","Turnstile",2025-06-06,287159,68,false,iarecippo,2026-01-14T01:32:06Z,"hardcore punk,hardcore","Roadrunner Records",0.186,0.625,2,-6.64,1,0.0392,0.0813,0.299,0.0929,0.0352,153.719,4
spotify:track:6PaSOin7Y9GnXRZ5U5sMsv,"SOLE","NEVER ENOUGH","Turnstile",2025-06-06,205249,64,false,iarecippo,2026-01-14T01:32:06Z,"hardcore punk,hardcore","Roadrunner Records",0.489,0.94,1,-3.832,1,0.0826,0.000116,0.0753,0.163,0.464,144.967,4
spotify:track:7KVIuHxbV5lvBE5Vyiw8FC,"I CARE","NEVER ENOUGH","Turnstile",2025-06-06,233141,68,false,iarecippo,2026-01-14T01:32:06Z,"hardcore punk,hardcore","Roadrunner Records",0.474,0.934,7,-4.898,1,0.0397,0.000459,0.0194,0.268,0.365,168.092,4
spotify:track:3AI0lzoJrrIl0lGo89DS9q,"DREAMING","NEVER ENOUGH","Turnstile",2025-06-06,156465,59,false,iarecippo,2026-01-14T01:32:06Z,"hardcore punk,hardcore","Roadrunner Records",0.523,0.973,5,-4.121,1,0.075,0.0000514,0.0174,0.582,0.281,127.947,4
spotify:track:4UI693m28NeH4uY0mnBV0F,"LIGHT DESIGN","NEVER ENOUGH","Turnstile",2025-06-06,129664,60,false,iarecippo,2026-01-14T01:32:06Z,"hardcore punk,hardcore","Roadrunner Records",0.278,0.858,0,-4.806,1,0.0691,0.000614,0.00407,0.144,0.0545,170.039,4
spotify:track:0uUtMNrn3EwF0KP6E90jGs,"DULL","NEVER ENOUGH","Turnstile",2025-06-06,138651,60,false,iarecippo,2026-01-14T01:32:06Z,"hardcore punk,hardcore","Roadrunner Records",0.486,0.802,1,-7.371,1,0.0835,0.485,0.65,0.231,0.251,159.792,4
spotify:track:2QmmdEYfM6kEk5iz6E1Rs7,"SUNSHOWER","NEVER ENOUGH","Turnstile",2025-06-06,220474,59,true,iarecippo,2026-01-14T01:32:06Z,"hardcore punk,hardcore","Roadrunner Records",0.188,0.884,8,-4.857,1,0.0786,0.0448,0.0935,0.373,0.038,171.9,4
spotify:track:4gM6AHXp4h8aj5482znmYz,"LOOK OUT FOR ME","NEVER ENOUGH","Turnstile",2025-06-06,403520,64,false,iarecippo,2026-01-14T01:32:06Z,"hardcore punk,hardcore","Roadrunner Records",0.571,0.905,4,-6.327,1,0.0735,0.0273,0.244,0.0791,0.18,131.976,4
spotify:track:4Ysc5jO1iQtBJFjlASMZXP,"CEILING","NEVER ENOUGH","Turnstile",2025-06-06,73026,54,false,iarecippo,2026-01-14T01:32:06Z,"hardcore punk,hardcore","Roadrunner Records",0.466,0.126,11,-13.713,1,0.0385,0.983,0.121,0.113,0.036,62.012,4
spotify:track:2Z4nIITCxUoaZvFug5FxtO,"SEEIN’ STARS","NEVER ENOUGH","Turnstile",2025-06-06,186277,65,false,iarecippo,2026-01-14T01:32:06Z,"hardcore punk,hardcore","Roadrunner Records",0.605,0.869,11,-5.607,1,0.0492,0.0000686,0.00126,0.135,0.52,123.94,4
spotify:track:0kshHISCRGn9MwpkbqafG4,"BIRDS","NEVER ENOUGH","Turnstile",2025-06-06,146933,69,false,iarecippo,2026-01-14T01:32:06Z,"hardcore punk,hardcore","Roadrunner Records",0.415,0.957,0,-4.935,1,0.141,0.00285,0.00418,0.0868,0.0455,119.917,4
spotify:track:1wNspyFiI1E9YGhJzz3AoO,"SLOWDIVE","NEVER ENOUGH","Turnstile",2025-06-06,213165,57,false,iarecippo,2026-01-14T01:32:06Z,"hardcore punk,hardcore","Roadrunner Records",0.464,0.95,6,-5.043,1,0.0784,0.000449,0.115,0.291,0.42,167.008,4
spotify:track:3BpHUFGTW8KGd7FLEQJ4ac,"TIME IS HAPPENING","NEVER ENOUGH","Turnstile",2025-06-06,126530,54,false,iarecippo,2026-01-14T01:32:06Z,"hardcore punk,hardcore","Roadrunner Records",0.132,0.859,7,-6.323,1,0.0655,0.0133,0.00528,0.193,0.0297,177.632,4
spotify:track:0QIjmMTKNYs0XYYUSkORGb,"MAGIC MAN","NEVER ENOUGH","Turnstile",2025-06-06,193876,55,false,iarecippo,2026-01-14T01:32:06Z,"hardcore punk,hardcore","Roadrunner Records",0.199,0.224,0,-11.311,0,0.0503,0.857,0.28,0.116,0.196,69.713,3
spotify:track:1jux3g1YXNub0NkYbLTLIp,"ORDER OF PROTECTION","Don't Be Dumb","A$AP Rocky",2026-01-16,171845,63,true,iarecippo,2026-01-16T17:17:10Z,"rap","A$AP Worldwide/RCA Records",0.73,0.779,10,-5.819,1,0.182,0.278,0,0.561,0.329,124.079,4
spotify:track:6zJ68ym0Buv2TpuUu8tw9A,"HELICOPTER","Don't Be Dumb","A$AP Rocky",2026-01-16,160966,74,true,iarecippo,2026-01-16T17:17:10Z,"rap","A$AP Worldwide/RCA Records",0.68,0.656,1,-3.966,1,0.0314,0.000101,0.0000472,0.107,0.229,134.028,4
spotify:track:6uqoRmGkz2p9GDgisc9TcN,"INTERROGATION (SKIT)","Don't Be Dumb","A$AP Rocky",2026-01-16,49047,50,true,iarecippo,2026-01-16T17:17:10Z,"rap","A$AP Worldwide/RCA Records",0.706,0.784,9,-6.644,1,0.526,0.757,0,0.568,0.643,101.046,4
spotify:track:2FycFFuNMVVYIiIqeldXF5,"STOLE YA FLOW","Don't Be Dumb","A$AP Rocky",2026-01-16,199015,71,true,iarecippo,2026-01-16T17:17:10Z,"rap","A$AP Worldwide/RCA Records",0.559,0.722,5,-4.015,1,0.0409,0.0672,0,0.603,0.105,160.574,4
spotify:track:2xsTsnA5QOFCnFXdEHGkli,"STAY HERE 4 LIFE (feat. Brent Faiyaz)","Don't Be Dumb","A$AP Rocky;Brent Faiyaz",2026-01-16,346093,83,true,iarecippo,2026-01-16T17:17:10Z,"rap,r&b","A$AP Worldwide/RCA Records",0.551,0.531,11,-10.042,1,0.272,0.524,0,0.471,0.499,115.233,4
spotify:track:3sXsbaZlsTv2iJiEntsgM5,"PLAYA","Don't Be Dumb","A$AP Rocky",2026-01-16,227423,66,true,iarecippo,2026-01-16T17:17:10Z,"rap","A$AP Worldwide/RCA Records",0.675,0.733,8,-5.569,0,0.24,0.145,0,0.394,0.632,76.006,4
spotify:track:7eEnuNVAHQXEwg18zZnmdL,"NO TRESPASSING","Don't Be Dumb","A$AP Rocky",2026-01-16,195130,66,true,iarecippo,2026-01-16T17:17:10Z,"rap","A$AP Worldwide/RCA Records",0.575,0.542,1,-5.687,1,0.0521,0.0186,0,0.123,0.0697,126.38,5
spotify:track:2lSDVBIWbWQ7z5Lw15GRNw,"STOP SNITCHING (feat. BossMan Dlow & Sauce Walka)","Don't Be Dumb","A$AP Rocky;BossMan Dlow;Sauce Walka",2026-01-16,200170,63,true,iarecippo,2026-01-16T17:17:10Z,"rap","A$AP Worldwide/RCA Records",0.661,0.763,2,-4.551,1,0.313,0.0741,0,0.133,0.669,139.967,4
spotify:track:2pwOJNlr5TJaR30dJIqK9M,"STFU (feat. Slay Squad)","Don't Be Dumb","A$AP Rocky;Slay Squad",2026-01-16,178673,56,true,iarecippo,2026-01-16T17:17:10Z,"rap,rap metal","A$AP Worldwide/RCA Records",0.632,0.769,11,-3.026,0,0.147,0.00201,0.000897,0.133,0.44,136.409,4
spotify:track:1AXsHbdIYx2OyKmdOcIL5T,"PUNK ROCKY","Don't Be Dumb","A$AP Rocky",2026-01-16,234151,68,true,iarecippo,2026-01-16T17:17:10Z,"rap","A$AP Worldwide/RCA Records",0.637,0.845,0,-4.13,1,0.0304,0.0102,0.0276,0.148,0.642,140.043,4
spotify:track:4WGk4UwyQD0mxTN6gEL4wl,"AIR FORCE (BLACK DEMARCO)","Don't Be Dumb","A$AP Rocky",2026-01-16,224279,59,true,iarecippo,2026-01-16T17:17:10Z,"rap","A$AP Worldwide/RCA Records",0.464,0.829,1,-5.875,1,0.138,0.00185,0.0187,0.126,0.142,90.641,4
spotify:track:69AHqDMcDKyxKL1lNNCIve,"WHISKEY (RELEASE ME) (feat. Gorillaz & Westside Gunn)","Don't Be Dumb","A$AP Rocky;Gorillaz;Westside Gunn",2026-01-16,245988,64,true,iarecippo,2026-01-16T17:17:10Z,"rap,boom bap,alternative hip hop,jazz rap,experimental hip hop","A$AP Worldwide/RCA Records",0.715,0.572,10,-5.72,1,0.137,0.706,0.00000398,0.106,0.468,73.509,4
spotify:track:5FYaSV8TLF7qvonB1BDOw0,"ROBBERY (feat. Doechii)","Don't Be Dumb","A$AP Rocky;Doechii",2026-01-16,235206,60,true,iarecippo,2026-01-16T17:17:10Z,"rap","A$AP Worldwide/RCA Records",0.47,0.485,1,-9.404,1,0.105,0.71,0.00024,0.0932,0.538,97.956,4
spotify:track:2JfyjfqbQrTXMzH8n0fOht,"DON'T BE DUMB / TRIP BABY","Don't Be Dumb","A$AP Rocky",2026-01-16,285634,67,true,iarecippo,2026-01-16T17:17:10Z,"rap","A$AP Worldwide/RCA Records",0.529,0.54,1,-7.656,1,0.174,0.701,0,0.144,0.637,116.743,4
spotify:track:22FKiBdLUCRHlZJthzTlAy,"THE END (feat. will.i.am & Jessica Pratt)","Don't Be Dumb","A$AP Rocky;will.i.am;Jessica Pratt",2026-01-16,214777,56,true,iarecippo,2026-01-16T17:17:10Z,"rap,ambient folk","A$AP Worldwide/RCA Records",0.38,0.44,9,-9.495,0,0.0447,0.769,0.0000405,0.14,0.36,80.695,4
spotify:track:4vYazVB0YNgKBjG3EQmT02,"SWAT TEAM","Don't Be Dumb","A$AP Rocky",2026-01-16,192333,59,true,iarecippo,2026-01-16T17:17:10Z,"rap","A$AP Worldwide/RCA Records",0.634,0.774,3,-4.896,1,0.133,0.176,0,0.841,0.575,145.969,4
spotify:track:6qJjgYxhZ3gBTm4TI8t41e,"FISH N STEAK (WHAT IT IS) (feat. Tyler, The Creator & Jozzy)","Don't Be Dumb","A$AP Rocky;Tyler, The Creator;Jozzy",2026-01-16,229102,57,true,iarecippo,2026-01-16T17:17:10Z,"rap","A$AP Worldwide/RCA Records",0.622,0.734,1,-4.781,1,0.0763,0.355,0.00024,0.128,0.538,132.052,4
spotify:track:3r2vyNnqFKr6IraCqLtoBI,"Pharmacist","Blue Rev","Alvvays",2022-10-07,124130,46,false,iarecippo,2026-02-03T14:08:37Z,"dream pop,shoegaze,jangle pop,indie","Polyvinyl Records",0.204,0.801,2,-4.815,1,0.0583,0.0172,0.23,0.511,0.291,143.718,4
spotify:track:42oq4KDYcBwAHpEkV3PuWc,"Easy On Your Own?","Blue Rev","Alvvays",2022-10-07,174626,49,false,iarecippo,2026-02-03T14:08:37Z,"dream pop,shoegaze,jangle pop,indie","Polyvinyl Records",0.356,0.856,9,-5.065,1,0.076,0.059,0.000773,0.327,0.26,117.097,4
spotify:track:0O5q2h0kfQD6PixL7rCHuL,"After The Earthquake","Blue Rev","Alvvays",2022-10-07,185276,49,false,iarecippo,2026-02-03T14:08:37Z,"dream pop,shoegaze,jangle pop,indie","Polyvinyl Records",0.322,0.899,4,-4.459,1,0.0931,0.009,0.00000963,0.591,0.406,165.931,4
spotify:track:7AvH0BPmruOp9DlqNkMl2b,"Tom Verlaine","Blue Rev","Alvvays",2022-10-07,206334,40,false,iarecippo,2026-02-03T14:08:37Z,"dream pop,shoegaze,jangle pop,indie","Polyvinyl Records",0.323,0.943,4,-4.106,1,0.113,0.0216,0.00131,0.0887,0.119,138.935,4
spotify:track:1rw9dOKuewBiKfVHgUPDfo,"Pressed","Blue Rev","Alvvays",2022-10-07,129862,42,false,iarecippo,2026-02-03T14:08:37Z,"dream pop,shoegaze,jangle pop,indie","Polyvinyl Records",0.281,0.925,2,-3.648,1,0.0679,0.023,0.00827,0.294,0.505,169.999,4
spotify:track:5OKKk5c1shUYLoayFMjYqg,"Many Mirrors","Blue Rev","Alvvays",2022-10-07,178543,40,false,iarecippo,2026-02-03T14:08:37Z,"dream pop,shoegaze,jangle pop,indie","Polyvinyl Records",0.285,0.895,3,-3.654,1,0.0805,0.000104,0.618,0.1,0.362,142.693,4
spotify:track:4eTzgPhzCAQxHU0Y308Sk8,"Very Online Guy","Blue Rev","Alvvays",2022-10-07,141999,40,false,iarecippo,2026-02-03T14:08:37Z,"dream pop,shoegaze,jangle pop,indie","Polyvinyl Records",0.418,0.961,7,-3.766,1,0.0672,0.0275,0.00000218,0.368,0.545,143.048,4
spotify:track:1wsqBGQ3MgU2AyuYOardEn,"Velveteen","Blue Rev","Alvvays",2022-10-07,189511,46,false,iarecippo,2026-02-03T14:08:37Z,"dream pop,shoegaze,jangle pop,indie","Polyvinyl Records",0.474,0.944,11,-4.48,1,0.0679,0.0374,0.306,0.0918,0.357,137.362,4
spotify:track:3vgVK6gKfRatuh17mEeetx,"Tile By Tile","Blue Rev","Alvvays",2022-10-07,178046,55,false,iarecippo,2026-02-03T14:08:37Z,"dream pop,shoegaze,jangle pop,indie","Polyvinyl Records",0.469,0.727,1,-6.783,1,0.0364,0.525,0.747,0.11,0.214,116.219,4
spotify:track:7cE0GLEieCg9EsvUtkEyby,"Pomeranian Spinster","Blue Rev","Alvvays",2022-10-07,204933,40,false,iarecippo,2026-02-03T14:08:37Z,"dream pop,shoegaze,jangle pop,indie","Polyvinyl Records",0.112,0.939,9,-3.443,1,0.0889,0.00335,0.0000162,0.89,0.112,175.193,4
spotify:track:1kSMqCHHCrNwsJJXJRLEoT,"Belinda Says","Blue Rev","Alvvays",2022-10-07,165445,47,false,iarecippo,2026-02-03T14:08:37Z,"dream pop,shoegaze,jangle pop,indie","Polyvinyl Records",0.346,0.749,4,-3.974,1,0.0578,0.0698,0.000203,0.0698,0.308,118.885,4
spotify:track:1FlbjrZ0AqdWOaqz5skg6e,"Bored In Bristol","Blue Rev","Alvvays",2022-10-07,180240,41,false,iarecippo,2026-02-03T14:08:37Z,"dream pop,shoegaze,jangle pop,indie","Polyvinyl Records",0.419,0.857,8,-5.854,1,0.0618,0.116,0.742,0.492,0.519,76.663,4
spotify:track:2muqpCS37sylfNeTF3pqeM,"Lottery Noises","Blue Rev","Alvvays",2022-10-07,198435,38,false,iarecippo,2026-02-03T14:08:37Z,"dream pop,shoegaze,jangle pop,indie","Polyvinyl Records",0.351,0.482,7,-6.541,1,0.0452,0.251,0.0194,0.0776,0.129,104.671,4
spotify:track:511OLEareBr34kob8B2Km0,"Fourth Figure","Blue Rev","Alvvays",2022-10-07,80175,34,false,iarecippo,2026-02-03T14:08:37Z,"dream pop,shoegaze,jangle pop,indie","Polyvinyl Records",0.16,0.311,7,-9.522,1,0.0325,0.828,0.681,0.61,0.152,95.978,3
spotify:track:2V32J1fnGKDp0bYE1dEf74,"Rain Dance","Projector","Geese",2021-10-29,203122,47,false,iarecippo,2026-02-12T11:19:13Z,"art rock","Partisan / Play It Again Sam",0.5,0.942,2,-4.644,1,0.0504,0.00017,0.000205,0.108,0.401,98.377,4
spotify:track:3CiDs8Rpj0jpF9MB3cr3ve,"Low Era","Projector","Geese",2021-10-29,254886,52,false,iarecippo,2026-02-12T11:19:13Z,"art rock","Partisan / Play It Again Sam",0.551,0.788,10,-6.278,1,0.0405,0.000167,0.000712,0.118,0.307,110.97,4
spotify:track:774pTm4gTREAMimlUeSzf6,"Fantasies / Survival","Projector","Geese",2021-10-29,267770,51,false,iarecippo,2026-02-12T11:19:13Z,"art rock","Partisan / Play It Again Sam",0.35,0.867,5,-4.349,0,0.0523,0.000237,0.035,0.122,0.69,119.577,4
spotify:track:6WCBOdYCbMXZRw5DXPe3Nm,"First World Warrior","Projector","Geese",2021-10-29,191770,49,false,iarecippo,2026-02-12T11:19:13Z,"art rock","Partisan / Play It Again Sam",0.247,0.559,4,-7.247,1,0.0258,0.048,0.262,0.0935,0.135,91.019,4
spotify:track:6PBTsFlhFuhcaCGaogWqmG,"Disco","Projector","Geese",2021-10-29,407432,47,false,iarecippo,2026-02-12T11:19:13Z,"art rock","Partisan / Play It Again Sam",0.355,0.786,7,-4.977,1,0.0387,0.00112,0.00523,0.125,0.423,132.967,4
spotify:track:4KmJjb0jjy5mw7gtMtWb0f,"Projector","Projector","Geese",2021-10-29,265777,41,false,iarecippo,2026-02-12T11:19:13Z,"art rock","Partisan / Play It Again Sam",0.58,0.829,2,-6.07,1,0.0471,0.000725,0.000594,0.195,0.288,115.009,4
spotify:track:7IomoSG41YTjml4ux7F00J,"Exploding House","Projector","Geese",2021-10-29,364207,41,false,iarecippo,2026-02-12T11:19:13Z,"art rock","Partisan / Play It Again Sam",0.333,0.822,6,-6.29,0,0.0433,0.000665,0.0648,0.402,0.327,120.272,4
spotify:track:7FbVKYOUFUkiey4a1gtQSm,"Bottle","Projector","Geese",2021-10-29,211869,39,false,iarecippo,2026-02-12T11:19:13Z,"art rock","Partisan / Play It Again Sam",0.553,0.677,10,-6.861,0,0.0267,0.0000858,0.141,0.14,0.42,122.83,4
spotify:track:3nu97RUtobRh7DxQuOSY2Z,"Opportunity is Knocking","Projector","Geese",2021-10-29,306466,47,false,iarecippo,2026-02-12T11:19:13Z,"art rock","Partisan / Play It Again Sam",0.255,0.658,1,-5.796,1,0.0282,0.00049,0.663,0.164,0.155,91.058,4
spotify:track:15ApEgs3gaAMKOEj2vzH1p,"House featuring John Cale","Wuthering Heights","Charli xcx;John Cale",2026-02-13,195278,61,false,iarecippo,2026-02-13T15:34:32Z,"hyperpop,art pop,art rock,baroque pop,proto-punk,singer-songwriter","Atlantic Records",0.426,0.299,8,-8.057,1,0.0322,0.664,0.00211,0.0712,0.0388,65.511,4
spotify:track:4llQhQnQ0xKel20HqjZyMt,"Wall of Sound","Wuthering Heights","Charli xcx",2026-02-13,144426,63,false,iarecippo,2026-02-13T15:34:32Z,"hyperpop,art pop","Atlantic Records",0.216,0.574,10,-7.736,1,0.0567,0.339,0.0385,0.249,0.397,83.455,3
spotify:track:0T3sHoiR3t9HtwbIOgTI7J,"Dying for You","Wuthering Heights","Charli xcx",2026-02-13,182038,75,false,iarecippo,2026-02-13T15:34:32Z,"hyperpop,art pop","Atlantic Records",0.582,0.724,10,-7.37,1,0.318,0.16,0.000806,0.293,0.408,133.007,4
spotify:track:6fGapufucZHPva1kvCqceA,"Always Everywhere","Wuthering Heights","Charli xcx",2026-02-13,183975,67,false,iarecippo,2026-02-13T15:34:32Z,"hyperpop,art pop","Atlantic Records",0.257,0.31,0,-8.505,1,0.0308,0.615,0.0131,0.108,0.193,109.803,4
spotify:track:77qLAmRzMPetmXywybpH15,"Chains of Love","Wuthering Heights","Charli xcx",2026-02-13,170211,74,false,iarecippo,2026-02-13T15:34:32Z,"hyperpop,art pop","Atlantic Records",0.292,0.587,5,-4.683,1,0.0327,0.114,0.0169,0.42,0.17,68.618,4
spotify:track:48T5DvWKHvVuGyNUPBUX05,"Out of Myself","Wuthering Heights","Charli xcx",2026-02-13,139504,62,false,iarecippo,2026-02-13T15:34:32Z,"hyperpop,art pop","Atlantic Records",0.521,0.693,2,-7.272,1,0.0427,0.452,0.000456,0.177,0.393,116.138,4
spotify:track:732AeYEiilADr0WSHFV9of,"Open up","Wuthering Heights","Charli xcx",2026-02-13,86944,60,false,iarecippo,2026-02-13T15:34:32Z,"hyperpop,art pop","Atlantic Records",0.172,0.24,2,-12.441,1,0.04,0.757,0.686,0.133,0.11,123.792,3
spotify:track:41UuruzhR2WLb917UbbcqS,"Seeing Things","Wuthering Heights","Charli xcx",2026-02-13,150042,60,false,iarecippo,2026-02-13T15:34:32Z,"hyperpop,art pop","Atlantic Records",0.824,0.342,7,-9.367,1,0.0464,0.64,0.0000292,0.0978,0.829,112.003,4
spotify:track:37Vbx4pkj4QdmE4fPfAdoD,"Altars","Wuthering Heights","Charli xcx",2026-02-13,176617,60,false,iarecippo,2026-02-13T15:34:32Z,"hyperpop,art pop","Atlantic Records",0.589,0.529,7,-6.009,1,0.0363,0.00438,0.00289,0.119,0.44,107.982,4
spotify:track:1md8v8FG46KecYiMap2XTD,"Eyes of the World featuring Sky Ferreira","Wuthering Heights","Charli xcx;Sky Ferreira",2026-02-13,223994,56,false,iarecippo,2026-02-13T15:34:32Z,"hyperpop,art pop","Atlantic Records",0.315,0.424,7,-6.144,0,0.0324,0.185,0.000157,0.226,0.101,140.868,4
spotify:track:1b3GqFU0UlFPnnM0Psv0kM,"My Reminder","Wuthering Heights","Charli xcx",2026-02-13,213213,58,false,iarecippo,2026-02-13T15:34:32Z,"hyperpop,art pop","Atlantic Records",0.684,0.387,0,-7.296,1,0.029,0.0201,0.294,0.106,0.43,126.014,4
spotify:track:1lTp6SSihcLUxoiTPUJ6lA,"Funny Mouth","Wuthering Heights","Charli xcx",2026-02-13,213811,56,false,iarecippo,2026-02-13T15:34:32Z,"hyperpop,art pop","Atlantic Records",0.356,0.37,3,-9.016,0,0.0412,0.62,0.0566,0.0993,0.0464,76.936,4
spotify:track:4Ym1o9CTL70idvDoBdbCF5,"MADRE","SEE YOU WHEN I GET BACK","Inner Wave",2026-02-27,150332,34,false,iarecippo,2026-02-27T11:54:18Z,"","Nettwerk Music Group",0.739,0.74,6,-6.378,0,0.0346,0.0822,0.00904,0.271,0.884,100.036,4
spotify:track:1moKI3LjDpGPwzXv4c9s62,"SWEET","SEE YOU WHEN I GET BACK","Inner Wave",2026-02-27,167928,39,false,iarecippo,2026-02-27T11:54:18Z,"","Nettwerk Music Group",0.616,0.824,2,-6.165,1,0.041,0.0225,0.00603,0.0591,0.964,141.167,4
spotify:track:57estLdRZDPYtYeEYaqNNT,"CHILD","SEE YOU WHEN I GET BACK","Inner Wave",2026-02-27,179919,30,false,iarecippo,2026-02-27T11:54:18Z,"","Nettwerk Music Group",0.656,0.597,4,-6.718,1,0.0597,0.00656,0.429,0.0659,0.748,130.009,4
spotify:track:2igxmgzUnBpjKKKtQjQveW,"PUSH","SEE YOU WHEN I GET BACK","Inner Wave",2026-02-27,205000,34,false,iarecippo,2026-02-27T11:54:18Z,"","Nettwerk Music Group",0.593,0.799,9,-7.51,1,0.0845,0.365,0.0111,0.114,0.831,128.067,4
spotify:track:7xsx5yhEgH2rvwZexWTDc6,"PULL","SEE YOU WHEN I GET BACK","Inner Wave",2026-02-27,66258,30,false,iarecippo,2026-02-27T11:54:18Z,"","Nettwerk Music Group",0.549,0.479,6,-12.113,0,0.0705,0.68,0.29,0.707,0.718,183.782,4
spotify:track:5e3dVNFyEgimjslWtcXQvr,"BIG FOOT","SEE YOU WHEN I GET BACK","Inner Wave",2026-02-27,137101,33,true,iarecippo,2026-02-27T11:54:18Z,"","Nettwerk Music Group",0.633,0.46,6,-6.769,0,0.0289,0.0461,0.000265,0.201,0.78,99.97,4
spotify:track:2f9FIFQzldMe9g0qyhVJFU,"FAR AWAY","SEE YOU WHEN I GET BACK","Inner Wave",2026-02-27,204446,35,false,iarecippo,2026-02-27T11:54:18Z,"","Nettwerk Music Group",0.427,0.71,8,-6.613,1,0.0501,0.00889,0.0266,0.384,0.569,163.973,4
spotify:track:3jlSEbFmi4eBVt69oVtXl1,"IF YOU LIKE","SEE YOU WHEN I GET BACK","Inner Wave",2026-02-27,153195,30,false,iarecippo,2026-02-27T11:54:18Z,"","Nettwerk Music Group",0.551,0.733,11,-5.573,1,0.0546,0.0197,0.00000121,0.166,0.754,130.114,4
spotify:track:7nwG91OTnzvWY7s9THgLHj,"ONLY FOR YOUR EYES","SEE YOU WHEN I GET BACK","Inner Wave",2026-02-27,189109,28,false,iarecippo,2026-02-27T11:54:18Z,"","Nettwerk Music Group",0.584,0.653,5,-6.723,0,0.0824,0.218,0.000635,0.134,0.761,119.126,4
spotify:track:78KCVjDhUguz9KOw033tWN,"WOLFIE","SEE YOU WHEN I GET BACK","Inner Wave",2026-02-27,140713,28,false,iarecippo,2026-02-27T11:54:18Z,"","Nettwerk Music Group",0.668,0.865,6,-6.731,1,0.145,0.0956,0,0.34,0.661,131.001,4
spotify:track:3rUlgPm3KVTZDxHUm6WZ23,"SAME IS THE CHANGE","SEE YOU WHEN I GET BACK","Inner Wave",2026-02-27,218911,30,false,iarecippo,2026-02-27T11:54:18Z,"","Nettwerk Music Group",0.59,0.803,2,-5.948,0,0.0516,0.0466,0.000269,0.288,0.866,139.979,4
spotify:track:52C58JxpEvRhjCP8Zqrizo,"HIGHWAYS","SEE YOU WHEN I GET BACK","Inner Wave",2026-02-27,153698,26,false,iarecippo,2026-02-27T11:54:18Z,"","Nettwerk Music Group",0.534,0.45,0,-9.287,1,0.0262,0.165,0.114,0.0718,0.392,92.052,4
spotify:track:0hyRhjFRxtrmk2pXko0kKX,"ALL OF THE THINGS","SEE YOU WHEN I GET BACK","Inner Wave",2026-02-27,207385,24,false,iarecippo,2026-02-27T11:54:18Z,"","Nettwerk Music Group",0.314,0.325,1,-12.529,1,0.0329,0.705,0.0269,0.105,0.0829,175.567,4
spotify:track:4LGFc5Vv5YlqTvWIa37CbG,"No Security","Ca$ino","Baby Keem",2026-02-20,118425,61,true,iarecippo,2026-02-28T20:28:54Z,"","pgLang/Columbia",0.507,0.413,8,-10.479,1,0.0728,0.843,0,0.0895,0.776,139.354,4
spotify:track:3VW6HJYa5l0uzGcCRA222P,"Ca$ino","Ca$ino","Baby Keem",2026-02-20,260825,74,true,iarecippo,2026-02-28T20:28:54Z,"","pgLang/Columbia",0.533,0.784,1,-5.477,1,0.0614,0.00236,0,0.356,0.282,145.694,4
spotify:track:7bwLHhqhRu0fVTM3aaeK9V,"Birds & the Bees","Ca$ino","Baby Keem",2026-02-20,136542,68,true,iarecippo,2026-02-28T20:28:54Z,"","pgLang/Columbia",0.863,0.442,4,-6.16,0,0.0738,0.475,0,0.101,0.419,84.961,4
spotify:track:5sHeIGDbdzw8DeO57XZKIy,"Good Flirts (feat. Kendrick Lamar & Momo Boyd)","Ca$ino","Baby Keem;Kendrick Lamar;Momo Boyd",2026-02-20,232424,72,true,iarecippo,2026-02-28T20:28:54Z,"hip hop,west coast hip hop","pgLang/Columbia",0.735,0.48,5,-10.723,1,0.449,0.196,0,0.0813,0.69,173.836,4
spotify:track:5Th1SPySWgYlkXXC6wLMwL,"House Money","Ca$ino","Baby Keem",2026-02-20,195612,69,true,iarecippo,2026-02-28T20:28:54Z,"","pgLang/Columbia",0.861,0.511,1,-6.165,1,0.108,0.019,0.00000347,0.101,0.308,139.997,4
spotify:track:76uwSqRmmSfRZVocIceH1b,"I am not a Lyricist","Ca$ino","Baby Keem",2026-02-20,205176,61,true,iarecippo,2026-02-28T20:28:54Z,"","pgLang/Columbia",0.822,0.601,10,-6.268,0,0.188,0.099,0.0486,0.106,0.552,93.975,4
spotify:track:2N1D5t5zkvlNElbH9q0vBv,"$ex Appeal (feat. Too $hort)","Ca$ino","Baby Keem;Too $hort",2026-02-20,184930,67,true,iarecippo,2026-02-28T20:28:54Z,"hyphy,west coast hip hop,g-funk,old school hip hop,gangster rap","pgLang/Columbia",0.934,0.613,11,-6.892,1,0.0682,0.072,0.00000304,0.129,0.786,107.997,4
spotify:track:5OUtx1HW0cLbt1bCuSHlw8,"Highway 95 pt.2","Ca$ino","Baby Keem",2026-02-20,228013,66,true,iarecippo,2026-02-28T20:28:54Z,"","pgLang/Columbia",0.83,0.56,4,-7.663,0,0.101,0.0557,0.000924,0.208,0.505,164.989,4
spotify:track:5waTXjl4V7YBw1Bo4CsjlM,"Circus Circus Free$tyle","Ca$ino","Baby Keem",2026-02-20,292359,67,true,iarecippo,2026-02-28T20:28:54Z,"","pgLang/Columbia",0.525,0.565,1,-6.073,1,0.128,0.00982,0,0.121,0.185,147.04,4
spotify:track:05gychGDaYtqT3sWQhZydb,"Dramatic Girl (feat. Che Ecru)","Ca$ino","Baby Keem;Che Ecru",2026-02-20,199831,67,false,iarecippo,2026-02-28T20:28:54Z,"dark r&b,trap soul","pgLang/Columbia",0.776,0.653,6,-4.799,0,0.0375,0.188,0.0000284,0.275,0.718,112.004,4
spotify:track:4OiF7pHMapELmWxgwShCbK,"No Blame","Ca$ino","Baby Keem",2026-02-20,166469,56,true,iarecippo,2026-02-28T20:28:54Z,"","pgLang/Columbia",0.753,0.729,9,-8.077,1,0.556,0.0922,0,0.101,0.808,81.79,4
spotify:track:1ZWJGh77XqxwBVpZTH2lzZ,"Polaris - Live","After the Night (Live)","Parannoul",2023-04-22,295000,30,false,iarecippo,2026-03-14T16:08:58Z,"shoegaze,dream pop,noise rock,slowcore,math rock","Parannoul",0.177,0.71,6,-4.901,1,0.0895,0.00218,0.436,0.971,0.314,79.992,4
spotify:track:71i036RsGc3ROLvodV3YAa,"Beautiful World - Live","After the Night (Live)","Parannoul",2023-04-22,330421,32,false,iarecippo,2026-03-14T16:08:58Z,"shoegaze,dream pop,noise rock,slowcore,math rock","Parannoul",0.25,0.991,8,-1.56,0,0.0821,0.00168,0.843,0.995,0.203,160.043,4
spotify:track:7JIizg9JYfJqeZuHES8Z3m,"Analog Sentimentalism - Live","After the Night (Live)","Parannoul",2023-04-22,285333,29,false,iarecippo,2026-03-14T16:08:58Z,"shoegaze,dream pop,noise rock,slowcore,math rock","Parannoul",0.0985,0.997,4,-1.91,1,0.138,0.000629,0.843,0.988,0.0488,89.799,4
spotify:track:2zKAAh1fkf7SoHkujd7dru,"Soft Bruise - Live","After the Night (Live)","Parannoul",2023-04-22,285289,27,false,iarecippo,2026-03-14T16:08:58Z,"shoegaze,dream pop,noise rock,slowcore,math rock","Parannoul",0.179,0.997,4,-1.583,0,0.229,0.00258,0.664,0.96,0.04,170.27,4
spotify:track:30RIMpADanJJbZlPept25t,"Imagination - Live","After the Night (Live)","Parannoul",2023-04-22,279460,25,false,iarecippo,2026-03-14T16:08:58Z,"shoegaze,dream pop,noise rock,slowcore,math rock","Parannoul",0.358,0.973,3,-2.365,1,0.106,0.00164,0.752,0.929,0.16,130.009,3
spotify:track:6oiIv1jvUesYz9O7sH2qoO,"I Can Feel My Heart Touching You - Live","After the Night (Live)","Parannoul",2023-04-22,349542,26,false,iarecippo,2026-03-14T16:08:58Z,"shoegaze,dream pop,noise rock,slowcore,math rock","Parannoul",0.314,0.929,3,-1.364,1,0.0567,0.00254,0.877,0.378,0.222,99.919,4
spotify:track:3XkvbULZlZPpefk5MkghHI,"White Ceiling - Live","After the Night (Live)","Parannoul",2023-04-22,630031,32,false,iarecippo,2026-03-14T16:08:58Z,"shoegaze,dream pop,noise rock,slowcore,math rock","Parannoul",0.225,0.994,1,-1.506,1,0.144,0.00902,0.861,0.866,0.058,160.117,4
spotify:track:1OMMSNf79ELZPqLA6oPGlz,"Into the Endless Night - Live","After the Night (Live)","Parannoul",2023-04-22,2766000,34,false,iarecippo,2026-03-14T16:08:58Z,"shoegaze,dream pop,noise rock,slowcore,math rock","Parannoul",0.213,0.917,4,-3.214,1,0.0992,0.065,0.248,0.939,0.0669,119.873,4
spotify:track:0WxgcCdTvtOrAqfSDzBcDB,"endless","choke enough","Oklou",2025-02-07,215992,29,false,iarecippo,2026-03-16T15:37:47Z,"art pop,hyperpop","True Panther Records",0.361,0.573,10,-12.484,1,0.0695,0.694,0.194,0.166,0.372,78.724,4
spotify:track:4zhTF6LpMWHPuXWY8mNrY7,"thank you for recording","choke enough","Oklou",2025-02-07,176890,29,false,iarecippo,2026-03-16T15:37:47Z,"art pop,hyperpop","True Panther Records",0.324,0.254,1,-13.259,1,0.0595,0.938,0.121,0.0912,0.177,89.67,4
spotify:track:7z8AjvqvkAOZriRlsJfx0q,"family and friends","choke enough","Oklou",2025-02-07,176730,30,false,iarecippo,2026-03-16T15:37:47Z,"art pop,hyperpop","True Panther Records",0.486,0.376,7,-13.942,0,0.0803,0.947,0.306,0.11,0.452,179.802,4
spotify:track:7zyBL0LZndcnPXsbdhiqWp,"obvious","choke enough","Oklou",2025-02-07,135667,32,false,iarecippo,2026-03-16T15:37:47Z,"art pop,hyperpop","True Panther Records",0.611,0.191,8,-12.752,1,0.0367,0.959,0.325,0.0982,0.136,98.654,4
spotify:track:6aUr8iLB8hfp9z2xMv1X5X,"ict","choke enough","Oklou",2025-02-07,208274,33,false,iarecippo,2026-03-16T15:37:47Z,"art pop,hyperpop","True Panther Records",0.563,0.274,8,-12.104,1,0.0438,0.879,0.714,0.117,0.216,130.041,4
spotify:track:3KVRU1oh4M4VtMRCNWBDVC,"choke enough","choke enough","Oklou",2025-02-07,240094,33,false,iarecippo,2026-03-16T15:37:47Z,"art pop,hyperpop","True Panther Records",0.573,0.217,11,-14.697,1,0.107,0.934,0.0388,0.104,0.482,141.973,4
spotify:track:2yjWj03sh7W7Qwnhd0zThP,"(;´༎ຶٹ༎ຶ`)","choke enough","Oklou",2025-02-07,47809,24,false,iarecippo,2026-03-16T15:37:47Z,"art pop,hyperpop","True Panther Records",0.237,0.55,1,-30.135,1,0.498,0.979,0.027,0.421,0.112,84.89,5
spotify:track:6Y16szIjrhu91wNbHTDqhX,"take me by the hand","choke enough","Oklou;Bladee",2025-02-07,171570,36,false,iarecippo,2026-03-16T15:37:47Z,"art pop,hyperpop,cloud rap","True Panther Records",0.473,0.612,9,-8.345,1,0.0636,0.863,0.0137,0.195,0.588,126.179,4
spotify:track:5NT4QwJbVDgNl9n2IfJfeD,"plague dogs","choke enough","Oklou",2025-02-07,105600,27,false,iarecippo,2026-03-16T15:37:47Z,"art pop,hyperpop","True Panther Records",0.426,0.402,8,-11.031,0,0.0324,0.935,0.0053,0.44,0.523,164.217,4
spotify:track:5Pw3O3swV8pLTBfqv2VxS6,"forces","choke enough","Oklou",2025-02-07,64893,23,false,iarecippo,2026-03-16T15:37:47Z,"art pop,hyperpop","True Panther Records",0.304,0.354,2,-14.504,1,0.0756,0.249,0.202,0.248,0.283,63.073,5
spotify:track:6g2m5644ZTXBzxSt0z5Qwa,"harvest sky","choke enough","Oklou;underscores",2025-02-07,233896,39,false,iarecippo,2026-03-16T15:37:47Z,"art pop,hyperpop","True Panther Records",0.651,0.573,11,-7.764,0,0.0629,0.458,0.000214,0.113,0.433,134.57,4
spotify:track:6IlgcHz7O34fOhHYOe77kR,"want to wanna come back","choke enough","Oklou",2025-02-07,166341,27,false,iarecippo,2026-03-16T15:37:47Z,"art pop,hyperpop","True Panther Records",0.653,0.582,10,-10.624,1,0.0648,0.742,0.0206,0.139,0.299,94.749,4
spotify:track:45LwOlqL3HOEQkPjjHpu7U,"blade bird","choke enough","Oklou",2025-02-07,198587,38,false,iarecippo,2026-03-16T15:37:47Z,"art pop,hyperpop","True Panther Records",0.67,0.565,6,-7.463,1,0.0414,0.769,0.00143,0.193,0.294,95.007,4
spotify:track:2fIv98BZ6NdkeYLZAvNzP7,"Tell Me (U Want It)","U","underscores",2026-03-20,213250,65,false,iarecippo,2026-03-23T11:56:56Z,"hyperpop","Mom+Pop Music",0.392,0.592,0,-7.908,1,0.113,0.512,0.0257,0.106,0.485,174.133,3
spotify:track:6gPbjxlebqkFyCaLY4SRVm,"Music","U","underscores",2026-03-20,207296,70,false,iarecippo,2026-03-23T11:56:56Z,"hyperpop","Mom+Pop Music",0.633,0.51,5,-7.302,0,0.0465,0.0634,0.0862,0.0785,0.577,152.118,4
spotify:track:3TpzJRU45jUPloLx6LKWcj,"Hollywood Forever","U","underscores",2026-03-20,294857,65,true,iarecippo,2026-03-23T11:56:56Z,"hyperpop","Mom+Pop Music",0.622,0.797,10,-9.022,0,0.0511,0.0858,0.301,0.117,0.425,139.984,4
spotify:track:6wm3t4VpTxSFfOUgTMlHZM,"The Peace","U","underscores",2026-03-20,169500,72,false,iarecippo,2026-03-23T11:56:56Z,"hyperpop","Mom+Pop Music",0.611,0.422,11,-9.199,1,0.0586,0.684,0,0.0987,0.436,159.97,4
spotify:track:1D84CoKziCbQw6NWVxorq4,"Innuendo (I Get U)","U","underscores",2026-03-20,208378,66,true,iarecippo,2026-03-23T11:56:56Z,"hyperpop","Mom+Pop Music",0.824,0.54,6,-6.194,0,0.0658,0.0164,0.00984,0.0494,0.743,148.035,4
spotify:track:6rIsZ4WR4aENaUXOcLEfR0,"Lovefield","U","underscores",2026-03-20,232394,66,false,iarecippo,2026-03-23T11:56:56Z,"hyperpop","Mom+Pop Music",0.695,0.402,7,-8.92,0,0.0523,0.504,0.0000168,0.11,0.469,141.968,4
spotify:track:4BBL8YQ1SUhSbcsEguX8kL,"Do It","U","underscores",2026-03-20,213145,69,true,iarecippo,2026-03-23T11:56:56Z,"hyperpop","Mom+Pop Music",0.749,0.669,1,-5.394,1,0.0476,0.0475,0.141,0.146,0.816,124.021,4
spotify:track:0ny6sr26ROicSIpAatlVAP,"Wish U Well","U","underscores",2026-03-20,261263,65,false,iarecippo,2026-03-23T11:56:56Z,"hyperpop","Mom+Pop Music",0.623,0.528,8,-8.848,0,0.0419,0.518,0.000319,0.116,0.647,144.035,4
spotify:track:5085cUgQnejY42effiVUg9,"BODY THE PISTOL","MAN BITES DOG","femtanyl",2026-02-13,158832,57,true,iarecippo,2026-03-25T18:59:26Z,"breakcore,hyperpop,speedcore","entitii records",0.415,0.938,10,-1.628,0,0.157,0.0000981,0.63,0.075,0.796,196.955,4
spotify:track:7niUPJR6dPW4dKr00914R8,"VIDEO NASTY","MAN BITES DOG","femtanyl",2026-02-13,182686,53,true,iarecippo,2026-03-25T18:59:26Z,"breakcore,hyperpop,speedcore","entitii records",0.559,0.987,6,-1.482,1,0.158,0.000102,0.465,0.799,0.71,133.989,4
spotify:track:5ePMGq5FNHeq6Dg2lHEp5g,"SICK OF IT","MAN BITES DOG","femtanyl",2026-02-13,190156,55,true,iarecippo,2026-03-25T18:59:26Z,"breakcore,hyperpop,speedcore","entitii records",0.582,0.973,11,-2.228,0,0.392,0.00349,0.0129,0.284,0.423,134.995,4
spotify:track:1BmrBper5i6UFr5QwNirWB,"HELLTARGET","MAN BITES DOG","femtanyl",2026-02-13,221250,49,true,iarecippo,2026-03-25T18:59:26Z,"breakcore,hyperpop,speedcore","entitii records",0.423,0.95,10,-3.623,0,0.0512,0.0000137,0.728,0.679,0.0703,100.19,4
spotify:track:4mp9wJjMuk78eg3YJih3Lz,"CITY","MAN BITES DOG","femtanyl",2026-02-13,172000,51,true,iarecippo,2026-03-25T18:59:26Z,"breakcore,hyperpop,speedcore","entitii records",0.447,0.998,1,-2.11,1,0.329,0.000144,0.788,0.362,0.325,160.097,4
spotify:track:0kcOfxw6swzBQikaFLd8Ma,"HEAD UP","MAN BITES DOG","femtanyl",2026-02-13,205000,53,true,iarecippo,2026-03-25T18:59:26Z,"breakcore,hyperpop,speedcore","entitii records",0.459,0.995,1,-1.041,0,0.427,0.00065,0.189,0.464,0.35,163.012,4
spotify:track:5ub6X70itNMaShHvYauQXU,"MY HEAD HURTS","MAN BITES DOG","femtanyl",2026-02-13,166437,47,false,iarecippo,2026-03-25T18:59:26Z,"breakcore,hyperpop,speedcore","entitii records",0.602,0.982,7,-2.358,1,0.127,0.000147,0.169,0.326,0.497,139.957,4
spotify:track:5fDeBxYvHwFO6U1DaE55s0,"SHOWS YOU THE WAY TO THE HIWAY","MAN BITES DOG","femtanyl",2026-02-13,162906,54,true,iarecippo,2026-03-25T18:59:26Z,"breakcore,hyperpop,speedcore","entitii records",0.468,0.916,1,-2.988,1,0.0948,0.0000266,0.898,0.666,0.43,173.086,4
spotify:track:3q1YU1tLWr9UwYxfYuQcRH,"MAN BITES DOG","MAN BITES DOG","femtanyl",2026-02-13,228031,50,true,iarecippo,2026-03-25T18:59:26Z,"breakcore,hyperpop,speedcore","entitii records",0.498,0.978,6,-2.481,0,0.189,0.00372,0.283,0.902,0.551,93.001,4
spotify:track:1pWW3mI6kZLuec2A7FbIZ1,"IS THIS IT","MAN BITES DOG","femtanyl",2026-02-13,237345,50,true,iarecippo,2026-03-25T18:59:26Z,"breakcore,hyperpop,speedcore","entitii records",0.441,0.949,6,-2.345,1,0.18,0.000279,0.00361,0.14,0.378,159.979,4
spotify:track:0NJetDEsL416oKkH97CLML,"the red apple","the apple tree under the sea","hemlocke springs",2026-02-13,100912,40,false,iarecippo,2026-03-25T20:50:09Z,"","Good Luck Have Fun Records, LLC",0.425,0.388,8,-8.617,0,0.0298,0.664,0,0.11,0.217,99.184,4
spotify:track:2FcxFHnFfnHveLOuoLAW8l,"the beginning of the end","the apple tree under the sea","hemlocke springs",2026-02-13,171810,46,false,iarecippo,2026-03-25T20:50:09Z,"","Good Luck Have Fun Records, LLC",0.66,0.726,2,-4.152,0,0.0344,0.205,0,0.486,0.656,95.025,4
spotify:track:198pPjsoYn8pvRMw4Lv6ZA,"head, shoulders, knees and ankles","the apple tree under the sea","hemlocke springs",2026-02-13,192780,46,true,iarecippo,2026-03-25T20:50:09Z,"","Good Luck Have Fun Records, LLC",0.62,0.948,6,-4.842,0,0.0918,0.195,0.00000837,0.326,0.509,144.005,4
spotify:track:7ENAU5RHg2yeQ0FOSvlF3C,"w-w-w-w-w","the apple tree under the sea","hemlocke springs",2026-02-13,266906,49,true,iarecippo,2026-03-25T20:50:09Z,"","Good Luck Have Fun Records, LLC",0.682,0.932,1,-5.01,0,0.0429,0.0143,0.000598,0.252,0.463,110.989,4
spotify:track:6s5Z0b1MqLEmIadW7jJEFt,"moses","the apple tree under the sea","hemlocke springs",2026-02-13,225905,44,false,iarecippo,2026-03-25T20:50:09Z,"","Good Luck Have Fun Records, LLC",0.795,0.845,9,-4.394,1,0.0462,0.24,0.000335,0.0894,0.429,121.004,4
spotify:track:0NJB1xuJIOtG8O5HpSSmJv,"sever the blight","the apple tree under the sea","hemlocke springs",2026-02-13,168508,47,false,iarecippo,2026-03-25T20:50:09Z,"","Good Luck Have Fun Records, LLC",0.614,0.741,1,-5.205,0,0.0453,0.0546,0.00578,0.251,0.234,159.974,4
spotify:track:5D6cYqKoxnj74864pXbk4G,"sense is (prelude)","the apple tree under the sea","hemlocke springs",2026-02-13,89305,37,false,iarecippo,2026-03-25T20:50:09Z,"","Good Luck Have Fun Records, LLC",0.682,0.419,9,-15.09,0,0.0328,0.925,0.638,0.0965,0.154,117,4
spotify:track:2bF9VB08EX8soIXDpNQC8c,"sense (is)","the apple tree under the sea","hemlocke springs",2026-02-13,257646,45,false,iarecippo,2026-03-25T20:50:09Z,"","Good Luck Have Fun Records, LLC",0.775,0.928,11,-5.648,0,0.0314,0.249,0.0000103,0.0831,0.815,121.998,4
spotify:track:6mnsRbXEYoJ0qsQrL6GcCB,"set me free","the apple tree under the sea","hemlocke springs",2026-02-13,194710,43,false,iarecippo,2026-03-25T20:50:09Z,"","Good Luck Have Fun Records, LLC",0.685,0.781,2,-6.01,1,0.0642,0.286,0.000107,0.356,0.598,92.044,4
spotify:track:1jHNzk2mWZ8VnGcVewl4Nn,"be the girl!","the apple tree under the sea","hemlocke springs",2026-02-13,333956,48,false,iarecippo,2026-03-25T20:50:09Z,"","Good Luck Have Fun Records, LLC",0.622,0.761,0,-6.459,1,0.0327,0.0116,0.111,0.0837,0.137,120.01,4
spotify:track:6xRB2fycu6goQZWumt5zVv,"Really Real","Sexistential","Robyn",2026-03-27,214148,54,false,iarecippo,2026-03-27T12:19:21Z,"swedish pop","Young",0.676,0.663,10,-6.432,1,0.0357,0.00765,0.0203,0.135,0.375,111.991,4
spotify:track:2kqQoTZ4b5D8lLtMlUrZcC,"Dopamine","Sexistential","Robyn",2026-03-27,214999,60,false,iarecippo,2026-03-27T12:19:21Z,"swedish pop","Young",0.652,0.908,0,-5.263,1,0.0569,0.0115,0.00751,0.194,0.203,114.06,4
spotify:track:1VDfq61UbPycYsPnqSdrSH,"Blow My Mind","Sexistential","Robyn",2026-03-27,177500,52,false,iarecippo,2026-03-27T12:19:21Z,"swedish pop","Young",0.805,0.692,3,-5.792,1,0.0864,0.0156,0.0000349,0.127,0.519,109.972,4
spotify:track:5O8GYy3zDYonQno0UWYc9n,"Sucker For Love","Sexistential","Robyn",2026-03-27,214403,54,false,iarecippo,2026-03-27T12:19:21Z,"swedish pop","Young",0.626,0.93,7,-3.93,1,0.0824,0.00639,0.000105,0.251,0.302,169.959,4
spotify:track:2vf44ukpDRgtF4XNdXnf4u,"It Don't Mean A Thing","Sexistential","Robyn",2026-03-27,186909,49,false,iarecippo,2026-03-27T12:19:21Z,"swedish pop","Young",0.683,0.594,4,-5.463,1,0.0472,0.0412,0,0.289,0.286,115.799,4
spotify:track:2U4Yi7LH63EiAf6094S087,"Talk To Me","Sexistential","Robyn",2026-03-27,199561,57,false,iarecippo,2026-03-27T12:19:21Z,"swedish pop","Young",0.689,0.732,6,-5.559,0,0.0378,0.000792,0.00153,0.265,0.457,115.981,4
spotify:track:2UfXaLBHektuW22kD2HKZF,"Sexistential","Sexistential","Robyn",2026-03-27,140916,49,true,iarecippo,2026-03-27T12:19:21Z,"swedish pop","Young",0.891,0.489,1,-7.688,1,0.142,0.00276,0.0000166,0.283,0.405,127.819,4
spotify:track:0MbXd5ORajlik2wu7g1trU,"Light Up","Sexistential","Robyn",2026-03-27,204051,48,false,iarecippo,2026-03-27T12:19:21Z,"swedish pop","Young",0.725,0.899,6,-4.425,1,0.0403,0.0368,0,0.255,0.558,122.915,4
spotify:track:0rv6JbGN1bJoD2Il4UXZxk,"Into The Sun","Sexistential","Robyn",2026-03-27,218086,51,false,iarecippo,2026-03-27T12:19:21Z,"swedish pop","Young",0.729,0.855,8,-5.737,1,0.0595,0.000724,0.0000765,0.347,0.43,114.926,4
spotify:track:55mvDAlLzfTHRnGJwtt1x2,"Beatback","Ö","Fcukers",2026-03-27,139493,57,false,iarecippo,2026-03-27T21:54:52Z,"","Ninja Tune",0.814,0.594,8,-6.32,1,0.0944,0.0347,0.234,0.104,0.622,117.015,4
spotify:track:1KoTSKG0vs2vbzMvrbpWjp,"L.U.C.K.Y","Ö","Fcukers",2026-03-27,138706,65,false,iarecippo,2026-03-27T21:54:52Z,"","Ninja Tune",0.693,0.932,0,-5.135,1,0.0701,0.000322,0.00104,0.245,0.744,125.002,4
spotify:track:1xwUIrdOR6JSyERaw1TpBT,"Butterflies","Ö","Fcukers",2026-03-27,162466,58,false,iarecippo,2026-03-27T21:54:52Z,"","Ninja Tune",0.797,0.7,11,-5.772,0,0.217,0.06,0.0181,0.0266,0.651,129.976,4
spotify:track:0snzpWpjUj6dxRFrsNQOZs,"if you wanna party, come over to my house","Ö","Fcukers",2026-03-27,171613,68,false,iarecippo,2026-03-27T21:54:52Z,"","Ninja Tune",0.906,0.592,11,-5.716,0,0.22,0.000304,0.0214,0.119,0.814,135.992,4
spotify:track:3UJnqR944GyU71cU8US7wp,"Play Me","Ö","Fcukers",2026-03-27,169411,59,true,iarecippo,2026-03-27T21:54:52Z,"","Ninja Tune",0.704,0.692,10,-5.397,0,0.147,0.0341,0.0044,0.0248,0.752,169.91,4
spotify:track:3ppZF9BZYht47V1uvrpECW,"Shake It Up","Ö","Fcukers",2026-03-27,114920,54,false,iarecippo,2026-03-27T21:54:52Z,"","Ninja Tune",0.829,0.422,4,-8.777,0,0.0576,0.0778,0.0011,0.586,0.454,105.988,4
spotify:track:139izBI0AhdIJRMvCz1VZz,"I Like It Like That","Ö","Fcukers",2026-03-27,173772,63,true,iarecippo,2026-03-27T21:54:52Z,"","Ninja Tune",0.795,0.814,0,-6.419,1,0.0515,0.0186,0.0483,0.314,0.901,136.969,4
spotify:track:6D01SfIPZp86uXNgcO7M5u,"TTYGF","Ö","Fcukers",2026-03-27,150853,49,false,iarecippo,2026-03-27T21:54:52Z,"","Ninja Tune",0.722,0.645,4,-3.932,0,0.0739,0.00983,0.000099,0.3,0.687,139.987,4
spotify:track:2hCM8z2UlTDQV9yXjga8Ox,"Lonely","Ö","Fcukers",2026-03-27,178280,60,false,iarecippo,2026-03-27T21:54:52Z,"","Ninja Tune",0.767,0.725,6,-6.208,0,0.0713,0.00149,0.587,0.0742,0.757,139.995,4
spotify:track:54YvXQzjpfQee9u3YKg8Ls,"Getaway","Ö","Fcukers",2026-03-27,157613,54,false,iarecippo,2026-03-27T21:54:52Z,"","Ninja Tune",0.739,0.888,5,-4.522,0,0.0691,0.0297,0.328,0.115,0.72,139.982,4
spotify:track:3FDChZZUOTKZIZsGPYUnFK,"Feel The Real","Ö","Fcukers",2026-03-27,180645,54,false,iarecippo,2026-03-27T21:54:52Z,"","Ninja Tune",0.569,0.693,7,-6.716,0,0.0329,0.0232,0.51,0.164,0.634,186.086,4
spotify:track:6Xp2Zm2sJLdODReZWBBifO,"DANCE...","WOR$T GIRL IN AMERICA","Slayyyter",2026-03-27,287055,81,true,iarecippo,2026-03-28T17:18:24Z,"hyperpop","Records/Columbia",0.614,0.792,11,-7.336,0,0.0371,0.018,0.0712,0.0789,0.208,112.943,4
spotify:track:0rLtUuQgwIlw6vv2eqHKdt,"BEAT UP CHANEL$","WOR$T GIRL IN AMERICA","Slayyyter",2026-03-27,198937,77,true,iarecippo,2026-03-28T17:18:24Z,"hyperpop","Records/Columbia",0.563,0.813,0,-4.522,1,0.0998,0.0012,0,0.0862,0.398,133.979,4
spotify:track:6jMEUqnoREUTIJyVqJaWth,"CANNIBALISM!","WOR$T GIRL IN AMERICA","Slayyyter",2026-03-27,167156,70,false,iarecippo,2026-03-28T17:18:24Z,"hyperpop","Records/Columbia",0.565,0.836,3,-5.146,0,0.0804,0.000115,0.00378,0.16,0.851,145.97,4
spotify:track:4m9DCecxzytC3ikqqVvtbd,"OLD TECHNOLOGY","WOR$T GIRL IN AMERICA","Slayyyter",2026-03-27,159198,71,true,iarecippo,2026-03-28T17:18:24Z,"hyperpop","Records/Columbia",0.725,0.839,2,-5.406,1,0.119,0.0254,0.000674,0.0433,0.595,125.005,4
spotify:track:6eqQLOOiqBnrwKQEzXoHll,"CRANK","WOR$T GIRL IN AMERICA","Slayyyter",2026-03-27,175743,76,true,iarecippo,2026-03-28T17:18:24Z,"hyperpop","Records/Columbia",0.651,0.833,8,-7.012,0,0.0677,0.000269,0.0114,0.106,0.64,140.021,4
spotify:track:2CEMCQbU2zy5bVKTcrMDzN,"GAS STATION","WOR$T GIRL IN AMERICA","Slayyyter",2026-03-27,218802,69,false,iarecippo,2026-03-28T17:18:24Z,"hyperpop","Records/Columbia",0.554,0.695,5,-6.582,0,0.0482,0.000237,0.000122,0.369,0.266,120.036,4
spotify:track:4P1zfoLVuBfKHGShgXUjQy,"YES GODDD","WOR$T GIRL IN AMERICA","Slayyyter",2026-03-27,159691,70,true,iarecippo,2026-03-28T17:18:24Z,"hyperpop","Records/Columbia",0.417,0.882,10,-4.398,1,0.304,0.00399,0.0102,0.102,0.609,106.395,4
spotify:track:5GgxJ8afPLKHg4MHIxP0av,"UNKNOWN LOVERZ","WOR$T GIRL IN AMERICA","Slayyyter",2026-03-27,199323,67,true,iarecippo,2026-03-28T17:18:24Z,"hyperpop","Records/Columbia",0.571,0.803,11,-5.095,0,0.0356,0.00259,0.0168,0.485,0.472,131.968,4
spotify:track:6xcmJL4UfGrf7ExrPHS88G,"OLD FLING$","WOR$T GIRL IN AMERICA","Slayyyter",2026-03-27,217206,68,false,iarecippo,2026-03-28T17:18:24Z,"hyperpop","Records/Columbia",0.465,0.924,0,-3.058,1,0.0601,0.00317,0,0.112,0.55,118.984,4
spotify:track:0FnvAn6pU9CjIUaBH82tCO,"I'M ACTUALLY KINDA FAMOUS","WOR$T GIRL IN AMERICA","Slayyyter",2026-03-27,156344,67,true,iarecippo,2026-03-28T17:18:24Z,"hyperpop","Records/Columbia",0.598,0.949,5,-5.39,1,0.0886,0.00503,0.0423,0.142,0.645,118.005,4
spotify:track:5rAVQ6tq13wub1EHAWRX9t,"$T. LOSER","WOR$T GIRL IN AMERICA","Slayyyter",2026-03-27,215495,68,true,iarecippo,2026-03-28T17:18:24Z,"hyperpop","Records/Columbia",0.715,0.916,2,-1.791,1,0.0573,0.00236,0.000589,0.336,0.275,122.952,4
spotify:track:14udREwCZTL0PQ6Rgp7Alq,"WHAT IS IT LIKE, TO BE LIKED?","WOR$T GIRL IN AMERICA","Slayyyter",2026-03-27,138355,65,true,iarecippo,2026-03-28T17:18:24Z,"hyperpop","Records/Columbia",0.714,0.799,10,-4.219,1,0.031,0.00109,0.00011,0.559,0.497,115.984,4
spotify:track:6uFebmbfFydAvi0eKYVuvy,"*PRAYER*","WOR$T GIRL IN AMERICA","Slayyyter",2026-03-27,37147,60,false,iarecippo,2026-03-28T17:18:24Z,"hyperpop","Records/Columbia",0.174,0.302,0,-13.214,1,0.0331,0.678,0.00809,0.642,0.283,124.034,3
spotify:track:4oUrl0RyDqr1DvNDvPNdRL,"BRITTANY MURPHY.","WOR$T GIRL IN AMERICA","Slayyyter",2026-03-27,224319,67,true,iarecippo,2026-03-28T17:18:24Z,"hyperpop","Records/Columbia",0.654,0.871,1,-5.7,0,0.0334,0.00141,0.000235,0.0793,0.475,121.028,4
spotify:track:4OMRT2wSbKKZHRQjuJmV0q,"materiaL hor$e","v.i.p. - very important pony","horsegiirL",2025-01-24,94000,44,false,iarecippo,2026-04-13T14:24:53Z,"hyperpop","Three Six Zero Recordings",0.699,0.767,1,-5.614,1,0.078,0.217,0.078,0.086,0.886,163.025,4
spotify:track:53HDHoMK6OLk1vDWvyREJM,"take it offff","v.i.p. - very important pony","horsegiirL",2025-01-24,130666,28,false,iarecippo,2026-04-13T14:24:53Z,"hyperpop","Three Six Zero Recordings",0.754,0.859,0,-4.254,1,0.164,0.00555,0.0766,0.153,0.499,134.959,4
spotify:track:2vkkkaDiOamN4sNcCgsTE1,"giirL math","v.i.p. - very important pony","horsegiirL;Namasenda",2025-01-24,149830,42,false,iarecippo,2026-04-13T14:24:53Z,"hyperpop","Three Six Zero Recordings",0.632,0.747,5,-6.068,0,0.0364,0.0183,0.0561,0.147,0.79,154.926,3
spotify:track:1sTxPyT4QRmoBuUXk4Nt5S,"eat, sleep, slay, 🔁","v.i.p. - very important pony","horsegiirL",2025-01-24,149666,28,true,iarecippo,2026-04-13T14:24:53Z,"hyperpop","Three Six Zero Recordings",0.602,0.863,2,-4.474,1,0.0852,0.00336,0.11,0.278,0.431,180.005,4
spotify:track:18sMQCWbFai1S6IsSUAqoB,"bby luv x3 (feat. dj g2g)","v.i.p. - very important pony","horsegiirL;dj g2g",2025-01-24,197553,34,false,iarecippo,2026-04-13T14:24:53Z,"hyperpop,neoperreo","Three Six Zero Recordings",0.54,0.861,11,-6.079,1,0.0852,0.132,0.0000157,0.0517,0.543,160.052,4
spotify:track:0yHB5eEVelMgq6sKR9zR57,"scene before the kiss xoxo","v.i.p. - very important pony","horsegiirL",2025-01-24,113718,34,false,iarecippo,2026-04-13T14:24:53Z,"hyperpop","Three Six Zero Recordings",0.473,0.899,11,-5.829,0,0.0925,0.0387,0.0599,0.06,0.56,160.123,4
spotify:track:0C3G3I5dDpqDNYGHphJNG6,"intro & consum","<10><","Petalbyte",2026-03-20,150508,25,false,iarecippo,2026-04-21T14:00:48Z,"hyperpop","split:heaven",0.329,0.793,7,-8.561,1,0.127,0.000846,0.15,0.445,0.147,168.797,4
spotify:track:3AZKLxYrbw4WHrSwnDUXxy,"girl just quit music already","<10><","Petalbyte",2026-03-20,162500,34,false,iarecippo,2026-04-21T14:00:48Z,"hyperpop","split:heaven",0.501,0.824,0,-8.437,0,0.388,0.00164,0,0.231,0.639,156.102,4
spotify:track:5H5CIRaq5b5oYyN2hnHTgK,"3: swim by my side","<10><","Petalbyte",2026-03-20,62960,25,false,iarecippo,2026-04-21T14:00:48Z,"hyperpop","split:heaven",0.329,0.406,1,-14.571,1,0.0339,0.306,0.829,0.089,0.233,159.772,3
spotify:track:5EsQWZsLeha86HvkTfR8f7,"this song found you - album ver.","<10><","Petalbyte;Byozon",2026-03-20,222287,33,false,iarecippo,2026-04-21T14:00:48Z,"hyperpop","split:heaven",0.613,0.658,1,-9.119,1,0.171,0.037,0.0586,0.0372,0.438,128.016,4
spotify:track:3CF7m0NyyeH7B0HCmzn259,"house","<10><","Petalbyte",2026-03-20,246397,27,false,iarecippo,2026-04-21T14:00:48Z,"hyperpop","split:heaven",0.624,0.729,0,-8.985,1,0.0373,0.000299,0.000165,0.457,0.665,127.011,4
spotify:track:290CjCOsK9G7xFT3lxW3qG,"your discord kitten","<10><","Petalbyte",2026-03-20,260074,25,false,iarecippo,2026-04-21T14:00:48Z,"hyperpop","split:heaven",0.342,0.752,7,-12.224,1,0.0349,0.0000131,0.929,0.0719,0.58,169.932,4
spotify:track:49enfd7k9tgL7cJOCHjBVV,"starry heart","<10><","Petalbyte",2026-03-20,235422,26,false,iarecippo,2026-04-21T14:00:48Z,"hyperpop","split:heaven",0.584,0.857,0,-9.331,1,0.0855,0.00163,0.00419,0.354,0.26,115.951,4
spotify:track:3Bx1JScjOjsv9sMNW0C0Ye,"he doesn't call me pretty anymore","<10><","Petalbyte",2026-03-20,337566,25,false,iarecippo,2026-04-21T14:00:48Z,"hyperpop","split:heaven",0.214,0.65,11,-9.087,1,0.0338,0.00057,0.0101,0.536,0.0689,96.912,4
spotify:track:1qmFtt46LFWCSnRDdXlDG6,"3x3: lead/lose","<10><","Petalbyte",2026-03-20,107257,22,false,iarecippo,2026-04-21T14:00:48Z,"hyperpop","split:heaven",0.24,0.363,11,-10.703,1,0.0345,0.0767,0.0146,0.16,0.0732,141.665,3
spotify:track:1XpMPaG97gZbqPSFOkVfy6,"close enough","<10><","Petalbyte",2026-03-20,228499,27,false,iarecippo,2026-04-21T14:00:48Z,"hyperpop","split:heaven",0.547,0.635,0,-8.947,1,0.283,0.00455,0.00000118,0.362,0.515,141.942,4
spotify:track:40p1AU9WjnKzgUTQu3FBEN,"EVERYTHING I'VE EVER WANTED","HALO","Tiffany Day",2026-04-03,135111,68,true,iarecippo,2026-04-30T17:41:55Z,"hyperpop","broke",0.579,0.34,0,-8.813,1,0.0362,0.893,0,0.145,0.392,134.933,4
spotify:track:0FyhBw60Tk0UyVqJEJqn9N,"DOIT4ME","HALO","Tiffany Day",2026-04-03,181333,65,true,iarecippo,2026-04-30T17:41:55Z,"hyperpop","broke",0.541,0.95,11,-5.066,0,0.0634,0.003,0.0261,0.266,0.429,134.988,4
spotify:track:5PYrRnaRsCOOE0c65L4y2M,"SAME LA","HALO","Tiffany Day",2026-04-03,224661,66,true,iarecippo,2026-04-30T17:41:55Z,"hyperpop","broke",0.613,0.776,5,-4.173,0,0.042,0.00903,0.121,0.0769,0.578,132.973,4
spotify:track:3vt2JsfvpAvlxfIcFO7lZe,"PRETTY4U","HALO","Tiffany Day",2026-04-03,145352,68,true,iarecippo,2026-04-30T17:41:55Z,"hyperpop","broke",0.62,0.912,10,-6.205,1,0.0612,0.002,0.0978,0.0782,0.967,142.029,4
spotify:track:57aMyrC1ts3HlTSwBk2BIZ,"COPYCAT","HALO","Tiffany Day",2026-04-03,135703,61,true,iarecippo,2026-04-30T17:41:55Z,"hyperpop","broke",0.659,0.982,2,-3.328,1,0.0432,0.000465,0.0032,0.287,0.893,127.993,4
spotify:track:7xSm07mkWui2K3XkwUTgFi,"NO LUCK","HALO","Tiffany Day",2026-04-03,188936,67,false,iarecippo,2026-04-30T17:41:55Z,"hyperpop","broke",0.525,0.786,0,-4.291,1,0.0739,0.0384,0.000023,0.227,0.741,188.017,4
spotify:track:3SqnwMW6Xcldf9KYgL8UOD,"BREAKUP","HALO","Tiffany Day",2026-04-03,160645,62,true,iarecippo,2026-04-30T17:41:55Z,"hyperpop","broke",0.654,0.775,1,-5.768,1,0.0403,0.00234,0,0.14,0.549,123.998,4
spotify:track:3EEUi4q95LmCjJfRzP1epo,"TELL ME WHAT I DID","HALO","Tiffany Day",2026-04-03,153800,63,true,iarecippo,2026-04-30T17:41:55Z,"hyperpop","broke",0.539,0.84,6,-2.352,1,0.125,0.0366,0.0000161,0.144,0.591,150.044,4
spotify:track:6dnMPOx96NSEAQqcDSdngO,"START OVER","HALO","Tiffany Day",2026-04-03,170381,63,true,iarecippo,2026-04-30T17:41:55Z,"hyperpop","broke",0.634,0.82,8,-3.308,1,0.137,0.00177,0,0.0925,0.416,131.04,4
spotify:track:2wuDmnNqQeFKBHg7H4rY9f,"LOOK UP","HALO","Tiffany Day",2026-04-03,137142,61,true,iarecippo,2026-04-30T17:41:55Z,"hyperpop","broke",0.59,0.825,3,-4.174,0,0.042,0.000617,0.00196,0.152,0.602,139.915,4
spotify:track:4mJtdc1xi7VN8Tn7c2aKvI,"AMERICAN GIRL","HALO","Tiffany Day",2026-04-03,176363,69,true,iarecippo,2026-04-30T17:41:55Z,"hyperpop","broke",0.581,0.748,3,-5.211,1,0.0861,0.0233,0.000181,0.0796,0.604,132.077,4
spotify:track:3B9x2Xi0YSAWIDnPVm5RIL,"FAREWELL TOLEDO","HALO","Tiffany Day",2026-04-03,150769,56,true,iarecippo,2026-04-30T17:41:55Z,"hyperpop","broke",0.469,0.739,1,-5.226,1,0.0392,0.00934,0.0992,0.0938,0.622,156.031,4
spotify:track:5FzY8uPr7G9U3cKq37DOd1,"IT'S NOT LIKE THAT ANYMORE","HALO","Tiffany Day",2026-04-03,227272,58,true,iarecippo,2026-04-30T17:41:55Z,"hyperpop","broke",0.376,0.439,1,-7.089,0,0.0324,0.16,0.0000342,0.126,0.107,132.028,4
spotify:track:5y9ycx6snxRC6X7fiQYpxx,"WATCHING ME LEAVE","GLORY","Teen Jesus and the Jean Teasers",2025-11-07,149751,28,false,iarecippo,2026-05-13T14:28:59Z,"","Mom+Pop Music",0.441,0.872,4,-4.995,0,0.0509,0.000251,0.00934,0.584,0.441,149.966,4
spotify:track:50oqd932CmStX9MVXAynW1,"BALCONY","GLORY","Teen Jesus and the Jean Teasers",2025-11-07,205239,38,false,iarecippo,2026-05-13T14:28:59Z,"","Mom+Pop Music",0.481,0.81,5,-6.369,1,0.0447,0.00285,0.843,0.472,0.522,79.97,4
spotify:track:7I1TzaUs7eiaFvqRwDTdNZ,"TURN AROUND","GLORY","Teen Jesus and the Jean Teasers",2025-11-07,131702,20,false,iarecippo,2026-05-13T14:28:59Z,"","Mom+Pop Music",0.653,0.58,6,-5.98,0,0.0263,0.0085,0.0000743,0.088,0.473,127.048,4
spotify:track:0rUlCtebzTLSqfcJ64Bqqx,"TALKING","GLORY","Teen Jesus and the Jean Teasers",2025-11-07,164918,21,false,iarecippo,2026-05-13T14:28:59Z,"","Mom+Pop Music",0.562,0.697,8,-6.246,1,0.0282,0.0259,0.0303,0.272,0.623,117.906,4
spotify:track:3D8NYZhTh44fTvZ4cW9Z2w,"DAYLIGHT","GLORY","Teen Jesus and the Jean Teasers",2025-11-07,211802,32,true,iarecippo,2026-05-13T14:28:59Z,"","Mom+Pop Music",0.474,0.742,9,-4.886,1,0.0347,0.00271,0,0.521,0.265,131.777,4
spotify:track:4QQ6ab6P5L6LzamBUOWOOc,"MINE","GLORY","Teen Jesus and the Jean Teasers",2025-11-07,130741,21,false,iarecippo,2026-05-13T14:28:59Z,"","Mom+Pop Music",0.439,0.875,0,-5.638,1,0.0341,0.00228,0.0417,0.156,0.39,157.064,4
spotify:track:3fk4P5tWyE2AEB5iBqu3P2,"MOTHER","GLORY","Teen Jesus and the Jean Teasers",2025-11-07,245267,32,false,iarecippo,2026-05-13T14:28:59Z,"","Mom+Pop Music",0.375,0.55,4,-7.486,0,0.0352,0.00251,0.00131,0.152,0.167,150.392,4
spotify:track:2qXgYU4ZoKuo1rL9RG6XMV,"BAIT","GLORY","Teen Jesus and the Jean Teasers",2025-11-07,132847,24,false,iarecippo,2026-05-13T14:28:59Z,"","Mom+Pop Music",0.549,0.673,6,-6.382,0,0.0393,0.000312,0.000758,0.131,0.45,137.221,4
spotify:track:1DBcEIRJitWOgYnYeVKVl6,"UNSCARRED","GLORY","Teen Jesus and the Jean Teasers",2025-11-07,181559,23,false,iarecippo,2026-05-13T14:28:59Z,"","Mom+Pop Music",0.583,0.702,11,-5.844,0,0.0351,0.14,0.0000319,0.434,0.579,117.056,4
spotify:track:5TJslTo6K8KeO0Eip9vaYj,"WONDERFUL","GLORY","Teen Jesus and the Jean Teasers",2025-11-07,202702,28,false,iarecippo,2026-05-13T14:28:59Z,"","Mom+Pop Music",0.493,0.686,7,-6.35,1,0.0352,0.00188,0.169,0.203,0.375,124.092,4
spotify:track:7iVdVEANzcCXpYpLRzsd6w,"Casos de Colômbia","Julieta","Julieta Social",2026-01-30,166749,37,false,iarecippo,2026-05-14T15:31:59Z,"","SELOKI RECORDS",0.519,0.974,1,-5.212,0,0.0574,0.0242,0.249,0.606,0.744,79.008,4
spotify:track:0YzxqeDtZGIiM2kH4itGfK,"Nuvem Nua","Julieta","Julieta Social",2026-01-30,168536,30,false,iarecippo,2026-05-14T15:31:59Z,"","SELOKI RECORDS",0.448,0.73,4,-4.873,0,0.032,0.061,0.138,0.159,0.565,169.249,4
spotify:track:3LdQi6gngC2vq6mIxbArlF,"Dorme Pra Ver Se Me Esquece","Julieta","Julieta Social",2026-01-30,189589,26,false,iarecippo,2026-05-14T15:31:59Z,"","SELOKI RECORDS",0.363,0.711,5,-4.938,1,0.0397,0.266,0.812,0.122,0.424,126.474,4
spotify:track:1RRTYtLr4ViZLQ8Pfv5fxj,"Quem Nunca Quis Demais","Julieta","Julieta Social",2026-01-30,266790,23,false,iarecippo,2026-05-14T15:31:59Z,"","SELOKI RECORDS",0.494,0.8,11,-7.315,0,0.0341,0.316,0.904,0.114,0.332,102.854,4
spotify:track:15sd2zNcO4RvW4q3Oov13I,"Um Tempo Pra Pensar","Julieta","Julieta Social",2026-01-30,252250,24,false,iarecippo,2026-05-14T15:31:59Z,"","SELOKI RECORDS",0.273,0.713,7,-7.608,0,0.0381,0.212,0.401,0.0899,0.649,61.509,4
spotify:track:1C6o5ypsjD6TUPlTPqFbT0,"Cê La Vie","Julieta","Julieta Social",2026-01-30,203951,24,false,iarecippo,2026-05-14T15:31:59Z,"","SELOKI RECORDS",0.361,0.636,5,-10.321,0,0.0492,0.851,0.687,0.325,0.841,115.668,4
spotify:track:5hkV964MWW7EaXb6i0CRrl,"Como Te Dizer","Julieta","Julieta Social",2026-01-30,217500,22,false,iarecippo,2026-05-14T15:31:59Z,"","SELOKI RECORDS",0.545,0.805,0,-5.314,0,0.0494,0.46,0.00459,0.0818,0.903,114.114,4
spotify:track:4ASzbCFvoySktBWWMlWH3U,"Rubbish Shuffle (Por Favor Não Me Abandone Mais)","Julieta","Julieta Social",2026-01-30,154250,21,false,iarecippo,2026-05-14T15:31:59Z,"","SELOKI RECORDS",0.524,0.878,0,-5.733,0,0.0455,0.119,0,0.249,0.913,133.121,4
spotify:track:1R6fRGobfQZGBdsd5Cxpdm,"Fome","Julieta","Julieta Social",2026-01-30,259250,22,false,iarecippo,2026-05-14T15:31:59Z,"","SELOKI RECORDS",0.445,0.78,11,-7.388,0,0.0369,0.171,0.749,0.185,0.595,93.497,4
spotify:track:4vZ0shfD3WbpK9XvcKvI4l,"Astronauta","Julieta","Julieta Social",2026-01-30,191981,20,false,iarecippo,2026-05-14T15:31:59Z,"","SELOKI RECORDS",0.651,0.882,0,-5.932,1,0.0311,0.229,0.799,0.16,0.735,112.047,4
spotify:track:64zMwkRG2HLT1bUyqBbib9,"Poodle Marciano","Julieta","Julieta Social",2026-01-30,262929,16,false,iarecippo,2026-05-14T15:31:59Z,"","SELOKI RECORDS",0.41,0.951,9,-6.282,1,0.142,0.121,0.817,0.316,0.34,132.067,4
spotify:track:1R8JylLovUs7WRLiFPq2G5,"That's a No No","Sugar Girl","Little Simz",2026-05-08,205704,44,true,iarecippo,2026-05-18T12:51:46Z,"","Little Simz",0.497,0.531,10,-10.243,1,0.233,0.04,0.00000272,0.068,0.335,140.04,4
spotify:track:7EI4Scb5kZkSeympsOtP9h,"Game On (ft. JT)","Sugar Girl","Little Simz;JT",2026-05-08,149776,49,true,iarecippo,2026-05-18T12:51:46Z,"","Little Simz",0.763,0.695,7,-8.672,1,0.223,0.0471,0,0.192,0.412,124.926,4
spotify:track:6Fx3eTpIXTYZaQkzoLBhTQ,"Open Arms (ft. DEELA)","Sugar Girl","Little Simz;DEELA",2026-05-08,211962,48,false,iarecippo,2026-05-18T12:51:46Z,"alté","Little Simz",0.757,0.821,2,-6.659,1,0.139,0.195,0.36,0.197,0.372,150.061,4
spotify:track:79anhf2dyUxmZaa2IBCqD8,"Telephone (ft. 070 Shake)","Sugar Girl","Little Simz;070 Shake",2026-05-08,207310,44,true,iarecippo,2026-05-18T12:51:46Z,"","Little Simz",0.55,0.526,8,-7.359,0,0.0461,0.289,0.125,0.357,0.254,145.005,4
spotify:track:64CEwMPmwe1C8u1H2jNEqT,"Fill In The Blank","Teen of Denial: Joe’s Story","Car Seat Headrest",2026-05-20,250080,38,false,iarecippo,2026-05-22T15:22:43Z,"midwest emo,indie rock","Matador",0.428,0.813,9,-7.243,1,0.055,0.00296,0.00000392,0.0831,0.525,162.792,4
spotify:track:3v23B0XRsLO6UjwO0qbbpf,"Vincent","Teen of Denial: Joe’s Story","Car Seat Headrest",2026-05-20,464160,34,false,iarecippo,2026-05-22T15:22:43Z,"midwest emo,indie rock","Matador",0.444,0.751,9,-7.898,1,0.0607,0.0146,0.364,0.108,0.0391,148.404,4
spotify:track:2mqigWh5DAacc2T0jIqtHF,"Destroyed By Hippie Powers","Teen of Denial: Joe’s Story","Car Seat Headrest",2026-05-20,304466,35,false,iarecippo,2026-05-22T15:22:43Z,"midwest emo,indie rock","Matador",0.596,0.635,1,-6.521,0,0.0325,0.00633,0.00614,0.178,0.4,104.885,4
spotify:track:2UQLRsPDxYerk4ifXJhc8I,"(Joe Gets Kicked Out of School for Using) Drugs With Friends (But Says This Isn't a Problem)","Teen of Denial: Joe’s Story","Car Seat Headrest",2026-05-20,336893,34,false,iarecippo,2026-05-22T15:22:43Z,"midwest emo,indie rock","Matador",0.508,0.471,2,-7.489,1,0.0279,0.458,0.00901,0.0716,0.38,106.973,4
spotify:track:124sD1JWql6msDWi4wzrJE,"Optimistic Son","Teen of Denial: Joe’s Story","Car Seat Headrest",2026-05-20,219213,38,false,iarecippo,2026-05-22T15:22:43Z,"midwest emo,indie rock","Matador",0.48,0.935,9,-4.919,1,0.0517,0.000132,0.0784,0.0892,0.823,163.064,4
spotify:track:1gLVthAJmUBllLlFy7gBf2,"Drunk Drivers/Killer Whales","Teen of Denial: Joe’s Story","Car Seat Headrest",2026-05-20,370586,36,false,iarecippo,2026-05-22T15:22:43Z,"midwest emo,indie rock","Matador",0.576,0.463,2,-8.052,1,0.0444,0.00569,0.0471,0.13,0.379,117.011,4
spotify:track:3d4j4FZalhDCihHcwoP7Zc,"1937 State Park","Teen of Denial: Joe’s Story","Car Seat Headrest",2026-05-20,242306,33,false,iarecippo,2026-05-22T15:22:43Z,"midwest emo,indie rock","Matador",0.542,0.672,8,-7.14,1,0.0379,0.000222,0,0.109,0.523,110.923,4
spotify:track:6ePnlprG50uQkYp5GTzVdY,"Joe Drives Again","Teen of Denial: Joe’s Story","Car Seat Headrest",2026-05-20,246440,40,false,iarecippo,2026-05-22T15:22:43Z,"midwest emo,indie rock","Matador",0.698,0.76,0,-6.607,1,0.0413,0.064,0.00105,0.0461,0.898,143.973,4
spotify:track:3XJnz1AYpvsSSK2sVSTk3n,"Cosmic Hero","Teen of Denial: Joe’s Story","Car Seat Headrest",2026-05-20,509386,32,false,iarecippo,2026-05-22T15:22:43Z,"midwest emo,indie rock","Matador",0.664,0.437,0,-9.059,1,0.0345,0.058,0.214,0.127,0.349,117.008,4
spotify:track:4jsASsYHAnNsMwxJNcP4Fb,"The Ravenous House","Teen of Denial: Joe’s Story","Car Seat Headrest",2026-05-20,691893,37,false,iarecippo,2026-05-22T15:22:43Z,"midwest emo,indie rock","Matador",0.298,0.657,0,-7.719,1,0.0531,0.00192,0.307,0.0883,0.212,161.159,4
spotify:track:1rsA9is5a8Gi9CMBKMPyRA,"Connect the Dots (Song of Secretariat)","Teen of Denial: Joe’s Story","Car Seat Headrest",2026-05-20,361733,30,false,iarecippo,2026-05-22T15:22:43Z,"midwest emo,indie rock","Matador",0.322,0.818,9,-7.239,1,0.0995,0.00365,0.000382,0.247,0.236,166.303,4
spotify:track:6xWdI4AVzPij7Af9eaDwBu,"Joe Goes to School","Teen of Denial: Joe’s Story","Car Seat Headrest",2026-05-20,79026,28,false,iarecippo,2026-05-22T15:22:43Z,"midwest emo,indie rock","Matador",0.583,0.102,7,-20.587,1,0.0497,0.843,0.00151,0.0807,0.351,73.844,4
spotify:track:6leu1Ihdo9RvinWeivSchA,"Position Famous","SISTER","Frost Children",2025-09-12,204501,48,true,iarecippo,2026-05-25T21:44:56Z,"hyperpop,electroclash","True Panther Records",0.664,0.826,2,-5.194,1,0.0456,0.224,0,0.213,0.203,134.118,4
spotify:track:43tkPQscsEOhXxf3rECI5X,"Falling","SISTER","Frost Children",2025-09-12,227272,60,false,iarecippo,2026-05-25T21:44:56Z,"hyperpop,electroclash","True Panther Records",0.396,0.699,0,-5.166,1,0.0458,0.00737,0.0000327,0.103,0.166,134.144,4
spotify:track:3O2VWQ06QUg6CDV5vF8kAz,"ELECTRIC","SISTER","Frost Children",2025-09-12,133098,53,false,iarecippo,2026-05-25T21:44:56Z,"hyperpop,electroclash","True Panther Records",0.567,0.825,6,-4.471,1,0.102,0.00691,0.024,0.256,0.439,132.061,4
spotify:track:1gfgqrlGzSWP60eivYn702,"CONTROL","SISTER","Frost Children",2025-09-12,155000,48,false,iarecippo,2026-05-25T21:44:56Z,"hyperpop,electroclash","True Panther Records",0.653,0.818,6,-5.151,0,0.283,0.282,0.00000364,0.147,0.694,134.082,4
spotify:track:3L6n4ZbB7tf3DFKP38G1s8,"Bound2U","SISTER","Frost Children",2025-09-12,176612,51,false,iarecippo,2026-05-25T21:44:56Z,"hyperpop,electroclash","True Panther Records",0.545,0.717,5,-4.744,0,0.0644,0.00491,0.0015,0.119,0.443,126.092,4
spotify:track:1PmGwLBvZfWXsphxD3yfIs,"WHAT IS FOREVER FOR","SISTER","Frost Children",2025-09-12,184067,54,false,iarecippo,2026-05-25T21:44:56Z,"hyperpop,electroclash","True Panther Records",0.48,0.797,7,-4.859,1,0.101,0.000579,0.0000604,0.082,0.198,120.103,4
spotify:track:6QPz4JBJhhJ4Ct9uCwLSCn,"Sister","SISTER","Frost Children",2025-09-12,207436,44,true,iarecippo,2026-05-25T21:44:56Z,"hyperpop,electroclash","True Panther Records",0.59,0.627,7,-4.953,1,0.0443,0.245,0.0236,0.1,0.232,140.024,4
spotify:track:2rR0yrrns8d1DatDfpPYJJ,"Dirty girl","SISTER","Frost Children",2025-09-12,190353,45,false,iarecippo,2026-05-25T21:44:56Z,"hyperpop,electroclash","True Panther Records",0.571,0.816,2,-4.978,1,0.297,0.000176,0.0142,0.121,0.619,115.082,4
spotify:track:648EfIeWCsM2ssgEAB3s4k,"RADIO (feat. Kim Petras)","SISTER","Frost Children;Kim Petras",2025-09-12,190222,57,true,iarecippo,2026-05-25T21:44:56Z,"hyperpop,electroclash","True Panther Records",0.605,0.915,0,-4.138,1,0.27,0.0259,0.0000109,0.42,0.501,136.98,4
spotify:track:4YccU60IxsxtJhUUxbuCIg,"Don’t make me cry","SISTER","Frost Children",2025-09-12,219025,48,false,iarecippo,2026-05-25T21:44:56Z,"hyperpop,electroclash","True Panther Records",0.523,0.875,0,-3.817,1,0.133,0.0651,0,0.176,0.391,134.992,4
spotify:track:0HOfVAlf7uAMj06JEdSBDD,"Ralph Lauren (feat. Babymorocco)","SISTER","Frost Children;Babymorocco",2025-09-12,158377,47,true,iarecippo,2026-05-25T21:44:56Z,"hyperpop,electroclash","True Panther Records",0.765,0.822,9,-3.068,1,0.299,0.00432,0.00165,0.0691,0.568,132.108,4
spotify:track:51vNSpNP76OEzvwVB7kIKT,"Blue Eyes","SISTER","Frost Children",2025-09-12,208854,51,false,iarecippo,2026-05-25T21:44:56Z,"hyperpop,electroclash","True Panther Records",0.571,0.843,6,-3.867,1,0.147,0.00599,0.0000344,0.493,0.527,132.988,4
spotify:track:3b0kFK6kFBe6kR1QcYOBo9,"4ME","SISTER","Frost Children",2025-09-12,138137,38,false,iarecippo,2026-05-25T21:44:56Z,"hyperpop,electroclash","True Panther Records",0.367,0.501,5,-5.695,1,0.0337,0.264,0,0.338,0.0804,73.586,4
spotify:track:1sNnP9KB0arn9stoXGEx2A,"2 LØVE","SISTER","Frost Children",2025-09-12,337846,43,false,iarecippo,2026-05-25T21:44:56Z,"hyperpop,electroclash","True Panther Records",0.443,0.8,7,-2.269,1,0.0411,0.195,0,0.132,0.184,132.016,4
spotify:track:04MdtyZlxv1DxH5f8nuyuP,"PIRATE RADIO","REDSTAR WU & THE WORLDWIDE SCOURGE","Genesis Owusu",2026-05-15,174799,51,true,iarecippo,2026-06-05T22:11:18Z,"","OURNESS PTY LTD",0.887,0.524,1,-8.361,1,0.0933,0.166,0.0000156,0.279,0.227,120.008,4
spotify:track:42kLuGRNGRl1bHqfCf6qpA,"STAMPEDE","REDSTAR WU & THE WORLDWIDE SCOURGE","Genesis Owusu",2026-05-15,189200,61,true,iarecippo,2026-06-05T22:11:18Z,"","OURNESS PTY LTD",0.647,0.9,9,-4.439,1,0.131,0.0287,0.000281,0.242,0.68,184.956,4
spotify:track:7qfEJfgJix3fjOR2b36T1q,"HELLSTAR","REDSTAR WU & THE WORLDWIDE SCOURGE","Genesis Owusu;Duckwrth",2026-05-15,232353,51,false,iarecippo,2026-06-05T22:11:18Z,"","OURNESS PTY LTD",0.701,0.446,5,-9.025,1,0.0938,0.531,0.00107,0.153,0.617,73.022,4
spotify:track:3kGAbm2ZDFUdwqEpaHf4l3,"FALLING BOTH WAYS","REDSTAR WU & THE WORLDWIDE SCOURGE","Genesis Owusu;Ladyhawke",2026-05-15,193721,51,false,iarecippo,2026-06-05T22:11:18Z,"","OURNESS PTY LTD",0.781,0.677,0,-7.951,1,0.0384,0.0749,0.72,0.137,0.97,143.966,4
spotify:track:4O3VGFZ9H4NWYNlFDEc6PP,"THE WORLDWIDE SCOURGE","REDSTAR WU & THE WORLDWIDE SCOURGE","Genesis Owusu",2026-05-15,290088,47,true,iarecippo,2026-06-05T22:11:18Z,"","OURNESS PTY LTD",0.437,0.787,1,-6.672,0,0.305,0.641,0,0.492,0.286,78.184,4
spotify:track:0ChxrXuusd1UfMJRleuWdl,"BLESSED ARE THE MEEK","REDSTAR WU & THE WORLDWIDE SCOURGE","Genesis Owusu",2026-05-15,230722,44,false,iarecippo,2026-06-05T22:11:18Z,"","OURNESS PTY LTD",0.589,0.573,2,-8.034,0,0.171,0.65,0.152,0.0978,0.824,83.492,4
spotify:track:4ep8mJAaommVNyQ7q0dDpa,"LIFE KEEPS GOING","REDSTAR WU & THE WORLDWIDE SCOURGE","Genesis Owusu",2026-05-15,219204,54,true,iarecippo,2026-06-05T22:11:18Z,"","OURNESS PTY LTD",0.683,0.645,5,-5.607,0,0.0871,0.307,0.00349,0.0732,0.361,175.965,4
spotify:track:1ZFViiRzWZa2iWImM9HN7a,"MOST NORMAL AMERICAN VOTER:","REDSTAR WU & THE WORLDWIDE SCOURGE","Genesis Owusu",2026-05-15,156545,46,false,iarecippo,2026-06-05T22:11:18Z,"","OURNESS PTY LTD",0.596,0.818,10,-5.555,0,0.0407,0.00308,0.0758,0.35,0.862,165.164,4
spotify:track:7rmzoZ11jeh2iPs01BMPs0,"DEATH CULT ZOMBIE","REDSTAR WU & THE WORLDWIDE SCOURGE","Genesis Owusu",2026-05-15,216991,49,true,iarecippo,2026-06-05T22:11:18Z,"","OURNESS PTY LTD",0.793,0.527,2,-6.424,1,0.0739,0.0203,0.00000144,0.3,0.945,135.05,4
spotify:track:2y7OnK3rmrfeB6TYKfOFxc,"SITUATIONS","REDSTAR WU & THE WORLDWIDE SCOURGE","Genesis Owusu",2026-05-15,214724,44,true,iarecippo,2026-06-05T22:11:18Z,"","OURNESS PTY LTD",0.75,0.607,5,-6.873,1,0.166,0.423,0.0000131,0.0931,0.507,90.021,4
spotify:track:4TNYRCtyZvcDIDKyhHoKHX,"4LIFE","REDSTAR WU & THE WORLDWIDE SCOURGE","Genesis Owusu",2026-05-15,250994,41,true,iarecippo,2026-06-05T22:11:18Z,"","OURNESS PTY LTD",0.251,0.124,0,-18.51,1,0.0374,0.862,0.0791,0.111,0.531,91.059,4
spotify:track:0xrtfIHjtOOUb0pJqxBWno,"RUNNIN OUTTA TIME","REDSTAR WU & THE WORLDWIDE SCOURGE","Genesis Owusu",2026-05-15,214054,45,false,iarecippo,2026-06-05T22:11:18Z,"","OURNESS PTY LTD",0.784,0.764,7,-7.491,1,0.0443,0.294,0.138,0.103,0.668,147.985,4
spotify:track:5SHQAQPCg74DGXaxbH9OhZ,"BIG DOG","REDSTAR WU & THE WORLDWIDE SCOURGE","Genesis Owusu",2026-05-15,216311,48,true,iarecippo,2026-06-05T22:11:18Z,"","OURNESS PTY LTD",0.652,0.903,11,-6.973,1,0.0639,0.0116,0.00031,0.0167,0.957,149.976,4
spotify:track:2NDWYztcxEDlc8iCeCS2JE,"ONE4ALL","REDSTAR WU & THE WORLDWIDE SCOURGE","Genesis Owusu",2026-05-15,225821,43,true,iarecippo,2026-06-05T22:11:18Z,"","OURNESS PTY LTD",0.506,0.553,11,-8.485,0,0.0719,0.829,0,0.0931,0.594,77.324,4
spotify:track:6WMxH9twwIFfH3OVfs40lA,"The End","Mercurial World","Magdalena Bay",2021-10-08,31434,43,false,iarecippo,2026-06-08T13:15:32Z,"","Luminelle Recordings",0.707,0.704,1,-9.968,1,0.0827,0.0509,0.511,0.192,0.608,114.974,4
spotify:track:30YK7cZlruEW0Clyxwk2nH,"Mercurial World","Mercurial World","Magdalena Bay",2021-10-08,181173,47,false,iarecippo,2026-06-08T13:15:32Z,"","Luminelle Recordings",0.574,0.673,10,-6.863,0,0.0479,0.00424,0.00172,0.336,0.334,119.987,4
spotify:track:3WkEKyrkEtbqN6mxZQi1dn,"Dawning of the Season","Mercurial World","Magdalena Bay",2021-10-08,204363,49,false,iarecippo,2026-06-08T13:15:32Z,"","Luminelle Recordings",0.745,0.764,5,-6.941,0,0.0402,0.00102,0.719,0.411,0.62,111.019,4
spotify:track:3tgHGoK5ItQv2q2yqggxlb,"Secrets (Your Fire)","Mercurial World","Magdalena Bay",2021-10-08,245897,62,false,iarecippo,2026-06-08T13:15:32Z,"","Luminelle Recordings",0.691,0.827,10,-5.573,0,0.0402,0.00177,0.637,0.416,0.826,107.997,4
spotify:track:0tP8FKhJsar5y4JcOH4Rjp,"You Lose!","Mercurial World","Magdalena Bay",2021-10-08,204391,53,false,iarecippo,2026-06-08T13:15:32Z,"","Luminelle Recordings",0.628,0.909,9,-6.168,0,0.0423,0.0000678,0.372,0.923,0.164,120.01,4
spotify:track:69cmXfRLgyN1t6USZDl7Gy,"Something for 2","Mercurial World","Magdalena Bay",2021-10-08,216347,45,false,iarecippo,2026-06-08T13:15:32Z,"","Luminelle Recordings",0.642,0.63,4,-7.99,0,0.033,0.000889,0.0246,0.0787,0.148,92.051,4
spotify:track:1ZkfNNoRrgt69wTjcmJZE9,"Chaeri","Mercurial World","Magdalena Bay",2021-10-08,257130,50,false,iarecippo,2026-06-08T13:15:32Z,"","Luminelle Recordings",0.675,0.555,8,-9.208,1,0.0415,0.0344,0.00471,0.119,0.147,121.034,4
spotify:track:79u2tjJXZwlIhOUEnjC5YZ,"Halfway","Mercurial World","Magdalena Bay",2021-10-08,118304,43,false,iarecippo,2026-06-08T13:15:32Z,"","Luminelle Recordings",0.353,0.714,11,-9.44,0,0.0431,0.438,0.684,0.106,0.0298,95.095,4
spotify:track:0vMlVGJuREJk3c7vvObE5Z,"Hysterical Us","Mercurial World","Magdalena Bay",2021-10-08,235565,48,false,iarecippo,2026-06-08T13:15:32Z,"","Luminelle Recordings",0.755,0.779,7,-6.718,1,0.0474,0.0455,0.000164,0.218,0.553,114.989,4
spotify:track:5XMJHuIuP9L8j2NEiEWRla,"Prophecy","Mercurial World","Magdalena Bay",2021-10-08,214956,43,false,iarecippo,2026-06-08T13:15:32Z,"","Luminelle Recordings",0.447,0.602,5,-7.527,1,0.0409,0.248,0.0281,0.296,0.387,145.988,4
spotify:track:51OeGmOdQjsNJkzMtpNbFo,"Follow The Leader","Mercurial World","Magdalena Bay",2021-10-08,184434,42,false,iarecippo,2026-06-08T13:15:32Z,"","Luminelle Recordings",0.604,0.517,8,-8.882,1,0.0412,0.00919,0.148,0.575,0.442,159.945,4
spotify:track:3XdjmYHdNZkuN6FML8sTjH,"Domino","Mercurial World","Magdalena Bay",2021-10-08,222521,44,false,iarecippo,2026-06-08T13:15:32Z,"","Luminelle Recordings",0.708,0.694,10,-8.094,1,0.0313,0.0112,0.766,0.179,0.458,139.988,4
spotify:track:07ZJYwSX32GOYOk3tybj2T,"Dreamcatching","Mercurial World","Magdalena Bay",2021-10-08,207391,50,false,iarecippo,2026-06-08T13:15:32Z,"","Luminelle Recordings",0.626,0.728,2,-9.615,1,0.0374,0.0297,0.792,0.0966,0.19,121.965,4
spotify:track:5xoMRan7YOKvYL6vueYugk,"The Beginning","Mercurial World","Magdalena Bay",2021-10-08,241304,48,false,iarecippo,2026-06-08T13:15:32Z,"","Luminelle Recordings",0.669,0.691,4,-8.004,0,0.0374,0.0297,0.491,0.294,0.551,120.01,4
spotify:track:0yO9QD2Ga7eUzqnNYsSSPo,"drop dead","you seem pretty sad for a girl so in love","Olivia Rodrigo",2026-06-12,224998,88,false,iarecippo,2026-06-13T15:56:12Z,"","Olivia Rodrigo PS",0.584,0.743,8,-5.552,1,0.0421,0.234,0.0000189,0.242,0.601,130.171,4
spotify:track:4LfCY65LvojKjWEnU7fNN4,"stupid song","you seem pretty sad for a girl so in love","Olivia Rodrigo",2026-06-12,209680,94,false,iarecippo,2026-06-13T15:56:12Z,"","Olivia Rodrigo PS",0.644,0.598,11,-5.305,1,0.0362,0.477,0.00000128,0.0752,0.461,127.814,4
spotify:track:407LgLkk1uM3wMO6jVRe0a,"honeybee","you seem pretty sad for a girl so in love","Olivia Rodrigo",2026-06-12,223013,91,false,iarecippo,2026-06-13T15:56:12Z,"","Olivia Rodrigo PS",0.45,0.245,4,-12.417,1,0.0451,0.957,0.00000793,0.1,0.307,132.724,4
spotify:track:22l7ocwYpEYGvYpM9T2C5K,"maggots for brains","you seem pretty sad for a girl so in love","Olivia Rodrigo",2026-06-12,240100,90,false,iarecippo,2026-06-13T15:56:12Z,"","Olivia Rodrigo PS",0.529,0.747,9,-5.518,1,0.0444,0.123,0,0.069,0.641,163.935,4
spotify:track:6Hdc3IQeyCxG5d14uAcwQW,"u + me = <3","you seem pretty sad for a girl so in love","Olivia Rodrigo",2026-06-12,247586,90,true,iarecippo,2026-06-13T15:56:12Z,"","Olivia Rodrigo PS",0.504,0.876,7,-5.567,1,0.032,0.117,0,0.119,0.815,142.739,4
spotify:track:4Ilw2lD6z4WBqh65vUUZUf,"my way","you seem pretty sad for a girl so in love","Olivia Rodrigo",2026-06-12,180720,90,true,iarecippo,2026-06-13T15:56:12Z,"","Olivia Rodrigo PS",0.577,0.858,7,-5.16,1,0.0403,0.003,0,0.0886,0.697,144.019,4
spotify:track:4XYCWx98N3h7Y4FtDFmpd5,"purple","you seem pretty sad for a girl so in love","Olivia Rodrigo",2026-06-12,240115,87,false,iarecippo,2026-06-13T15:56:12Z,"","Olivia Rodrigo PS",0.386,0.557,2,-9.829,1,0.0889,0.765,0.00129,0.0987,0.257,149.441,4
spotify:track:55pBIZO1cqoldeqpp5WR7H,"the cure","you seem pretty sad for a girl so in love","Olivia Rodrigo",2026-06-12,297090,95,true,iarecippo,2026-06-13T15:56:12Z,"","Olivia Rodrigo PS",0.543,0.442,1,-6.079,1,0.0275,0.681,0.000913,0.0937,0.141,143.986,4
spotify:track:3BnMfPPWs59CVfcQ8CcdfR,"begged","you seem pretty sad for a girl so in love","Olivia Rodrigo",2026-06-12,217869,88,false,iarecippo,2026-06-13T15:56:12Z,"","Olivia Rodrigo PS",0.353,0.255,8,-8.823,1,0.0315,0.916,0.0000248,0.117,0.314,93.448,4
spotify:track:1W7023CuJrWPbD4q2Sipoh,"what’s wrong with me","you seem pretty sad for a girl so in love","Olivia Rodrigo;Robert Smith",2026-06-12,224906,88,false,iarecippo,2026-06-13T15:56:12Z,"","Olivia Rodrigo PS",0.644,0.49,6,-6.741,1,0.0336,0.867,0,0.128,0.429,125.832,4
spotify:track:1LmRAxdZUEM9xc2wNivy1y,"less","you seem pretty sad for a girl so in love","Olivia Rodrigo",2026-06-12,193848,89,false,iarecippo,2026-06-13T15:56:12Z,"","Olivia Rodrigo PS",0.425,0.0795,7,-14.356,0,0.0536,0.964,0,0.106,0.211,163.52,4
spotify:track:25nbeJzxF3dwvtTq57QKZi,"expectations","you seem pretty sad for a girl so in love","Olivia Rodrigo",2026-06-12,221958,89,false,iarecippo,2026-06-13T15:56:12Z,"","Olivia Rodrigo PS",0.592,0.86,0,-5.394,1,0.0368,0.0489,0,0.222,0.81,132.998,4
spotify:track:0e4u0sFRGxHL4U2iFBrUvZ,"cigarette smoke","you seem pretty sad for a girl so in love","Olivia Rodrigo",2026-06-12,340942,88,true,iarecippo,2026-06-13T15:56:12Z,"","Olivia Rodrigo PS",0.368,0.266,2,-8.65,1,0.0278,0.748,0.0000175,0.077,0.101,167.774,4
spotify:track:7woEDtme8YkFiWeyiinIjy,"New Jeans","NewJeans 2nd EP 'Get Up'","NewJeans",2023-07-21,108986,64,false,iarecippo,2026-06-21T10:45:34Z,"k-pop","ADOR",0.807,0.721,4,-6.211,0,0.0508,0.51,0.00216,0.115,0.532,134.014,4
spotify:track:0kwrPQkiGVE8KTHalH1uMo,"Super Shy","NewJeans 2nd EP 'Get Up'","NewJeans",2023-07-21,154666,63,false,iarecippo,2026-06-21T10:45:34Z,"k-pop","ADOR",0.776,0.817,5,-6.018,0,0.0748,0.18,0.0000344,0.146,0.515,149.921,4
spotify:track:56v8WEnGzLByGsDAXDiv4d,"ETA","NewJeans 2nd EP 'Get Up'","NewJeans",2023-07-21,151373,80,false,iarecippo,2026-06-21T10:45:34Z,"k-pop","ADOR",0.812,0.749,10,-6.389,0,0.0397,0.108,0,0.0599,0.841,134.971,4
spotify:track:02wk5BttM0QL38ERjLPQJB,"Cool With You","NewJeans 2nd EP 'Get Up'","NewJeans",2023-07-21,147880,76,false,iarecippo,2026-06-21T10:45:34Z,"k-pop","ADOR",0.752,0.65,5,-6.683,0,0.12,0.653,0.00136,0.105,0.532,134.993,4
spotify:track:1wUnuiXMMvhudmzvcCtlZP,"Get Up","NewJeans 2nd EP 'Get Up'","NewJeans",2023-07-21,36226,73,false,iarecippo,2026-06-21T10:45:34Z,"k-pop","ADOR",0.525,0.526,5,-7.03,1,0.0534,0.634,0.127,0.103,0.562,85.274,3
spotify:track:5fpyAakgFOm4YTXkgfPzvV,"ASAP","NewJeans 2nd EP 'Get Up'","NewJeans",2023-07-21,134386,73,false,iarecippo,2026-06-21T10:45:34Z,"k-pop","ADOR",0.934,0.486,0,-9.561,0,0.164,0.466,0.0000373,0.0963,0.372,130.052,4
spotify:track:1zdnG1iEOqNrlWNT6RQIiD,"Damn","Louder, Please","Rose Gray",2025-01-17,145836,41,false,iarecippo,2026-06-29T13:40:34Z,"","Polydor Records",0.788,0.804,1,-5.092,1,0.0747,0.00236,0.346,0.132,0.535,140.023,4
spotify:track:4uqynNhGLFcDJ2OZDU0IeP,"Free","Louder, Please","Rose Gray",2025-01-17,191840,53,false,iarecippo,2026-06-29T13:40:34Z,"","Polydor Records",0.702,0.881,0,-5.571,1,0.113,0.0528,0.000469,0.593,0.898,112.989,4
spotify:track:3AZknNFfBcXDbOtGSyMfVs,"Wet & Wild","Louder, Please","Rose Gray",2025-01-17,182210,55,false,iarecippo,2026-06-29T13:40:34Z,"","Polydor Records",0.617,0.94,9,-4.945,0,0.0534,0.0354,0,0.427,0.526,128.033,4
spotify:track:6Xiu0RMVh7B1WRDhg4A6j8,"Just Two","Louder, Please","Rose Gray",2025-01-17,202901,49,false,iarecippo,2026-06-29T13:40:34Z,"","Polydor Records",0.763,0.781,5,-4.75,0,0.0387,0.0166,0.000205,0.106,0.583,128.004,4
spotify:track:6WC2OsYObyrCkwK4vggWYj,"Tectonic","Louder, Please","Rose Gray",2025-01-17,196581,48,false,iarecippo,2026-06-29T13:40:34Z,"","Polydor Records",0.588,0.641,11,-7.586,1,0.0353,0.0365,0.0000498,0.145,0.5,123.973,3
spotify:track:0KN08YO4zGw8NCkCiaRkS9,"Party People","Louder, Please","Rose Gray",2025-01-17,194475,51,true,iarecippo,2026-06-29T13:40:34Z,"","Polydor Records",0.725,0.653,10,-7.525,0,0.0334,0.259,0.00619,0.185,0.332,138.027,4
spotify:track:6drrlOdyQpEsQmF2dGcqt7,"Angel Of Satisfaction","Louder, Please","Rose Gray",2025-01-17,211130,57,false,iarecippo,2026-06-29T13:40:34Z,"","Polydor Records",0.707,0.733,5,-5.342,0,0.0303,0.0226,0.00013,0.0881,0.572,128.051,4
spotify:track:59vpl8fDWIIisaOx628oKj,"Switch","Louder, Please","Rose Gray",2025-01-17,180713,47,true,iarecippo,2026-06-29T13:40:34Z,"","Polydor Records",0.671,0.904,11,-3.909,0,0.0566,0.334,0.000008,0.134,0.848,120.111,4
spotify:track:7fR0O5BKxo1K3p36I9m7Gi,"Hackney Wick","Louder, Please","Rose Gray",2025-01-17,230232,38,true,iarecippo,2026-06-29T13:40:34Z,"","Polydor Records",0.841,0.71,8,-8.257,1,0.191,0.0908,0.0434,0.121,0.135,127.978,4
spotify:track:2FLq3ECiGpBJtAp2KiyRT4,"First","Louder, Please","Rose Gray",2025-01-17,188711,44,false,iarecippo,2026-06-29T13:40:34Z,"","Polydor Records",0.575,0.738,11,-3.697,0,0.0903,0.114,0.00414,0.26,0.659,167.046,4
spotify:track:20oqKObYsXRdDvhJb2QNrw,"Everything Changes (But I Won't)","Louder, Please","Rose Gray",2025-01-17,231821,48,false,iarecippo,2026-06-29T13:40:34Z,"","Polydor Records",0.777,0.666,6,-6.912,1,0.0399,0.0479,0.00224,0.116,0.507,127.964,4
spotify:track:2VgbOqA0MYm9y0buMv8AdP,"Louder, Please","Louder, Please","Rose Gray",2025-01-17,330270,33,false,iarecippo,2026-06-29T13:40:34Z,"","Polydor Records",0.659,0.559,8,-9.376,0,0.0515,0.078,0.935,0.558,0.0355,125.015,4
spotify:track:5rMqITdghbaJ2uGGfh0VVs,"No Friends In The Company","Harmony","Brutalismus 3000",2026-06-26,145400,48,true,iarecippo,2026-07-01T01:02:37Z,"techno,hard techno,tekno,gabber,acid techno","Columbia Local",0.326,0.811,5,-6.073,0,0.426,0.00246,0,0.412,0.314,80.246,4
spotify:track:1SCNKz2Z0s4LwE7XhJGbGE,"Garland","Harmony","Brutalismus 3000",2026-06-26,178451,48,false,iarecippo,2026-07-01T01:02:37Z,"techno,hard techno,tekno,gabber,acid techno","Columbia Local",0.633,0.819,11,-5.031,1,0.117,0.000614,0.0233,0.135,0.393,152.039,4
spotify:track:7IWOjm1fmX5Sp285nlALdL,"A Milli","Harmony","Brutalismus 3000",2026-06-26,147260,54,true,iarecippo,2026-07-01T01:02:37Z,"techno,hard techno,tekno,gabber,acid techno","Columbia Local",0.418,0.814,7,-4.393,0,0.208,0.0124,0.00245,0.166,0.441,145.042,4
spotify:track:6dSWFDuBz3hJKqyFCKryn9,"Mother Bug","Harmony","Brutalismus 3000",2026-06-26,162027,50,true,iarecippo,2026-07-01T01:02:37Z,"techno,hard techno,tekno,gabber,acid techno","Columbia Local",0.603,0.748,1,-4.055,1,0.338,0.0109,0.00257,0.349,0.576,135.032,4
spotify:track:5WbwNHIPpDtjNETV6xRuDS,"I Bring My Gun To The Function (with Boys Noize)","Harmony","Brutalismus 3000;Boys Noize",2026-06-26,190291,57,true,iarecippo,2026-07-01T01:02:37Z,"techno,hard techno,tekno,gabber,acid techno,electro house","Columbia Local",0.576,0.772,9,-4.359,1,0.282,0.0401,0.000848,0.0625,0.469,149.87,4
spotify:track:36GJJoJsxRn4rc8VJ45FaD,"Kairo","Harmony","Brutalismus 3000",2026-06-26,215242,56,true,iarecippo,2026-07-01T01:02:37Z,"techno,hard techno,tekno,gabber,acid techno","Columbia Local",0.636,0.672,1,-5.094,0,0.178,0.00225,0.179,0.25,0.223,155.008,4
spotify:track:2PWM9hkuvsGumTyL6O9zFB,"Morning Is For The Happy (with Anya Taylor-Joy)","Harmony","Brutalismus 3000;Anya Taylor-Joy",2026-06-26,77839,45,true,iarecippo,2026-07-01T01:02:37Z,"techno,hard techno,tekno,gabber,acid techno","Columbia Local",0.259,0.605,8,-7.838,1,0.0713,0.0188,0.0000523,0.498,0.167,139.629,4
spotify:track:3zHRcupk2eEIzRC1clwXUg,"You Were Never Really Here But I Miss Ya","Harmony","Brutalismus 3000",2026-06-26,144425,47,true,iarecippo,2026-07-01T01:02:37Z,"techno,hard techno,tekno,gabber,acid techno","Columbia Local",0.672,0.548,11,-6.038,0,0.261,0.000456,0.000217,0.42,0.581,75.026,4
spotify:track:6BayAPUVlQETPE0dfbiExD,"Friends At The Pigshed (with Underworld)","Harmony","Brutalismus 3000;Underworld",2026-06-26,237768,53,false,iarecippo,2026-07-01T01:02:37Z,"techno,hard techno,tekno,gabber,acid techno,big beat,electronica","Columbia Local",0.673,0.773,9,-6.43,1,0.47,0.0908,0.0021,0.65,0.179,149.995,4
spotify:track:7sdTtiMigvuRsxxNOkJrML,"Gore Louvre","Harmony","Brutalismus 3000",2026-06-26,180520,52,false,iarecippo,2026-07-01T01:02:37Z,"techno,hard techno,tekno,gabber,acid techno","Columbia Local",0.588,0.95,5,-4.231,1,0.142,0.00148,0.00244,0.217,0.622,155.017,4
spotify:track:1RYWvH81Jn8oi38CwDXSv6,"Leonard Cohen","Harmony","Brutalismus 3000",2026-06-26,186178,45,false,iarecippo,2026-07-01T01:02:37Z,"techno,hard techno,tekno,gabber,acid techno","Columbia Local",0.553,0.607,1,-6.132,0,0.0625,0.0157,0.1,0.0672,0.206,150.079,4
spotify:track:2rAx3OdiLOWWlm95HqN3Wq,"Testo Skin Part 1","Harmony","Brutalismus 3000",2026-06-26,169105,58,true,iarecippo,2026-07-01T01:02:37Z,"techno,hard techno,tekno,gabber,acid techno","Columbia Local",0.461,0.857,4,-5.012,0,0.147,0.00937,0.304,0.186,0.285,175.972,4
spotify:track:2ewNnx4pq0ps6Xx8Qzwpk1,"Testo Skin Part 2","Harmony","Brutalismus 3000",2026-06-26,155608,46,true,iarecippo,2026-07-01T01:02:37Z,"techno,hard techno,tekno,gabber,acid techno","Columbia Local",0.546,0.55,4,-4.282,0,0.0484,0.0127,0,0.154,0.191,145.004,4
spotify:track:6YvNYOrGKPWKlUPpkruhRY,"The Garden Prelude","Superbloom","Jessie Ware",2026-04-17,48013,44,false,iarecippo,2026-07-02T15:15:48Z,"","EMI",0.342,0.254,7,-18.376,0,0.0369,0.984,0.866,0.157,0.172,110.503,4
spotify:track:5Tp8BO1Ocodur1mclvhQu9,"I Could Get Used To This","Superbloom","Jessie Ware",2026-04-17,221586,51,false,iarecippo,2026-07-02T15:15:48Z,"","EMI",0.606,0.82,4,-5.468,0,0.112,0.204,0,0.309,0.502,114.933,4
spotify:track:56imCiO83oUJj6z9favCWt,"Superbloom","Superbloom","Jessie Ware",2026-04-17,251200,54,false,iarecippo,2026-07-02T15:15:48Z,"","EMI",0.598,0.773,6,-6.978,0,0.0793,0.498,0.021,0.169,0.684,107.99,4
spotify:track:3rtCZDdLpyeEp556iUzIli,"Automatic","Superbloom","Jessie Ware",2026-04-17,177173,49,false,iarecippo,2026-07-02T15:15:48Z,"","EMI",0.612,0.854,0,-6.716,1,0.0925,0.14,0.00000288,0.698,0.736,107.973,4
spotify:track:4NWHHcNGKC2PyOOCLncaHz,"Chariots of Love Interlude","Superbloom","Jessie Ware",2026-04-17,27973,10,false,iarecippo,2026-07-02T15:15:48Z,"","EMI",0.302,0.653,0,-12.135,1,0.0469,0.937,0.000116,0.812,0.538,45.926,4
spotify:track:4tydTipPThewhJGmlxdcC5,"Sauna","Superbloom","Jessie Ware",2026-04-17,188093,61,false,iarecippo,2026-07-02T15:15:48Z,"","EMI",0.75,0.672,0,-7.006,0,0.0378,0.00543,0.0000906,0.371,0.9,119.028,4
spotify:track:6uZ1pCKRQfu5JISvfvp2Wj,"Mr Valentine","Superbloom","Jessie Ware",2026-04-17,205880,50,false,iarecippo,2026-07-02T15:15:48Z,"","EMI",0.727,0.85,2,-5.802,0,0.0495,0.0666,0.000432,0.338,0.879,133.994,4
spotify:track:5jNlXBGqcfimbAW7lq51nu,"Love You For","Superbloom","Jessie Ware",2026-04-17,204986,47,false,iarecippo,2026-07-02T15:15:48Z,"","EMI",0.688,0.532,1,-7.441,1,0.0353,0.715,0,0.0787,0.416,113.968,4
spotify:track:7bqeWZMBFOIeTqIovfrpx0,"Ride","Superbloom","Jessie Ware",2026-04-17,279160,57,false,iarecippo,2026-07-02T15:15:48Z,"","EMI",0.736,0.689,0,-6.748,0,0.0616,0.00786,0.00935,0.17,0.573,121.04,4
spotify:track:79Qn3s0ZquNg6HVyoh0vB8,"Don’t You Know Who I Am?","Superbloom","Jessie Ware",2026-04-17,225293,50,false,iarecippo,2026-07-02T15:15:48Z,"","EMI",0.607,0.849,7,-7.839,0,0.0608,0.0118,0.000235,0.132,0.783,116.939,4
spotify:track:6zWP0qMiOnkzCTyP5woFbX,"No Consequences","Superbloom","Jessie Ware",2026-04-17,231706,45,false,iarecippo,2026-07-02T15:15:48Z,"","EMI",0.395,0.764,7,-5.869,1,0.0971,0.11,0.00214,0.0945,0.867,106.746,4
spotify:track:1fRI3QuIYYqTCNYLtr55mm,"Mon Amour","Superbloom","Jessie Ware",2026-04-17,225133,46,false,iarecippo,2026-07-02T15:15:48Z,"","EMI",0.613,0.83,10,-8.101,0,0.0472,0.00984,0.00137,0.293,0.648,123.964,4
spotify:track:72h0tXbdWtDs8fem7NFEhu,"Heavenward","Visions Of A Life","Wolf Alice",2017-09-29,295013,44,false,iarecippo,2026-07-02T19:46:59Z,"indie","Dirty Hit",0.11,0.692,4,-5.685,0,0.0576,0.00811,0.578,0.124,0.07,71.748,4
spotify:track:6RExQcl7BFkVmUEo1zf6QW,"Yuk Foo","Visions Of A Life","Wolf Alice",2017-09-29,133413,46,true,iarecippo,2026-07-02T19:46:59Z,"indie","Dirty Hit",0.37,0.869,0,-2.919,0,0.035,0.00000461,0.922,0.144,0.0847,152.054,4
spotify:track:05I2kbWf5P3xdCVQve7apz,"Beautifully Unconventional","Visions Of A Life","Wolf Alice",2017-09-29,133160,50,false,iarecippo,2026-07-02T19:46:59Z,"indie","Dirty Hit",0.745,0.837,4,-4.065,1,0.0308,0.0217,0.000969,0.21,0.662,104.493,4
spotify:track:1LomCMl5wD3MPVlC6smUHe,"Don’t Delete The Kisses","Visions Of A Life","Wolf Alice",2017-09-29,275226,72,false,iarecippo,2026-07-02T19:46:59Z,"indie","Dirty Hit",0.604,0.789,5,-6.259,1,0.0273,0.0011,0.828,0.368,0.348,122.032,4
spotify:track:6mgZxHEtNHG5jGh2zkvSvs,"Planet Hunter","Visions Of A Life","Wolf Alice",2017-09-29,232960,48,false,iarecippo,2026-07-02T19:46:59Z,"indie","Dirty Hit",0.542,0.482,9,-6.249,1,0.0292,0.022,0.00774,0.261,0.0667,121.961,4
spotify:track:3K6OrQXyb3w9a6Ev0EtkCP,"Sky Musings","Visions Of A Life","Wolf Alice",2017-09-29,178120,38,true,iarecippo,2026-07-02T19:46:59Z,"indie","Dirty Hit",0.535,0.701,1,-8.237,1,0.0519,0.0000289,0.462,0.42,0.241,112.014,4
spotify:track:6MUmOqr4xP2fwgCjR2BTLn,"Formidable Cool","Visions Of A Life","Wolf Alice",2017-09-29,213306,53,true,iarecippo,2026-07-02T19:46:59Z,"indie","Dirty Hit",0.668,0.733,6,-5.379,0,0.0329,0.000953,0.252,0.0912,0.44,119.012,4
spotify:track:5LDMrFh5ZiqzUFLEVo7tjm,"Space & Time","Visions Of A Life","Wolf Alice",2017-09-29,147400,42,false,iarecippo,2026-07-02T19:46:59Z,"indie","Dirty Hit",0.298,0.638,2,-4.331,1,0.0344,0.0000785,0.117,0.13,0.215,143.576,3
spotify:track:03DZjSbmLsQ0aAiqLwbQu2,"Sadboy","Visions Of A Life","Wolf Alice",2017-09-29,251560,40,false,iarecippo,2026-07-02T19:46:59Z,"indie","Dirty Hit",0.426,0.656,0,-6.498,1,0.0317,0.0139,0.828,0.0826,0.143,108.191,4
spotify:track:1KTzdWEz3dgoYwSZDD7kEW,"St. Purple & Green","Visions Of A Life","Wolf Alice",2017-09-29,261933,39,false,iarecippo,2026-07-02T19:46:59Z,"indie","Dirty Hit",0.455,0.578,7,-7.286,1,0.0297,0.0217,0.879,0.152,0.12,90.982,4
spotify:track:02djsJAroBTBfuC9vEm3ZD,"After The Zero Hour","Visions Of A Life","Wolf Alice",2017-09-29,204160,37,false,iarecippo,2026-07-02T19:46:59Z,"indie","Dirty Hit",0.535,0.287,0,-11.457,1,0.0311,0.854,0.0107,0.0977,0.19,119.928,4
spotify:track:1KtNTjbeOA0AcDNm6x878Q,"Visions Of A Life","Visions Of A Life","Wolf Alice",2017-09-29,477093,43,true,iarecippo,2026-07-02T19:46:59Z,"indie","Dirty Hit",0.27,0.61,9,-5.9,1,0.0337,0.00181,0.342,0.135,0.109,101.199,4
spotify:track:5GNDe5JmNKP3OThhyXgx5S,"I Feel So Free","CONFESSIONS II","Madonna",2026-07-03,299479,76,false,iarecippo,2026-07-03T11:12:53Z,"","Warner Records",0.631,0.772,4,-8.177,0,0.0593,0.0304,0.0321,0.213,0.228,123.999,4
spotify:track:03D2TnaZuwlddRTh7P6Mq5,"Good For The Soul","CONFESSIONS II","Madonna",2026-07-03,188359,74,false,iarecippo,2026-07-03T11:12:53Z,"","Warner Records",0.583,0.806,1,-8.123,1,0.0458,0.0544,0.0167,0.509,0.499,126.984,4
spotify:track:7eidNIYy4hPOlGioM7jBwx,"One Step Away","CONFESSIONS II","Madonna",2026-07-03,263469,75,false,iarecippo,2026-07-03T11:12:53Z,"","Warner Records",0.706,0.832,1,-6.958,1,0.0479,0.0769,0.513,0.339,0.413,121.982,4
spotify:track:4VozGoqMUNSIn4CT3T1y2c,"Bring Your Love","CONFESSIONS II","Madonna;Sabrina Carpenter",2026-07-03,222161,81,false,iarecippo,2026-07-03T11:12:53Z,"pop","Warner Records",0.694,0.869,10,-6.318,0,0.0893,0.113,0.00237,0.135,0.728,121.016,4
spotify:track:3a49TEtsbeAgzZAQH9WiDZ,"Danceteria","CONFESSIONS II","Madonna",2026-07-03,235771,80,true,iarecippo,2026-07-03T11:12:53Z,"","Warner Records",0.685,0.9,0,-6.717,1,0.0596,0.00155,0.0498,0.505,0.68,119.983,4
spotify:track:7b6MZDwKVjewryWMS2mFvA,"Read My Lips","CONFESSIONS II","Madonna;Feid",2026-07-03,286243,74,false,iarecippo,2026-07-03T11:12:53Z,"reggaeton,urbano latino","Warner Records",0.671,0.845,10,-7.873,0,0.0488,0.00693,0.000839,0.09,0.504,126.498,4
spotify:track:2JQWc9QtFoV4jIoO7dLUrJ,"Everything","CONFESSIONS II","Madonna",2026-07-03,249627,72,true,iarecippo,2026-07-03T11:12:53Z,"","Warner Records",0.605,0.794,9,-7.336,0,0.09,0.00955,0.00257,0.568,0.561,130.055,4
spotify:track:1ViHUUTbkDgS9iyLmWgIYt,"Love Sensation","CONFESSIONS II","Madonna",2026-07-03,227248,73,false,iarecippo,2026-07-03T11:12:53Z,"","Warner Records",0.662,0.9,0,-6.516,1,0.174,0.0171,0.000221,0.224,0.642,123.991,4
spotify:track:0LQrDtj0l5Y0CZ59ZWDXTd,"Love Without Words","CONFESSIONS II","Madonna",2026-07-03,260993,72,false,iarecippo,2026-07-03T11:12:53Z,"","Warner Records",0.682,0.739,1,-8.53,0,0.125,0.0408,0.0236,0.551,0.534,125.025,4
spotify:track:15RhivSFgiIWYugV2FqV5I,"Bizarre","CONFESSIONS II","Madonna;Martin Garrix",2026-07-03,245264,75,false,iarecippo,2026-07-03T11:12:53Z,"edm,progressive house,electronica","Warner Records",0.524,0.855,7,-6.398,0,0.0683,0.0698,0.00157,0.111,0.167,125.997,4
spotify:track:4rN5JelPY9qa05kvG6TTzQ,"School","CONFESSIONS II","Madonna",2026-07-03,263363,72,false,iarecippo,2026-07-03T11:12:53Z,"","Warner Records",0.802,0.752,5,-8.12,1,0.218,0.196,0.0135,0.111,0.345,119.966,4
spotify:track:6NPZtCGtJmfsgb5FrVKedJ,"Fragile","CONFESSIONS II","Madonna",2026-07-03,259706,71,false,iarecippo,2026-07-03T11:12:53Z,"","Warner Records",0.568,0.749,7,-6.044,0,0.03,0.0625,0.000223,0.185,0.251,132.002,4
spotify:track:2SXgbw7BqFxpAQ2skCTxkk,"My Sins Are My Savior (feat. Stromae)","CONFESSIONS II","Madonna;Stromae",2026-07-03,200937,70,false,iarecippo,2026-07-03T11:12:53Z,"french pop","Warner Records",0.715,0.788,11,-7.511,0,0.0549,0.087,0.217,0.151,0.451,103.026,4
spotify:track:6zuabFm9pbEnih5sCF9vGV,"Betrayal","CONFESSIONS II","Madonna",2026-07-03,248985,68,false,iarecippo,2026-07-03T11:12:53Z,"","Warner Records",0.605,0.625,5,-7.182,0,0.0279,0.0835,0.0000409,0.107,0.473,98.962,4
spotify:track:15c7gjax5Wx5cGgTdNW5Dz,"The Test","CONFESSIONS II","Madonna;Lola Leon",2026-07-03,218021,67,false,iarecippo,2026-07-03T11:12:53Z,"indie dance","Warner Records",0.598,0.72,0,-7.108,1,0.0569,0.0574,0.0114,0.267,0.328,126.999,4
spotify:track:2vJG9o6yqmjdZRNgMH8xb3,"L.E.S. Girl","CONFESSIONS II","Madonna",2026-07-03,170367,67,false,iarecippo,2026-07-03T11:12:53Z,"","Warner Records",0.648,0.393,10,-11.982,1,0.0318,0.539,0.00687,0.138,0.26,121.982,4
spotify:track:1jvWCYNutf9mTqGTKVwuov,"Pulse","Remains","東京酒吐座(Tokyo Shoegazer)",2026-04-22,292706,41,false,iarecippo,2026-07-10T13:43:44Z,"shoegaze,dream pop,japanese indie,math rock,j-rock","HigherHell Records",0.414,0.871,7,-8.231,1,0.0532,0.000149,0.722,0.108,0.391,103.994,4
spotify:track:1cGd3pLnz0aRICQnmE3Hd1,"Wisteria","Remains","東京酒吐座(Tokyo Shoegazer)",2026-04-22,308413,40,false,iarecippo,2026-07-10T13:43:44Z,"shoegaze,dream pop,japanese indie,math rock,j-rock","HigherHell Records",0.25,0.836,10,-8.773,1,0.0496,0.0045,0.717,0.148,0.195,168.399,4
spotify:track:6sX4VdBVsVEe8ktrASjsT8,"The Reckoning","Remains","東京酒吐座(Tokyo Shoegazer)",2026-04-22,230685,36,false,iarecippo,2026-07-10T13:43:44Z,"shoegaze,dream pop,japanese indie,math rock,j-rock","HigherHell Records",0.324,0.953,7,-6.312,1,0.0552,0.00000185,0.729,0.257,0.312,98.367,4
spotify:track:1xZiJQuvH4AMNjUPrd6P2g,"Missing","Remains","東京酒吐座(Tokyo Shoegazer)",2026-04-22,234390,41,false,iarecippo,2026-07-10T13:43:44Z,"shoegaze,dream pop,japanese indie,math rock,j-rock","HigherHell Records",0.297,0.837,4,-7.82,0,0.053,0.00000602,0.625,0.41,0.259,131.757,4
spotify:track:34MaNzqNdmD4a6xPhllust,"Haze","Remains","東京酒吐座(Tokyo Shoegazer)",2026-04-22,188405,36,false,iarecippo,2026-07-10T13:43:44Z,"shoegaze,dream pop,japanese indie,math rock,j-rock","HigherHell Records",0.277,0.94,9,-6.37,0,0.0684,0,0.75,0.117,0.368,156.717,4
spotify:track:0IF3EV9JmqyDKV3mhA66CW,"Vega","Remains","東京酒吐座(Tokyo Shoegazer)",2026-04-22,268318,35,false,iarecippo,2026-07-10T13:43:44Z,"shoegaze,dream pop,japanese indie,math rock,j-rock","HigherHell Records",0.296,0.887,1,-7.438,1,0.0383,0.0000139,0.638,0.0475,0.0499,135.578,4
spotify:track:0F8wEa2sHgpUBZtyX2q2FO,"New Dawn","Remains","東京酒吐座(Tokyo Shoegazer)",2026-04-22,400612,34,false,iarecippo,2026-07-10T13:43:44Z,"shoegaze,dream pop,japanese indie,math rock,j-rock","HigherHell Records",0.394,0.944,9,-7.614,1,0.053,0.00000451,0.897,0.071,0.39,102.949,4
spotify:track:4pELiGfCPPTLu8NxAsQoLZ,"Remains","Remains","東京酒吐座(Tokyo Shoegazer)",2026-04-22,471467,33,false,iarecippo,2026-07-10T13:43:44Z,"shoegaze,dream pop,japanese indie,math rock,j-rock","HigherHell Records",0.366,0.391,7,-9.792,1,0.0359,0.000334,0.72,0.334,0.171,130.098,4
spotify:track:4CotMUqmmcIHtdMvmZBH2u,"Satellites","Tweaker Poem","Frost Children",2026-07-10,211000,56,false,iarecippo,2026-07-10T15:37:07Z,"hyperpop,electroclash","Frost Children/RCA Records",0.538,0.946,11,-3.759,1,0.148,0.0417,0.00112,0.343,0.385,169.969,4
spotify:track:0sVwFUDyDI5ZVFuS3bl3NE,"Creep","Tweaker Poem","Frost Children",2026-07-10,240000,64,false,iarecippo,2026-07-10T15:37:07Z,"hyperpop,electroclash","Frost Children/RCA Records",0.545,0.755,9,-5.609,0,0.0733,0.0369,0,0.701,0.418,139.999,4
spotify:track:4vTKyIZSMpeSEWmEkgpKAx,"Afterlife","Tweaker Poem","Frost Children",2026-07-10,169946,58,true,iarecippo,2026-07-10T15:37:07Z,"hyperpop,electroclash","Frost Children/RCA Records",0.419,0.835,1,-2.804,1,0.0554,0.0328,0,0.42,0.664,141.988,4
spotify:track:0L8y6bnYHHSaprXsXvGF9z,"Gutted","Tweaker Poem","Frost Children",2026-07-10,206997,54,false,iarecippo,2026-07-10T15:37:07Z,"hyperpop,electroclash","Frost Children/RCA Records",0.372,0.879,5,-2.529,0,0.0802,0.00781,0,0.264,0.437,149.17,4
spotify:track:10Fq3Aq8hu8hELDkpYWJVf,"Light Leak","Tweaker Poem","Frost Children",2026-07-10,215669,59,false,iarecippo,2026-07-10T15:37:07Z,"hyperpop,electroclash","Frost Children/RCA Records",0.414,0.875,1,-3.591,0,0.0758,0.0148,0.00000147,0.233,0.162,138.048,4
spotify:track:5A2mrSqy48TsJwwpXvGtXk,"Faster","Tweaker Poem","Frost Children",2026-07-10,216378,55,true,iarecippo,2026-07-10T15:37:07Z,"hyperpop,electroclash","Frost Children/RCA Records",0.291,0.839,1,-5.128,1,0.337,0.0459,0.0000487,0.133,0.691,160.583,4
spotify:track:60XzwYT67TQNhF5Bhu2sQR,"hi from me","moisturizer (deluxe)","Wet Leg",2026-07-10,102883,57,false,iarecippo,2026-07-13T23:09:35Z,"indie rock,indie","Domino Recording Co.",0.769,0.458,4,-10.068,1,0.0302,0.238,0.0154,0.152,0.688,94.107,4
spotify:track:7gxJ3kIFC622QXk6u6HvTF,"mangetout - The Dare remix","moisturizer (deluxe)","Wet Leg;The Dare",2026-07-10,200192,51,true,iarecippo,2026-07-13T23:09:35Z,"indie rock,indie,electroclash","Domino Recording Co.",0.707,0.776,5,-5.797,1,0.045,0.00683,0.0179,0.218,0.756,128.008,4
spotify:track:1Q8BUjdOsU9rkImqCjgUqQ,"CPR - horsegiirL remix","moisturizer (deluxe)","Wet Leg;horsegiirL",2026-07-10,201999,49,false,iarecippo,2026-07-13T23:09:35Z,"indie rock,indie,hyperpop","Domino Recording Co.",0.85,0.739,7,-5.434,1,0.0947,0.0185,0.388,0.633,0.546,129.99,4
spotify:track:2PomwwsI2bxmzqNHBCnSRm,"catch these fists - FDC DJs remix","moisturizer (deluxe)","Wet Leg",2026-07-10,177589,39,false,iarecippo,2026-07-13T23:09:35Z,"indie rock,indie","Domino Recording Co.",0.593,0.424,1,-8.67,1,0.0379,0.0000123,0.885,0.226,0.14,127.986,4
spotify:track:26ryh4mt09oAk9GKpDbWsO,"CPR - live from village studios","moisturizer (deluxe)","Wet Leg",2026-07-10,170527,39,false,iarecippo,2026-07-13T23:09:35Z,"indie rock,indie","Domino Recording Co.",0.668,0.616,0,-7.157,1,0.112,0.00121,0.0195,0.172,0.59,114.605,4
spotify:track:5xGLWajeuabjJrxRCUtPg2,"davina mccall - live from village studios","moisturizer (deluxe)","Wet Leg",2026-07-10,229382,42,true,iarecippo,2026-07-13T23:09:35Z,"indie rock,indie","Domino Recording Co.",0.58,0.838,4,-6.468,1,0.0345,0.0199,0.0766,0.147,0.532,122.324,4
spotify:track:1AXz83QVEXYKFVUXFXp6fy,"mangetout - live from village studios","moisturizer (deluxe)","Wet Leg",2026-07-10,203242,44,true,iarecippo,2026-07-13T23:09:35Z,"indie rock,indie","Domino Recording Co.",0.631,0.685,0,-6.331,1,0.0295,0.000983,0.1,0.151,0.327,129.648,4
spotify:track:5UtJkpPwxM7My2CcKWCkbQ,"liquidize - live from village studios","moisturizer (deluxe)","Wet Leg",2026-07-10,144282,40,true,iarecippo,2026-07-13T23:09:35Z,"indie rock,indie","Domino Recording Co.",0.456,0.919,9,-6.85,1,0.0323,0.00421,0.126,0.268,0.699,128.67,4
spotify:track:0qD3tUemnunJM8VN02iNVc,"don’t speak - acoustic demo version","moisturizer (deluxe)","Wet Leg",2026-07-10,187436,40,false,iarecippo,2026-07-13T23:09:35Z,"indie rock,indie","Domino Recording Co.",0.705,0.22,2,-13.718,1,0.0373,0.76,0.104,0.117,0.45,131.913,4
spotify:track:6O8lgb1JyB5ma9DEgm1O2J,"u and me at home intro/outro","moisturizer (deluxe)","Wet Leg",2026-07-10,48500,47,false,iarecippo,2026-07-13T23:09:35Z,"indie rock,indie","Domino Recording Co.",0.261,0.265,2,-16.775,1,0.0334,0.974,0.838,0.136,0.0688,91.596,5
spotify:track:6nx9U2BxB8r7My6l1knnpo,"Feelingz Go Numb","Emotional Junglist","Nia Archives",2026-07-17,163168,55,false,iarecippo,2026-07-17T12:17:50Z,"jungle,drum and bass,uk garage","Universal-Island Records Ltd.",0.41,0.699,9,-4.737,0,0.0324,0.000112,0.165,0.288,0.144,166.005,4
spotify:track:1pYekWfm0HVPnYLEIxeChT,"Around Tha Bend","Emotional Junglist","Nia Archives",2026-07-17,164024,55,false,iarecippo,2026-07-17T12:17:50Z,"jungle,drum and bass,uk garage","Universal-Island Records Ltd.",0.537,0.936,9,-2.497,0,0.0334,0.0451,0.026,0.266,0.417,159.98,4
spotify:track:59796t4NTJIA3AVYlOYaes,"Danger","Emotional Junglist","Nia Archives",2026-07-17,136489,55,true,iarecippo,2026-07-17T12:17:50Z,"jungle,drum and bass,uk garage","Universal-Island Records Ltd.",0.494,0.879,11,-2.419,1,0.0891,0.0572,0.000401,0.227,0.303,170.043,4
spotify:track:4NtxljRbu3KMqIfirhZJPP,"Vertical","Emotional Junglist","Nia Archives",2026-07-17,156041,56,false,iarecippo,2026-07-17T12:17:50Z,"jungle,drum and bass,uk garage","Universal-Island Records Ltd.",0.307,0.923,9,-4.718,1,0.0593,0.00897,0.057,0.44,0.143,148.061,4
spotify:track:5U2KZq6mP12weTglknERsE,"This Could Be…","Emotional Junglist","Nia Archives",2026-07-17,188082,53,false,iarecippo,2026-07-17T12:17:50Z,"jungle,drum and bass,uk garage","Universal-Island Records Ltd.",0.562,0.879,5,-4.494,1,0.0538,0.00668,0.0000295,0.0635,0.467,169.963,4
spotify:track:1KFA6N3qVExAhxpjT7AiSA,"Dance With Me 2nite","Emotional Junglist","Nia Archives",2026-07-17,207163,54,false,iarecippo,2026-07-17T12:17:50Z,"jungle,drum and bass,uk garage","Universal-Island Records Ltd.",0.554,0.935,9,-4.868,1,0.0308,0.00747,0.000026,0.206,0.643,160.017,4
spotify:track:4s0WWsnbCvEtOjsFo6ZdkR,"Get Me Down (feat. Jorja Smith)","Emotional Junglist","Nia Archives;Jorja Smith",2026-07-17,194038,63,false,iarecippo,2026-07-17T12:17:50Z,"jungle,drum and bass,uk garage,uk r&b","Universal-Island Records Ltd.",0.506,0.817,10,-5.353,0,0.0341,0.00282,0.0679,0.223,0.267,159.966,4
spotify:track:1zhowQgLDBGUy9WrPzNbv3,"Train Of Thought","Emotional Junglist","Nia Archives",2026-07-17,151054,52,false,iarecippo,2026-07-17T12:17:50Z,"jungle,drum and bass,uk garage","Universal-Island Records Ltd.",0.44,0.848,2,-4.243,1,0.0305,0.00013,0.00251,0.133,0.172,155.018,4
spotify:track:0wnrkfJe7LsWQEZCa1vxrm,"Superlust","Emotional Junglist","Nia Archives",2026-07-17,135070,51,false,iarecippo,2026-07-17T12:17:50Z,"jungle,drum and bass,uk garage","Universal-Island Records Ltd.",0.566,0.808,11,-5.822,1,0.0423,0.0112,0.0188,0.0994,0.47,164.948,4
spotify:track:6ttECSxqQNnqwgveiaYffO,"There Goes Ma Head","Emotional Junglist","Nia Archives",2026-07-17,156054,51,false,iarecippo,2026-07-17T12:17:50Z,"jungle,drum and bass,uk garage","Universal-Island Records Ltd.",0.545,0.837,10,-4.091,1,0.0406,0.177,0.00000408,0.198,0.839,174.739,4
spotify:track:18gu7gDGMgDoYKpu2VMTkR,"Almost Always","Emotional Junglist","Nia Archives",2026-07-17,177081,51,false,iarecippo,2026-07-17T12:17:50Z,"jungle,drum and bass,uk garage","Universal-Island Records Ltd.",0.584,0.86,4,-4.795,0,0.0433,0.131,0.0927,0.26,0.507,152.923,4
spotify:track:208t36wBB22OOCi1eG4rI3,"Tender (feat. Sampha)","Emotional Junglist","Nia Archives;Sampha",2026-07-17,142070,58,false,iarecippo,2026-07-17T12:17:50Z,"jungle,drum and bass,uk garage,indie soul","Universal-Island Records Ltd.",0.521,0.834,4,-5.336,0,0.0584,0.284,0.00000144,0.192,0.52,159.954,4
spotify:track:4fzvypAABQKB14taMDjw0F,"Tha Darkest Hour","Emotional Junglist","Nia Archives",2026-07-17,150085,49,false,iarecippo,2026-07-17T12:17:50Z,"jungle,drum and bass,uk garage","Universal-Island Records Ltd.",0.501,0.813,9,-6.1,0,0.0356,0.0405,0.00475,0.103,0.304,159.964,4
spotify:track:7vDEHZkXnr0mHgi62T7yy5,"Lovers Grief","Emotional Junglist","Nia Archives",2026-07-17,141224,49,false,iarecippo,2026-07-17T12:17:50Z,"jungle,drum and bass,uk garage","Universal-Island Records Ltd.",0.599,0.839,7,-4.79,1,0.0373,0.00238,0.00000291,0.136,0.667,158.001,4
spotify:track:5Kg6DLCE0wm08Hxjju6HPY,"Boys In Blue","Emotional Junglist","Nia Archives",2026-07-17,153045,51,false,iarecippo,2026-07-17T12:17:50Z,"jungle,drum and bass,uk garage","Universal-Island Records Ltd.",0.5,0.929,11,-2.419,1,0.0449,0.000166,0.00000667,0.492,0.762,86.006,4
spotify:track:0zlOY6QTmHD99EcjXdbGVc,"Flink Pike","Think They’re Looking, Let's Perform","Girl Group",2025-06-20,173140,20,false,iarecippo,2026-07-21T18:50:37Z,"indie dance","Polydor Records",0.522,0.786,2,-6.709,1,0.269,0.257,0.000409,0.403,0.649,169.954,4
spotify:track:1YcxiF6X7L5MIXBfEegx2X,"Yay! Saturday","Think They’re Looking, Let's Perform","Girl Group",2025-06-20,195363,19,true,iarecippo,2026-07-21T18:50:37Z,"indie dance","Polydor Records",0.674,0.686,2,-6.099,1,0.138,0.364,0.00479,0.0865,0.713,159.921,4
spotify:track:2RBEQtH2EGvj2aM5Kj8INe,"Your Fantasy","Think They’re Looking, Let's Perform","Girl Group",2025-06-20,139444,19,false,iarecippo,2026-07-21T18:50:37Z,"indie dance","Polydor Records",0.689,0.763,8,-5.14,1,0.162,0.133,0.0000385,0.328,0.316,139.987,4
spotify:track:5LAxvyGMAIpFjP8oaJ3Pwx,"Man-Made Girl Bands","Think They’re Looking, Let's Perform","Girl Group",2025-06-20,180759,35,true,iarecippo,2026-07-21T18:50:37Z,"indie dance","Polydor Records",0.55,0.641,11,-6.314,0,0.0518,0.401,0.00411,0.202,0.564,170.001,4
spotify:track:1aumaeh5sU4VbH1ESkWaPO,"Shut Your Mouth (Sometimes)","Think They’re Looking, Let's Perform","Girl Group",2025-06-20,166184,49,false,iarecippo,2026-07-21T18:50:37Z,"indie dance","Polydor Records",0.548,0.622,10,-8.559,0,0.337,0.509,0.0111,0.124,0.392,94.994,4
spotify:track:4QsvVha1PHI5GrfZk1iec0,"BFF4EAE","Think They’re Looking, Let's Perform","Girl Group",2025-06-20,241986,27,true,iarecippo,2026-07-21T18:50:37Z,"indie dance","Polydor Records",0.417,0.274,6,-10.793,1,0.0304,0.927,0.0000304,0.95,0.127,108.415,4
spotify:track:1xwUZHmzLFNnLYYunkHjsn,"An Entire Person","Little Sticky Pictures","Girl Group",2026-03-20,30471,28,false,iarecippo,2026-07-21T19:10:51Z,"indie dance","Polydor Records",0.302,0.57,4,-6.986,0,0.0659,0.97,0.801,0.714,0.586,61.118,4
spotify:track:084y6ZmiX29ysKVC3oKUem,"Rage Song","Little Sticky Pictures","Girl Group",2026-03-20,174077,26,true,iarecippo,2026-07-21T19:10:51Z,"indie dance","Polydor Records",0.422,0.918,2,-4.882,1,0.176,0.0093,0.00000835,0.146,0.363,84.253,4
spotify:track:1EYrEPOAcurEEVIjkBsVNb,"She Goes","Little Sticky Pictures","Girl Group",2026-03-20,183173,32,false,iarecippo,2026-07-21T19:10:51Z,"indie dance","Polydor Records",0.845,0.65,7,-6.833,1,0.201,0.492,0.00309,0.105,0.874,135.068,4
spotify:track:2MqD1zH5bW4yaarDlMpZtz,"Hate The Girls! - Interlude","Little Sticky Pictures","Girl Group",2026-03-20,116858,34,false,iarecippo,2026-07-21T19:10:51Z,"indie dance","Polydor Records",0.583,0.484,7,-11.175,1,0.24,0.519,0.0479,0.473,0.204,147.862,4
spotify:track:51sYdN64o6d3StiHJ0uO68,"SuperDrug","Little Sticky Pictures","Girl Group",2026-03-20,186106,20,false,iarecippo,2026-07-21T19:10:51Z,"indie dance","Polydor Records",0.78,0.67,2,-7.379,1,0.203,0.511,0,0.12,0.488,126.07,4
spotify:track:1bsPoGSrs4Vv8iuUs9GQI7,"Psycho Shit","Reality Awaits","The Strokes",2026-07-24,323800,73,true,iarecippo,2026-07-24T13:52:32Z,"garage rock,indie rock,alternative rock","Cult Records/RCA Records",0.198,0.513,9,-4.824,1,0.0365,0.061,0.000734,0.115,0.0387,183.691,4
spotify:track:22a006OJm48zH87SkPpSVx,"Dine N'Dash","Reality Awaits","The Strokes",2026-07-24,303053,78,false,iarecippo,2026-07-24T13:52:32Z,"garage rock,indie rock,alternative rock","Cult Records/RCA Records",0.516,0.871,5,-3.309,1,0.0309,0.0233,0.000557,0.0972,0.156,137.993,4
spotify:track:5gBMUQu2FVV1OYu92hbJjv,"Lonely in the Future","Reality Awaits","The Strokes",2026-07-24,200186,78,true,iarecippo,2026-07-24T13:52:32Z,"garage rock,indie rock,alternative rock","Cult Records/RCA Records",0.639,0.853,10,-4.405,1,0.0685,0.0024,0.000659,0.196,0.938,100.041,4
spotify:track:7D92yxAcYNd1Sis8uXdkQo,"Falling out of Love","Reality Awaits","The Strokes",2026-07-24,381293,73,false,iarecippo,2026-07-24T13:52:32Z,"garage rock,indie rock,alternative rock","Cult Records/RCA Records",0.473,0.66,9,-5.508,1,0.0378,0.0189,0.064,0.178,0.367,77.856,4
spotify:track:2nxsLJwW4eFDwl36fUQJWe,"Going to Babble On","Reality Awaits","The Strokes",2026-07-24,246226,75,false,iarecippo,2026-07-24T13:52:32Z,"garage rock,indie rock,alternative rock","Cult Records/RCA Records",0.642,0.805,10,-3.601,1,0.0396,0.00322,0.00672,0.246,0.789,135.015,4
spotify:track:18bHbpAKgsf8dor8F6qXHF,"Going Shopping","Reality Awaits","The Strokes",2026-07-24,258506,73,false,iarecippo,2026-07-24T13:52:32Z,"garage rock,indie rock,alternative rock","Cult Records/RCA Records",0.565,0.897,9,-4.859,1,0.0844,0.0048,0.00874,0.103,0.687,151.069,4
spotify:track:2DqVYGuRxSdzZ2ZQMbwY6M,"Liar's Remorse","Reality Awaits","The Strokes",2026-07-24,290773,72,true,iarecippo,2026-07-24T13:52:32Z,"garage rock,indie rock,alternative rock","Cult Records/RCA Records",0.484,0.347,6,-5.624,0,0.0284,0.89,0.00000561,0.0789,0.256,70.652,4
spotify:track:4VyIPdTdDzJ1zkq2vvBmrW,"The Fruits of Conquest","Reality Awaits","The Strokes",2026-07-24,308093,72,false,iarecippo,2026-07-24T13:52:32Z,"garage rock,indie rock,alternative rock","Cult Records/RCA Records",0.718,0.689,7,-3.308,0,0.0265,0.0557,0.0137,0.142,0.875,100.027,4
spotify:track:7ETbuxubRVY8WsOnAwhumP,"Tyrants of the Mellow Moon","Reality Awaits","The Strokes",2026-07-24,250213,70,false,iarecippo,2026-07-24T13:52:32Z,"garage rock,indie rock,alternative rock","Cult Records/RCA Records",0.625,0.883,0,-4.427,1,0.0367,0.0398,0.0497,0.139,0.717,90.019,4
spotify:track:1KFVosfWWb6oic6sTx6Lxo,"Rock Music","Music, Fashion, Film","Charli xcx",2026-07-24,115106,74,false,iarecippo,2026-07-24T14:25:51Z,"hyperpop,art pop","Atlantic Records",0.611,0.686,2,-2.268,1,0.0464,0.529,0.00000155,0.112,0.85,120.022,4
spotify:track:0g8FizeHVo2cG7qxBfmckf,"SS26","Music, Fashion, Film","Charli xcx",2026-07-24,167674,75,false,iarecippo,2026-07-24T14:25:51Z,"hyperpop,art pop","Atlantic Records",0.802,0.335,2,-6.93,1,0.0578,0.47,0.000602,0.0983,0.67,133.988,4
spotify:track:3vFRHL7DuN076fdIQuWQfv,"Card Declined","Music, Fashion, Film","Charli xcx",2026-07-24,207772,75,false,iarecippo,2026-07-24T14:25:51Z,"hyperpop,art pop","Atlantic Records",0.357,0.644,2,-5.494,1,0.0383,0.166,0.00306,0.187,0.332,111.838,4
spotify:track:5Fdj0DtH4ZhymltyN5xEv2,"Camera","Music, Fashion, Film","Charli xcx",2026-07-24,151438,81,true,iarecippo,2026-07-24T14:25:51Z,"hyperpop,art pop","Atlantic Records",0.686,0.576,8,-5.417,1,0.0404,0.098,0.000193,0.232,0.451,126.005,4
spotify:track:7GVLyPEpJtQZiYt95LF0ng,"2007","Music, Fashion, Film","Charli xcx",2026-07-24,124045,76,false,iarecippo,2026-07-24T14:25:51Z,"hyperpop,art pop","Atlantic Records",0.733,0.842,10,-4.74,1,0.0307,0.0519,0.278,0.153,0.906,125.03,4
spotify:track:4g6L1ng6OP24fgTRnK7E6W,"I’m Afraid","Music, Fashion, Film","Charli xcx",2026-07-24,131471,73,false,iarecippo,2026-07-24T14:25:51Z,"hyperpop,art pop","Atlantic Records",0.531,0.387,10,-6.556,1,0.0278,0.388,0.00000199,0.175,0.397,141.199,4
spotify:track:0N7tCm0qrH7JFmDfwkRfRI,"Yeah","Music, Fashion, Film","Charli xcx",2026-07-24,137323,76,false,iarecippo,2026-07-24T14:25:51Z,"hyperpop,art pop","Atlantic Records",0.543,0.665,3,-4.763,1,0.0627,0.0743,0.246,0.419,0.532,133.906,4
spotify:track:6FFHObl8rAxig1QZewCTXN,"Wink Wink","Music, Fashion, Film","Charli xcx",2026-07-24,122685,77,true,iarecippo,2026-07-24T14:25:51Z,"hyperpop,art pop","Atlantic Records",0.681,0.652,7,-5.672,1,0.0364,0.0135,0.000364,0.161,0.81,145.017,4
spotify:track:4HQMNDSYtXgZvsCHIsuWTS,"Persona","Music, Fashion, Film","Charli xcx",2026-07-24,157039,74,true,iarecippo,2026-07-24T14:25:51Z,"hyperpop,art pop","Atlantic Records",0.547,0.824,2,-3.095,1,0.0697,0.486,0,0.233,0.76,115.992,4
spotify:track:7p2raGiQopzdSeYnWLwehY,"Magic Metal Montana","Music, Fashion, Film","Charli xcx",2026-07-24,150622,73,false,iarecippo,2026-07-24T14:25:51Z,"hyperpop,art pop","Atlantic Records",0.483,0.811,4,-6.479,1,0.0341,0.0237,0.572,0.178,0.686,78.958,4
spotify:track:1BPpJdD11gsDQno045HBz0,"No One Lasts Forever featuring David Cronenberg","Music, Fashion, Film","Charli xcx;David Cronenberg",2026-07-24,342634,73,false,iarecippo,2026-07-24T14:25:51Z,"hyperpop,art pop","Atlantic Records",0.447,0.591,4,-6.574,1,0.0424,0.746,0.342,0.183,0.486,149.953,4
spotify:track:3Tt200d1wWYOHXe9q0Mle7,"Ugly","Bootleg","The Garden",2026-07-10,159865,49,true,iarecippo,2026-07-30T14:35:23Z,"","Epitaph",0.359,0.99,4,-6.088,1,0.1,0.214,0.000171,0.378,0.105,140.217,4
spotify:track:1NaL6UXUMTZ96G4Dg3RS8Y,"Pin Drop","Bootleg","The Garden",2026-07-10,143747,50,false,iarecippo,2026-07-30T14:35:23Z,"","Epitaph",0.45,0.975,5,-4.753,0,0.185,0.0311,0.765,0.421,0.285,110.778,4
spotify:track:4iFTarZoJCh0wkEE6BTiT3,"5 Mile Ponytail","Bootleg","The Garden",2026-07-10,138335,50,false,iarecippo,2026-07-30T14:35:23Z,"","Epitaph",0.585,0.746,1,-8.344,0,0.036,0.000673,0.00682,0.137,0.494,120.181,4
spotify:track:0tYcqIobcvVjlNetHW7rhv,"White Cadillac","Bootleg","The Garden",2026-07-10,113870,52,true,iarecippo,2026-07-30T14:35:23Z,"","Epitaph",0.542,0.953,4,-6.766,0,0.229,0.0065,0.00187,0.31,0.627,189.979,4
spotify:track:6yPBEvcYgDouSNqyRsAs6p,"Bootleg","Bootleg","The Garden",2026-07-10,205655,51,false,iarecippo,2026-07-30T14:35:23Z,"","Epitaph",0.504,0.968,9,-6.668,0,0.0984,0.00327,0.0329,0.0706,0.461,94.442,4
spotify:track:3VcJN7eaPQs4ovw7ktSILz,"A 50's Guys Eyes","Bootleg","The Garden",2026-07-10,152017,50,false,iarecippo,2026-07-30T14:35:23Z,"","Epitaph",0.362,0.987,9,-5.522,1,0.19,0.0227,0.0747,0.496,0.206,186.249,4
spotify:track:245FoftYu1LajWX8QmLvop,"Duck and Cover","Bootleg","The Garden",2026-07-10,91129,45,true,iarecippo,2026-07-30T14:35:23Z,"","Epitaph",0.267,0.995,7,-5.981,1,0.232,0.0278,0.658,0.891,0.0842,85.864,4
spotify:track:0hQdZq3vD8qxECVdgMp2e0,"Eve of Nothing","Bootleg","The Garden",2026-07-10,151140,50,true,iarecippo,2026-07-30T14:35:23Z,"","Epitaph",0.582,0.958,8,-7.257,0,0.0808,0.0174,0.0263,0.678,0.65,97.47,4
spotify:track:2d7YhltoIubjwoVJLMevOy,"The Mess","Bootleg","The Garden",2026-07-10,99322,47,true,iarecippo,2026-07-30T14:35:23Z,"","Epitaph",0.383,0.97,6,-6.743,1,0.438,0.0013,0,0.291,0.227,157.335,4
spotify:track:3a2Pk8SOpAFM1YVneP0j5B,"The Kockroach","Bootleg","The Garden",2026-07-10,166224,51,true,iarecippo,2026-07-30T14:35:23Z,"","Epitaph",0.53,0.98,4,-5.527,1,0.0607,0.0482,0.111,0.348,0.518,139.979,4
spotify:track:2Rzli2BHlr4oGNCOPbPic7,"Down Doggy","Bootleg","The Garden",2026-07-10,65702,43,false,iarecippo,2026-07-30T14:35:23Z,"","Epitaph",0.396,0.999,6,-5.484,1,0.112,0.24,0.0071,0.425,0.0307,130.037,4
spotify:track:2tjITFMtNE5gQt1jT5as4I,"Flailing on the Tracks","Bootleg","The Garden",2026-07-10,156307,44,false,iarecippo,2026-07-30T14:35:23Z,"","Epitaph",0.581,0.927,10,-6.551,1,0.041,0.141,0.118,0.826,0.279,105.04,4
spotify:track:2MGpChq1H9cb5MIO5MikpP,"Banned from Paradise","Bootleg","The Garden",2026-07-10,168598,50,true,iarecippo,2026-07-30T14:35:23Z,"","Epitaph",0.409,0.738,0,-8.117,1,0.0293,0.135,0.442,0.366,0.351,95.012,4
spotify:track:2zjK7fibScdx0kGELXavKt,"Hansel and Gretel","Bootleg","The Garden",2026-07-10,126232,45,false,iarecippo,2026-07-30T14:35:23Z,"","Epitaph",0.454,0.983,5,-5.966,0,0.101,0.0253,0.0412,0.358,0.639,95.602,4
spotify:track:2sm5udzXviPEK7rFsJv2fd,"if you wanna party, come over to my house - Eli Escobar Remix","nüyork","Fcukers;Eli Escobar",2026-07-30,314117,43,false,iarecippo,2026-07-31T15:13:46Z,"jazz house,nu disco,disco house","Ninja Tune",0.88,0.43,0,-9.972,1,0.0618,0.00435,0.81,0.104,0.223,136.006,4
spotify:track:2pBpllL2DWlk0vnakc59HA,"Beatback - Justin Strauss en La Piscina Remix","nüyork","Fcukers;Justin Strauss",2026-07-30,450247,40,false,iarecippo,2026-07-31T15:13:46Z,"","Ninja Tune",0.743,0.907,2,-6.565,1,0.0491,0.00459,0.784,0.0535,0.89,120.997,4
spotify:track:14ah8fj1kBNP0FyTq8YT5o,"TTYGF - Junior Sanchez Remix","nüyork","Fcukers;Junior Sanchez",2026-07-30,368695,54,false,iarecippo,2026-07-31T15:13:46Z,"disco house","Ninja Tune",0.629,0.991,11,-4.105,0,0.0715,0.0101,0.0584,0.0682,0.392,138.001,4
spotify:track:718xkClbZsurJoPFx7KEwz,"Anaheim Star","Age of the Exhibitionist","Rebecca Black",2026-09-04,166797,0,false,iarecippo,2026-09-04T18:58:06Z,"hyperpop","Rebecca Black",0.932,0.677,1,-4.108,1,0.057,0.00525,0.0143,0.0779,0.519,125.975,4
spotify:track:5fNv5SsTHoslI2nu3DPeXT,"Hot Wet Delirious","Age of the Exhibitionist","Rebecca Black",2026-09-04,188575,0,true,iarecippo,2026-09-04T18:58:06Z,"hyperpop","Rebecca Black",0.709,0.653,11,-4.732,0,0.042,0.0893,0.00683,0.0904,0.397,100.049,4
spotify:track:1G4ibNF82eJ8O587iTJ543,"Exhibitionism","Age of the Exhibitionist","Rebecca Black",2026-09-04,217543,0,false,iarecippo,2026-09-04T18:58:06Z,"hyperpop","Rebecca Black",0.575,0.709,1,-6.985,1,0.0791,0.00842,0.109,0.143,0.436,149.951,4
spotify:track:3d73BWUcr64uukiqb5Rjjq,"Corsetry","Age of the Exhibitionist","Rebecca Black",2026-09-04,213720,0,false,iarecippo,2026-09-04T18:58:06Z,"hyperpop","Rebecca Black",0.698,0.924,8,-3.419,0,0.0432,0.00591,0.293,0.348,0.962,120.033,4
spotify:track:2FZOd4iGqC4Tt2Yn0qmnNu,"Miss Delicious","Age of the Exhibitionist","Rebecca Black",2026-09-04,201341,0,true,iarecippo,2026-09-04T18:58:06Z,"hyperpop","Rebecca Black",0.733,0.99,6,-3.264,1,0.182,0.00637,0.0291,0.0596,0.554,140.099,4
spotify:track:56UvE1UjzoROCLtCebmVnR,"Pistol","Age of the Exhibitionist","Rebecca Black",2026-09-04,194292,0,false,iarecippo,2026-09-04T18:58:06Z,"hyperpop","Rebecca Black",0.612,0.903,11,-2.857,0,0.0517,0.0511,0.0165,0.288,0.507,89.051,4
spotify:track:6HPSFgM4oGGjLCFMxcrEqe,"Backstage Baby Interlude","Age of the Exhibitionist","Rebecca Black",2026-09-04,98834,0,false,iarecippo,2026-09-04T18:58:06Z,"hyperpop","Rebecca Black",0.519,0.904,4,-4.709,0,0.0761,0.00216,0.00249,0.323,0.54,178.042,4
spotify:track:3xhmPXv3i8IvuTpd6kqkMZ,"Michael.","Age of the Exhibitionist","Rebecca Black",2026-09-04,212239,0,false,iarecippo,2026-09-04T18:58:06Z,"hyperpop","Rebecca Black",0.578,0.967,8,-3.349,0,0.0509,0.012,0.181,0.649,0.259,127.051,4
spotify:track:3HqTbczmmX5sl7x3SN10Vk,"Visions Again","Age of the Exhibitionist","Rebecca Black",2026-09-04,222493,0,false,iarecippo,2026-09-04T18:58:06Z,"hyperpop","Rebecca Black",0.646,0.827,0,-4.075,1,0.0776,0.0398,0.00297,0.16,0.2,132.976,4
spotify:track:1GnOfC2wWHGiui18OH0Mig,"Waschesalon","Age of the Exhibitionist","Rebecca Black",2026-09-04,192931,0,true,iarecippo,2026-09-04T18:58:06Z,"hyperpop","Rebecca Black",0.408,0.868,8,-5.555,1,0.0356,0.0863,0.586,0.127,0.343,139.114,4
spotify:track:5vWXAc6FPvFK7kbIVKSpyE,"Metamorphia","Age of the Exhibitionist","Rebecca Black",2026-09-04,215001,0,false,iarecippo,2026-09-04T18:58:06Z,"hyperpop","Rebecca Black",0.65,0.915,0,-6.195,1,0.116,0.0342,0.00000739,0.0718,0.544,127.986,4
spotify:track:0c9Xb0aenJHUhyGgbNaUGO,"Speakerphone","Age of the Exhibitionist","Rebecca Black",2026-09-04,161660,0,false,iarecippo,2026-09-04T18:58:06Z,"hyperpop","Rebecca Black",0.738,0.866,8,-4.83,0,0.0399,0.0171,0.00252,0.118,0.433,124.044,4
